chgrp: changing group of 'outputs/res_sweep_4frames_512px__job3960495_t1/config.txt': Operation not permitted
chgrp: changing group of 'outputs/res_sweep_4frames_512px__job3960495_t1': Operation not permitted
[[34m2026-06-15 07:06:54[0m] Experiment directory created at outputs/res_sweep_4frames_512px__job3960495_t1
[[34m2026-06-15 07:06:54[0m] Determinism mode: cuBLAS workspace, cudnn deterministic, TF32 disabled, torch.use_deterministic_algorithms(warn_only=True); data workers use seed+worker_id; epoch Python RNG uses seed+rank. Multi-GPU ZeRO and BF16 may still break bit-for-bit replay.
[[34m2026-06-15 07:06:54[0m] Using explicit global grad clipping (max_norm=2.0) with DP all-reduce; plugin-internal clipping disabled to avoid ZeRO shard-local clipping ambiguity.
[[34m2026-06-15 07:06:54[0m] Training configuration:
 {'DATA_ROOT': '/datasets/lindell-proj/neumayr/nersemble_v2/processed/4-frames/512-res',
 '_gen_loss_config': None,
 '_optim_discriminator': None,
 '_resolved': {'bucket_key': '128px_ar1:1',
               'data_root': '/datasets/lindell-proj/neumayr/nersemble_v2/processed/8-frames/128-res',
               'load_from_128_for_64_high_t': False,
               'load_res_fallback': None,
               'target_px': 128,
               'train_target_frames': 9,
               'train_target_hw': (128, 128)},
 '_val_participants': [97, 175, 226, 18, 30, 38, 85, 124, 227, 240],
 'accumulation_steps': 1,
 'all_people_expression_sequence': 'EMO-1-shout+laugh',
 'batch_size': 4,
 'bucket_config': {'512px_ar1:1': {9: (1.0, 1)}},
 'config_path': '/home/piado/projects/aip-lindell/piado/vae/Open-Sora/configs/vae/train/wan_multiview_finetune.py',
 'data_preset': 'all_people_one_expression',
 'dataset': {'data_path': '/datasets/lindell-proj/neumayr/nersemble_v2/processed/4-frames/512-res',
             'exclude_participants': [97,
                                      175,
                                      226,
                                      18,
                                      30,
                                      38,
                                      85,
                                      124,
                                      227,
                                      240],
             'expression_sequence': 'EMO-1-shout+laugh',
             'participants': None,
             'repeat': 1,
             'scan_subdirs': True,
             'skip_mismatched_views': True,
             'type': 'pt_video'},
 'dataset_presets': {'__default__': {'data_path': '/datasets/lindell-proj/neumayr/nersemble_v2/processed/4-frames/512-res',
                                     'participants': [17,
                                                      18,
                                                      30,
                                                      31,
                                                      32,
                                                      33,
                                                      35,
                                                      36,
                                                      37],
                                     'repeat': 1,
                                     'scan_subdirs': True,
                                     'type': 'pt_video'},
                     'all_people': {'data_path': '/datasets/lindell-proj/neumayr/nersemble_v2/processed/4-frames/512-res',
                                    'exclude_participants': [97,
                                                             175,
                                                             226,
                                                             18,
                                                             30,
                                                             38,
                                                             85,
                                                             124,
                                                             227,
                                                             240],
                                    'expected_views': 2,
                                    'participants': None,
                                    'repeat': 1,
                                    'scan_subdirs': True,
                                    'skip_mismatched_views': True,
                                    'type': 'pt_video'},
                     'all_people_one_expression': {'data_path': '/datasets/lindell-proj/neumayr/nersemble_v2/processed/4-frames/512-res',
                                                   'exclude_participants': [97,
                                                                            175,
                                                                            226,
                                                                            18,
                                                                            30,
                                                                            38,
                                                                            85,
                                                                            124,
                                                                            227,
                                                                            240],
                                                   'expression_sequence': 'EMO-1-shout+laugh',
                                                   'participants': None,
                                                   'repeat': 1,
                                                   'scan_subdirs': True,
                                                   'skip_mismatched_views': True,
                                                   'type': 'pt_video'},
                     'one_person': {'data_path': '/datasets/lindell-proj/neumayr/nersemble_v2/processed/4-frames/512-res',
                                    'exclude_sequences': ['EMO-4-disgust+happy',
                                                          'SEN-10-port_strong_smokey'],
                                    'participants': [18],
                                    'repeat': 1,
                                    'scan_subdirs': True,
                                    'type': 'pt_video'},
                     'single_sequence': {'data_path': '/datasets/lindell-proj/neumayr/nersemble_v2/processed/4-frames/512-res/p017/EMO-1-shout+laugh/frames.pt',
                                         'repeat': 1,
                                         'type': 'pt_video'},
                     'some_people': {'data_path': '/datasets/lindell-proj/neumayr/nersemble_v2/processed/4-frames/512-res',
                                     'participants': [17,
                                                      31,
                                                      32,
                                                      33,
                                                      35,
                                                      36,
                                                      37],
                                     'repeat': 1,
                                     'scan_subdirs': True,
                                     'type': 'pt_video'}},
 'debug_stats_every': 100,
 'debug_stats_start_step': 0,
 'debug_stats_weight_every': 50,
 'deterministic': True,
 'disc_learning_rate': None,
 'disc_multiview_mode': 'joint_4d',
 'disc_per_frame_2d': False,
 'discriminator': None,
 'discriminator_choice': 'none',
 'dtype': 'bf16',
 'dynamo_backend': 'no',
 'ema_decay': 0.9999,
 'epochs': 100000,
 'eval_batch_size': 1,
 'eval_every': 1000,
 'eval_milestones': [10, 100, 500],
 'eval_num_samples': 0,
 'eval_use_ema': True,
 'experiment_name': 'res_sweep_4frames_512px__job3960495_t1',
 'final_eval': True,
 'final_eval_num_samples': 0,
 'fixed_seq_eval_every_epochs': 0,
 'full_eval_every': 5000,
 'gan_log_adaptive_grad_metrics': False,
 'gen_disc_weight': None,
 'grad_checkpoint': True,
 'grad_clip': 2.0,
 'keep_n_latest': 3,
 'kl_loss_weight': 1e-06,
 'learning_rate': 0.0001,
 'log_bottleneck_every': 0,
 'log_every': 1000,
 'log_latent_shapes_every': 0,
 'log_memory': True,
 'log_milestones': [10, 100, 500],
 'log_step_time': True,
 'log_training_design_summary': True,
 'log_training_param_overview': True,
 'logvar_init': 0.0,
 'lr_scheduler': {'decay_factor': 0.5,
                  'decay_steps': 5000,
                  'min_lr': 5e-06,
                  'use_exponential_decay': True,
                  'warmup_steps': 100},
 'mixed_image_ratio': 0.0,
 'mixed_strategy': None,
 'model': {'freeze_temporal': True,
           'from_pretrained': '/home/piado/scratch/Wan2.1_VAE.pth',
           'from_scratch': False,
           'full_finetune_decoder': False,
           'fusion_mode': 'cross_attention',
           'lora_rank': 32,
           'train_spatial': True,
           'type': 'multiview_wan_video_vae',
           'use_crossview_encoder': True,
           'use_lora': True,
           'use_lora_after': True,
           'use_lora_before': False,
           'use_view_embedding': False,
           'use_view_group_fusion': False,
           'use_viewwise_decoder_lora': False,
           'view_compression': 2,
           'view_in': 0,
           'view_mixing_strategy': 'embedding',
           'z_dim': 16},
 'nersemble_processed_base': '/datasets/lindell-proj/neumayr/nersemble_v2/processed/4-frames',
 'num_bucket_build_workers': 1,
 'num_reconstruction_vis_samples': 3,
 'num_workers': 8,
 'optim': {'betas': (0.9, 0.98),
           'cls': 'AdamW',
           'eps': 1e-08,
           'lr': 0.0001,
           'weight_decay': 0.0},
 'optimization': True,
 'optimization_compile_mode': 'reduce-overhead',
 'outputs': 'outputs',
 'perceptual_loss_weight': 1.5,
 'persistent_workers': True,
 'pin_memory_cache_pre_alloc_numels': None,
 'plugin': 'none',
 'plugin_config': {'overlap_allgather': False, 'reduce_bucket_size_in_m': 128},
 'prefetch_factor': 4,
 'profile_step': False,
 'profile_timing': False,
 'profile_timing_step': 50,
 'save_ckpt': True,
 'seed': 42,
 'sweep_gen_disc_weight': None,
 'train_psnr_guard': False,
 'train_psnr_guard_consecutive': 5,
 'train_psnr_guard_min_epochs': 0,
 'train_psnr_guard_start_epoch': 0,
 'train_psnr_guard_threshold': 15.0,
 'train_target_frames': 9,
 'train_target_hw': (512, 512),
 'update_warmup_steps': False,
 'vae_loss_config': {'kl_loss_weight': 1e-06,
                     'logvar_init': 0.0,
                     'perceptual_loss_weight': 1.5,
                     'view_consistency_weight': 0.0},
 'vae_loss_preset': 'default',
 'vae_target_range': '[-1,1]',
 'val_dataset': {'data_path': '/datasets/lindell-proj/neumayr/nersemble_v2/processed/4-frames/512-res',
                 'expression_sequence': 'EMO-1-shout+laugh',
                 'participants': [97, 175, 226, 18, 30, 38, 85, 124, 227, 240],
                 'repeat': 1,
                 'scan_subdirs': True,
                 'skip_mismatched_views': True,
                 'type': 'pt_video'},
 'val_dataset_presets': {'__default__': None,
                         'all_people': {'data_path': '/datasets/lindell-proj/neumayr/nersemble_v2/processed/4-frames/512-res',
                                        'expected_views': 2,
                                        'participants': [97,
                                                         175,
                                                         226,
                                                         18,
                                                         30,
                                                         38,
                                                         85,
                                                         124,
                                                         227,
                                                         240],
                                        'repeat': 1,
                                        'scan_subdirs': True,
                                        'skip_mismatched_views': True,
                                        'type': 'pt_video'},
                         'all_people_one_expression': {'data_path': '/datasets/lindell-proj/neumayr/nersemble_v2/processed/4-frames/512-res',
                                                       'expression_sequence': 'EMO-1-shout+laugh',
                                                       'participants': [97,
                                                                        175,
                                                                        226,
                                                                        18,
                                                                        30,
                                                                        38,
                                                                        85,
                                                                        124,
                                                                        227,
                                                                        240],
                                                       'repeat': 1,
                                                       'scan_subdirs': True,
                                                       'skip_mismatched_views': True,
                                                       'type': 'pt_video'},
                         'one_person': {'data_path': '/datasets/lindell-proj/neumayr/nersemble_v2/processed/4-frames/512-res',
                                        'include_only_sequences': ['EMO-4-disgust+happy',
                                                                   'SEN-10-port_strong_smokey'],
                                        'participants': [17],
                                        'repeat': 1,
                                        'scan_subdirs': True,
                                        'type': 'pt_video'},
                         'single_sequence': None,
                         'some_people': {'data_path': '/datasets/lindell-proj/neumayr/nersemble_v2/processed/4-frames/512-res',
                                         'participants': [18, 30],
                                         'repeat': 1,
                                         'scan_subdirs': True,
                                         'type': 'pt_video'}},
 'view_consistency_weight': 0.0,
 'view_flatten_in_disc': False,
 'view_flatten_in_loss': False,
 'wandb': True,
 'wandb_expr_name': 'res_sweep_4frames_512px',
 'wandb_min_steps_before_init': 10,
 'wandb_project': 'wan_multiview_vae'}
[[34m2026-06-15 07:06:54[0m] Building dataset...
[[34m2026-06-15 07:06:55[0m] Dataset contains 405 samples.
[[34m2026-06-15 07:06:55[0m] Val (held-out) dataset contains 10 samples.
[[34m2026-06-15 07:06:55[0m] Fixed per-frame eval sequence name: EMO-1-shout+laugh (train idx=0, val idx=0)
[[34m2026-06-15 07:06:55[0m] Building models...
[[34m2026-06-15 07:06:55[0m] Auto-detected model.view_in=4 from first dataset sample
[[34m2026-06-15 07:06:57[0m] [MultiviewWanVideoVAE] Number of parameters: 161.23 M
[[34m2026-06-15 07:06:57[0m] [MultiviewWanVideoVAE] Number of trainable parameters: 75.13 M
[[34m2026-06-15 07:06:59[0m] EMA model created.
[[34m2026-06-15 07:06:59[0m] [optimization] channels_last_3d: disabled (fragile with view() ops and compile cache)
[[34m2026-06-15 07:06:59[0m] VAE trainable params (optimizer): 78,780,400
[[34m2026-06-15 07:06:59[0m] [optimization] torch.compile: mode=reduce-overhead (first step will be slow)
[[34m2026-06-15 07:06:59[0m] Preparing for distributed training...
[[34m2026-06-15 07:06:59[0m] Optimizer AdamW has no `.backward`; using booster.backward(loss=...) compatibility path.
[[34m2026-06-15 07:06:59[0m] Boosted model for distributed training
[[34m2026-06-15 07:06:59[0m] Training for 100000 epochs with 405 steps per epoch
[[34m2026-06-15 07:06:59[0m] [optimization] Warming up torch.compile eval graph (one-time, before training loop)...
[[34m2026-06-15 07:07:35[0m] [AttentionMultiViewVideoVan] latent shape: (1, 16, 9, 64, 64)  (B=1, z_dim=16, T'=9, H'=64, W'=64)
[[34m2026-06-15 07:12:41[0m] [optimization] Eval graph warm-up done.
[rank0]:[W615 07:12:41.778699076 ProcessGroupNCCL.cpp:5138] Guessing device ID based on global rank. This can cause a hang if rank to GPU mapping is heterogeneous. You can specify device_id in init_process_group()
train:   0%|          | 0/405 [00:00<?, ?it/s]train:   0%|          | 0/405 [00:00<?, ?it/s, epoch=0]train:   0%|          | 1/405 [00:00<04:08,  1.62it/s, epoch=0][[34m2026-06-15 07:12:43[0m] ======== Wan multiview / crossview design summary (one-time) ========
[[34m2026-06-15 07:12:43[0m] use_crossview_encoder=True
[[34m2026-06-15 07:12:43[0m] fusion_mode='cross_attention'
[[34m2026-06-15 07:12:43[0m]   -> Bidirectional cross-attention between views: each view attends to the other view’s tokens, then features are combined for the rest of the encoder/decoder. Strong when views are aligned but not identical.
[[34m2026-06-15 07:12:43[0m] view_in=4, view_mixing_strategy=embedding
[[34m2026-06-15 07:12:43[0m] use_view_embedding vs use_viewwise_decoder_lora: per-view additive embeddings bias early (or latent) features with a small vector per view; viewwise_decoder_lora adds low-rank adapters on the decoder side conditioned by view index—typically more flexible than a single embedding per view for reconstruction, at the cost of more trainable parameters.
[[34m2026-06-15 07:12:43[0m]   use_view_embedding=False
[[34m2026-06-15 07:12:43[0m]   use_viewwise_decoder_lora=False
[[34m2026-06-15 07:12:43[0m] use_lora=True, use_lora_before=False, use_lora_after=True, lora_rank=32. Before = LoRA on the encoder stem / early downsampling; after = bottleneck and later decoder. Both can be enabled for two complementary adaptation regions.
[[34m2026-06-15 07:12:43[0m] LoRA rank: all listed adapters in this stack typically share this rank. Larger rank increases adapter capacity and parameter count roughly linearly in rank; too high can overfit small datasets, too low can underfit cross-view cues.
[[34m2026-06-15 07:12:43[0m] freeze_temporal=True, train_spatial=True
[[34m2026-06-15 07:12:43[0m] ======== end design summary ========
[[34m2026-06-15 07:12:43[0m] [VAE] param overview: total=161.23 M trainable=75.13 M (46.60% of weights) frozen=86.10 M
[[34m2026-06-15 07:12:43[0m] [VAE] LoRA trainable: 998.59 K (1.3% of trainable); heuristic attention/cross-fusion LoRA: 998.59 K (100.0% of LoRA); other LoRA: 0
[[34m2026-06-15 07:12:43[0m] [VAE] base trainable (non-LoRA): 74.16 M (98.7% of trainable)
[[34m2026-06-15 07:12:43[0m] [VAE] LoRA heuristic buckets (buckets overlap if a name matches multiple hints): encoder/stem-ish=275.50 K, decoder-ish=723.09 K, viewwise-ish=0
train:   0%|          | 1/405 [07:30<50:31:12, 450.18s/it, epoch=0]
[rank0]: Traceback (most recent call last):
[rank0]:   File "/home/piado/projects/aip-lindell/piado/vae/Open-Sora/scripts/vae/train.py", line 3503, in <module>
[rank0]:     main()
[rank0]:   File "/home/piado/projects/aip-lindell/piado/vae/Open-Sora/scripts/vae/train.py", line 2321, in main
[rank0]:     x_rec, posterior, z = model(x)
[rank0]:                           ^^^^^^^^
[rank0]:   File "/project/6101839/piado/vae/snth/lib/python3.11/site-packages/torch/_dynamo/eval_frame.py", line 465, in __call__
[rank0]:     return super().__call__(*args, **kwargs)
[rank0]:            ^^^^^^^^^^^^^^^^^^^^^^^^^^^^^^^^^
[rank0]:   File "/project/6101839/piado/vae/snth/lib/python3.11/site-packages/torch/nn/modules/module.py", line 1776, in _wrapped_call_impl
[rank0]:     return self._call_impl(*args, **kwargs)
[rank0]:            ^^^^^^^^^^^^^^^^^^^^^^^^^^^^^^^^
[rank0]:   File "/project/6101839/piado/vae/snth/lib/python3.11/site-packages/torch/nn/modules/module.py", line 1787, in _call_impl
[rank0]:     return forward_call(*args, **kwargs)
[rank0]:            ^^^^^^^^^^^^^^^^^^^^^^^^^^^^^
[rank0]:   File "/project/6101839/piado/vae/snth/lib/python3.11/site-packages/torch/_dynamo/eval_frame.py", line 953, in compile_wrapper
[rank0]:     return fn(*args, **kwargs)
[rank0]:            ^^^^^^^^^^^^^^^^^^^
[rank0]:   File "/project/6101839/piado/vae/snth/lib/python3.11/site-packages/torch/nn/modules/module.py", line 1776, in _wrapped_call_impl
[rank0]:     return self._call_impl(*args, **kwargs)
[rank0]:            ^^^^^^^^^^^^^^^^^^^^^^^^^^^^^^^^
[rank0]:   File "/project/6101839/piado/vae/snth/lib/python3.11/site-packages/torch/nn/modules/module.py", line 1787, in _call_impl
[rank0]:     return forward_call(*args, **kwargs)
[rank0]:            ^^^^^^^^^^^^^^^^^^^^^^^^^^^^^
[rank0]:   File "/project/6101839/piado/vae/Open-Sora/opensora/models/vae/wan_video_vae.py", line 561, in forward
[rank0]:     def forward(self, x):
[rank0]:   File "/project/6101839/piado/vae/snth/lib/python3.11/site-packages/torch/_dynamo/eval_frame.py", line 1181, in _fn
[rank0]:     return fn(*args, **kwargs)
[rank0]:            ^^^^^^^^^^^^^^^^^^^
[rank0]:   File "/project/6101839/piado/vae/snth/lib/python3.11/site-packages/torch/_functorch/aot_autograd.py", line 1148, in forward
[rank0]:     return compiled_fn(full_args)
[rank0]:            ^^^^^^^^^^^^^^^^^^^^^^
[rank0]:   File "/project/6101839/piado/vae/snth/lib/python3.11/site-packages/torch/_functorch/_aot_autograd/runtime_wrappers.py", line 343, in runtime_wrapper
[rank0]:     all_outs = call_func_at_runtime_with_args(
[rank0]:                ^^^^^^^^^^^^^^^^^^^^^^^^^^^^^^^
[rank0]:   File "/project/6101839/piado/vae/snth/lib/python3.11/site-packages/torch/_functorch/_aot_autograd/utils.py", line 134, in call_func_at_runtime_with_args
[rank0]:     out = normalize_as_list(f(args))
[rank0]:                             ^^^^^^^
[rank0]:   File "/project/6101839/piado/vae/snth/lib/python3.11/site-packages/torch/_functorch/_aot_autograd/utils.py", line 108, in g
[rank0]:     return f(*args)
[rank0]:            ^^^^^^^^
[rank0]:   File "/project/6101839/piado/vae/snth/lib/python3.11/site-packages/torch/autograd/function.py", line 583, in apply
[rank0]:     return super().apply(*args, **kwargs)  # type: ignore[misc]
[rank0]:            ^^^^^^^^^^^^^^^^^^^^^^^^^^^^^^
[rank0]:   File "/project/6101839/piado/vae/snth/lib/python3.11/site-packages/torch/_functorch/_aot_autograd/runtime_wrappers.py", line 2152, in forward
[rank0]:     fw_outs = call_func_at_runtime_with_args(
[rank0]:               ^^^^^^^^^^^^^^^^^^^^^^^^^^^^^^^
[rank0]:   File "/project/6101839/piado/vae/snth/lib/python3.11/site-packages/torch/_functorch/_aot_autograd/utils.py", line 134, in call_func_at_runtime_with_args
[rank0]:     out = normalize_as_list(f(args))
[rank0]:                             ^^^^^^^
[rank0]:   File "/project/6101839/piado/vae/snth/lib/python3.11/site-packages/torch/_functorch/_aot_autograd/runtime_wrappers.py", line 531, in wrapper
[rank0]:     return compiled_fn(runtime_args)
[rank0]:            ^^^^^^^^^^^^^^^^^^^^^^^^^
[rank0]:   File "/project/6101839/piado/vae/snth/lib/python3.11/site-packages/torch/_functorch/_aot_autograd/runtime_wrappers.py", line 729, in inner_fn
[rank0]:     outs = compiled_fn(args)
[rank0]:            ^^^^^^^^^^^^^^^^^
[rank0]:   File "/project/6101839/piado/vae/snth/lib/python3.11/site-packages/torch/_inductor/output_code.py", line 638, in __call__
[rank0]:     return self.current_callable(inputs)
[rank0]:            ^^^^^^^^^^^^^^^^^^^^^^^^^^^^^
[rank0]:   File "/tmp/.torchinductor/cn/ccnef266pllck5oc7imowmuoiyh3k6zs32tlpeba6z5fxmqmjiog.py", line 38817, in call
[rank0]:     (buf0, buf3, buf5, buf6, buf9, buf11, buf12, buf15, buf17, buf18, buf21, buf23, buf24, buf27, buf30, buf34, buf35, buf38, buf40, buf41, buf44, buf46, buf47, buf50, buf52, buf53, buf56, buf59, buf63, buf64, buf67, buf69, buf70, buf73, buf75, buf76, buf79, buf81, buf82, buf85, buf88, buf90, buf91, buf94, buf96, buf97, buf100, buf102, buf103, buf106, buf108, buf109, buf112, buf115, buf117, buf118, buf121, buf123, buf124, buf127, buf129, buf130, buf133, buf135, buf136, buf139, buf142, buf146, buf147, buf150, buf152, buf153, buf156, buf158, buf159, buf162, buf164, buf165, buf168, buf171, buf175, buf176, buf179, buf181, buf182, buf185, buf187, buf188, buf191, buf193, buf194, buf197, buf200, buf202, buf203, buf206, buf208, buf209, buf212, buf214, buf215, buf218, buf220, buf221, buf224, buf227, buf229, buf230, buf233, buf235, buf236, buf239, buf241, buf242, buf245, buf247, buf248, buf251, buf254, buf258, buf259, buf262, buf264, buf265, buf268, buf270, buf271, buf274, buf276, buf277, buf280, buf283, buf287, buf288, buf291, buf293, buf294, buf297, buf299, buf300, buf303, buf305, buf306, buf309, buf312, buf314, buf315, buf318, buf320, buf321, buf324, buf326, buf327, buf330, buf332, buf333, buf336, buf339, buf341, buf342, buf345, buf347, buf348, buf351, buf353, buf354, buf357, buf359, buf360, buf363, buf366, buf370, buf371, buf374, buf376, buf377, buf380, buf382, buf383, buf386, buf388, buf389, buf392, buf395, buf399, buf400, buf403, buf405, buf406, buf409, buf411, buf412, buf415, buf417, buf418, buf421, buf424, buf426, buf427, buf430, buf432, buf433, buf436, buf438, buf439, buf442, buf444, buf445, buf448, buf450, buf451, buf453, buf455, buf456, buf457, buf458, buf460, buf463, buf485, buf488, buf464, buf489, buf467, buf469, buf492, buf494, buf470, buf495, buf473, buf475, buf498, buf500, buf476, buf501, buf479, buf481, buf504, buf506, buf482, buf507, buf510, buf513, buf514, buf517, buf519, buf520, buf523, buf525, buf526, buf529, buf531, buf532, buf535, buf537, buf538, buf539, buf542, buf544, buf546, buf547, buf548, buf551, buf553, buf555, buf556, buf557, buf558, buf561, buf562, buf565, buf566, buf567, buf570, buf572, buf573, buf574, buf575, buf576, buf577, buf580, buf581, buf584, buf585, buf586, buf589, buf591, buf592, buf593, buf596, buf598, buf600, buf601, buf602, buf605, buf607, buf609, buf610, buf611, buf614, buf616, buf618, buf619, buf622, buf623, buf625, buf3275, buf5922, buf8569, buf624, buf627, buf628, buf633, buf635, buf637, buf638, buf639, buf642, buf644, buf646, buf647, buf648, buf651, buf653, buf655, buf656, buf657, buf658, buf661, buf663, buf665, buf666, buf667, buf668, buf671, buf672, buf678, buf680, buf682, buf683, buf684, buf687, buf689, buf692, buf693, buf694, buf696, buf698, buf701, buf702, buf703, buf705, buf707, buf710, buf711, buf712, buf714, buf716, buf719, buf720, buf721, buf723, buf725, buf728, buf729, buf730, buf732, buf734, buf737, buf738, buf739, buf741, buf743, buf746, buf747, buf748, buf750, buf752, buf753, buf754, buf755, buf758, buf763, buf764, buf765, buf760, buf766, buf768, buf770, buf772, buf773, buf774, buf776, buf778, buf780, buf781, buf782, buf784, buf786, buf788, buf789, buf790, buf792, buf794, buf796, buf797, buf798, buf800, buf802, buf804, buf805, buf806, buf808, buf810, buf811, buf812, buf813, buf816, buf818, buf819, buf820, buf822, buf824, buf826, buf827, buf828, buf830, buf832, buf834, buf835, buf836, buf838, buf840, buf842, buf843, buf844, buf846, buf848, buf850, buf851, buf852, buf854, buf856, buf858, buf859, buf860, buf862, buf864, buf865, buf866, buf867, buf870, buf872, buf873, buf874, buf876, buf878, buf880, buf881, buf882, buf884, buf886, buf888, buf889, buf890, buf892, buf894, buf896, buf897, buf898, buf900, buf902, buf904, buf905, buf906, buf908, buf910, buf912, buf913, buf914, buf916, buf918, buf920, buf921, buf922, buf924, buf926, buf929, buf931, buf933, buf934, buf935, buf938, buf940, buf942, buf943, buf944, buf947, buf949, buf951, buf952, buf953, buf954, buf957, buf959, buf961, buf962, buf963, buf964, buf967, buf968, buf974, buf976, buf978, buf979, buf980, buf983, buf985, buf988, buf989, buf990, buf992, buf994, buf997, buf998, buf999, buf1001, buf1003, buf1006, buf1007, buf1008, buf1010, buf1012, buf1015, buf1016, buf1017, buf1019, buf1021, buf1024, buf1025, buf1026, buf1028, buf1030, buf1033, buf1034, buf1035, buf1037, buf1039, buf1042, buf1043, buf1044, buf1046, buf1048, buf1049, buf1050, buf1053, buf1058, buf1059, buf1060, buf1055, buf1061, buf1063, buf1065, buf1067, buf1068, buf1069, buf1071, buf1073, buf1075, buf1076, buf1077, buf1079, buf1081, buf1083, buf1084, buf1085, buf1087, buf1089, buf1091, buf1092, buf1093, buf1095, buf1097, buf1099, buf1100, buf1101, buf1103, buf1105, buf1106, buf1107, buf1110, buf1112, buf1113, buf1114, buf1116, buf1118, buf1120, buf1121, buf1122, buf1124, buf1126, buf1128, buf1129, buf1130, buf1132, buf1134, buf1136, buf1137, buf1138, buf1140, buf1142, buf1144, buf1145, buf1146, buf1148, buf1150, buf1152, buf1153, buf1154, buf1156, buf1158, buf1159, buf1160, buf1163, buf1165, buf1166, buf1167, buf1169, buf1171, buf1173, buf1174, buf1175, buf1177, buf1179, buf1181, buf1182, buf1183, buf1185, buf1187, buf1189, buf1190, buf1191, buf1193, buf1195, buf1197, buf1198, buf1199, buf1201, buf1203, buf1205, buf1206, buf1207, buf1209, buf1211, buf1213, buf1214, buf1215, buf1217, buf1219, buf1222, buf1224, buf1226, buf1227, buf1228, buf1231, buf1233, buf1235, buf1236, buf1237, buf1240, buf1242, buf1244, buf1245, buf1246, buf1247, buf1250, buf1252, buf1254, buf1255, buf1256, buf1257, buf1260, buf1261, buf1267, buf1269, buf1271, buf1272, buf1273, buf1276, buf1278, buf1281, buf1282, buf1283, buf1285, buf1287, buf1290, buf1291, buf1292, buf1294, buf1296, buf1299, buf1300, buf1301, buf1303, buf1305, buf1308, buf1309, buf1310, buf1312, buf1314, buf1317, buf1318, buf1319, buf1321, buf1323, buf1326, buf1327, buf1328, buf1330, buf1332, buf1335, buf1336, buf1337, buf1339, buf1341, buf1342, buf1343, buf1346, buf1351, buf1352, buf1353, buf1348, buf1354, buf1356, buf1358, buf1360, buf1361, buf1362, buf1364, buf1366, buf1368, buf1369, buf1370, buf1372, buf1374, buf1376, buf1377, buf1378, buf1380, buf1382, buf1384, buf1385, buf1386, buf1388, buf1390, buf1392, buf1393, buf1394, buf1396, buf1398, buf1399, buf1400, buf1403, buf1405, buf1406, buf1407, buf1409, buf1411, buf1413, buf1414, buf1415, buf1417, buf1419, buf1421, buf1422, buf1423, buf1425, buf1427, buf1429, buf1430, buf1431, buf1433, buf1435, buf1437, buf1438, buf1439, buf1441, buf1443, buf1445, buf1446, buf1447, buf1449, buf1451, buf1452, buf1453, buf1456, buf1458, buf1459, buf1460, buf1462, buf1464, buf1466, buf1467, buf1468, buf1470, buf1472, buf1474, buf1475, buf1476, buf1478, buf1480, buf1482, buf1483, buf1484, buf1486, buf1488, buf1490, buf1491, buf1492, buf1494, buf1496, buf1498, buf1499, buf1500, buf1502, buf1504, buf1506, buf1507, buf1508, buf1510, buf1513, buf1516, buf1518, buf1520, buf1521, buf1522, buf1525, buf1527, buf1529, buf1530, buf1531, buf1534, buf1536, buf1538, buf1539, buf1540, buf1541, buf1544, buf1546, buf1548, buf1549, buf1550, buf1551, buf1554, buf1555, buf1561, buf1563, buf1565, buf1566, buf1567, buf1570, buf1572, buf1575, buf1576, buf1577, buf1579, buf1581, buf1584, buf1585, buf1586, buf1588, buf1590, buf1593, buf1594, buf1595, buf1597, buf1599, buf1602, buf1603, buf1604, buf1606, buf1608, buf1611, buf1612, buf1613, buf1615, buf1617, buf1620, buf1621, buf1622, buf1624, buf1626, buf1629, buf1630, buf1631, buf1633, buf1635, buf1636, buf1637, buf1640, buf1645, buf1646, buf1647, buf1642, buf1648, buf1650, buf1652, buf1654, buf1655, buf1656, buf1658, buf1660, buf1662, buf1663, buf1664, buf1666, buf1668, buf1670, buf1671, buf1672, buf1674, buf1676, buf1678, buf1679, buf1680, buf1682, buf1684, buf1686, buf1687, buf1688, buf1690, buf1692, buf1693, buf1694, buf1697, buf1699, buf1700, buf1701, buf1703, buf1705, buf1707, buf1708, buf1709, buf1711, buf1713, buf1715, buf1716, buf1717, buf1719, buf1721, buf1723, buf1724, buf1725, buf1727, buf1729, buf1731, buf1732, buf1733, buf1735, buf1737, buf1739, buf1740, buf1741, buf1743, buf1745, buf1746, buf1747, buf1750, buf1752, buf1753, buf1754, buf1756, buf1758, buf1760, buf1761, buf1762, buf1764, buf1766, buf1768, buf1769, buf1770, buf1772, buf1774, buf1776, buf1777, buf1778, buf1780, buf1782, buf1784, buf1785, buf1786, buf1788, buf1790, buf1792, buf1793, buf1794, buf1796, buf1798, buf1800, buf1801, buf1802, buf1804, buf1806, buf1809, buf1811, buf1813, buf1814, buf1815, buf1818, buf1820, buf1822, buf1823, buf1824, buf1827, buf1829, buf1831, buf1832, buf1833, buf1834, buf1837, buf1839, buf1841, buf1842, buf1843, buf1844, buf1847, buf1848, buf1854, buf1856, buf1858, buf1859, buf1860, buf1863, buf1865, buf1868, buf1869, buf1870, buf1872, buf1874, buf1877, buf1878, buf1879, buf1881, buf1883, buf1886, buf1887, buf1888, buf1890, buf1892, buf1895, buf1896, buf1897, buf1899, buf1901, buf1904, buf1905, buf1906, buf1908, buf1910, buf1913, buf1914, buf1915, buf1917, buf1919, buf1922, buf1923, buf1924, buf1926, buf1928, buf1929, buf1930, buf1933, buf1938, buf1939, buf1940, buf1935, buf1941, buf1943, buf1945, buf1947, buf1948, buf1949, buf1951, buf1953, buf1955, buf1956, buf1957, buf1959, buf1961, buf1963, buf1964, buf1965, buf1967, buf1969, buf1971, buf1972, buf1973, buf1975, buf1977, buf1979, buf1980, buf1981, buf1983, buf1985, buf1986, buf1987, buf1990, buf1992, buf1993, buf1994, buf1996, buf1998, buf2000, buf2001, buf2002, buf2004, buf2006, buf2008, buf2009, buf2010, buf2012, buf2014, buf2016, buf2017, buf2018, buf2020, buf2022, buf2024, buf2025, buf2026, buf2028, buf2030, buf2032, buf2033, buf2034, buf2036, buf2038, buf2039, buf2040, buf2043, buf2045, buf2046, buf2047, buf2049, buf2051, buf2053, buf2054, buf2055, buf2057, buf2059, buf2061, buf2062, buf2063, buf2065, buf2067, buf2069, buf2070, buf2071, buf2073, buf2075, buf2077, buf2078, buf2079, buf2081, buf2083, buf2085, buf2086, buf2087, buf2089, buf2091, buf2093, buf2094, buf2095, buf2097, buf2100, buf2103, buf2105, buf2107, buf2108, buf2109, buf2112, buf2114, buf2116, buf2117, buf2118, buf2121, buf2123, buf2125, buf2126, buf2127, buf2128, buf2131, buf2133, buf2135, buf2136, buf2137, buf2138, buf2141, buf2142, buf2148, buf2150, buf2152, buf2153, buf2154, buf2157, buf2159, buf2162, buf2163, buf2164, buf2166, buf2168, buf2171, buf2172, buf2173, buf2175, buf2177, buf2180, buf2181, buf2182, buf2184, buf2186, buf2189, buf2190, buf2191, buf2193, buf2195, buf2198, buf2199, buf2200, buf2202, buf2204, buf2207, buf2208, buf2209, buf2211, buf2213, buf2216, buf2217, buf2218, buf2220, buf2222, buf2223, buf2224, buf2227, buf2232, buf2233, buf2234, buf2229, buf2235, buf2237, buf2239, buf2241, buf2242, buf2243, buf2245, buf2247, buf2249, buf2250, buf2251, buf2253, buf2255, buf2257, buf2258, buf2259, buf2261, buf2263, buf2265, buf2266, buf2267, buf2269, buf2271, buf2273, buf2274, buf2275, buf2277, buf2279, buf2280, buf2281, buf2284, buf2286, buf2287, buf2288, buf2290, buf2292, buf2294, buf2295, buf2296, buf2298, buf2300, buf2302, buf2303, buf2304, buf2306, buf2308, buf2310, buf2311, buf2312, buf2314, buf2316, buf2318, buf2319, buf2320, buf2322, buf2324, buf2326, buf2327, buf2328, buf2330, buf2332, buf2333, buf2334, buf2337, buf2339, buf2340, buf2341, buf2343, buf2345, buf2347, buf2348, buf2349, buf2351, buf2353, buf2355, buf2356, buf2357, buf2359, buf2361, buf2363, buf2364, buf2365, buf2367, buf2369, buf2371, buf2372, buf2373, buf2375, buf2377, buf2379, buf2380, buf2381, buf2383, buf2385, buf2387, buf2388, buf2389, buf2391, buf2393, buf2396, buf2398, buf2400, buf2401, buf2402, buf2405, buf2407, buf2409, buf2410, buf2411, buf2414, buf2416, buf2418, buf2419, buf2420, buf2421, buf2424, buf2426, buf2428, buf2429, buf2430, buf2431, buf2434, buf2435, buf2441, buf2443, buf2445, buf2446, buf2447, buf2450, buf2452, buf2455, buf2456, buf2457, buf2459, buf2461, buf2464, buf2465, buf2466, buf2468, buf2470, buf2473, buf2474, buf2475, buf2477, buf2479, buf2482, buf2483, buf2484, buf2486, buf2488, buf2491, buf2492, buf2493, buf2495, buf2497, buf2500, buf2501, buf2502, buf2504, buf2506, buf2509, buf2510, buf2511, buf2513, buf2515, buf2516, buf2517, buf2520, buf2525, buf2526, buf2527, buf2522, buf2528, buf2530, buf2532, buf2534, buf2535, buf2536, buf2538, buf2540, buf2542, buf2543, buf2544, buf2546, buf2548, buf2550, buf2551, buf2552, buf2554, buf2556, buf2558, buf2559, buf2560, buf2562, buf2564, buf2566, buf2567, buf2568, buf2570, buf2572, buf2573, buf2574, buf2577, buf2579, buf2580, buf2581, buf2583, buf2585, buf2587, buf2588, buf2589, buf2591, buf2593, buf2595, buf2596, buf2597, buf2599, buf2601, buf2603, buf2604, buf2605, buf2607, buf2609, buf2611, buf2612, buf2613, buf2615, buf2617, buf2619, buf2620, buf2621, buf2623, buf2625, buf2626, buf2627, buf2630, buf2632, buf2633, buf2634, buf2636, buf2638, buf2640, buf2641, buf2642, buf2644, buf2646, buf2648, buf2649, buf2650, buf2652, buf2654, buf2656, buf2657, buf2658, buf2660, buf2662, buf2664, buf2665, buf2666, buf2668, buf2670, buf2672, buf2673, buf2674, buf2676, buf2678, buf2680, buf2681, buf2682, buf2684, buf2687, buf2690, buf2692, buf2694, buf2695, buf2696, buf2699, buf2701, buf2703, buf2704, buf2705, buf2708, buf2710, buf2712, buf2713, buf2714, buf2715, buf2718, buf2720, buf2722, buf2723, buf2724, buf2725, buf2728, buf2729, buf2735, buf2737, buf2739, buf2740, buf2741, buf2744, buf2746, buf2749, buf2750, buf2751, buf2753, buf2755, buf2758, buf2759, buf2760, buf2762, buf2764, buf2767, buf2768, buf2769, buf2771, buf2773, buf2776, buf2777, buf2778, buf2780, buf2782, buf2785, buf2786, buf2787, buf2789, buf2791, buf2794, buf2795, buf2796, buf2798, buf2800, buf2803, buf2804, buf2805, buf2807, buf2809, buf2810, buf2811, buf2814, buf2819, buf2820, buf2821, buf2816, buf2822, buf2824, buf2826, buf2828, buf2829, buf2830, buf2832, buf2834, buf2836, buf2837, buf2838, buf2840, buf2842, buf2844, buf2845, buf2846, buf2848, buf2850, buf2852, buf2853, buf2854, buf2856, buf2858, buf2860, buf2861, buf2862, buf2864, buf2866, buf2867, buf2868, buf2871, buf2873, buf2874, buf2875, buf2877, buf2879, buf2881, buf2882, buf2883, buf2885, buf2887, buf2889, buf2890, buf2891, buf2893, buf2895, buf2897, buf2898, buf2899, buf2901, buf2903, buf2905, buf2906, buf2907, buf2909, buf2911, buf2913, buf2914, buf2915, buf2917, buf2919, buf2920, buf2921, buf2924, buf2926, buf2927, buf2928, buf2930, buf2932, buf2934, buf2935, buf2936, buf2938, buf2940, buf2942, buf2943, buf2944, buf2946, buf2948, buf2950, buf2951, buf2952, buf2954, buf2956, buf2958, buf2959, buf2960, buf2962, buf2964, buf2966, buf2967, buf2968, buf2970, buf2972, buf2974, buf2975, buf2976, buf2978, buf2980, buf2983, buf2985, buf2987, buf2988, buf2989, buf2992, buf2994, buf2996, buf2997, buf2998, buf3001, buf3003, buf3005, buf3006, buf3007, buf3008, buf3011, buf3013, buf3015, buf3016, buf3017, buf3018, buf3021, buf3022, buf3028, buf3030, buf3032, buf3033, buf3034, buf3037, buf3039, buf3042, buf3043, buf3044, buf3046, buf3048, buf3051, buf3052, buf3053, buf3055, buf3057, buf3060, buf3061, buf3062, buf3064, buf3066, buf3069, buf3070, buf3071, buf3073, buf3075, buf3078, buf3079, buf3080, buf3082, buf3084, buf3087, buf3088, buf3089, buf3091, buf3093, buf3096, buf3097, buf3098, buf3100, buf3102, buf3103, buf3104, buf3107, buf3112, buf3113, buf3114, buf3109, buf3115, buf3117, buf3119, buf3121, buf3122, buf3123, buf3125, buf3127, buf3129, buf3130, buf3131, buf3133, buf3135, buf3137, buf3138, buf3139, buf3141, buf3143, buf3145, buf3146, buf3147, buf3149, buf3151, buf3153, buf3154, buf3155, buf3157, buf3159, buf3160, buf3161, buf3164, buf3166, buf3167, buf3168, buf3170, buf3172, buf3174, buf3175, buf3176, buf3178, buf3180, buf3182, buf3183, buf3184, buf3186, buf3188, buf3190, buf3191, buf3192, buf3194, buf3196, buf3198, buf3199, buf3200, buf3202, buf3204, buf3206, buf3207, buf3208, buf3210, buf3212, buf3213, buf3214, buf3217, buf3219, buf3220, buf3221, buf3223, buf3225, buf3227, buf3228, buf3229, buf3231, buf3233, buf3235, buf3236, buf3237, buf3239, buf3241, buf3243, buf3244, buf3245, buf3247, buf3249, buf3251, buf3252, buf3253, buf3255, buf3257, buf3259, buf3260, buf3261, buf3263, buf3265, buf3267, buf3268, buf3269, buf3271, buf3274, buf3277, buf3278, buf3283, buf3285, buf3287, buf3288, buf3289, buf3292, buf3294, buf3296, buf3297, buf3298, buf3301, buf3303, buf3305, buf3306, buf3307, buf3308, buf3311, buf3313, buf3315, buf3316, buf3317, buf3318, buf3321, buf3322, buf3328, buf3330, buf3332, buf3333, buf3334, buf3337, buf3339, buf3342, buf3343, buf3344, buf3346, buf3348, buf3351, buf3352, buf3353, buf3355, buf3357, buf3360, buf3361, buf3362, buf3364, buf3366, buf3369, buf3370, buf3371, buf3373, buf3375, buf3378, buf3379, buf3380, buf3382, buf3384, buf3387, buf3388, buf3389, buf3391, buf3393, buf3396, buf3397, buf3398, buf3400, buf3402, buf3403, buf3404, buf3407, buf3412, buf3413, buf3414, buf3409, buf3415, buf3417, buf3419, buf3421, buf3422, buf3423, buf3425, buf3427, buf3429, buf3430, buf3431, buf3433, buf3435, buf3437, buf3438, buf3439, buf3441, buf3443, buf3445, buf3446, buf3447, buf3449, buf3451, buf3453, buf3454, buf3455, buf3457, buf3459, buf3460, buf3461, buf3464, buf3466, buf3467, buf3468, buf3470, buf3472, buf3474, buf3475, buf3476, buf3478, buf3480, buf3482, buf3483, buf3484, buf3486, buf3488, buf3490, buf3491, buf3492, buf3494, buf3496, buf3498, buf3499, buf3500, buf3502, buf3504, buf3506, buf3507, buf3508, buf3510, buf3512, buf3513, buf3514, buf3517, buf3519, buf3520, buf3521, buf3523, buf3525, buf3527, buf3528, buf3529, buf3531, buf3533, buf3535, buf3536, buf3537, buf3539, buf3541, buf3543, buf3544, buf3545, buf3547, buf3549, buf3551, buf3552, buf3553, buf3555, buf3557, buf3559, buf3560, buf3561, buf3563, buf3565, buf3567, buf3568, buf3569, buf3571, buf3573, buf3576, buf3578, buf3580, buf3581, buf3582, buf3585, buf3587, buf3589, buf3590, buf3591, buf3594, buf3596, buf3598, buf3599, buf3600, buf3601, buf3604, buf3606, buf3608, buf3609, buf3610, buf3611, buf3614, buf3615, buf3621, buf3623, buf3625, buf3626, buf3627, buf3630, buf3632, buf3635, buf3636, buf3637, buf3639, buf3641, buf3644, buf3645, buf3646, buf3648, buf3650, buf3653, buf3654, buf3655, buf3657, buf3659, buf3662, buf3663, buf3664, buf3666, buf3668, buf3671, buf3672, buf3673, buf3675, buf3677, buf3680, buf3681, buf3682, buf3684, buf3686, buf3689, buf3690, buf3691, buf3693, buf3695, buf3696, buf3697, buf3700, buf3705, buf3706, buf3707, buf3702, buf3708, buf3710, buf3712, buf3714, buf3715, buf3716, buf3718, buf3720, buf3722, buf3723, buf3724, buf3726, buf3728, buf3730, buf3731, buf3732, buf3734, buf3736, buf3738, buf3739, buf3740, buf3742, buf3744, buf3746, buf3747, buf3748, buf3750, buf3752, buf3753, buf3754, buf3757, buf3759, buf3760, buf3761, buf3763, buf3765, buf3767, buf3768, buf3769, buf3771, buf3773, buf3775, buf3776, buf3777, buf3779, buf3781, buf3783, buf3784, buf3785, buf3787, buf3789, buf3791, buf3792, buf3793, buf3795, buf3797, buf3799, buf3800, buf3801, buf3803, buf3805, buf3806, buf3807, buf3810, buf3812, buf3813, buf3814, buf3816, buf3818, buf3820, buf3821, buf3822, buf3824, buf3826, buf3828, buf3829, buf3830, buf3832, buf3834, buf3836, buf3837, buf3838, buf3840, buf3842, buf3844, buf3845, buf3846, buf3848, buf3850, buf3852, buf3853, buf3854, buf3856, buf3858, buf3860, buf3861, buf3862, buf3864, buf3866, buf3869, buf3871, buf3873, buf3874, buf3875, buf3878, buf3880, buf3882, buf3883, buf3884, buf3887, buf3889, buf3891, buf3892, buf3893, buf3894, buf3897, buf3899, buf3901, buf3902, buf3903, buf3904, buf3907, buf3908, buf3914, buf3916, buf3918, buf3919, buf3920, buf3923, buf3925, buf3928, buf3929, buf3930, buf3932, buf3934, buf3937, buf3938, buf3939, buf3941, buf3943, buf3946, buf3947, buf3948, buf3950, buf3952, buf3955, buf3956, buf3957, buf3959, buf3961, buf3964, buf3965, buf3966, buf3968, buf3970, buf3973, buf3974, buf3975, buf3977, buf3979, buf3982, buf3983, buf3984, buf3986, buf3988, buf3989, buf3990, buf3993, buf3998, buf3999, buf4000, buf3995, buf4001, buf4003, buf4005, buf4007, buf4008, buf4009, buf4011, buf4013, buf4015, buf4016, buf4017, buf4019, buf4021, buf4023, buf4024, buf4025, buf4027, buf4029, buf4031, buf4032, buf4033, buf4035, buf4037, buf4039, buf4040, buf4041, buf4043, buf4045, buf4046, buf4047, buf4050, buf4052, buf4053, buf4054, buf4056, buf4058, buf4060, buf4061, buf4062, buf4064, buf4066, buf4068, buf4069, buf4070, buf4072, buf4074, buf4076, buf4077, buf4078, buf4080, buf4082, buf4084, buf4085, buf4086, buf4088, buf4090, buf4092, buf4093, buf4094, buf4096, buf4098, buf4099, buf4100, buf4103, buf4105, buf4106, buf4107, buf4109, buf4111, buf4113, buf4114, buf4115, buf4117, buf4119, buf4121, buf4122, buf4123, buf4125, buf4127, buf4129, buf4130, buf4131, buf4133, buf4135, buf4137, buf4138, buf4139, buf4141, buf4143, buf4145, buf4146, buf4147, buf4149, buf4151, buf4153, buf4154, buf4155, buf4157, buf4160, buf4163, buf4165, buf4167, buf4168, buf4169, buf4172, buf4174, buf4176, buf4177, buf4178, buf4181, buf4183, buf4185, buf4186, buf4187, buf4188, buf4191, buf4193, buf4195, buf4196, buf4197, buf4198, buf4201, buf4202, buf4208, buf4210, buf4212, buf4213, buf4214, buf4217, buf4219, buf4222, buf4223, buf4224, buf4226, buf4228, buf4231, buf4232, buf4233, buf4235, buf4237, buf4240, buf4241, buf4242, buf4244, buf4246, buf4249, buf4250, buf4251, buf4253, buf4255, buf4258, buf4259, buf4260, buf4262, buf4264, buf4267, buf4268, buf4269, buf4271, buf4273, buf4276, buf4277, buf4278, buf4280, buf4282, buf4283, buf4284, buf4287, buf4292, buf4293, buf4294, buf4289, buf4295, buf4297, buf4299, buf4301, buf4302, buf4303, buf4305, buf4307, buf4309, buf4310, buf4311, buf4313, buf4315, buf4317, buf4318, buf4319, buf4321, buf4323, buf4325, buf4326, buf4327, buf4329, buf4331, buf4333, buf4334, buf4335, buf4337, buf4339, buf4340, buf4341, buf4344, buf4346, buf4347, buf4348, buf4350, buf4352, buf4354, buf4355, buf4356, buf4358, buf4360, buf4362, buf4363, buf4364, buf4366, buf4368, buf4370, buf4371, buf4372, buf4374, buf4376, buf4378, buf4379, buf4380, buf4382, buf4384, buf4386, buf4387, buf4388, buf4390, buf4392, buf4393, buf4394, buf4397, buf4399, buf4400, buf4401, buf4403, buf4405, buf4407, buf4408, buf4409, buf4411, buf4413, buf4415, buf4416, buf4417, buf4419, buf4421, buf4423, buf4424, buf4425, buf4427, buf4429, buf4431, buf4432, buf4433, buf4435, buf4437, buf4439, buf4440, buf4441, buf4443, buf4445, buf4447, buf4448, buf4449, buf4451, buf4453, buf4456, buf4458, buf4460, buf4461, buf4462, buf4465, buf4467, buf4469, buf4470, buf4471, buf4474, buf4476, buf4478, buf4479, buf4480, buf4481, buf4484, buf4486, buf4488, buf4489, buf4490, buf4491, buf4494, buf4495, buf4501, buf4503, buf4505, buf4506, buf4507, buf4510, buf4512, buf4515, buf4516, buf4517, buf4519, buf4521, buf4524, buf4525, buf4526, buf4528, buf4530, buf4533, buf4534, buf4535, buf4537, buf4539, buf4542, buf4543, buf4544, buf4546, buf4548, buf4551, buf4552, buf4553, buf4555, buf4557, buf4560, buf4561, buf4562, buf4564, buf4566, buf4569, buf4570, buf4571, buf4573, buf4575, buf4576, buf4577, buf4580, buf4585, buf4586, buf4587, buf4582, buf4588, buf4590, buf4592, buf4594, buf4595, buf4596, buf4598, buf4600, buf4602, buf4603, buf4604, buf4606, buf4608, buf4610, buf4611, buf4612, buf4614, buf4616, buf4618, buf4619, buf4620, buf4622, buf4624, buf4626, buf4627, buf4628, buf4630, buf4632, buf4633, buf4634, buf4637, buf4639, buf4640, buf4641, buf4643, buf4645, buf4647, buf4648, buf4649, buf4651, buf4653, buf4655, buf4656, buf4657, buf4659, buf4661, buf4663, buf4664, buf4665, buf4667, buf4669, buf4671, buf4672, buf4673, buf4675, buf4677, buf4679, buf4680, buf4681, buf4683, buf4685, buf4686, buf4687, buf4690, buf4692, buf4693, buf4694, buf4696, buf4698, buf4700, buf4701, buf4702, buf4704, buf4706, buf4708, buf4709, buf4710, buf4712, buf4714, buf4716, buf4717, buf4718, buf4720, buf4722, buf4724, buf4725, buf4726, buf4728, buf4730, buf4732, buf4733, buf4734, buf4736, buf4738, buf4740, buf4741, buf4742, buf4744, buf4747, buf4750, buf4752, buf4754, buf4755, buf4756, buf4759, buf4761, buf4763, buf4764, buf4765, buf4768, buf4770, buf4772, buf4773, buf4774, buf4775, buf4778, buf4780, buf4782, buf4783, buf4784, buf4785, buf4788, buf4789, buf4795, buf4797, buf4799, buf4800, buf4801, buf4804, buf4806, buf4809, buf4810, buf4811, buf4813, buf4815, buf4818, buf4819, buf4820, buf4822, buf4824, buf4827, buf4828, buf4829, buf4831, buf4833, buf4836, buf4837, buf4838, buf4840, buf4842, buf4845, buf4846, buf4847, buf4849, buf4851, buf4854, buf4855, buf4856, buf4858, buf4860, buf4863, buf4864, buf4865, buf4867, buf4869, buf4870, buf4871, buf4874, buf4879, buf4880, buf4881, buf4876, buf4882, buf4884, buf4886, buf4888, buf4889, buf4890, buf4892, buf4894, buf4896, buf4897, buf4898, buf4900, buf4902, buf4904, buf4905, buf4906, buf4908, buf4910, buf4912, buf4913, buf4914, buf4916, buf4918, buf4920, buf4921, buf4922, buf4924, buf4926, buf4927, buf4928, buf4931, buf4933, buf4934, buf4935, buf4937, buf4939, buf4941, buf4942, buf4943, buf4945, buf4947, buf4949, buf4950, buf4951, buf4953, buf4955, buf4957, buf4958, buf4959, buf4961, buf4963, buf4965, buf4966, buf4967, buf4969, buf4971, buf4973, buf4974, buf4975, buf4977, buf4979, buf4980, buf4981, buf4984, buf4986, buf4987, buf4988, buf4990, buf4992, buf4994, buf4995, buf4996, buf4998, buf5000, buf5002, buf5003, buf5004, buf5006, buf5008, buf5010, buf5011, buf5012, buf5014, buf5016, buf5018, buf5019, buf5020, buf5022, buf5024, buf5026, buf5027, buf5028, buf5030, buf5032, buf5034, buf5035, buf5036, buf5038, buf5040, buf5043, buf5045, buf5047, buf5048, buf5049, buf5052, buf5054, buf5056, buf5057, buf5058, buf5061, buf5063, buf5065, buf5066, buf5067, buf5068, buf5071, buf5073, buf5075, buf5076, buf5077, buf5078, buf5081, buf5082, buf5088, buf5090, buf5092, buf5093, buf5094, buf5097, buf5099, buf5102, buf5103, buf5104, buf5106, buf5108, buf5111, buf5112, buf5113, buf5115, buf5117, buf5120, buf5121, buf5122, buf5124, buf5126, buf5129, buf5130, buf5131, buf5133, buf5135, buf5138, buf5139, buf5140, buf5142, buf5144, buf5147, buf5148, buf5149, buf5151, buf5153, buf5156, buf5157, buf5158, buf5160, buf5162, buf5163, buf5164, buf5167, buf5172, buf5173, buf5174, buf5169, buf5175, buf5177, buf5179, buf5181, buf5182, buf5183, buf5185, buf5187, buf5189, buf5190, buf5191, buf5193, buf5195, buf5197, buf5198, buf5199, buf5201, buf5203, buf5205, buf5206, buf5207, buf5209, buf5211, buf5213, buf5214, buf5215, buf5217, buf5219, buf5220, buf5221, buf5224, buf5226, buf5227, buf5228, buf5230, buf5232, buf5234, buf5235, buf5236, buf5238, buf5240, buf5242, buf5243, buf5244, buf5246, buf5248, buf5250, buf5251, buf5252, buf5254, buf5256, buf5258, buf5259, buf5260, buf5262, buf5264, buf5266, buf5267, buf5268, buf5270, buf5272, buf5273, buf5274, buf5277, buf5279, buf5280, buf5281, buf5283, buf5285, buf5287, buf5288, buf5289, buf5291, buf5293, buf5295, buf5296, buf5297, buf5299, buf5301, buf5303, buf5304, buf5305, buf5307, buf5309, buf5311, buf5312, buf5313, buf5315, buf5317, buf5319, buf5320, buf5321, buf5323, buf5325, buf5327, buf5328, buf5329, buf5331, buf5334, buf5337, buf5339, buf5341, buf5342, buf5343, buf5346, buf5348, buf5350, buf5351, buf5352, buf5355, buf5357, buf5359, buf5360, buf5361, buf5362, buf5365, buf5367, buf5369, buf5370, buf5371, buf5372, buf5375, buf5376, buf5382, buf5384, buf5386, buf5387, buf5388, buf5391, buf5393, buf5396, buf5397, buf5398, buf5400, buf5402, buf5405, buf5406, buf5407, buf5409, buf5411, buf5414, buf5415, buf5416, buf5418, buf5420, buf5423, buf5424, buf5425, buf5427, buf5429, buf5432, buf5433, buf5434, buf5436, buf5438, buf5441, buf5442, buf5443, buf5445, buf5447, buf5450, buf5451, buf5452, buf5454, buf5456, buf5457, buf5458, buf5461, buf5466, buf5467, buf5468, buf5463, buf5469, buf5471, buf5473, buf5475, buf5476, buf5477, buf5479, buf5481, buf5483, buf5484, buf5485, buf5487, buf5489, buf5491, buf5492, buf5493, buf5495, buf5497, buf5499, buf5500, buf5501, buf5503, buf5505, buf5507, buf5508, buf5509, buf5511, buf5513, buf5514, buf5515, buf5518, buf5520, buf5521, buf5522, buf5524, buf5526, buf5528, buf5529, buf5530, buf5532, buf5534, buf5536, buf5537, buf5538, buf5540, buf5542, buf5544, buf5545, buf5546, buf5548, buf5550, buf5552, buf5553, buf5554, buf5556, buf5558, buf5560, buf5561, buf5562, buf5564, buf5566, buf5567, buf5568, buf5571, buf5573, buf5574, buf5575, buf5577, buf5579, buf5581, buf5582, buf5583, buf5585, buf5587, buf5589, buf5590, buf5591, buf5593, buf5595, buf5597, buf5598, buf5599, buf5601, buf5603, buf5605, buf5606, buf5607, buf5609, buf5611, buf5613, buf5614, buf5615, buf5617, buf5619, buf5621, buf5622, buf5623, buf5625, buf5627, buf5630, buf5632, buf5634, buf5635, buf5636, buf5639, buf5641, buf5643, buf5644, buf5645, buf5648, buf5650, buf5652, buf5653, buf5654, buf5655, buf5658, buf5660, buf5662, buf5663, buf5664, buf5665, buf5668, buf5669, buf5675, buf5677, buf5679, buf5680, buf5681, buf5684, buf5686, buf5689, buf5690, buf5691, buf5693, buf5695, buf5698, buf5699, buf5700, buf5702, buf5704, buf5707, buf5708, buf5709, buf5711, buf5713, buf5716, buf5717, buf5718, buf5720, buf5722, buf5725, buf5726, buf5727, buf5729, buf5731, buf5734, buf5735, buf5736, buf5738, buf5740, buf5743, buf5744, buf5745, buf5747, buf5749, buf5750, buf5751, buf5754, buf5759, buf5760, buf5761, buf5756, buf5762, buf5764, buf5766, buf5768, buf5769, buf5770, buf5772, buf5774, buf5776, buf5777, buf5778, buf5780, buf5782, buf5784, buf5785, buf5786, buf5788, buf5790, buf5792, buf5793, buf5794, buf5796, buf5798, buf5800, buf5801, buf5802, buf5804, buf5806, buf5807, buf5808, buf5811, buf5813, buf5814, buf5815, buf5817, buf5819, buf5821, buf5822, buf5823, buf5825, buf5827, buf5829, buf5830, buf5831, buf5833, buf5835, buf5837, buf5838, buf5839, buf5841, buf5843, buf5845, buf5846, buf5847, buf5849, buf5851, buf5853, buf5854, buf5855, buf5857, buf5859, buf5860, buf5861, buf5864, buf5866, buf5867, buf5868, buf5870, buf5872, buf5874, buf5875, buf5876, buf5878, buf5880, buf5882, buf5883, buf5884, buf5886, buf5888, buf5890, buf5891, buf5892, buf5894, buf5896, buf5898, buf5899, buf5900, buf5902, buf5904, buf5906, buf5907, buf5908, buf5910, buf5912, buf5914, buf5915, buf5916, buf5918, buf5921, buf5924, buf5925, buf5930, buf5932, buf5934, buf5935, buf5936, buf5939, buf5941, buf5943, buf5944, buf5945, buf5948, buf5950, buf5952, buf5953, buf5954, buf5955, buf5958, buf5960, buf5962, buf5963, buf5964, buf5965, buf5968, buf5969, buf5975, buf5977, buf5979, buf5980, buf5981, buf5984, buf5986, buf5989, buf5990, buf5991, buf5993, buf5995, buf5998, buf5999, buf6000, buf6002, buf6004, buf6007, buf6008, buf6009, buf6011, buf6013, buf6016, buf6017, buf6018, buf6020, buf6022, buf6025, buf6026, buf6027, buf6029, buf6031, buf6034, buf6035, buf6036, buf6038, buf6040, buf6043, buf6044, buf6045, buf6047, buf6049, buf6050, buf6051, buf6054, buf6059, buf6060, buf6061, buf6056, buf6062, buf6064, buf6066, buf6068, buf6069, buf6070, buf6072, buf6074, buf6076, buf6077, buf6078, buf6080, buf6082, buf6084, buf6085, buf6086, buf6088, buf6090, buf6092, buf6093, buf6094, buf6096, buf6098, buf6100, buf6101, buf6102, buf6104, buf6106, buf6107, buf6108, buf6111, buf6113, buf6114, buf6115, buf6117, buf6119, buf6121, buf6122, buf6123, buf6125, buf6127, buf6129, buf6130, buf6131, buf6133, buf6135, buf6137, buf6138, buf6139, buf6141, buf6143, buf6145, buf6146, buf6147, buf6149, buf6151, buf6153, buf6154, buf6155, buf6157, buf6159, buf6160, buf6161, buf6164, buf6166, buf6167, buf6168, buf6170, buf6172, buf6174, buf6175, buf6176, buf6178, buf6180, buf6182, buf6183, buf6184, buf6186, buf6188, buf6190, buf6191, buf6192, buf6194, buf6196, buf6198, buf6199, buf6200, buf6202, buf6204, buf6206, buf6207, buf6208, buf6210, buf6212, buf6214, buf6215, buf6216, buf6218, buf6220, buf6223, buf6225, buf6227, buf6228, buf6229, buf6232, buf6234, buf6236, buf6237, buf6238, buf6241, buf6243, buf6245, buf6246, buf6247, buf6248, buf6251, buf6253, buf6255, buf6256, buf6257, buf6258, buf6261, buf6262, buf6268, buf6270, buf6272, buf6273, buf6274, buf6277, buf6279, buf6282, buf6283, buf6284, buf6286, buf6288, buf6291, buf6292, buf6293, buf6295, buf6297, buf6300, buf6301, buf6302, buf6304, buf6306, buf6309, buf6310, buf6311, buf6313, buf6315, buf6318, buf6319, buf6320, buf6322, buf6324, buf6327, buf6328, buf6329, buf6331, buf6333, buf6336, buf6337, buf6338, buf6340, buf6342, buf6343, buf6344, buf6347, buf6352, buf6353, buf6354, buf6349, buf6355, buf6357, buf6359, buf6361, buf6362, buf6363, buf6365, buf6367, buf6369, buf6370, buf6371, buf6373, buf6375, buf6377, buf6378, buf6379, buf6381, buf6383, buf6385, buf6386, buf6387, buf6389, buf6391, buf6393, buf6394, buf6395, buf6397, buf6399, buf6400, buf6401, buf6404, buf6406, buf6407, buf6408, buf6410, buf6412, buf6414, buf6415, buf6416, buf6418, buf6420, buf6422, buf6423, buf6424, buf6426, buf6428, buf6430, buf6431, buf6432, buf6434, buf6436, buf6438, buf6439, buf6440, buf6442, buf6444, buf6446, buf6447, buf6448, buf6450, buf6452, buf6453, buf6454, buf6457, buf6459, buf6460, buf6461, buf6463, buf6465, buf6467, buf6468, buf6469, buf6471, buf6473, buf6475, buf6476, buf6477, buf6479, buf6481, buf6483, buf6484, buf6485, buf6487, buf6489, buf6491, buf6492, buf6493, buf6495, buf6497, buf6499, buf6500, buf6501, buf6503, buf6505, buf6507, buf6508, buf6509, buf6511, buf6513, buf6516, buf6518, buf6520, buf6521, buf6522, buf6525, buf6527, buf6529, buf6530, buf6531, buf6534, buf6536, buf6538, buf6539, buf6540, buf6541, buf6544, buf6546, buf6548, buf6549, buf6550, buf6551, buf6554, buf6555, buf6561, buf6563, buf6565, buf6566, buf6567, buf6570, buf6572, buf6575, buf6576, buf6577, buf6579, buf6581, buf6584, buf6585, buf6586, buf6588, buf6590, buf6593, buf6594, buf6595, buf6597, buf6599, buf6602, buf6603, buf6604, buf6606, buf6608, buf6611, buf6612, buf6613, buf6615, buf6617, buf6620, buf6621, buf6622, buf6624, buf6626, buf6629, buf6630, buf6631, buf6633, buf6635, buf6636, buf6637, buf6640, buf6645, buf6646, buf6647, buf6642, buf6648, buf6650, buf6652, buf6654, buf6655, buf6656, buf6658, buf6660, buf6662, buf6663, buf6664, buf6666, buf6668, buf6670, buf6671, buf6672, buf6674, buf6676, buf6678, buf6679, buf6680, buf6682, buf6684, buf6686, buf6687, buf6688, buf6690, buf6692, buf6693, buf6694, buf6697, buf6699, buf6700, buf6701, buf6703, buf6705, buf6707, buf6708, buf6709, buf6711, buf6713, buf6715, buf6716, buf6717, buf6719, buf6721, buf6723, buf6724, buf6725, buf6727, buf6729, buf6731, buf6732, buf6733, buf6735, buf6737, buf6739, buf6740, buf6741, buf6743, buf6745, buf6746, buf6747, buf6750, buf6752, buf6753, buf6754, buf6756, buf6758, buf6760, buf6761, buf6762, buf6764, buf6766, buf6768, buf6769, buf6770, buf6772, buf6774, buf6776, buf6777, buf6778, buf6780, buf6782, buf6784, buf6785, buf6786, buf6788, buf6790, buf6792, buf6793, buf6794, buf6796, buf6798, buf6800, buf6801, buf6802, buf6804, buf6807, buf6810, buf6812, buf6814, buf6815, buf6816, buf6819, buf6821, buf6823, buf6824, buf6825, buf6828, buf6830, buf6832, buf6833, buf6834, buf6835, buf6838, buf6840, buf6842, buf6843, buf6844, buf6845, buf6848, buf6849, buf6855, buf6857, buf6859, buf6860, buf6861, buf6864, buf6866, buf6869, buf6870, buf6871, buf6873, buf6875, buf6878, buf6879, buf6880, buf6882, buf6884, buf6887, buf6888, buf6889, buf6891, buf6893, buf6896, buf6897, buf6898, buf6900, buf6902, buf6905, buf6906, buf6907, buf6909, buf6911, buf6914, buf6915, buf6916, buf6918, buf6920, buf6923, buf6924, buf6925, buf6927, buf6929, buf6930, buf6931, buf6934, buf6939, buf6940, buf6941, buf6936, buf6942, buf6944, buf6946, buf6948, buf6949, buf6950, buf6952, buf6954, buf6956, buf6957, buf6958, buf6960, buf6962, buf6964, buf6965, buf6966, buf6968, buf6970, buf6972, buf6973, buf6974, buf6976, buf6978, buf6980, buf6981, buf6982, buf6984, buf6986, buf6987, buf6988, buf6991, buf6993, buf6994, buf6995, buf6997, buf6999, buf7001, buf7002, buf7003, buf7005, buf7007, buf7009, buf7010, buf7011, buf7013, buf7015, buf7017, buf7018, buf7019, buf7021, buf7023, buf7025, buf7026, buf7027, buf7029, buf7031, buf7033, buf7034, buf7035, buf7037, buf7039, buf7040, buf7041, buf7044, buf7046, buf7047, buf7048, buf7050, buf7052, buf7054, buf7055, buf7056, buf7058, buf7060, buf7062, buf7063, buf7064, buf7066, buf7068, buf7070, buf7071, buf7072, buf7074, buf7076, buf7078, buf7079, buf7080, buf7082, buf7084, buf7086, buf7087, buf7088, buf7090, buf7092, buf7094, buf7095, buf7096, buf7098, buf7100, buf7103, buf7105, buf7107, buf7108, buf7109, buf7112, buf7114, buf7116, buf7117, buf7118, buf7121, buf7123, buf7125, buf7126, buf7127, buf7128, buf7131, buf7133, buf7135, buf7136, buf7137, buf7138, buf7141, buf7142, buf7148, buf7150, buf7152, buf7153, buf7154, buf7157, buf7159, buf7162, buf7163, buf7164, buf7166, buf7168, buf7171, buf7172, buf7173, buf7175, buf7177, buf7180, buf7181, buf7182, buf7184, buf7186, buf7189, buf7190, buf7191, buf7193, buf7195, buf7198, buf7199, buf7200, buf7202, buf7204, buf7207, buf7208, buf7209, buf7211, buf7213, buf7216, buf7217, buf7218, buf7220, buf7222, buf7223, buf7224, buf7227, buf7232, buf7233, buf7234, buf7229, buf7235, buf7237, buf7239, buf7241, buf7242, buf7243, buf7245, buf7247, buf7249, buf7250, buf7251, buf7253, buf7255, buf7257, buf7258, buf7259, buf7261, buf7263, buf7265, buf7266, buf7267, buf7269, buf7271, buf7273, buf7274, buf7275, buf7277, buf7279, buf7280, buf7281, buf7284, buf7286, buf7287, buf7288, buf7290, buf7292, buf7294, buf7295, buf7296, buf7298, buf7300, buf7302, buf7303, buf7304, buf7306, buf7308, buf7310, buf7311, buf7312, buf7314, buf7316, buf7318, buf7319, buf7320, buf7322, buf7324, buf7326, buf7327, buf7328, buf7330, buf7332, buf7333, buf7334, buf7337, buf7339, buf7340, buf7341, buf7343, buf7345, buf7347, buf7348, buf7349, buf7351, buf7353, buf7355, buf7356, buf7357, buf7359, buf7361, buf7363, buf7364, buf7365, buf7367, buf7369, buf7371, buf7372, buf7373, buf7375, buf7377, buf7379, buf7380, buf7381, buf7383, buf7385, buf7387, buf7388, buf7389, buf7391, buf7394, buf7397, buf7399, buf7401, buf7402, buf7403, buf7406, buf7408, buf7410, buf7411, buf7412, buf7415, buf7417, buf7419, buf7420, buf7421, buf7422, buf7425, buf7427, buf7429, buf7430, buf7431, buf7432, buf7435, buf7436, buf7442, buf7444, buf7446, buf7447, buf7448, buf7451, buf7453, buf7456, buf7457, buf7458, buf7460, buf7462, buf7465, buf7466, buf7467, buf7469, buf7471, buf7474, buf7475, buf7476, buf7478, buf7480, buf7483, buf7484, buf7485, buf7487, buf7489, buf7492, buf7493, buf7494, buf7496, buf7498, buf7501, buf7502, buf7503, buf7505, buf7507, buf7510, buf7511, buf7512, buf7514, buf7516, buf7517, buf7518, buf7521, buf7526, buf7527, buf7528, buf7523, buf7529, buf7531, buf7533, buf7535, buf7536, buf7537, buf7539, buf7541, buf7543, buf7544, buf7545, buf7547, buf7549, buf7551, buf7552, buf7553, buf7555, buf7557, buf7559, buf7560, buf7561, buf7563, buf7565, buf7567, buf7568, buf7569, buf7571, buf7573, buf7574, buf7575, buf7578, buf7580, buf7581, buf7582, buf7584, buf7586, buf7588, buf7589, buf7590, buf7592, buf7594, buf7596, buf7597, buf7598, buf7600, buf7602, buf7604, buf7605, buf7606, buf7608, buf7610, buf7612, buf7613, buf7614, buf7616, buf7618, buf7620, buf7621, buf7622, buf7624, buf7626, buf7627, buf7628, buf7631, buf7633, buf7634, buf7635, buf7637, buf7639, buf7641, buf7642, buf7643, buf7645, buf7647, buf7649, buf7650, buf7651, buf7653, buf7655, buf7657, buf7658, buf7659, buf7661, buf7663, buf7665, buf7666, buf7667, buf7669, buf7671, buf7673, buf7674, buf7675, buf7677, buf7679, buf7681, buf7682, buf7683, buf7685, buf7687, buf7690, buf7692, buf7694, buf7695, buf7696, buf7699, buf7701, buf7703, buf7704, buf7705, buf7708, buf7710, buf7712, buf7713, buf7714, buf7715, buf7718, buf7720, buf7722, buf7723, buf7724, buf7725, buf7728, buf7729, buf7735, buf7737, buf7739, buf7740, buf7741, buf7744, buf7746, buf7749, buf7750, buf7751, buf7753, buf7755, buf7758, buf7759, buf7760, buf7762, buf7764, buf7767, buf7768, buf7769, buf7771, buf7773, buf7776, buf7777, buf7778, buf7780, buf7782, buf7785, buf7786, buf7787, buf7789, buf7791, buf7794, buf7795, buf7796, buf7798, buf7800, buf7803, buf7804, buf7805, buf7807, buf7809, buf7810, buf7811, buf7814, buf7819, buf7820, buf7821, buf7816, buf7822, buf7824, buf7826, buf7828, buf7829, buf7830, buf7832, buf7834, buf7836, buf7837, buf7838, buf7840, buf7842, buf7844, buf7845, buf7846, buf7848, buf7850, buf7852, buf7853, buf7854, buf7856, buf7858, buf7860, buf7861, buf7862, buf7864, buf7866, buf7867, buf7868, buf7871, buf7873, buf7874, buf7875, buf7877, buf7879, buf7881, buf7882, buf7883, buf7885, buf7887, buf7889, buf7890, buf7891, buf7893, buf7895, buf7897, buf7898, buf7899, buf7901, buf7903, buf7905, buf7906, buf7907, buf7909, buf7911, buf7913, buf7914, buf7915, buf7917, buf7919, buf7920, buf7921, buf7924, buf7926, buf7927, buf7928, buf7930, buf7932, buf7934, buf7935, buf7936, buf7938, buf7940, buf7942, buf7943, buf7944, buf7946, buf7948, buf7950, buf7951, buf7952, buf7954, buf7956, buf7958, buf7959, buf7960, buf7962, buf7964, buf7966, buf7967, buf7968, buf7970, buf7972, buf7974, buf7975, buf7976, buf7978, buf7981, buf7984, buf7986, buf7988, buf7989, buf7990, buf7993, buf7995, buf7997, buf7998, buf7999, buf8002, buf8004, buf8006, buf8007, buf8008, buf8009, buf8012, buf8014, buf8016, buf8017, buf8018, buf8019, buf8022, buf8023, buf8029, buf8031, buf8033, buf8034, buf8035, buf8038, buf8040, buf8043, buf8044, buf8045, buf8047, buf8049, buf8052, buf8053, buf8054, buf8056, buf8058, buf8061, buf8062, buf8063, buf8065, buf8067, buf8070, buf8071, buf8072, buf8074, buf8076, buf8079, buf8080, buf8081, buf8083, buf8085, buf8088, buf8089, buf8090, buf8092, buf8094, buf8097, buf8098, buf8099, buf8101, buf8103, buf8104, buf8105, buf8108, buf8113, buf8114, buf8115, buf8110, buf8116, buf8118, buf8120, buf8122, buf8123, buf8124, buf8126, buf8128, buf8130, buf8131, buf8132, buf8134, buf8136, buf8138, buf8139, buf8140, buf8142, buf8144, buf8146, buf8147, buf8148, buf8150, buf8152, buf8154, buf8155, buf8156, buf8158, buf8160, buf8161, buf8162, buf8165, buf8167, buf8168, buf8169, buf8171, buf8173, buf8175, buf8176, buf8177, buf8179, buf8181, buf8183, buf8184, buf8185, buf8187, buf8189, buf8191, buf8192, buf8193, buf8195, buf8197, buf8199, buf8200, buf8201, buf8203, buf8205, buf8207, buf8208, buf8209, buf8211, buf8213, buf8214, buf8215, buf8218, buf8220, buf8221, buf8222, buf8224, buf8226, buf8228, buf8229, buf8230, buf8232, buf8234, buf8236, buf8237, buf8238, buf8240, buf8242, buf8244, buf8245, buf8246, buf8248, buf8250, buf8252, buf8253, buf8254, buf8256, buf8258, buf8260, buf8261, buf8262, buf8264, buf8266, buf8268, buf8269, buf8270, buf8272, buf8274, buf8277, buf8279, buf8281, buf8282, buf8283, buf8286, buf8288, buf8290, buf8291, buf8292, buf8295, buf8297, buf8299, buf8300, buf8301, buf8302, buf8305, buf8307, buf8309, buf8310, buf8311, buf8312, buf8315, buf8316, buf8322, buf8324, buf8326, buf8327, buf8328, buf8331, buf8333, buf8336, buf8337, buf8338, buf8340, buf8342, buf8345, buf8346, buf8347, buf8349, buf8351, buf8354, buf8355, buf8356, buf8358, buf8360, buf8363, buf8364, buf8365, buf8367, buf8369, buf8372, buf8373, buf8374, buf8376, buf8378, buf8381, buf8382, buf8383, buf8385, buf8387, buf8390, buf8391, buf8392, buf8394, buf8396, buf8397, buf8398, buf8401, buf8406, buf8407, buf8408, buf8403, buf8409, buf8411, buf8413, buf8415, buf8416, buf8417, buf8419, buf8421, buf8423, buf8424, buf8425, buf8427, buf8429, buf8431, buf8432, buf8433, buf8435, buf8437, buf8439, buf8440, buf8441, buf8443, buf8445, buf8447, buf8448, buf8449, buf8451, buf8453, buf8454, buf8455, buf8458, buf8460, buf8461, buf8462, buf8464, buf8466, buf8468, buf8469, buf8470, buf8472, buf8474, buf8476, buf8477, buf8478, buf8480, buf8482, buf8484, buf8485, buf8486, buf8488, buf8490, buf8492, buf8493, buf8494, buf8496, buf8498, buf8500, buf8501, buf8502, buf8504, buf8506, buf8507, buf8508, buf8511, buf8513, buf8514, buf8515, buf8517, buf8519, buf8521, buf8522, buf8523, buf8525, buf8527, buf8529, buf8530, buf8531, buf8533, buf8535, buf8537, buf8538, buf8539, buf8541, buf8543, buf8545, buf8546, buf8547, buf8549, buf8551, buf8553, buf8554, buf8555, buf8557, buf8559, buf8561, buf8562, buf8563, buf8565, buf8568, buf8571, buf8572, buf8577, buf8579, buf8581, buf8582, buf8583, buf8586, buf8588, buf8590, buf8591, buf8592, buf8595, buf8597, buf8599, buf8600, buf8601, buf8602, buf8605, buf8607, buf8609, buf8610, buf8611, buf8612, buf8615, buf8616, buf8622, buf8624, buf8626, buf8627, buf8628, buf8631, buf8633, buf8636, buf8637, buf8638, buf8640, buf8642, buf8645, buf8646, buf8647, buf8649, buf8651, buf8654, buf8655, buf8656, buf8658, buf8660, buf8663, buf8664, buf8665, buf8667, buf8669, buf8672, buf8673, buf8674, buf8676, buf8678, buf8681, buf8682, buf8683, buf8685, buf8687, buf8690, buf8691, buf8692, buf8694, buf8696, buf8697, buf8698, buf8701, buf8706, buf8707, buf8708, buf8703, buf8709, buf8711, buf8713, buf8715, buf8716, buf8717, buf8719, buf8721, buf8723, buf8724, buf8725, buf8727, buf8729, buf8731, buf8732, buf8733, buf8735, buf8737, buf8739, buf8740, buf8741, buf8743, buf8745, buf8747, buf8748, buf8749, buf8751, buf8753, buf8754, buf8755, buf8758, buf8760, buf8761, buf8762, buf8764, buf8766, buf8768, buf8769, buf8770, buf8772, buf8774, buf8776, buf8777, buf8778, buf8780, buf8782, buf8784, buf8785, buf8786, buf8788, buf8790, buf8792, buf8793, buf8794, buf8796, buf8798, buf8800, buf8801, buf8802, buf8804, buf8806, buf8807, buf8808, buf8811, buf8813, buf8814, buf8815, buf8817, buf8819, buf8821, buf8822, buf8823, buf8825, buf8827, buf8829, buf8830, buf8831, buf8833, buf8835, buf8837, buf8838, buf8839, buf8841, buf8843, buf8845, buf8846, buf8847, buf8849, buf8851, buf8853, buf8854, buf8855, buf8857, buf8859, buf8861, buf8862, buf8863, buf8865, buf8867, buf8870, buf8872, buf8874, buf8875, buf8876, buf8879, buf8881, buf8883, buf8884, buf8885, buf8888, buf8890, buf8892, buf8893, buf8894, buf8895, buf8898, buf8900, buf8902, buf8903, buf8904, buf8905, buf8908, buf8909, buf8915, buf8917, buf8919, buf8920, buf8921, buf8924, buf8926, buf8929, buf8930, buf8931, buf8933, buf8935, buf8938, buf8939, buf8940, buf8942, buf8944, buf8947, buf8948, buf8949, buf8951, buf8953, buf8956, buf8957, buf8958, buf8960, buf8962, buf8965, buf8966, buf8967, buf8969, buf8971, buf8974, buf8975, buf8976, buf8978, buf8980, buf8983, buf8984, buf8985, buf8987, buf8989, buf8990, buf8991, buf8994, buf8999, buf9000, buf9001, buf8996, buf9002, buf9004, buf9006, buf9008, buf9009, buf9010, buf9012, buf9014, buf9016, buf9017, buf9018, buf9020, buf9022, buf9024, buf9025, buf9026, buf9028, buf9030, buf9032, buf9033, buf9034, buf9036, buf9038, buf9040, buf9041, buf9042, buf9044, buf9046, buf9047, buf9048, buf9051, buf9053, buf9054, buf9055, buf9057, buf9059, buf9061, buf9062, buf9063, buf9065, buf9067, buf9069, buf9070, buf9071, buf9073, buf9075, buf9077, buf9078, buf9079, buf9081, buf9083, buf9085, buf9086, buf9087, buf9089, buf9091, buf9093, buf9094, buf9095, buf9097, buf9099, buf9100, buf9101, buf9104, buf9106, buf9107, buf9108, buf9110, buf9112, buf9114, buf9115, buf9116, buf9118, buf9120, buf9122, buf9123, buf9124, buf9126, buf9128, buf9130, buf9131, buf9132, buf9134, buf9136, buf9138, buf9139, buf9140, buf9142, buf9144, buf9146, buf9147, buf9148, buf9150, buf9152, buf9154, buf9155, buf9156, buf9158, buf9160, buf9163, buf9165, buf9167, buf9168, buf9169, buf9172, buf9174, buf9176, buf9177, buf9178, buf9181, buf9183, buf9185, buf9186, buf9187, buf9188, buf9191, buf9193, buf9195, buf9196, buf9197, buf9198, buf9201, buf9202, buf9208, buf9210, buf9212, buf9213, buf9214, buf9217, buf9219, buf9222, buf9223, buf9224, buf9226, buf9228, buf9231, buf9232, buf9233, buf9235, buf9237, buf9240, buf9241, buf9242, buf9244, buf9246, buf9249, buf9250, buf9251, buf9253, buf9255, buf9258, buf9259, buf9260, buf9262, buf9264, buf9267, buf9268, buf9269, buf9271, buf9273, buf9276, buf9277, buf9278, buf9280, buf9282, buf9283, buf9284, buf9287, buf9292, buf9293, buf9294, buf9289, buf9295, buf9297, buf9299, buf9301, buf9302, buf9303, buf9305, buf9307, buf9309, buf9310, buf9311, buf9313, buf9315, buf9317, buf9318, buf9319, buf9321, buf9323, buf9325, buf9326, buf9327, buf9329, buf9331, buf9333, buf9334, buf9335, buf9337, buf9339, buf9340, buf9341, buf9344, buf9346, buf9347, buf9348, buf9350, buf9352, buf9354, buf9355, buf9356, buf9358, buf9360, buf9362, buf9363, buf9364, buf9366, buf9368, buf9370, buf9371, buf9372, buf9374, buf9376, buf9378, buf9379, buf9380, buf9382, buf9384, buf9386, buf9387, buf9388, buf9390, buf9392, buf9393, buf9394, buf9397, buf9399, buf9400, buf9401, buf9403, buf9405, buf9407, buf9408, buf9409, buf9411, buf9413, buf9415, buf9416, buf9417, buf9419, buf9421, buf9423, buf9424, buf9425, buf9427, buf9429, buf9431, buf9432, buf9433, buf9435, buf9437, buf9439, buf9440, buf9441, buf9443, buf9445, buf9447, buf9448, buf9449, buf9451, buf9454, buf9457, buf9459, buf9461, buf9462, buf9463, buf9466, buf9468, buf9470, buf9471, buf9472, buf9475, buf9477, buf9479, buf9480, buf9481, buf9482, buf9485, buf9487, buf9489, buf9490, buf9491, buf9492, buf9495, buf9496, buf9502, buf9504, buf9506, buf9507, buf9508, buf9511, buf9513, buf9516, buf9517, buf9518, buf9520, buf9522, buf9525, buf9526, buf9527, buf9529, buf9531, buf9534, buf9535, buf9536, buf9538, buf9540, buf9543, buf9544, buf9545, buf9547, buf9549, buf9552, buf9553, buf9554, buf9556, buf9558, buf9561, buf9562, buf9563, buf9565, buf9567, buf9570, buf9571, buf9572, buf9574, buf9576, buf9577, buf9578, buf9581, buf9586, buf9587, buf9588, buf9583, buf9589, buf9591, buf9593, buf9595, buf9596, buf9597, buf9599, buf9601, buf9603, buf9604, buf9605, buf9607, buf9609, buf9611, buf9612, buf9613, buf9615, buf9617, buf9619, buf9620, buf9621, buf9623, buf9625, buf9627, buf9628, buf9629, buf9631, buf9633, buf9634, buf9635, buf9638, buf9640, buf9641, buf9642, buf9644, buf9646, buf9648, buf9649, buf9650, buf9652, buf9654, buf9656, buf9657, buf9658, buf9660, buf9662, buf9664, buf9665, buf9666, buf9668, buf9670, buf9672, buf9673, buf9674, buf9676, buf9678, buf9680, buf9681, buf9682, buf9684, buf9686, buf9687, buf9688, buf9691, buf9693, buf9694, buf9695, buf9697, buf9699, buf9701, buf9702, buf9703, buf9705, buf9707, buf9709, buf9710, buf9711, buf9713, buf9715, buf9717, buf9718, buf9719, buf9721, buf9723, buf9725, buf9726, buf9727, buf9729, buf9731, buf9733, buf9734, buf9735, buf9737, buf9739, buf9741, buf9742, buf9743, buf9745, buf9747, buf9750, buf9752, buf9754, buf9755, buf9756, buf9759, buf9761, buf9763, buf9764, buf9765, buf9768, buf9770, buf9772, buf9773, buf9774, buf9775, buf9778, buf9780, buf9782, buf9783, buf9784, buf9785, buf9788, buf9789, buf9795, buf9797, buf9799, buf9800, buf9801, buf9804, buf9806, buf9809, buf9810, buf9811, buf9813, buf9815, buf9818, buf9819, buf9820, buf9822, buf9824, buf9827, buf9828, buf9829, buf9831, buf9833, buf9836, buf9837, buf9838, buf9840, buf9842, buf9845, buf9846, buf9847, buf9849, buf9851, buf9854, buf9855, buf9856, buf9858, buf9860, buf9863, buf9864, buf9865, buf9867, buf9869, buf9870, buf9871, buf9874, buf9879, buf9880, buf9881, buf9876, buf9882, buf9884, buf9886, buf9888, buf9889, buf9890, buf9892, buf9894, buf9896, buf9897, buf9898, buf9900, buf9902, buf9904, buf9905, buf9906, buf9908, buf9910, buf9912, buf9913, buf9914, buf9916, buf9918, buf9920, buf9921, buf9922, buf9924, buf9926, buf9927, buf9928, buf9931, buf9933, buf9934, buf9935, buf9937, buf9939, buf9941, buf9942, buf9943, buf9945, buf9947, buf9949, buf9950, buf9951, buf9953, buf9955, buf9957, buf9958, buf9959, buf9961, buf9963, buf9965, buf9966, buf9967, buf9969, buf9971, buf9973, buf9974, buf9975, buf9977, buf9979, buf9980, buf9981, buf9984, buf9986, buf9987, buf9988, buf9990, buf9992, buf9994, buf9995, buf9996, buf9998, buf10000, buf10002, buf10003, buf10004, buf10006, buf10008, buf10010, buf10011, buf10012, buf10014, buf10016, buf10018, buf10019, buf10020, buf10022, buf10024, buf10026, buf10027, buf10028, buf10030, buf10032, buf10034, buf10035, buf10036, buf10038, buf10041, buf10044, buf10046, buf10048, buf10049, buf10050, buf10053, buf10055, buf10057, buf10058, buf10059, buf10062, buf10064, buf10066, buf10067, buf10068, buf10069, buf10072, buf10074, buf10076, buf10077, buf10078, buf10079, buf10082, buf10083, buf10089, buf10091, buf10093, buf10094, buf10095, buf10098, buf10100, buf10103, buf10104, buf10105, buf10107, buf10109, buf10112, buf10113, buf10114, buf10116, buf10118, buf10121, buf10122, buf10123, buf10125, buf10127, buf10130, buf10131, buf10132, buf10134, buf10136, buf10139, buf10140, buf10141, buf10143, buf10145, buf10148, buf10149, buf10150, buf10152, buf10154, buf10157, buf10158, buf10159, buf10161, buf10163, buf10164, buf10165, buf10168, buf10173, buf10174, buf10175, buf10170, buf10176, buf10178, buf10180, buf10182, buf10183, buf10184, buf10186, buf10188, buf10190, buf10191, buf10192, buf10194, buf10196, buf10198, buf10199, buf10200, buf10202, buf10204, buf10206, buf10207, buf10208, buf10210, buf10212, buf10214, buf10215, buf10216, buf10218, buf10220, buf10221, buf10222, buf10225, buf10227, buf10228, buf10229, buf10231, buf10233, buf10235, buf10236, buf10237, buf10239, buf10241, buf10243, buf10244, buf10245, buf10247, buf10249, buf10251, buf10252, buf10253, buf10255, buf10257, buf10259, buf10260, buf10261, buf10263, buf10265, buf10267, buf10268, buf10269, buf10271, buf10273, buf10274, buf10275, buf10278, buf10280, buf10281, buf10282, buf10284, buf10286, buf10288, buf10289, buf10290, buf10292, buf10294, buf10296, buf10297, buf10298, buf10300, buf10302, buf10304, buf10305, buf10306, buf10308, buf10310, buf10312, buf10313, buf10314, buf10316, buf10318, buf10320, buf10321, buf10322, buf10324, buf10326, buf10328, buf10329, buf10330, buf10332, buf10334, buf10337, buf10339, buf10341, buf10342, buf10343, buf10346, buf10348, buf10350, buf10351, buf10352, buf10355, buf10357, buf10359, buf10360, buf10361, buf10362, buf10365, buf10367, buf10369, buf10370, buf10371, buf10372, buf10375, buf10376, buf10382, buf10384, buf10386, buf10387, buf10388, buf10391, buf10393, buf10396, buf10397, buf10398, buf10400, buf10402, buf10405, buf10406, buf10407, buf10409, buf10411, buf10414, buf10415, buf10416, buf10418, buf10420, buf10423, buf10424, buf10425, buf10427, buf10429, buf10432, buf10433, buf10434, buf10436, buf10438, buf10441, buf10442, buf10443, buf10445, buf10447, buf10450, buf10451, buf10452, buf10454, buf10456, buf10457, buf10458, buf10461, buf10466, buf10467, buf10468, buf10463, buf10469, buf10471, buf10473, buf10475, buf10476, buf10477, buf10479, buf10481, buf10483, buf10484, buf10485, buf10487, buf10489, buf10491, buf10492, buf10493, buf10495, buf10497, buf10499, buf10500, buf10501, buf10503, buf10505, buf10507, buf10508, buf10509, buf10511, buf10513, buf10514, buf10515, buf10518, buf10520, buf10521, buf10522, buf10524, buf10526, buf10528, buf10529, buf10530, buf10532, buf10534, buf10536, buf10537, buf10538, buf10540, buf10542, buf10544, buf10545, buf10546, buf10548, buf10550, buf10552, buf10553, buf10554, buf10556, buf10558, buf10560, buf10561, buf10562, buf10564, buf10566, buf10567, buf10568, buf10571, buf10573, buf10574, buf10575, buf10577, buf10579, buf10581, buf10582, buf10583, buf10585, buf10587, buf10589, buf10590, buf10591, buf10593, buf10595, buf10597, buf10598, buf10599, buf10601, buf10603, buf10605, buf10606, buf10607, buf10609, buf10611, buf10613, buf10614, buf10615, buf10617, buf10619, buf10621, buf10622, buf10623, buf10625, buf10628, buf10631, buf10633, buf10635, buf10636, buf10637, buf10640, buf10642, buf10644, buf10645, buf10646, buf10649, buf10651, buf10653, buf10654, buf10655, buf10656, buf10659, buf10661, buf10663, buf10664, buf10665, buf10666, buf10669, buf10670, buf10676, buf10678, buf10680, buf10681, buf10682, buf10685, buf10687, buf10690, buf10691, buf10692, buf10694, buf10696, buf10699, buf10700, buf10701, buf10703, buf10705, buf10708, buf10709, buf10710, buf10712, buf10714, buf10717, buf10718, buf10719, buf10721, buf10723, buf10726, buf10727, buf10728, buf10730, buf10732, buf10735, buf10736, buf10737, buf10739, buf10741, buf10744, buf10745, buf10746, buf10748, buf10750, buf10751, buf10752, buf10755, buf10760, buf10761, buf10762, buf10757, buf10763, buf10765, buf10767, buf10769, buf10770, buf10771, buf10773, buf10775, buf10777, buf10778, buf10779, buf10781, buf10783, buf10785, buf10786, buf10787, buf10789, buf10791, buf10793, buf10794, buf10795, buf10797, buf10799, buf10801, buf10802, buf10803, buf10805, buf10807, buf10808, buf10809, buf10812, buf10814, buf10815, buf10816, buf10818, buf10820, buf10822, buf10823, buf10824, buf10826, buf10828, buf10830, buf10831, buf10832, buf10834, buf10836, buf10838, buf10839, buf10840, buf10842, buf10844, buf10846, buf10847, buf10848, buf10850, buf10852, buf10854, buf10855, buf10856, buf10858, buf10860, buf10861, buf10862, buf10865, buf10867, buf10868, buf10869, buf10871, buf10873, buf10875, buf10876, buf10877, buf10879, buf10881, buf10883, buf10884, buf10885, buf10887, buf10889, buf10891, buf10892, buf10893, buf10895, buf10897, buf10899, buf10900, buf10901, buf10903, buf10905, buf10907, buf10908, buf10909, buf10911, buf10913, buf10915, buf10916, buf10917, buf10919, buf10921, buf10924, buf10926, buf10928, buf10929, buf10930, buf10933, buf10935, buf10937, buf10938, buf10939, buf10942, buf10944, buf10946, buf10947, buf10948, buf10949, buf10952, buf10954, buf10956, buf10957, buf10958, buf10959, buf10962, buf10963, buf10969, buf10971, buf10973, buf10974, buf10975, buf10978, buf10980, buf10983, buf10984, buf10985, buf10987, buf10989, buf10992, buf10993, buf10994, buf10996, buf10998, buf11001, buf11002, buf11003, buf11005, buf11007, buf11010, buf11011, buf11012, buf11014, buf11016, buf11019, buf11020, buf11021, buf11023, buf11025, buf11028, buf11029, buf11030, buf11032, buf11034, buf11037, buf11038, buf11039, buf11041, buf11043, buf11044, buf11045, buf11048, buf11053, buf11054, buf11055, buf11050, buf11056, buf11058, buf11060, buf11062, buf11063, buf11064, buf11066, buf11068, buf11070, buf11071, buf11072, buf11074, buf11076, buf11078, buf11079, buf11080, buf11082, buf11084, buf11086, buf11087, buf11088, buf11090, buf11092, buf11094, buf11095, buf11096, buf11098, buf11100, buf11101, buf11102, buf11105, buf11107, buf11108, buf11109, buf11111, buf11113, buf11115, buf11116, buf11117, buf11119, buf11121, buf11123, buf11124, buf11125, buf11127, buf11129, buf11131, buf11132, buf11133, buf11135, buf11137, buf11139, buf11140, buf11141, buf11143, buf11145, buf11147, buf11148, buf11149, buf11151, buf11153, buf11154, buf11155, buf11158, buf11160, buf11161, buf11162, buf11164, buf11166, buf11168, buf11169, buf11170, buf11172, buf11174, buf11176, buf11177, buf11178, buf11180, buf11182, buf11184, buf11185, buf11186, buf11188, buf11190, buf11192, buf11193, buf11194, buf11196, buf11198, buf11200, buf11201, buf11202, buf11204, buf11206, buf11208, buf11209, buf11210, buf11212, buf11215, primals_4, primals_6, primals_7, primals_9, primals_10, primals_12, primals_13, primals_15, primals_16, primals_18, primals_20, primals_22, primals_23, primals_25, primals_26, primals_28, primals_29, primals_31, primals_32, primals_34, primals_36, primals_38, primals_39, primals_41, primals_42, primals_44, primals_45, primals_47, primals_48, primals_50, primals_52, primals_53, primals_55, primals_56, primals_58, primals_59, primals_61, primals_62, primals_64, primals_65, primals_67, primals_69, primals_71, primals_72, primals_74, primals_75, primals_77, primals_78, primals_80, primals_81, primals_83, primals_85, primals_86, primals_88, primals_89, primals_91, primals_92, primals_94, primals_95, primals_97, primals_98, primals_100, primals_101, primals_102, primals_103, primals_105, primals_106, primals_107, primals_108, primals_109, primals_110, primals_111, primals_113, primals_114, primals_115, primals_116, primals_117, primals_118, primals_119, primals_120, primals_121, primals_122, primals_123, primals_124, primals_126, primals_127, primals_128, primals_129, primals_130, primals_131, primals_132, primals_133, primals_134, primals_135, primals_137, primals_138, primals_139, primals_140, primals_142, primals_143, primals_144, primals_145, primals_147, primals_148, primals_149, primals_152, primals_154, primals_156, primals_157, primals_158, primals_159, primals_161, primals_162, primals_163, primals_164, primals_166, primals_167, primals_168, primals_169, primals_170, primals_171, primals_172, primals_174, primals_175, primals_176, primals_177, primals_178, primals_179, primals_181, primals_182, primals_183, primals_184, primals_186, primals_187, primals_188, primals_189, primals_191, primals_192, primals_193, primals_194, primals_196, primals_197, primals_198, primals_199, primals_201, primals_202, primals_203, primals_204, primals_206, primals_207, primals_208, primals_209, primals_211, primals_212, primals_213, primals_214, primals_216, primals_217, primals_218, primals_219, primals_221, primals_222, primals_223, primals_224, primals_225, primals_226, primals_232, primals_228, primals_230, primals_231, primals_233, primals_235, primals_236, primals_237, primals_238, primals_240, primals_241, primals_242, primals_243, primals_245, primals_246, primals_247, primals_248, primals_250, primals_251, primals_252, primals_253, primals_255, primals_256, primals_257, primals_258, primals_260, primals_261, primals_262, primals_263, primals_264, primals_265, primals_267, primals_268, primals_270, primals_271, primals_272, primals_273, primals_275, primals_276, primals_277, primals_278, primals_280, primals_281, primals_282, primals_283, primals_285, primals_286, primals_287, primals_288, primals_290, primals_291, primals_292, primals_293, primals_295, primals_296, primals_297, primals_298, primals_299, primals_300, primals_302, primals_303, primals_305, primals_306, primals_307, primals_308, primals_310, primals_311, primals_312, primals_313, primals_315, primals_316, primals_317, primals_318, primals_320, primals_321, primals_322, primals_323, primals_325, primals_326, primals_327, primals_328, primals_330, primals_331, primals_332, primals_333, primals_335, primals_336) = self.partitions[0](partition0_args)
[rank0]:                                                                                                                                                                                                                                                                                                                                                                                                                                                                                                                                                                                                                                                                                                                                                                                                                                                                                                                                                                                                                                                                                                                                                                                                                                                                                                                                                                                                                                                                                                                                                                                                                                                                                                                                                                                                                                                                                                                                                                                                                                                                                                                                                                                                                                                                                                                                                                                                                                                                                                                                                                                                                                                                                                                                                                                                                                                                                                                                                                                                                                                                                                                                                                                                                                                                                                                                                                                                                                                                                                                                                                                                                                                                                                                                                                                                                                                                                                                                                                                                                                                                                                                                                                                                                                                                                                                                                                                                                                                                                                                                                                                                                                                                                                                                                                                                                                                                                                                                                                                                                                                                                                                                                                                                                                                                                                                                                                                                                                                                                                                                                                                                                                                                                                                                                                                                                                                                                                                                                                                                                                                                                                                                                                                                                                                                                                                                                                                                                                                                                                                                                                                                                                                                                                                                                                                                                                                                                                                                                                                                                                                                                                                                                                                                                                                                                                                                                                                                                                                                                                                                                                                                                                                                                                                                                                                                                                                                                                                                                                                                                                                                                                                                                                                                                                                                                                                                                                                                                                                                                                                                                                                                                                                                                                                                                                                                                                                                                                                                                                                                                                                                                                                                                                                                                                                                                                                                                                                                                                                                                                                                                                                                                                                                                                                                                                                                                                                                                                                                                                                                                                                                                                                                                                                                                                                                                                                                                                                                                                                                                                                                                                                                                                                                                                                                                                                                                                                                                                                                                                                                                                                                                                                                                                                                                                                                                                                                                                                                                                                                                                                                                                                                                                                                                                                                                                                                                                                                                                                                                                                                                                                                                                                                                                                                                                                                                                                                                                                                                                                                                                                                                                                                                                                                                                                                                                                                                                                                                                                                                                                                                                                                                                                                                                                                                                                                                                                                                                                                                                                                                                                                                                                                                                                                                                                                                                                                                                                                                                                                                                                                                                                                                                                                                                                                                                                                                                                                                                                                                                                                                                                                                                                                                                                                                                                                                                                                                                                                                                                                                                                                                                                                                                                                                                                                                                                                                                                                                                                                                                                                                                                                                                                                                                                                                                                                                                                                                                                                                                                                                                                                                                                                                                                                                                                                                                                                                                                                                                                                                                                                                                                                                                                                                                                                                                                                                                                                                                                                                                                                                                                                                                                                                                                                                                                                                                                                                                                                                                                                                                                                                                                                                                                                                                                                                                                                                                                                                                                                                                                                                                                                                                                                                                                                                                                                                                                                                                                                                                                                                                                                                                                                                                                                                                                                                                                                                                                                                                                                                                                                                                                                                                                                                                                                                                                                                                                                                                                                                                                                                                                                                                                                                                                                                                                                                                                                                                                                                                                                                                                                                                                                                                                                                                                                                                                                                                                                                                                                                                                                                                                                                                                                                                                                                                                                                                                                                                                                                                                                                                                                                                                                                                                                                                                                                                                                                                                                                                                                                                                                                                                                                                                                                                                                                                                                                                                                                                                                                                                                                                                                                                                                                                                                                                                                                                                                                                                                                                                                                                                                                                                                                                                                                                                                                                                                                                                                                                                                                                                                                                                                                                                                                                                                                                                                                                                                                                                                                                                                                                                                                                                                                                                                                                                                                                                                                                                                                                                                                                                                                                                                                                                                                                                                                                                                                                                                                                                                                                                                                                                                                                                                                                                                                                                                                                                                                                                                                                                                                                                                                                                                                                                                                                                                                                                                                                                                                                                                                                                                                                                                                                                                                                                                                                                                                                                                                                                                                                                                                                                                                                                                                                                                                                                                                                                                                                                                                                                                                                                                                                                                                                                                                                                                                                                                                                                                                                                                                                                                                                                                                                                                                                                                                                                                                                                                                                                                                                                                                                                                                                                                                                                                                                                                                                                                                                                                                                                                                                                                                                                                                                                                                                                                                                                                                                                                                                                                                                                                                                                                                                                                                                                                                                                                                                                                                                                                                                                                                                                                                                                                                                                                                                                                                                                                                                                                                                                                                                                                                                                                                                                                                                                                                                                                                                                                                                                                                                                                                                                                                                                                                                                                                                                                                                                                                                                                                                                                                                                                                                                                                                                                                                                                                                                                                                                                                                                                                                                                                                                                                                                                                                                                                                                                                                                                                                                                                                                                                                                                                                                                                                                                                                                                                                                                                                                                                                                                                                                                                                                                                                                                                                                                                                                                                                                                                                                                                                                                                                                                                                                                                                                                                                                                                                                                                                                                                                                                                                                                                                                                                                                                                                                                                                                                                                                                                                                                                                                                                                                                                                                                                                                                                                                                                                                                                                                                                                                                                                                                                                                                                                                                                                                                                                                                                                                                                                                                                                                                                                                                                                                                                                                                                                                                                                                                                                                                                                                                                                                                                                                                                                                                                                                                                                                                                                                                                                                                                                                                                                                                                                                                                                                                                                                                                                                                                                                                                                                                                                                                                                                                                                                                                                                                                                                                                                                                                                                                                                                                                                                                                                                                                                                                                                                                                                                                                                                                                                                                                                                                                                                                                                                                                                                                                                                                                                                                                                                                                                                                                                                                                                                                                                                                                                                                                                                                                                                                                                                                                                                                                                                                                                                                                                                                                                                                                                                                                                                                                                                                                                                                                                                                                                                                                                                                                                                                                                                                                                                                                                                                                                                                                                                                                                                                                                                                                                                                                                                                                                                                                                                                                                                                                                                                                                                                                                                                                                                                                                                                                                                                                                                                                                                                                                                                                                                                                                                                                                                                                                                                                                                                                                                                                                                                                                                                                                                                                                                                                                                                                                                                                                                                                                                                                                                                                                                                                                                                                                                                                                                                                                                                                                                                                                                                                                                                                                                                                                                                                                                                                                                                                                                                                                                                                                                                                                                                                                                                                                                                                                                                                                                                                                                                                                                                                                                                                                                                                                                                                                                                                                                                                                                                                                                                                                                                                                                                                                                                                                                                                                                                                                                                                                                                                                                                                                                                                                                                                                                                                                                                                                                                                                                                                                                                                                                                                                                                                                                                                                                                                                                                                                                                                                                                                                                                                                                                                                                                                                                                                                                                                                                                                                                                                                                                                                                                                                                                                                                                                                                                                                                                                                                                                                                                                                                                                                                                                                                                                                                                                                                                                                                                                                                                                                                                                                                                                                                                                                                                                                                                                                                                                                                                                                                                                                                                                                                                                                                                                                                                                                                                                                                                                                                                                                                                                                                                                                                                                                                                                                                                                                                                                                                                                                                                                                                                                                                                                                                                                                                                                                                                                                                                                                                                                                                                                                                                                                                                                                                                                                                                                                                                                                                                                                                                                                                                                                                                                                                                                                                                                                                                                                                                                                                                                                                                                                                                                                                                                                                                                                                                                                                                                                                                                                                                                                                                                                                                                                                                                                                                                                                                                                                                                                                                                                                                                                                                                                                                                                                                                                                                                                                                                                                                                                                                                                                                                                                                                                                                                                                                                                                                                                                                                                                                                                                                                                                                                                                                                                                                                                                                                                                                                                                                                                                                                                                                                                                                                                                                                                                                                                                                                                                                                                                                                                                                                                                                                                                                                                                                                                                                                                                                                                                                                                                                                                                                                                                                                                                                                                                                                                                                                                                                                                                                                                                                                                                                                                                                                                                                                                                                                                                                                                                                                                                                                                                                                                                                                                                                                                                                                                                                                                                                                                                                                                                                                                                                                                                                                                                                                                                                                                                                                                                                                                                                                                                                                                                                                                                                                                                                                                                                                                                                                                                                                                                                                                                                                                                                                                                                                                                                                                                                                                                                                                                                                                                                                                                                                                                                                                                                                                                                                                                                                                                                                                                                                                                                                                                                                                                                                                                                                                                                                                                                                                                                                                                                                                                                                                                                                                                                                                                                                                                                                                                                                                                                                                                                                                                                                                                                                                                                                                                                                                                                                                                                                                                                                                                                                                                                                                                                                                                                                                                                                                                                                                                                                                                                                                                                                                                                                                                                                                                                                                                                                                                                                                                                                                                                                                                                                                                                                                                                                                                                                                                                                                                                                                                                                                                                                                                                                                                                                                                                                                                                                                                                                                                                                                                                                                                                                                                                                                                                                                                                                                                                                                                                                                                                                                                                                                                                                                                                                                                                                                                                                                                                                                                                                                                                                                                                                                                                                                                                                                                                                                                                                                                                                                                                                                                                                                                                                                                                                                                                                                                                                                                                                                                                                                                                                                                                                                                                                                                                                                                                                                                                                                                                                                                                                                                                                                                                                                                                                                                                                                                                                                                                                                                                                                                                                                                                                                                                                                                                                                                                                                                                                                                                                                                                                                                                                                                                                                                                                                                                                                                                                                                                                                                                                                                                                                                                                                                                                                                                                                                                                                                                                                                                                                                                                                                                                                                                                                                                                                                                                                                                                                                                                                                                                                                                                                                                                             ^^^^^^^^^^^^^^^^^^^^^^^^^^^^^^^^^^^
[rank0]:   File "/project/6101839/piado/vae/snth/lib/python3.11/site-packages/torch/_inductor/compile_fx.py", line 1843, in run
[rank0]:     return compiled_fn(new_inputs)  # type: ignore[arg-type]
[rank0]:            ^^^^^^^^^^^^^^^^^^^^^^^
[rank0]:   File "/project/6101839/piado/vae/snth/lib/python3.11/site-packages/torch/_inductor/cudagraph_trees.py", line 404, in deferred_cudagraphify
[rank0]:     fn, out = cudagraphify(model, inputs, new_static_input_idxs, *args, **kwargs)
[rank0]:               ^^^^^^^^^^^^^^^^^^^^^^^^^^^^^^^^^^^^^^^^^^^^^^^^^^^^^^^^^^^^^^^^^^^
[rank0]:   File "/project/6101839/piado/vae/snth/lib/python3.11/site-packages/torch/_inductor/cudagraph_trees.py", line 464, in cudagraphify
[rank0]:     return manager.add_function(
[rank0]:            ^^^^^^^^^^^^^^^^^^^^^
[rank0]:   File "/project/6101839/piado/vae/snth/lib/python3.11/site-packages/torch/_inductor/cudagraph_trees.py", line 2337, in add_function
[rank0]:     return fn, fn(inputs)
[rank0]:                ^^^^^^^^^^
[rank0]:   File "/project/6101839/piado/vae/snth/lib/python3.11/site-packages/torch/_inductor/cudagraph_trees.py", line 2033, in run
[rank0]:     out = self._run(new_inputs, function_id)
[rank0]:           ^^^^^^^^^^^^^^^^^^^^^^^^^^^^^^^^^^
[rank0]:   File "/project/6101839/piado/vae/snth/lib/python3.11/site-packages/torch/_inductor/cudagraph_trees.py", line 2137, in _run
[rank0]:     return self.run_eager(new_inputs, function_id)
[rank0]:            ^^^^^^^^^^^^^^^^^^^^^^^^^^^^^^^^^^^^^^^
[rank0]:   File "/project/6101839/piado/vae/snth/lib/python3.11/site-packages/torch/_inductor/cudagraph_trees.py", line 2298, in run_eager
[rank0]:     return node.run(new_inputs)
[rank0]:            ^^^^^^^^^^^^^^^^^^^^
[rank0]:   File "/project/6101839/piado/vae/snth/lib/python3.11/site-packages/torch/_inductor/cudagraph_trees.py", line 692, in run
[rank0]:     out = self.wrapped_function.model(new_inputs)
[rank0]:           ^^^^^^^^^^^^^^^^^^^^^^^^^^^^^^^^^^^^^^^
[rank0]:   File "/tmp/.torchinductor/cn/ccnef266pllck5oc7imowmuoiyh3k6zs32tlpeba6z5fxmqmjiog.py", line 12964, in partition_0
[rank0]:     buf1680 = empty_strided_cuda((1, 384, 3, 130, 130), (19468800, 50700, 16900, 130, 1), torch.bfloat16)
[rank0]:               ^^^^^^^^^^^^^^^^^^^^^^^^^^^^^^^^^^^^^^^^^^^^^^^^^^^^^^^^^^^^^^^^^^^^^^^^^^^^^^^^^^^^^^^^^^^
[rank0]: torch.OutOfMemoryError: CUDA out of memory. Tried to allocate 38.00 MiB. GPU 0 has a total capacity of 44.39 GiB of which 8.12 MiB is free. Including non-PyTorch memory, this process has 44.37 GiB memory in use. Of the allocated memory 42.55 GiB is allocated by PyTorch, with 163.19 MiB allocated in private pools (e.g., CUDA Graphs), and 897.04 MiB is reserved by PyTorch but unallocated. If reserved but unallocated memory is large try setting PYTORCH_ALLOC_CONF=expandable_segments:True to avoid fragmentation.  See documentation for Memory Management  (https://pytorch.org/docs/stable/notes/cuda.html#environment-variables)
[rank0]:[W615 07:21:03.017109644 ProcessGroupNCCL.cpp:1553] Warning: WARNING: destroy_process_group() was not called before program exit, which can leak resources. For more info, please see https://pytorch.org/docs/stable/distributed.html#shutdown (function operator())
Traceback (most recent call last):
  File "/project/6101839/piado/vae/snth/bin/accelerate", line 7, in <module>
    sys.exit(main())
             ^^^^^^
  File "/project/6101839/piado/vae/snth/lib/python3.11/site-packages/accelerate/commands/accelerate_cli.py", line 50, in main
    args.func(args)
  File "/project/6101839/piado/vae/snth/lib/python3.11/site-packages/accelerate/commands/launch.py", line 1281, in launch_command
    simple_launcher(args)
  File "/project/6101839/piado/vae/snth/lib/python3.11/site-packages/accelerate/commands/launch.py", line 869, in simple_launcher
    raise subprocess.CalledProcessError(returncode=process.returncode, cmd=cmd)
subprocess.CalledProcessError: Command '['/project/6101839/piado/vae/snth/bin/python', '/home/piado/projects/aip-lindell/piado/vae/Open-Sora/scripts/vae/train.py', '/home/piado/projects/aip-lindell/piado/vae/Open-Sora/configs/vae/train/wan_multiview_finetune.py', '--experiment_name', 'res_sweep_4frames_512px__job3960495_t1', '--wandb_expr_name', 'res_sweep_4frames_512px', '--data_preset', 'all_people_one_expression', '--profile_timing', 'False', '--profile_step', 'False', '--wandb', 'True', '--log_every', '1000', '--eval_every', '1000', '--full_eval_every', '5000', '--log_milestones', '[10,100,500]', '--eval_milestones', '[10,100,500]', '--debug_stats_every', '100', '--log_memory', 'True', '--optimization', 'True', '--optimization_compile_mode', 'reduce-overhead', '--save_ckpt', 'True', '--keep_n_latest', '3', '--epochs', '100000', '--nersemble_processed_base', '/datasets/lindell-proj/neumayr/nersemble_v2/processed/4-frames', '--bucket_config', "{'512px_ar1:1': {9: (1.0, 1)}}", '--batch_size', '4', '--accumulation_steps', '1']' returned non-zero exit status 1.
chgrp: changing group of 'outputs/res_sweep_4frames_512px__job3960495_t1/config.txt': Operation not permitted
chgrp: changing group of 'outputs/res_sweep_4frames_512px__job3960495_t1/eval_metrics.jsonl': Operation not permitted
chgrp: changing group of 'outputs/res_sweep_4frames_512px__job3960495_t1/log.txt': Operation not permitted
chgrp: changing group of 'outputs/res_sweep_4frames_512px__job3960495_t1/loss_config.json': Operation not permitted
chgrp: changing group of 'outputs/res_sweep_4frames_512px__job3960495_t1/train_debug_stats.jsonl': Operation not permitted
chgrp: changing group of 'outputs/res_sweep_4frames_512px__job3960495_t1': Operation not permitted
[[34m2026-06-15 07:21:26[0m] Experiment directory created at outputs/res_sweep_4frames_512px__job3960495_t1
[[34m2026-06-15 07:21:26[0m] Determinism mode: cuBLAS workspace, cudnn deterministic, TF32 disabled, torch.use_deterministic_algorithms(warn_only=True); data workers use seed+worker_id; epoch Python RNG uses seed+rank. Multi-GPU ZeRO and BF16 may still break bit-for-bit replay.
[[34m2026-06-15 07:21:26[0m] Using explicit global grad clipping (max_norm=2.0) with DP all-reduce; plugin-internal clipping disabled to avoid ZeRO shard-local clipping ambiguity.
[[34m2026-06-15 07:21:26[0m] Training configuration:
 {'DATA_ROOT': '/datasets/lindell-proj/neumayr/nersemble_v2/processed/4-frames/512-res',
 '_gen_loss_config': None,
 '_optim_discriminator': None,
 '_resolved': {'bucket_key': '128px_ar1:1',
               'data_root': '/datasets/lindell-proj/neumayr/nersemble_v2/processed/8-frames/128-res',
               'load_from_128_for_64_high_t': False,
               'load_res_fallback': None,
               'target_px': 128,
               'train_target_frames': 9,
               'train_target_hw': (128, 128)},
 '_val_participants': [97, 175, 226, 18, 30, 38, 85, 124, 227, 240],
 'accumulation_steps': 1,
 'all_people_expression_sequence': 'EMO-1-shout+laugh',
 'batch_size': 4,
 'bucket_config': {'512px_ar1:1': {9: (1.0, 1)}},
 'config_path': '/home/piado/projects/aip-lindell/piado/vae/Open-Sora/configs/vae/train/wan_multiview_finetune.py',
 'data_preset': 'all_people_one_expression',
 'dataset': {'data_path': '/datasets/lindell-proj/neumayr/nersemble_v2/processed/4-frames/512-res',
             'exclude_participants': [97,
                                      175,
                                      226,
                                      18,
                                      30,
                                      38,
                                      85,
                                      124,
                                      227,
                                      240],
             'expression_sequence': 'EMO-1-shout+laugh',
             'participants': None,
             'repeat': 1,
             'scan_subdirs': True,
             'skip_mismatched_views': True,
             'type': 'pt_video'},
 'dataset_presets': {'__default__': {'data_path': '/datasets/lindell-proj/neumayr/nersemble_v2/processed/4-frames/512-res',
                                     'participants': [17,
                                                      18,
                                                      30,
                                                      31,
                                                      32,
                                                      33,
                                                      35,
                                                      36,
                                                      37],
                                     'repeat': 1,
                                     'scan_subdirs': True,
                                     'type': 'pt_video'},
                     'all_people': {'data_path': '/datasets/lindell-proj/neumayr/nersemble_v2/processed/4-frames/512-res',
                                    'exclude_participants': [97,
                                                             175,
                                                             226,
                                                             18,
                                                             30,
                                                             38,
                                                             85,
                                                             124,
                                                             227,
                                                             240],
                                    'expected_views': 2,
                                    'participants': None,
                                    'repeat': 1,
                                    'scan_subdirs': True,
                                    'skip_mismatched_views': True,
                                    'type': 'pt_video'},
                     'all_people_one_expression': {'data_path': '/datasets/lindell-proj/neumayr/nersemble_v2/processed/4-frames/512-res',
                                                   'exclude_participants': [97,
                                                                            175,
                                                                            226,
                                                                            18,
                                                                            30,
                                                                            38,
                                                                            85,
                                                                            124,
                                                                            227,
                                                                            240],
                                                   'expression_sequence': 'EMO-1-shout+laugh',
                                                   'participants': None,
                                                   'repeat': 1,
                                                   'scan_subdirs': True,
                                                   'skip_mismatched_views': True,
                                                   'type': 'pt_video'},
                     'one_person': {'data_path': '/datasets/lindell-proj/neumayr/nersemble_v2/processed/4-frames/512-res',
                                    'exclude_sequences': ['EMO-4-disgust+happy',
                                                          'SEN-10-port_strong_smokey'],
                                    'participants': [18],
                                    'repeat': 1,
                                    'scan_subdirs': True,
                                    'type': 'pt_video'},
                     'single_sequence': {'data_path': '/datasets/lindell-proj/neumayr/nersemble_v2/processed/4-frames/512-res/p017/EMO-1-shout+laugh/frames.pt',
                                         'repeat': 1,
                                         'type': 'pt_video'},
                     'some_people': {'data_path': '/datasets/lindell-proj/neumayr/nersemble_v2/processed/4-frames/512-res',
                                     'participants': [17,
                                                      31,
                                                      32,
                                                      33,
                                                      35,
                                                      36,
                                                      37],
                                     'repeat': 1,
                                     'scan_subdirs': True,
                                     'type': 'pt_video'}},
 'debug_stats_every': 100,
 'debug_stats_start_step': 0,
 'debug_stats_weight_every': 50,
 'deterministic': True,
 'disc_learning_rate': None,
 'disc_multiview_mode': 'joint_4d',
 'disc_per_frame_2d': False,
 'discriminator': None,
 'discriminator_choice': 'none',
 'dtype': 'bf16',
 'dynamo_backend': 'no',
 'ema_decay': 0.9999,
 'epochs': 100000,
 'eval_batch_size': 1,
 'eval_every': 1000,
 'eval_milestones': [10, 100, 500],
 'eval_num_samples': 0,
 'eval_use_ema': True,
 'experiment_name': 'res_sweep_4frames_512px__job3960495_t1',
 'final_eval': True,
 'final_eval_num_samples': 0,
 'fixed_seq_eval_every_epochs': 0,
 'full_eval_every': 5000,
 'gan_log_adaptive_grad_metrics': False,
 'gen_disc_weight': None,
 'grad_checkpoint': True,
 'grad_clip': 2.0,
 'keep_n_latest': 3,
 'kl_loss_weight': 1e-06,
 'learning_rate': 0.0001,
 'log_bottleneck_every': 0,
 'log_every': 1000,
 'log_latent_shapes_every': 0,
 'log_memory': True,
 'log_milestones': [10, 100, 500],
 'log_step_time': True,
 'log_training_design_summary': True,
 'log_training_param_overview': True,
 'logvar_init': 0.0,
 'lr_scheduler': {'decay_factor': 0.5,
                  'decay_steps': 5000,
                  'min_lr': 5e-06,
                  'use_exponential_decay': True,
                  'warmup_steps': 100},
 'mixed_image_ratio': 0.0,
 'mixed_strategy': None,
 'model': {'freeze_temporal': True,
           'from_pretrained': '/home/piado/scratch/Wan2.1_VAE.pth',
           'from_scratch': False,
           'full_finetune_decoder': False,
           'fusion_mode': 'cross_attention',
           'lora_rank': 32,
           'train_spatial': True,
           'type': 'multiview_wan_video_vae',
           'use_crossview_encoder': True,
           'use_lora': True,
           'use_lora_after': True,
           'use_lora_before': False,
           'use_view_embedding': False,
           'use_view_group_fusion': False,
           'use_viewwise_decoder_lora': False,
           'view_compression': 2,
           'view_in': 0,
           'view_mixing_strategy': 'embedding',
           'z_dim': 16},
 'nersemble_processed_base': '/datasets/lindell-proj/neumayr/nersemble_v2/processed/4-frames',
 'num_bucket_build_workers': 1,
 'num_reconstruction_vis_samples': 3,
 'num_workers': 8,
 'optim': {'betas': (0.9, 0.98),
           'cls': 'AdamW',
           'eps': 1e-08,
           'lr': 0.0001,
           'weight_decay': 0.0},
 'optimization': True,
 'optimization_compile_mode': 'reduce-overhead',
 'outputs': 'outputs',
 'perceptual_loss_weight': 1.5,
 'persistent_workers': True,
 'pin_memory_cache_pre_alloc_numels': None,
 'plugin': 'none',
 'plugin_config': {'overlap_allgather': False, 'reduce_bucket_size_in_m': 128},
 'prefetch_factor': 4,
 'profile_step': False,
 'profile_timing': False,
 'profile_timing_step': 50,
 'save_ckpt': True,
 'seed': 42,
 'sweep_gen_disc_weight': None,
 'train_psnr_guard': False,
 'train_psnr_guard_consecutive': 5,
 'train_psnr_guard_min_epochs': 0,
 'train_psnr_guard_start_epoch': 0,
 'train_psnr_guard_threshold': 15.0,
 'train_target_frames': 9,
 'train_target_hw': (512, 512),
 'update_warmup_steps': False,
 'vae_loss_config': {'kl_loss_weight': 1e-06,
                     'logvar_init': 0.0,
                     'perceptual_loss_weight': 1.5,
                     'view_consistency_weight': 0.0},
 'vae_loss_preset': 'default',
 'vae_target_range': '[-1,1]',
 'val_dataset': {'data_path': '/datasets/lindell-proj/neumayr/nersemble_v2/processed/4-frames/512-res',
                 'expression_sequence': 'EMO-1-shout+laugh',
                 'participants': [97, 175, 226, 18, 30, 38, 85, 124, 227, 240],
                 'repeat': 1,
                 'scan_subdirs': True,
                 'skip_mismatched_views': True,
                 'type': 'pt_video'},
 'val_dataset_presets': {'__default__': None,
                         'all_people': {'data_path': '/datasets/lindell-proj/neumayr/nersemble_v2/processed/4-frames/512-res',
                                        'expected_views': 2,
                                        'participants': [97,
                                                         175,
                                                         226,
                                                         18,
                                                         30,
                                                         38,
                                                         85,
                                                         124,
                                                         227,
                                                         240],
                                        'repeat': 1,
                                        'scan_subdirs': True,
                                        'skip_mismatched_views': True,
                                        'type': 'pt_video'},
                         'all_people_one_expression': {'data_path': '/datasets/lindell-proj/neumayr/nersemble_v2/processed/4-frames/512-res',
                                                       'expression_sequence': 'EMO-1-shout+laugh',
                                                       'participants': [97,
                                                                        175,
                                                                        226,
                                                                        18,
                                                                        30,
                                                                        38,
                                                                        85,
                                                                        124,
                                                                        227,
                                                                        240],
                                                       'repeat': 1,
                                                       'scan_subdirs': True,
                                                       'skip_mismatched_views': True,
                                                       'type': 'pt_video'},
                         'one_person': {'data_path': '/datasets/lindell-proj/neumayr/nersemble_v2/processed/4-frames/512-res',
                                        'include_only_sequences': ['EMO-4-disgust+happy',
                                                                   'SEN-10-port_strong_smokey'],
                                        'participants': [17],
                                        'repeat': 1,
                                        'scan_subdirs': True,
                                        'type': 'pt_video'},
                         'single_sequence': None,
                         'some_people': {'data_path': '/datasets/lindell-proj/neumayr/nersemble_v2/processed/4-frames/512-res',
                                         'participants': [18, 30],
                                         'repeat': 1,
                                         'scan_subdirs': True,
                                         'type': 'pt_video'}},
 'view_consistency_weight': 0.0,
 'view_flatten_in_disc': False,
 'view_flatten_in_loss': False,
 'wandb': True,
 'wandb_expr_name': 'res_sweep_4frames_512px',
 'wandb_min_steps_before_init': 10,
 'wandb_project': 'wan_multiview_vae'}
[[34m2026-06-15 07:21:26[0m] Building dataset...
[[34m2026-06-15 07:21:26[0m] Dataset contains 405 samples.
[[34m2026-06-15 07:21:26[0m] Val (held-out) dataset contains 10 samples.
[[34m2026-06-15 07:21:26[0m] Fixed per-frame eval sequence name: EMO-1-shout+laugh (train idx=0, val idx=0)
[[34m2026-06-15 07:21:26[0m] Building models...
[[34m2026-06-15 07:21:26[0m] Auto-detected model.view_in=4 from first dataset sample
[[34m2026-06-15 07:21:28[0m] [MultiviewWanVideoVAE] Number of parameters: 161.23 M
[[34m2026-06-15 07:21:28[0m] [MultiviewWanVideoVAE] Number of trainable parameters: 75.13 M
[[34m2026-06-15 07:21:29[0m] EMA model created.
[[34m2026-06-15 07:21:29[0m] [optimization] channels_last_3d: disabled (fragile with view() ops and compile cache)
[[34m2026-06-15 07:21:29[0m] VAE trainable params (optimizer): 78,780,400
[[34m2026-06-15 07:21:29[0m] [optimization] torch.compile: mode=reduce-overhead (first step will be slow)
[[34m2026-06-15 07:21:29[0m] Preparing for distributed training...
[[34m2026-06-15 07:21:29[0m] Optimizer AdamW has no `.backward`; using booster.backward(loss=...) compatibility path.
[[34m2026-06-15 07:21:29[0m] Boosted model for distributed training
[[34m2026-06-15 07:21:29[0m] Training for 100000 epochs with 405 steps per epoch
[[34m2026-06-15 07:21:29[0m] [optimization] Warming up torch.compile eval graph (one-time, before training loop)...
[[34m2026-06-15 07:21:40[0m] [AttentionMultiViewVideoVan] latent shape: (1, 16, 9, 64, 64)  (B=1, z_dim=16, T'=9, H'=64, W'=64)
[[34m2026-06-15 07:22:21[0m] [optimization] Eval graph warm-up done.
[rank0]:[W615 07:22:21.974339015 ProcessGroupNCCL.cpp:5138] Guessing device ID based on global rank. This can cause a hang if rank to GPU mapping is heterogeneous. You can specify device_id in init_process_group()
train:   0%|          | 0/405 [00:00<?, ?it/s]train:   0%|          | 0/405 [00:00<?, ?it/s, epoch=0]train:   0%|          | 1/405 [00:01<07:54,  1.17s/it, epoch=0][[34m2026-06-15 07:22:23[0m] ======== Wan multiview / crossview design summary (one-time) ========
[[34m2026-06-15 07:22:23[0m] use_crossview_encoder=True
[[34m2026-06-15 07:22:23[0m] fusion_mode='cross_attention'
[[34m2026-06-15 07:22:23[0m]   -> Bidirectional cross-attention between views: each view attends to the other view’s tokens, then features are combined for the rest of the encoder/decoder. Strong when views are aligned but not identical.
[[34m2026-06-15 07:22:23[0m] view_in=4, view_mixing_strategy=embedding
[[34m2026-06-15 07:22:23[0m] use_view_embedding vs use_viewwise_decoder_lora: per-view additive embeddings bias early (or latent) features with a small vector per view; viewwise_decoder_lora adds low-rank adapters on the decoder side conditioned by view index—typically more flexible than a single embedding per view for reconstruction, at the cost of more trainable parameters.
[[34m2026-06-15 07:22:23[0m]   use_view_embedding=False
[[34m2026-06-15 07:22:23[0m]   use_viewwise_decoder_lora=False
[[34m2026-06-15 07:22:23[0m] use_lora=True, use_lora_before=False, use_lora_after=True, lora_rank=32. Before = LoRA on the encoder stem / early downsampling; after = bottleneck and later decoder. Both can be enabled for two complementary adaptation regions.
[[34m2026-06-15 07:22:23[0m] LoRA rank: all listed adapters in this stack typically share this rank. Larger rank increases adapter capacity and parameter count roughly linearly in rank; too high can overfit small datasets, too low can underfit cross-view cues.
[[34m2026-06-15 07:22:23[0m] freeze_temporal=True, train_spatial=True
[[34m2026-06-15 07:22:23[0m] ======== end design summary ========
[[34m2026-06-15 07:22:23[0m] [VAE] param overview: total=161.23 M trainable=75.13 M (46.60% of weights) frozen=86.10 M
[[34m2026-06-15 07:22:23[0m] [VAE] LoRA trainable: 998.59 K (1.3% of trainable); heuristic attention/cross-fusion LoRA: 998.59 K (100.0% of LoRA); other LoRA: 0
[[34m2026-06-15 07:22:23[0m] [VAE] base trainable (non-LoRA): 74.16 M (98.7% of trainable)
[[34m2026-06-15 07:22:23[0m] [VAE] LoRA heuristic buckets (buckets overlap if a name matches multiple hints): encoder/stem-ish=275.50 K, decoder-ish=723.09 K, viewwise-ish=0
train:   0%|          | 1/405 [03:39<24:37:38, 219.45s/it, epoch=0]
[rank0]: Traceback (most recent call last):
[rank0]:   File "/home/piado/projects/aip-lindell/piado/vae/Open-Sora/scripts/vae/train.py", line 3503, in <module>
[rank0]:     main()
[rank0]:   File "/home/piado/projects/aip-lindell/piado/vae/Open-Sora/scripts/vae/train.py", line 2321, in main
[rank0]:     x_rec, posterior, z = model(x)
[rank0]:                           ^^^^^^^^
[rank0]:   File "/project/6101839/piado/vae/snth/lib/python3.11/site-packages/torch/_dynamo/eval_frame.py", line 465, in __call__
[rank0]:     return super().__call__(*args, **kwargs)
[rank0]:            ^^^^^^^^^^^^^^^^^^^^^^^^^^^^^^^^^
[rank0]:   File "/project/6101839/piado/vae/snth/lib/python3.11/site-packages/torch/nn/modules/module.py", line 1776, in _wrapped_call_impl
[rank0]:     return self._call_impl(*args, **kwargs)
[rank0]:            ^^^^^^^^^^^^^^^^^^^^^^^^^^^^^^^^
[rank0]:   File "/project/6101839/piado/vae/snth/lib/python3.11/site-packages/torch/nn/modules/module.py", line 1787, in _call_impl
[rank0]:     return forward_call(*args, **kwargs)
[rank0]:            ^^^^^^^^^^^^^^^^^^^^^^^^^^^^^
[rank0]:   File "/project/6101839/piado/vae/snth/lib/python3.11/site-packages/torch/_dynamo/eval_frame.py", line 953, in compile_wrapper
[rank0]:     return fn(*args, **kwargs)
[rank0]:            ^^^^^^^^^^^^^^^^^^^
[rank0]:   File "/project/6101839/piado/vae/snth/lib/python3.11/site-packages/torch/nn/modules/module.py", line 1776, in _wrapped_call_impl
[rank0]:     return self._call_impl(*args, **kwargs)
[rank0]:            ^^^^^^^^^^^^^^^^^^^^^^^^^^^^^^^^
[rank0]:   File "/project/6101839/piado/vae/snth/lib/python3.11/site-packages/torch/nn/modules/module.py", line 1787, in _call_impl
[rank0]:     return forward_call(*args, **kwargs)
[rank0]:            ^^^^^^^^^^^^^^^^^^^^^^^^^^^^^
[rank0]:   File "/project/6101839/piado/vae/Open-Sora/opensora/models/vae/wan_video_vae.py", line 561, in forward
[rank0]:     def forward(self, x):
[rank0]:   File "/project/6101839/piado/vae/snth/lib/python3.11/site-packages/torch/_dynamo/eval_frame.py", line 1181, in _fn
[rank0]:     return fn(*args, **kwargs)
[rank0]:            ^^^^^^^^^^^^^^^^^^^
[rank0]:   File "/project/6101839/piado/vae/snth/lib/python3.11/site-packages/torch/_functorch/aot_autograd.py", line 1148, in forward
[rank0]:     return compiled_fn(full_args)
[rank0]:            ^^^^^^^^^^^^^^^^^^^^^^
[rank0]:   File "/project/6101839/piado/vae/snth/lib/python3.11/site-packages/torch/_functorch/_aot_autograd/runtime_wrappers.py", line 343, in runtime_wrapper
[rank0]:     all_outs = call_func_at_runtime_with_args(
[rank0]:                ^^^^^^^^^^^^^^^^^^^^^^^^^^^^^^^
[rank0]:   File "/project/6101839/piado/vae/snth/lib/python3.11/site-packages/torch/_functorch/_aot_autograd/utils.py", line 134, in call_func_at_runtime_with_args
[rank0]:     out = normalize_as_list(f(args))
[rank0]:                             ^^^^^^^
[rank0]:   File "/project/6101839/piado/vae/snth/lib/python3.11/site-packages/torch/_functorch/_aot_autograd/utils.py", line 108, in g
[rank0]:     return f(*args)
[rank0]:            ^^^^^^^^
[rank0]:   File "/project/6101839/piado/vae/snth/lib/python3.11/site-packages/torch/autograd/function.py", line 583, in apply
[rank0]:     return super().apply(*args, **kwargs)  # type: ignore[misc]
[rank0]:            ^^^^^^^^^^^^^^^^^^^^^^^^^^^^^^
[rank0]:   File "/project/6101839/piado/vae/snth/lib/python3.11/site-packages/torch/_functorch/_aot_autograd/runtime_wrappers.py", line 2152, in forward
[rank0]:     fw_outs = call_func_at_runtime_with_args(
[rank0]:               ^^^^^^^^^^^^^^^^^^^^^^^^^^^^^^^
[rank0]:   File "/project/6101839/piado/vae/snth/lib/python3.11/site-packages/torch/_functorch/_aot_autograd/utils.py", line 134, in call_func_at_runtime_with_args
[rank0]:     out = normalize_as_list(f(args))
[rank0]:                             ^^^^^^^
[rank0]:   File "/project/6101839/piado/vae/snth/lib/python3.11/site-packages/torch/_functorch/_aot_autograd/runtime_wrappers.py", line 531, in wrapper
[rank0]:     return compiled_fn(runtime_args)
[rank0]:            ^^^^^^^^^^^^^^^^^^^^^^^^^
[rank0]:   File "/project/6101839/piado/vae/snth/lib/python3.11/site-packages/torch/_functorch/_aot_autograd/runtime_wrappers.py", line 729, in inner_fn
[rank0]:     outs = compiled_fn(args)
[rank0]:            ^^^^^^^^^^^^^^^^^
[rank0]:   File "/project/6101839/piado/vae/snth/lib/python3.11/site-packages/torch/_inductor/output_code.py", line 638, in __call__
[rank0]:     return self.current_callable(inputs)
[rank0]:            ^^^^^^^^^^^^^^^^^^^^^^^^^^^^^
[rank0]:   File "/tmp/.torchinductor/cn/ccnef266pllck5oc7imowmuoiyh3k6zs32tlpeba6z5fxmqmjiog.py", line 38817, in call
[rank0]:     (buf0, buf3, buf5, buf6, buf9, buf11, buf12, buf15, buf17, buf18, buf21, buf23, buf24, buf27, buf30, buf34, buf35, buf38, buf40, buf41, buf44, buf46, buf47, buf50, buf52, buf53, buf56, buf59, buf63, buf64, buf67, buf69, buf70, buf73, buf75, buf76, buf79, buf81, buf82, buf85, buf88, buf90, buf91, buf94, buf96, buf97, buf100, buf102, buf103, buf106, buf108, buf109, buf112, buf115, buf117, buf118, buf121, buf123, buf124, buf127, buf129, buf130, buf133, buf135, buf136, buf139, buf142, buf146, buf147, buf150, buf152, buf153, buf156, buf158, buf159, buf162, buf164, buf165, buf168, buf171, buf175, buf176, buf179, buf181, buf182, buf185, buf187, buf188, buf191, buf193, buf194, buf197, buf200, buf202, buf203, buf206, buf208, buf209, buf212, buf214, buf215, buf218, buf220, buf221, buf224, buf227, buf229, buf230, buf233, buf235, buf236, buf239, buf241, buf242, buf245, buf247, buf248, buf251, buf254, buf258, buf259, buf262, buf264, buf265, buf268, buf270, buf271, buf274, buf276, buf277, buf280, buf283, buf287, buf288, buf291, buf293, buf294, buf297, buf299, buf300, buf303, buf305, buf306, buf309, buf312, buf314, buf315, buf318, buf320, buf321, buf324, buf326, buf327, buf330, buf332, buf333, buf336, buf339, buf341, buf342, buf345, buf347, buf348, buf351, buf353, buf354, buf357, buf359, buf360, buf363, buf366, buf370, buf371, buf374, buf376, buf377, buf380, buf382, buf383, buf386, buf388, buf389, buf392, buf395, buf399, buf400, buf403, buf405, buf406, buf409, buf411, buf412, buf415, buf417, buf418, buf421, buf424, buf426, buf427, buf430, buf432, buf433, buf436, buf438, buf439, buf442, buf444, buf445, buf448, buf450, buf451, buf453, buf455, buf456, buf457, buf458, buf460, buf463, buf485, buf488, buf464, buf489, buf467, buf469, buf492, buf494, buf470, buf495, buf473, buf475, buf498, buf500, buf476, buf501, buf479, buf481, buf504, buf506, buf482, buf507, buf510, buf513, buf514, buf517, buf519, buf520, buf523, buf525, buf526, buf529, buf531, buf532, buf535, buf537, buf538, buf539, buf542, buf544, buf546, buf547, buf548, buf551, buf553, buf555, buf556, buf557, buf558, buf561, buf562, buf565, buf566, buf567, buf570, buf572, buf573, buf574, buf575, buf576, buf577, buf580, buf581, buf584, buf585, buf586, buf589, buf591, buf592, buf593, buf596, buf598, buf600, buf601, buf602, buf605, buf607, buf609, buf610, buf611, buf614, buf616, buf618, buf619, buf622, buf623, buf625, buf3275, buf5922, buf8569, buf624, buf627, buf628, buf633, buf635, buf637, buf638, buf639, buf642, buf644, buf646, buf647, buf648, buf651, buf653, buf655, buf656, buf657, buf658, buf661, buf663, buf665, buf666, buf667, buf668, buf671, buf672, buf678, buf680, buf682, buf683, buf684, buf687, buf689, buf692, buf693, buf694, buf696, buf698, buf701, buf702, buf703, buf705, buf707, buf710, buf711, buf712, buf714, buf716, buf719, buf720, buf721, buf723, buf725, buf728, buf729, buf730, buf732, buf734, buf737, buf738, buf739, buf741, buf743, buf746, buf747, buf748, buf750, buf752, buf753, buf754, buf755, buf758, buf763, buf764, buf765, buf760, buf766, buf768, buf770, buf772, buf773, buf774, buf776, buf778, buf780, buf781, buf782, buf784, buf786, buf788, buf789, buf790, buf792, buf794, buf796, buf797, buf798, buf800, buf802, buf804, buf805, buf806, buf808, buf810, buf811, buf812, buf813, buf816, buf818, buf819, buf820, buf822, buf824, buf826, buf827, buf828, buf830, buf832, buf834, buf835, buf836, buf838, buf840, buf842, buf843, buf844, buf846, buf848, buf850, buf851, buf852, buf854, buf856, buf858, buf859, buf860, buf862, buf864, buf865, buf866, buf867, buf870, buf872, buf873, buf874, buf876, buf878, buf880, buf881, buf882, buf884, buf886, buf888, buf889, buf890, buf892, buf894, buf896, buf897, buf898, buf900, buf902, buf904, buf905, buf906, buf908, buf910, buf912, buf913, buf914, buf916, buf918, buf920, buf921, buf922, buf924, buf926, buf929, buf931, buf933, buf934, buf935, buf938, buf940, buf942, buf943, buf944, buf947, buf949, buf951, buf952, buf953, buf954, buf957, buf959, buf961, buf962, buf963, buf964, buf967, buf968, buf974, buf976, buf978, buf979, buf980, buf983, buf985, buf988, buf989, buf990, buf992, buf994, buf997, buf998, buf999, buf1001, buf1003, buf1006, buf1007, buf1008, buf1010, buf1012, buf1015, buf1016, buf1017, buf1019, buf1021, buf1024, buf1025, buf1026, buf1028, buf1030, buf1033, buf1034, buf1035, buf1037, buf1039, buf1042, buf1043, buf1044, buf1046, buf1048, buf1049, buf1050, buf1053, buf1058, buf1059, buf1060, buf1055, buf1061, buf1063, buf1065, buf1067, buf1068, buf1069, buf1071, buf1073, buf1075, buf1076, buf1077, buf1079, buf1081, buf1083, buf1084, buf1085, buf1087, buf1089, buf1091, buf1092, buf1093, buf1095, buf1097, buf1099, buf1100, buf1101, buf1103, buf1105, buf1106, buf1107, buf1110, buf1112, buf1113, buf1114, buf1116, buf1118, buf1120, buf1121, buf1122, buf1124, buf1126, buf1128, buf1129, buf1130, buf1132, buf1134, buf1136, buf1137, buf1138, buf1140, buf1142, buf1144, buf1145, buf1146, buf1148, buf1150, buf1152, buf1153, buf1154, buf1156, buf1158, buf1159, buf1160, buf1163, buf1165, buf1166, buf1167, buf1169, buf1171, buf1173, buf1174, buf1175, buf1177, buf1179, buf1181, buf1182, buf1183, buf1185, buf1187, buf1189, buf1190, buf1191, buf1193, buf1195, buf1197, buf1198, buf1199, buf1201, buf1203, buf1205, buf1206, buf1207, buf1209, buf1211, buf1213, buf1214, buf1215, buf1217, buf1219, buf1222, buf1224, buf1226, buf1227, buf1228, buf1231, buf1233, buf1235, buf1236, buf1237, buf1240, buf1242, buf1244, buf1245, buf1246, buf1247, buf1250, buf1252, buf1254, buf1255, buf1256, buf1257, buf1260, buf1261, buf1267, buf1269, buf1271, buf1272, buf1273, buf1276, buf1278, buf1281, buf1282, buf1283, buf1285, buf1287, buf1290, buf1291, buf1292, buf1294, buf1296, buf1299, buf1300, buf1301, buf1303, buf1305, buf1308, buf1309, buf1310, buf1312, buf1314, buf1317, buf1318, buf1319, buf1321, buf1323, buf1326, buf1327, buf1328, buf1330, buf1332, buf1335, buf1336, buf1337, buf1339, buf1341, buf1342, buf1343, buf1346, buf1351, buf1352, buf1353, buf1348, buf1354, buf1356, buf1358, buf1360, buf1361, buf1362, buf1364, buf1366, buf1368, buf1369, buf1370, buf1372, buf1374, buf1376, buf1377, buf1378, buf1380, buf1382, buf1384, buf1385, buf1386, buf1388, buf1390, buf1392, buf1393, buf1394, buf1396, buf1398, buf1399, buf1400, buf1403, buf1405, buf1406, buf1407, buf1409, buf1411, buf1413, buf1414, buf1415, buf1417, buf1419, buf1421, buf1422, buf1423, buf1425, buf1427, buf1429, buf1430, buf1431, buf1433, buf1435, buf1437, buf1438, buf1439, buf1441, buf1443, buf1445, buf1446, buf1447, buf1449, buf1451, buf1452, buf1453, buf1456, buf1458, buf1459, buf1460, buf1462, buf1464, buf1466, buf1467, buf1468, buf1470, buf1472, buf1474, buf1475, buf1476, buf1478, buf1480, buf1482, buf1483, buf1484, buf1486, buf1488, buf1490, buf1491, buf1492, buf1494, buf1496, buf1498, buf1499, buf1500, buf1502, buf1504, buf1506, buf1507, buf1508, buf1510, buf1513, buf1516, buf1518, buf1520, buf1521, buf1522, buf1525, buf1527, buf1529, buf1530, buf1531, buf1534, buf1536, buf1538, buf1539, buf1540, buf1541, buf1544, buf1546, buf1548, buf1549, buf1550, buf1551, buf1554, buf1555, buf1561, buf1563, buf1565, buf1566, buf1567, buf1570, buf1572, buf1575, buf1576, buf1577, buf1579, buf1581, buf1584, buf1585, buf1586, buf1588, buf1590, buf1593, buf1594, buf1595, buf1597, buf1599, buf1602, buf1603, buf1604, buf1606, buf1608, buf1611, buf1612, buf1613, buf1615, buf1617, buf1620, buf1621, buf1622, buf1624, buf1626, buf1629, buf1630, buf1631, buf1633, buf1635, buf1636, buf1637, buf1640, buf1645, buf1646, buf1647, buf1642, buf1648, buf1650, buf1652, buf1654, buf1655, buf1656, buf1658, buf1660, buf1662, buf1663, buf1664, buf1666, buf1668, buf1670, buf1671, buf1672, buf1674, buf1676, buf1678, buf1679, buf1680, buf1682, buf1684, buf1686, buf1687, buf1688, buf1690, buf1692, buf1693, buf1694, buf1697, buf1699, buf1700, buf1701, buf1703, buf1705, buf1707, buf1708, buf1709, buf1711, buf1713, buf1715, buf1716, buf1717, buf1719, buf1721, buf1723, buf1724, buf1725, buf1727, buf1729, buf1731, buf1732, buf1733, buf1735, buf1737, buf1739, buf1740, buf1741, buf1743, buf1745, buf1746, buf1747, buf1750, buf1752, buf1753, buf1754, buf1756, buf1758, buf1760, buf1761, buf1762, buf1764, buf1766, buf1768, buf1769, buf1770, buf1772, buf1774, buf1776, buf1777, buf1778, buf1780, buf1782, buf1784, buf1785, buf1786, buf1788, buf1790, buf1792, buf1793, buf1794, buf1796, buf1798, buf1800, buf1801, buf1802, buf1804, buf1806, buf1809, buf1811, buf1813, buf1814, buf1815, buf1818, buf1820, buf1822, buf1823, buf1824, buf1827, buf1829, buf1831, buf1832, buf1833, buf1834, buf1837, buf1839, buf1841, buf1842, buf1843, buf1844, buf1847, buf1848, buf1854, buf1856, buf1858, buf1859, buf1860, buf1863, buf1865, buf1868, buf1869, buf1870, buf1872, buf1874, buf1877, buf1878, buf1879, buf1881, buf1883, buf1886, buf1887, buf1888, buf1890, buf1892, buf1895, buf1896, buf1897, buf1899, buf1901, buf1904, buf1905, buf1906, buf1908, buf1910, buf1913, buf1914, buf1915, buf1917, buf1919, buf1922, buf1923, buf1924, buf1926, buf1928, buf1929, buf1930, buf1933, buf1938, buf1939, buf1940, buf1935, buf1941, buf1943, buf1945, buf1947, buf1948, buf1949, buf1951, buf1953, buf1955, buf1956, buf1957, buf1959, buf1961, buf1963, buf1964, buf1965, buf1967, buf1969, buf1971, buf1972, buf1973, buf1975, buf1977, buf1979, buf1980, buf1981, buf1983, buf1985, buf1986, buf1987, buf1990, buf1992, buf1993, buf1994, buf1996, buf1998, buf2000, buf2001, buf2002, buf2004, buf2006, buf2008, buf2009, buf2010, buf2012, buf2014, buf2016, buf2017, buf2018, buf2020, buf2022, buf2024, buf2025, buf2026, buf2028, buf2030, buf2032, buf2033, buf2034, buf2036, buf2038, buf2039, buf2040, buf2043, buf2045, buf2046, buf2047, buf2049, buf2051, buf2053, buf2054, buf2055, buf2057, buf2059, buf2061, buf2062, buf2063, buf2065, buf2067, buf2069, buf2070, buf2071, buf2073, buf2075, buf2077, buf2078, buf2079, buf2081, buf2083, buf2085, buf2086, buf2087, buf2089, buf2091, buf2093, buf2094, buf2095, buf2097, buf2100, buf2103, buf2105, buf2107, buf2108, buf2109, buf2112, buf2114, buf2116, buf2117, buf2118, buf2121, buf2123, buf2125, buf2126, buf2127, buf2128, buf2131, buf2133, buf2135, buf2136, buf2137, buf2138, buf2141, buf2142, buf2148, buf2150, buf2152, buf2153, buf2154, buf2157, buf2159, buf2162, buf2163, buf2164, buf2166, buf2168, buf2171, buf2172, buf2173, buf2175, buf2177, buf2180, buf2181, buf2182, buf2184, buf2186, buf2189, buf2190, buf2191, buf2193, buf2195, buf2198, buf2199, buf2200, buf2202, buf2204, buf2207, buf2208, buf2209, buf2211, buf2213, buf2216, buf2217, buf2218, buf2220, buf2222, buf2223, buf2224, buf2227, buf2232, buf2233, buf2234, buf2229, buf2235, buf2237, buf2239, buf2241, buf2242, buf2243, buf2245, buf2247, buf2249, buf2250, buf2251, buf2253, buf2255, buf2257, buf2258, buf2259, buf2261, buf2263, buf2265, buf2266, buf2267, buf2269, buf2271, buf2273, buf2274, buf2275, buf2277, buf2279, buf2280, buf2281, buf2284, buf2286, buf2287, buf2288, buf2290, buf2292, buf2294, buf2295, buf2296, buf2298, buf2300, buf2302, buf2303, buf2304, buf2306, buf2308, buf2310, buf2311, buf2312, buf2314, buf2316, buf2318, buf2319, buf2320, buf2322, buf2324, buf2326, buf2327, buf2328, buf2330, buf2332, buf2333, buf2334, buf2337, buf2339, buf2340, buf2341, buf2343, buf2345, buf2347, buf2348, buf2349, buf2351, buf2353, buf2355, buf2356, buf2357, buf2359, buf2361, buf2363, buf2364, buf2365, buf2367, buf2369, buf2371, buf2372, buf2373, buf2375, buf2377, buf2379, buf2380, buf2381, buf2383, buf2385, buf2387, buf2388, buf2389, buf2391, buf2393, buf2396, buf2398, buf2400, buf2401, buf2402, buf2405, buf2407, buf2409, buf2410, buf2411, buf2414, buf2416, buf2418, buf2419, buf2420, buf2421, buf2424, buf2426, buf2428, buf2429, buf2430, buf2431, buf2434, buf2435, buf2441, buf2443, buf2445, buf2446, buf2447, buf2450, buf2452, buf2455, buf2456, buf2457, buf2459, buf2461, buf2464, buf2465, buf2466, buf2468, buf2470, buf2473, buf2474, buf2475, buf2477, buf2479, buf2482, buf2483, buf2484, buf2486, buf2488, buf2491, buf2492, buf2493, buf2495, buf2497, buf2500, buf2501, buf2502, buf2504, buf2506, buf2509, buf2510, buf2511, buf2513, buf2515, buf2516, buf2517, buf2520, buf2525, buf2526, buf2527, buf2522, buf2528, buf2530, buf2532, buf2534, buf2535, buf2536, buf2538, buf2540, buf2542, buf2543, buf2544, buf2546, buf2548, buf2550, buf2551, buf2552, buf2554, buf2556, buf2558, buf2559, buf2560, buf2562, buf2564, buf2566, buf2567, buf2568, buf2570, buf2572, buf2573, buf2574, buf2577, buf2579, buf2580, buf2581, buf2583, buf2585, buf2587, buf2588, buf2589, buf2591, buf2593, buf2595, buf2596, buf2597, buf2599, buf2601, buf2603, buf2604, buf2605, buf2607, buf2609, buf2611, buf2612, buf2613, buf2615, buf2617, buf2619, buf2620, buf2621, buf2623, buf2625, buf2626, buf2627, buf2630, buf2632, buf2633, buf2634, buf2636, buf2638, buf2640, buf2641, buf2642, buf2644, buf2646, buf2648, buf2649, buf2650, buf2652, buf2654, buf2656, buf2657, buf2658, buf2660, buf2662, buf2664, buf2665, buf2666, buf2668, buf2670, buf2672, buf2673, buf2674, buf2676, buf2678, buf2680, buf2681, buf2682, buf2684, buf2687, buf2690, buf2692, buf2694, buf2695, buf2696, buf2699, buf2701, buf2703, buf2704, buf2705, buf2708, buf2710, buf2712, buf2713, buf2714, buf2715, buf2718, buf2720, buf2722, buf2723, buf2724, buf2725, buf2728, buf2729, buf2735, buf2737, buf2739, buf2740, buf2741, buf2744, buf2746, buf2749, buf2750, buf2751, buf2753, buf2755, buf2758, buf2759, buf2760, buf2762, buf2764, buf2767, buf2768, buf2769, buf2771, buf2773, buf2776, buf2777, buf2778, buf2780, buf2782, buf2785, buf2786, buf2787, buf2789, buf2791, buf2794, buf2795, buf2796, buf2798, buf2800, buf2803, buf2804, buf2805, buf2807, buf2809, buf2810, buf2811, buf2814, buf2819, buf2820, buf2821, buf2816, buf2822, buf2824, buf2826, buf2828, buf2829, buf2830, buf2832, buf2834, buf2836, buf2837, buf2838, buf2840, buf2842, buf2844, buf2845, buf2846, buf2848, buf2850, buf2852, buf2853, buf2854, buf2856, buf2858, buf2860, buf2861, buf2862, buf2864, buf2866, buf2867, buf2868, buf2871, buf2873, buf2874, buf2875, buf2877, buf2879, buf2881, buf2882, buf2883, buf2885, buf2887, buf2889, buf2890, buf2891, buf2893, buf2895, buf2897, buf2898, buf2899, buf2901, buf2903, buf2905, buf2906, buf2907, buf2909, buf2911, buf2913, buf2914, buf2915, buf2917, buf2919, buf2920, buf2921, buf2924, buf2926, buf2927, buf2928, buf2930, buf2932, buf2934, buf2935, buf2936, buf2938, buf2940, buf2942, buf2943, buf2944, buf2946, buf2948, buf2950, buf2951, buf2952, buf2954, buf2956, buf2958, buf2959, buf2960, buf2962, buf2964, buf2966, buf2967, buf2968, buf2970, buf2972, buf2974, buf2975, buf2976, buf2978, buf2980, buf2983, buf2985, buf2987, buf2988, buf2989, buf2992, buf2994, buf2996, buf2997, buf2998, buf3001, buf3003, buf3005, buf3006, buf3007, buf3008, buf3011, buf3013, buf3015, buf3016, buf3017, buf3018, buf3021, buf3022, buf3028, buf3030, buf3032, buf3033, buf3034, buf3037, buf3039, buf3042, buf3043, buf3044, buf3046, buf3048, buf3051, buf3052, buf3053, buf3055, buf3057, buf3060, buf3061, buf3062, buf3064, buf3066, buf3069, buf3070, buf3071, buf3073, buf3075, buf3078, buf3079, buf3080, buf3082, buf3084, buf3087, buf3088, buf3089, buf3091, buf3093, buf3096, buf3097, buf3098, buf3100, buf3102, buf3103, buf3104, buf3107, buf3112, buf3113, buf3114, buf3109, buf3115, buf3117, buf3119, buf3121, buf3122, buf3123, buf3125, buf3127, buf3129, buf3130, buf3131, buf3133, buf3135, buf3137, buf3138, buf3139, buf3141, buf3143, buf3145, buf3146, buf3147, buf3149, buf3151, buf3153, buf3154, buf3155, buf3157, buf3159, buf3160, buf3161, buf3164, buf3166, buf3167, buf3168, buf3170, buf3172, buf3174, buf3175, buf3176, buf3178, buf3180, buf3182, buf3183, buf3184, buf3186, buf3188, buf3190, buf3191, buf3192, buf3194, buf3196, buf3198, buf3199, buf3200, buf3202, buf3204, buf3206, buf3207, buf3208, buf3210, buf3212, buf3213, buf3214, buf3217, buf3219, buf3220, buf3221, buf3223, buf3225, buf3227, buf3228, buf3229, buf3231, buf3233, buf3235, buf3236, buf3237, buf3239, buf3241, buf3243, buf3244, buf3245, buf3247, buf3249, buf3251, buf3252, buf3253, buf3255, buf3257, buf3259, buf3260, buf3261, buf3263, buf3265, buf3267, buf3268, buf3269, buf3271, buf3274, buf3277, buf3278, buf3283, buf3285, buf3287, buf3288, buf3289, buf3292, buf3294, buf3296, buf3297, buf3298, buf3301, buf3303, buf3305, buf3306, buf3307, buf3308, buf3311, buf3313, buf3315, buf3316, buf3317, buf3318, buf3321, buf3322, buf3328, buf3330, buf3332, buf3333, buf3334, buf3337, buf3339, buf3342, buf3343, buf3344, buf3346, buf3348, buf3351, buf3352, buf3353, buf3355, buf3357, buf3360, buf3361, buf3362, buf3364, buf3366, buf3369, buf3370, buf3371, buf3373, buf3375, buf3378, buf3379, buf3380, buf3382, buf3384, buf3387, buf3388, buf3389, buf3391, buf3393, buf3396, buf3397, buf3398, buf3400, buf3402, buf3403, buf3404, buf3407, buf3412, buf3413, buf3414, buf3409, buf3415, buf3417, buf3419, buf3421, buf3422, buf3423, buf3425, buf3427, buf3429, buf3430, buf3431, buf3433, buf3435, buf3437, buf3438, buf3439, buf3441, buf3443, buf3445, buf3446, buf3447, buf3449, buf3451, buf3453, buf3454, buf3455, buf3457, buf3459, buf3460, buf3461, buf3464, buf3466, buf3467, buf3468, buf3470, buf3472, buf3474, buf3475, buf3476, buf3478, buf3480, buf3482, buf3483, buf3484, buf3486, buf3488, buf3490, buf3491, buf3492, buf3494, buf3496, buf3498, buf3499, buf3500, buf3502, buf3504, buf3506, buf3507, buf3508, buf3510, buf3512, buf3513, buf3514, buf3517, buf3519, buf3520, buf3521, buf3523, buf3525, buf3527, buf3528, buf3529, buf3531, buf3533, buf3535, buf3536, buf3537, buf3539, buf3541, buf3543, buf3544, buf3545, buf3547, buf3549, buf3551, buf3552, buf3553, buf3555, buf3557, buf3559, buf3560, buf3561, buf3563, buf3565, buf3567, buf3568, buf3569, buf3571, buf3573, buf3576, buf3578, buf3580, buf3581, buf3582, buf3585, buf3587, buf3589, buf3590, buf3591, buf3594, buf3596, buf3598, buf3599, buf3600, buf3601, buf3604, buf3606, buf3608, buf3609, buf3610, buf3611, buf3614, buf3615, buf3621, buf3623, buf3625, buf3626, buf3627, buf3630, buf3632, buf3635, buf3636, buf3637, buf3639, buf3641, buf3644, buf3645, buf3646, buf3648, buf3650, buf3653, buf3654, buf3655, buf3657, buf3659, buf3662, buf3663, buf3664, buf3666, buf3668, buf3671, buf3672, buf3673, buf3675, buf3677, buf3680, buf3681, buf3682, buf3684, buf3686, buf3689, buf3690, buf3691, buf3693, buf3695, buf3696, buf3697, buf3700, buf3705, buf3706, buf3707, buf3702, buf3708, buf3710, buf3712, buf3714, buf3715, buf3716, buf3718, buf3720, buf3722, buf3723, buf3724, buf3726, buf3728, buf3730, buf3731, buf3732, buf3734, buf3736, buf3738, buf3739, buf3740, buf3742, buf3744, buf3746, buf3747, buf3748, buf3750, buf3752, buf3753, buf3754, buf3757, buf3759, buf3760, buf3761, buf3763, buf3765, buf3767, buf3768, buf3769, buf3771, buf3773, buf3775, buf3776, buf3777, buf3779, buf3781, buf3783, buf3784, buf3785, buf3787, buf3789, buf3791, buf3792, buf3793, buf3795, buf3797, buf3799, buf3800, buf3801, buf3803, buf3805, buf3806, buf3807, buf3810, buf3812, buf3813, buf3814, buf3816, buf3818, buf3820, buf3821, buf3822, buf3824, buf3826, buf3828, buf3829, buf3830, buf3832, buf3834, buf3836, buf3837, buf3838, buf3840, buf3842, buf3844, buf3845, buf3846, buf3848, buf3850, buf3852, buf3853, buf3854, buf3856, buf3858, buf3860, buf3861, buf3862, buf3864, buf3866, buf3869, buf3871, buf3873, buf3874, buf3875, buf3878, buf3880, buf3882, buf3883, buf3884, buf3887, buf3889, buf3891, buf3892, buf3893, buf3894, buf3897, buf3899, buf3901, buf3902, buf3903, buf3904, buf3907, buf3908, buf3914, buf3916, buf3918, buf3919, buf3920, buf3923, buf3925, buf3928, buf3929, buf3930, buf3932, buf3934, buf3937, buf3938, buf3939, buf3941, buf3943, buf3946, buf3947, buf3948, buf3950, buf3952, buf3955, buf3956, buf3957, buf3959, buf3961, buf3964, buf3965, buf3966, buf3968, buf3970, buf3973, buf3974, buf3975, buf3977, buf3979, buf3982, buf3983, buf3984, buf3986, buf3988, buf3989, buf3990, buf3993, buf3998, buf3999, buf4000, buf3995, buf4001, buf4003, buf4005, buf4007, buf4008, buf4009, buf4011, buf4013, buf4015, buf4016, buf4017, buf4019, buf4021, buf4023, buf4024, buf4025, buf4027, buf4029, buf4031, buf4032, buf4033, buf4035, buf4037, buf4039, buf4040, buf4041, buf4043, buf4045, buf4046, buf4047, buf4050, buf4052, buf4053, buf4054, buf4056, buf4058, buf4060, buf4061, buf4062, buf4064, buf4066, buf4068, buf4069, buf4070, buf4072, buf4074, buf4076, buf4077, buf4078, buf4080, buf4082, buf4084, buf4085, buf4086, buf4088, buf4090, buf4092, buf4093, buf4094, buf4096, buf4098, buf4099, buf4100, buf4103, buf4105, buf4106, buf4107, buf4109, buf4111, buf4113, buf4114, buf4115, buf4117, buf4119, buf4121, buf4122, buf4123, buf4125, buf4127, buf4129, buf4130, buf4131, buf4133, buf4135, buf4137, buf4138, buf4139, buf4141, buf4143, buf4145, buf4146, buf4147, buf4149, buf4151, buf4153, buf4154, buf4155, buf4157, buf4160, buf4163, buf4165, buf4167, buf4168, buf4169, buf4172, buf4174, buf4176, buf4177, buf4178, buf4181, buf4183, buf4185, buf4186, buf4187, buf4188, buf4191, buf4193, buf4195, buf4196, buf4197, buf4198, buf4201, buf4202, buf4208, buf4210, buf4212, buf4213, buf4214, buf4217, buf4219, buf4222, buf4223, buf4224, buf4226, buf4228, buf4231, buf4232, buf4233, buf4235, buf4237, buf4240, buf4241, buf4242, buf4244, buf4246, buf4249, buf4250, buf4251, buf4253, buf4255, buf4258, buf4259, buf4260, buf4262, buf4264, buf4267, buf4268, buf4269, buf4271, buf4273, buf4276, buf4277, buf4278, buf4280, buf4282, buf4283, buf4284, buf4287, buf4292, buf4293, buf4294, buf4289, buf4295, buf4297, buf4299, buf4301, buf4302, buf4303, buf4305, buf4307, buf4309, buf4310, buf4311, buf4313, buf4315, buf4317, buf4318, buf4319, buf4321, buf4323, buf4325, buf4326, buf4327, buf4329, buf4331, buf4333, buf4334, buf4335, buf4337, buf4339, buf4340, buf4341, buf4344, buf4346, buf4347, buf4348, buf4350, buf4352, buf4354, buf4355, buf4356, buf4358, buf4360, buf4362, buf4363, buf4364, buf4366, buf4368, buf4370, buf4371, buf4372, buf4374, buf4376, buf4378, buf4379, buf4380, buf4382, buf4384, buf4386, buf4387, buf4388, buf4390, buf4392, buf4393, buf4394, buf4397, buf4399, buf4400, buf4401, buf4403, buf4405, buf4407, buf4408, buf4409, buf4411, buf4413, buf4415, buf4416, buf4417, buf4419, buf4421, buf4423, buf4424, buf4425, buf4427, buf4429, buf4431, buf4432, buf4433, buf4435, buf4437, buf4439, buf4440, buf4441, buf4443, buf4445, buf4447, buf4448, buf4449, buf4451, buf4453, buf4456, buf4458, buf4460, buf4461, buf4462, buf4465, buf4467, buf4469, buf4470, buf4471, buf4474, buf4476, buf4478, buf4479, buf4480, buf4481, buf4484, buf4486, buf4488, buf4489, buf4490, buf4491, buf4494, buf4495, buf4501, buf4503, buf4505, buf4506, buf4507, buf4510, buf4512, buf4515, buf4516, buf4517, buf4519, buf4521, buf4524, buf4525, buf4526, buf4528, buf4530, buf4533, buf4534, buf4535, buf4537, buf4539, buf4542, buf4543, buf4544, buf4546, buf4548, buf4551, buf4552, buf4553, buf4555, buf4557, buf4560, buf4561, buf4562, buf4564, buf4566, buf4569, buf4570, buf4571, buf4573, buf4575, buf4576, buf4577, buf4580, buf4585, buf4586, buf4587, buf4582, buf4588, buf4590, buf4592, buf4594, buf4595, buf4596, buf4598, buf4600, buf4602, buf4603, buf4604, buf4606, buf4608, buf4610, buf4611, buf4612, buf4614, buf4616, buf4618, buf4619, buf4620, buf4622, buf4624, buf4626, buf4627, buf4628, buf4630, buf4632, buf4633, buf4634, buf4637, buf4639, buf4640, buf4641, buf4643, buf4645, buf4647, buf4648, buf4649, buf4651, buf4653, buf4655, buf4656, buf4657, buf4659, buf4661, buf4663, buf4664, buf4665, buf4667, buf4669, buf4671, buf4672, buf4673, buf4675, buf4677, buf4679, buf4680, buf4681, buf4683, buf4685, buf4686, buf4687, buf4690, buf4692, buf4693, buf4694, buf4696, buf4698, buf4700, buf4701, buf4702, buf4704, buf4706, buf4708, buf4709, buf4710, buf4712, buf4714, buf4716, buf4717, buf4718, buf4720, buf4722, buf4724, buf4725, buf4726, buf4728, buf4730, buf4732, buf4733, buf4734, buf4736, buf4738, buf4740, buf4741, buf4742, buf4744, buf4747, buf4750, buf4752, buf4754, buf4755, buf4756, buf4759, buf4761, buf4763, buf4764, buf4765, buf4768, buf4770, buf4772, buf4773, buf4774, buf4775, buf4778, buf4780, buf4782, buf4783, buf4784, buf4785, buf4788, buf4789, buf4795, buf4797, buf4799, buf4800, buf4801, buf4804, buf4806, buf4809, buf4810, buf4811, buf4813, buf4815, buf4818, buf4819, buf4820, buf4822, buf4824, buf4827, buf4828, buf4829, buf4831, buf4833, buf4836, buf4837, buf4838, buf4840, buf4842, buf4845, buf4846, buf4847, buf4849, buf4851, buf4854, buf4855, buf4856, buf4858, buf4860, buf4863, buf4864, buf4865, buf4867, buf4869, buf4870, buf4871, buf4874, buf4879, buf4880, buf4881, buf4876, buf4882, buf4884, buf4886, buf4888, buf4889, buf4890, buf4892, buf4894, buf4896, buf4897, buf4898, buf4900, buf4902, buf4904, buf4905, buf4906, buf4908, buf4910, buf4912, buf4913, buf4914, buf4916, buf4918, buf4920, buf4921, buf4922, buf4924, buf4926, buf4927, buf4928, buf4931, buf4933, buf4934, buf4935, buf4937, buf4939, buf4941, buf4942, buf4943, buf4945, buf4947, buf4949, buf4950, buf4951, buf4953, buf4955, buf4957, buf4958, buf4959, buf4961, buf4963, buf4965, buf4966, buf4967, buf4969, buf4971, buf4973, buf4974, buf4975, buf4977, buf4979, buf4980, buf4981, buf4984, buf4986, buf4987, buf4988, buf4990, buf4992, buf4994, buf4995, buf4996, buf4998, buf5000, buf5002, buf5003, buf5004, buf5006, buf5008, buf5010, buf5011, buf5012, buf5014, buf5016, buf5018, buf5019, buf5020, buf5022, buf5024, buf5026, buf5027, buf5028, buf5030, buf5032, buf5034, buf5035, buf5036, buf5038, buf5040, buf5043, buf5045, buf5047, buf5048, buf5049, buf5052, buf5054, buf5056, buf5057, buf5058, buf5061, buf5063, buf5065, buf5066, buf5067, buf5068, buf5071, buf5073, buf5075, buf5076, buf5077, buf5078, buf5081, buf5082, buf5088, buf5090, buf5092, buf5093, buf5094, buf5097, buf5099, buf5102, buf5103, buf5104, buf5106, buf5108, buf5111, buf5112, buf5113, buf5115, buf5117, buf5120, buf5121, buf5122, buf5124, buf5126, buf5129, buf5130, buf5131, buf5133, buf5135, buf5138, buf5139, buf5140, buf5142, buf5144, buf5147, buf5148, buf5149, buf5151, buf5153, buf5156, buf5157, buf5158, buf5160, buf5162, buf5163, buf5164, buf5167, buf5172, buf5173, buf5174, buf5169, buf5175, buf5177, buf5179, buf5181, buf5182, buf5183, buf5185, buf5187, buf5189, buf5190, buf5191, buf5193, buf5195, buf5197, buf5198, buf5199, buf5201, buf5203, buf5205, buf5206, buf5207, buf5209, buf5211, buf5213, buf5214, buf5215, buf5217, buf5219, buf5220, buf5221, buf5224, buf5226, buf5227, buf5228, buf5230, buf5232, buf5234, buf5235, buf5236, buf5238, buf5240, buf5242, buf5243, buf5244, buf5246, buf5248, buf5250, buf5251, buf5252, buf5254, buf5256, buf5258, buf5259, buf5260, buf5262, buf5264, buf5266, buf5267, buf5268, buf5270, buf5272, buf5273, buf5274, buf5277, buf5279, buf5280, buf5281, buf5283, buf5285, buf5287, buf5288, buf5289, buf5291, buf5293, buf5295, buf5296, buf5297, buf5299, buf5301, buf5303, buf5304, buf5305, buf5307, buf5309, buf5311, buf5312, buf5313, buf5315, buf5317, buf5319, buf5320, buf5321, buf5323, buf5325, buf5327, buf5328, buf5329, buf5331, buf5334, buf5337, buf5339, buf5341, buf5342, buf5343, buf5346, buf5348, buf5350, buf5351, buf5352, buf5355, buf5357, buf5359, buf5360, buf5361, buf5362, buf5365, buf5367, buf5369, buf5370, buf5371, buf5372, buf5375, buf5376, buf5382, buf5384, buf5386, buf5387, buf5388, buf5391, buf5393, buf5396, buf5397, buf5398, buf5400, buf5402, buf5405, buf5406, buf5407, buf5409, buf5411, buf5414, buf5415, buf5416, buf5418, buf5420, buf5423, buf5424, buf5425, buf5427, buf5429, buf5432, buf5433, buf5434, buf5436, buf5438, buf5441, buf5442, buf5443, buf5445, buf5447, buf5450, buf5451, buf5452, buf5454, buf5456, buf5457, buf5458, buf5461, buf5466, buf5467, buf5468, buf5463, buf5469, buf5471, buf5473, buf5475, buf5476, buf5477, buf5479, buf5481, buf5483, buf5484, buf5485, buf5487, buf5489, buf5491, buf5492, buf5493, buf5495, buf5497, buf5499, buf5500, buf5501, buf5503, buf5505, buf5507, buf5508, buf5509, buf5511, buf5513, buf5514, buf5515, buf5518, buf5520, buf5521, buf5522, buf5524, buf5526, buf5528, buf5529, buf5530, buf5532, buf5534, buf5536, buf5537, buf5538, buf5540, buf5542, buf5544, buf5545, buf5546, buf5548, buf5550, buf5552, buf5553, buf5554, buf5556, buf5558, buf5560, buf5561, buf5562, buf5564, buf5566, buf5567, buf5568, buf5571, buf5573, buf5574, buf5575, buf5577, buf5579, buf5581, buf5582, buf5583, buf5585, buf5587, buf5589, buf5590, buf5591, buf5593, buf5595, buf5597, buf5598, buf5599, buf5601, buf5603, buf5605, buf5606, buf5607, buf5609, buf5611, buf5613, buf5614, buf5615, buf5617, buf5619, buf5621, buf5622, buf5623, buf5625, buf5627, buf5630, buf5632, buf5634, buf5635, buf5636, buf5639, buf5641, buf5643, buf5644, buf5645, buf5648, buf5650, buf5652, buf5653, buf5654, buf5655, buf5658, buf5660, buf5662, buf5663, buf5664, buf5665, buf5668, buf5669, buf5675, buf5677, buf5679, buf5680, buf5681, buf5684, buf5686, buf5689, buf5690, buf5691, buf5693, buf5695, buf5698, buf5699, buf5700, buf5702, buf5704, buf5707, buf5708, buf5709, buf5711, buf5713, buf5716, buf5717, buf5718, buf5720, buf5722, buf5725, buf5726, buf5727, buf5729, buf5731, buf5734, buf5735, buf5736, buf5738, buf5740, buf5743, buf5744, buf5745, buf5747, buf5749, buf5750, buf5751, buf5754, buf5759, buf5760, buf5761, buf5756, buf5762, buf5764, buf5766, buf5768, buf5769, buf5770, buf5772, buf5774, buf5776, buf5777, buf5778, buf5780, buf5782, buf5784, buf5785, buf5786, buf5788, buf5790, buf5792, buf5793, buf5794, buf5796, buf5798, buf5800, buf5801, buf5802, buf5804, buf5806, buf5807, buf5808, buf5811, buf5813, buf5814, buf5815, buf5817, buf5819, buf5821, buf5822, buf5823, buf5825, buf5827, buf5829, buf5830, buf5831, buf5833, buf5835, buf5837, buf5838, buf5839, buf5841, buf5843, buf5845, buf5846, buf5847, buf5849, buf5851, buf5853, buf5854, buf5855, buf5857, buf5859, buf5860, buf5861, buf5864, buf5866, buf5867, buf5868, buf5870, buf5872, buf5874, buf5875, buf5876, buf5878, buf5880, buf5882, buf5883, buf5884, buf5886, buf5888, buf5890, buf5891, buf5892, buf5894, buf5896, buf5898, buf5899, buf5900, buf5902, buf5904, buf5906, buf5907, buf5908, buf5910, buf5912, buf5914, buf5915, buf5916, buf5918, buf5921, buf5924, buf5925, buf5930, buf5932, buf5934, buf5935, buf5936, buf5939, buf5941, buf5943, buf5944, buf5945, buf5948, buf5950, buf5952, buf5953, buf5954, buf5955, buf5958, buf5960, buf5962, buf5963, buf5964, buf5965, buf5968, buf5969, buf5975, buf5977, buf5979, buf5980, buf5981, buf5984, buf5986, buf5989, buf5990, buf5991, buf5993, buf5995, buf5998, buf5999, buf6000, buf6002, buf6004, buf6007, buf6008, buf6009, buf6011, buf6013, buf6016, buf6017, buf6018, buf6020, buf6022, buf6025, buf6026, buf6027, buf6029, buf6031, buf6034, buf6035, buf6036, buf6038, buf6040, buf6043, buf6044, buf6045, buf6047, buf6049, buf6050, buf6051, buf6054, buf6059, buf6060, buf6061, buf6056, buf6062, buf6064, buf6066, buf6068, buf6069, buf6070, buf6072, buf6074, buf6076, buf6077, buf6078, buf6080, buf6082, buf6084, buf6085, buf6086, buf6088, buf6090, buf6092, buf6093, buf6094, buf6096, buf6098, buf6100, buf6101, buf6102, buf6104, buf6106, buf6107, buf6108, buf6111, buf6113, buf6114, buf6115, buf6117, buf6119, buf6121, buf6122, buf6123, buf6125, buf6127, buf6129, buf6130, buf6131, buf6133, buf6135, buf6137, buf6138, buf6139, buf6141, buf6143, buf6145, buf6146, buf6147, buf6149, buf6151, buf6153, buf6154, buf6155, buf6157, buf6159, buf6160, buf6161, buf6164, buf6166, buf6167, buf6168, buf6170, buf6172, buf6174, buf6175, buf6176, buf6178, buf6180, buf6182, buf6183, buf6184, buf6186, buf6188, buf6190, buf6191, buf6192, buf6194, buf6196, buf6198, buf6199, buf6200, buf6202, buf6204, buf6206, buf6207, buf6208, buf6210, buf6212, buf6214, buf6215, buf6216, buf6218, buf6220, buf6223, buf6225, buf6227, buf6228, buf6229, buf6232, buf6234, buf6236, buf6237, buf6238, buf6241, buf6243, buf6245, buf6246, buf6247, buf6248, buf6251, buf6253, buf6255, buf6256, buf6257, buf6258, buf6261, buf6262, buf6268, buf6270, buf6272, buf6273, buf6274, buf6277, buf6279, buf6282, buf6283, buf6284, buf6286, buf6288, buf6291, buf6292, buf6293, buf6295, buf6297, buf6300, buf6301, buf6302, buf6304, buf6306, buf6309, buf6310, buf6311, buf6313, buf6315, buf6318, buf6319, buf6320, buf6322, buf6324, buf6327, buf6328, buf6329, buf6331, buf6333, buf6336, buf6337, buf6338, buf6340, buf6342, buf6343, buf6344, buf6347, buf6352, buf6353, buf6354, buf6349, buf6355, buf6357, buf6359, buf6361, buf6362, buf6363, buf6365, buf6367, buf6369, buf6370, buf6371, buf6373, buf6375, buf6377, buf6378, buf6379, buf6381, buf6383, buf6385, buf6386, buf6387, buf6389, buf6391, buf6393, buf6394, buf6395, buf6397, buf6399, buf6400, buf6401, buf6404, buf6406, buf6407, buf6408, buf6410, buf6412, buf6414, buf6415, buf6416, buf6418, buf6420, buf6422, buf6423, buf6424, buf6426, buf6428, buf6430, buf6431, buf6432, buf6434, buf6436, buf6438, buf6439, buf6440, buf6442, buf6444, buf6446, buf6447, buf6448, buf6450, buf6452, buf6453, buf6454, buf6457, buf6459, buf6460, buf6461, buf6463, buf6465, buf6467, buf6468, buf6469, buf6471, buf6473, buf6475, buf6476, buf6477, buf6479, buf6481, buf6483, buf6484, buf6485, buf6487, buf6489, buf6491, buf6492, buf6493, buf6495, buf6497, buf6499, buf6500, buf6501, buf6503, buf6505, buf6507, buf6508, buf6509, buf6511, buf6513, buf6516, buf6518, buf6520, buf6521, buf6522, buf6525, buf6527, buf6529, buf6530, buf6531, buf6534, buf6536, buf6538, buf6539, buf6540, buf6541, buf6544, buf6546, buf6548, buf6549, buf6550, buf6551, buf6554, buf6555, buf6561, buf6563, buf6565, buf6566, buf6567, buf6570, buf6572, buf6575, buf6576, buf6577, buf6579, buf6581, buf6584, buf6585, buf6586, buf6588, buf6590, buf6593, buf6594, buf6595, buf6597, buf6599, buf6602, buf6603, buf6604, buf6606, buf6608, buf6611, buf6612, buf6613, buf6615, buf6617, buf6620, buf6621, buf6622, buf6624, buf6626, buf6629, buf6630, buf6631, buf6633, buf6635, buf6636, buf6637, buf6640, buf6645, buf6646, buf6647, buf6642, buf6648, buf6650, buf6652, buf6654, buf6655, buf6656, buf6658, buf6660, buf6662, buf6663, buf6664, buf6666, buf6668, buf6670, buf6671, buf6672, buf6674, buf6676, buf6678, buf6679, buf6680, buf6682, buf6684, buf6686, buf6687, buf6688, buf6690, buf6692, buf6693, buf6694, buf6697, buf6699, buf6700, buf6701, buf6703, buf6705, buf6707, buf6708, buf6709, buf6711, buf6713, buf6715, buf6716, buf6717, buf6719, buf6721, buf6723, buf6724, buf6725, buf6727, buf6729, buf6731, buf6732, buf6733, buf6735, buf6737, buf6739, buf6740, buf6741, buf6743, buf6745, buf6746, buf6747, buf6750, buf6752, buf6753, buf6754, buf6756, buf6758, buf6760, buf6761, buf6762, buf6764, buf6766, buf6768, buf6769, buf6770, buf6772, buf6774, buf6776, buf6777, buf6778, buf6780, buf6782, buf6784, buf6785, buf6786, buf6788, buf6790, buf6792, buf6793, buf6794, buf6796, buf6798, buf6800, buf6801, buf6802, buf6804, buf6807, buf6810, buf6812, buf6814, buf6815, buf6816, buf6819, buf6821, buf6823, buf6824, buf6825, buf6828, buf6830, buf6832, buf6833, buf6834, buf6835, buf6838, buf6840, buf6842, buf6843, buf6844, buf6845, buf6848, buf6849, buf6855, buf6857, buf6859, buf6860, buf6861, buf6864, buf6866, buf6869, buf6870, buf6871, buf6873, buf6875, buf6878, buf6879, buf6880, buf6882, buf6884, buf6887, buf6888, buf6889, buf6891, buf6893, buf6896, buf6897, buf6898, buf6900, buf6902, buf6905, buf6906, buf6907, buf6909, buf6911, buf6914, buf6915, buf6916, buf6918, buf6920, buf6923, buf6924, buf6925, buf6927, buf6929, buf6930, buf6931, buf6934, buf6939, buf6940, buf6941, buf6936, buf6942, buf6944, buf6946, buf6948, buf6949, buf6950, buf6952, buf6954, buf6956, buf6957, buf6958, buf6960, buf6962, buf6964, buf6965, buf6966, buf6968, buf6970, buf6972, buf6973, buf6974, buf6976, buf6978, buf6980, buf6981, buf6982, buf6984, buf6986, buf6987, buf6988, buf6991, buf6993, buf6994, buf6995, buf6997, buf6999, buf7001, buf7002, buf7003, buf7005, buf7007, buf7009, buf7010, buf7011, buf7013, buf7015, buf7017, buf7018, buf7019, buf7021, buf7023, buf7025, buf7026, buf7027, buf7029, buf7031, buf7033, buf7034, buf7035, buf7037, buf7039, buf7040, buf7041, buf7044, buf7046, buf7047, buf7048, buf7050, buf7052, buf7054, buf7055, buf7056, buf7058, buf7060, buf7062, buf7063, buf7064, buf7066, buf7068, buf7070, buf7071, buf7072, buf7074, buf7076, buf7078, buf7079, buf7080, buf7082, buf7084, buf7086, buf7087, buf7088, buf7090, buf7092, buf7094, buf7095, buf7096, buf7098, buf7100, buf7103, buf7105, buf7107, buf7108, buf7109, buf7112, buf7114, buf7116, buf7117, buf7118, buf7121, buf7123, buf7125, buf7126, buf7127, buf7128, buf7131, buf7133, buf7135, buf7136, buf7137, buf7138, buf7141, buf7142, buf7148, buf7150, buf7152, buf7153, buf7154, buf7157, buf7159, buf7162, buf7163, buf7164, buf7166, buf7168, buf7171, buf7172, buf7173, buf7175, buf7177, buf7180, buf7181, buf7182, buf7184, buf7186, buf7189, buf7190, buf7191, buf7193, buf7195, buf7198, buf7199, buf7200, buf7202, buf7204, buf7207, buf7208, buf7209, buf7211, buf7213, buf7216, buf7217, buf7218, buf7220, buf7222, buf7223, buf7224, buf7227, buf7232, buf7233, buf7234, buf7229, buf7235, buf7237, buf7239, buf7241, buf7242, buf7243, buf7245, buf7247, buf7249, buf7250, buf7251, buf7253, buf7255, buf7257, buf7258, buf7259, buf7261, buf7263, buf7265, buf7266, buf7267, buf7269, buf7271, buf7273, buf7274, buf7275, buf7277, buf7279, buf7280, buf7281, buf7284, buf7286, buf7287, buf7288, buf7290, buf7292, buf7294, buf7295, buf7296, buf7298, buf7300, buf7302, buf7303, buf7304, buf7306, buf7308, buf7310, buf7311, buf7312, buf7314, buf7316, buf7318, buf7319, buf7320, buf7322, buf7324, buf7326, buf7327, buf7328, buf7330, buf7332, buf7333, buf7334, buf7337, buf7339, buf7340, buf7341, buf7343, buf7345, buf7347, buf7348, buf7349, buf7351, buf7353, buf7355, buf7356, buf7357, buf7359, buf7361, buf7363, buf7364, buf7365, buf7367, buf7369, buf7371, buf7372, buf7373, buf7375, buf7377, buf7379, buf7380, buf7381, buf7383, buf7385, buf7387, buf7388, buf7389, buf7391, buf7394, buf7397, buf7399, buf7401, buf7402, buf7403, buf7406, buf7408, buf7410, buf7411, buf7412, buf7415, buf7417, buf7419, buf7420, buf7421, buf7422, buf7425, buf7427, buf7429, buf7430, buf7431, buf7432, buf7435, buf7436, buf7442, buf7444, buf7446, buf7447, buf7448, buf7451, buf7453, buf7456, buf7457, buf7458, buf7460, buf7462, buf7465, buf7466, buf7467, buf7469, buf7471, buf7474, buf7475, buf7476, buf7478, buf7480, buf7483, buf7484, buf7485, buf7487, buf7489, buf7492, buf7493, buf7494, buf7496, buf7498, buf7501, buf7502, buf7503, buf7505, buf7507, buf7510, buf7511, buf7512, buf7514, buf7516, buf7517, buf7518, buf7521, buf7526, buf7527, buf7528, buf7523, buf7529, buf7531, buf7533, buf7535, buf7536, buf7537, buf7539, buf7541, buf7543, buf7544, buf7545, buf7547, buf7549, buf7551, buf7552, buf7553, buf7555, buf7557, buf7559, buf7560, buf7561, buf7563, buf7565, buf7567, buf7568, buf7569, buf7571, buf7573, buf7574, buf7575, buf7578, buf7580, buf7581, buf7582, buf7584, buf7586, buf7588, buf7589, buf7590, buf7592, buf7594, buf7596, buf7597, buf7598, buf7600, buf7602, buf7604, buf7605, buf7606, buf7608, buf7610, buf7612, buf7613, buf7614, buf7616, buf7618, buf7620, buf7621, buf7622, buf7624, buf7626, buf7627, buf7628, buf7631, buf7633, buf7634, buf7635, buf7637, buf7639, buf7641, buf7642, buf7643, buf7645, buf7647, buf7649, buf7650, buf7651, buf7653, buf7655, buf7657, buf7658, buf7659, buf7661, buf7663, buf7665, buf7666, buf7667, buf7669, buf7671, buf7673, buf7674, buf7675, buf7677, buf7679, buf7681, buf7682, buf7683, buf7685, buf7687, buf7690, buf7692, buf7694, buf7695, buf7696, buf7699, buf7701, buf7703, buf7704, buf7705, buf7708, buf7710, buf7712, buf7713, buf7714, buf7715, buf7718, buf7720, buf7722, buf7723, buf7724, buf7725, buf7728, buf7729, buf7735, buf7737, buf7739, buf7740, buf7741, buf7744, buf7746, buf7749, buf7750, buf7751, buf7753, buf7755, buf7758, buf7759, buf7760, buf7762, buf7764, buf7767, buf7768, buf7769, buf7771, buf7773, buf7776, buf7777, buf7778, buf7780, buf7782, buf7785, buf7786, buf7787, buf7789, buf7791, buf7794, buf7795, buf7796, buf7798, buf7800, buf7803, buf7804, buf7805, buf7807, buf7809, buf7810, buf7811, buf7814, buf7819, buf7820, buf7821, buf7816, buf7822, buf7824, buf7826, buf7828, buf7829, buf7830, buf7832, buf7834, buf7836, buf7837, buf7838, buf7840, buf7842, buf7844, buf7845, buf7846, buf7848, buf7850, buf7852, buf7853, buf7854, buf7856, buf7858, buf7860, buf7861, buf7862, buf7864, buf7866, buf7867, buf7868, buf7871, buf7873, buf7874, buf7875, buf7877, buf7879, buf7881, buf7882, buf7883, buf7885, buf7887, buf7889, buf7890, buf7891, buf7893, buf7895, buf7897, buf7898, buf7899, buf7901, buf7903, buf7905, buf7906, buf7907, buf7909, buf7911, buf7913, buf7914, buf7915, buf7917, buf7919, buf7920, buf7921, buf7924, buf7926, buf7927, buf7928, buf7930, buf7932, buf7934, buf7935, buf7936, buf7938, buf7940, buf7942, buf7943, buf7944, buf7946, buf7948, buf7950, buf7951, buf7952, buf7954, buf7956, buf7958, buf7959, buf7960, buf7962, buf7964, buf7966, buf7967, buf7968, buf7970, buf7972, buf7974, buf7975, buf7976, buf7978, buf7981, buf7984, buf7986, buf7988, buf7989, buf7990, buf7993, buf7995, buf7997, buf7998, buf7999, buf8002, buf8004, buf8006, buf8007, buf8008, buf8009, buf8012, buf8014, buf8016, buf8017, buf8018, buf8019, buf8022, buf8023, buf8029, buf8031, buf8033, buf8034, buf8035, buf8038, buf8040, buf8043, buf8044, buf8045, buf8047, buf8049, buf8052, buf8053, buf8054, buf8056, buf8058, buf8061, buf8062, buf8063, buf8065, buf8067, buf8070, buf8071, buf8072, buf8074, buf8076, buf8079, buf8080, buf8081, buf8083, buf8085, buf8088, buf8089, buf8090, buf8092, buf8094, buf8097, buf8098, buf8099, buf8101, buf8103, buf8104, buf8105, buf8108, buf8113, buf8114, buf8115, buf8110, buf8116, buf8118, buf8120, buf8122, buf8123, buf8124, buf8126, buf8128, buf8130, buf8131, buf8132, buf8134, buf8136, buf8138, buf8139, buf8140, buf8142, buf8144, buf8146, buf8147, buf8148, buf8150, buf8152, buf8154, buf8155, buf8156, buf8158, buf8160, buf8161, buf8162, buf8165, buf8167, buf8168, buf8169, buf8171, buf8173, buf8175, buf8176, buf8177, buf8179, buf8181, buf8183, buf8184, buf8185, buf8187, buf8189, buf8191, buf8192, buf8193, buf8195, buf8197, buf8199, buf8200, buf8201, buf8203, buf8205, buf8207, buf8208, buf8209, buf8211, buf8213, buf8214, buf8215, buf8218, buf8220, buf8221, buf8222, buf8224, buf8226, buf8228, buf8229, buf8230, buf8232, buf8234, buf8236, buf8237, buf8238, buf8240, buf8242, buf8244, buf8245, buf8246, buf8248, buf8250, buf8252, buf8253, buf8254, buf8256, buf8258, buf8260, buf8261, buf8262, buf8264, buf8266, buf8268, buf8269, buf8270, buf8272, buf8274, buf8277, buf8279, buf8281, buf8282, buf8283, buf8286, buf8288, buf8290, buf8291, buf8292, buf8295, buf8297, buf8299, buf8300, buf8301, buf8302, buf8305, buf8307, buf8309, buf8310, buf8311, buf8312, buf8315, buf8316, buf8322, buf8324, buf8326, buf8327, buf8328, buf8331, buf8333, buf8336, buf8337, buf8338, buf8340, buf8342, buf8345, buf8346, buf8347, buf8349, buf8351, buf8354, buf8355, buf8356, buf8358, buf8360, buf8363, buf8364, buf8365, buf8367, buf8369, buf8372, buf8373, buf8374, buf8376, buf8378, buf8381, buf8382, buf8383, buf8385, buf8387, buf8390, buf8391, buf8392, buf8394, buf8396, buf8397, buf8398, buf8401, buf8406, buf8407, buf8408, buf8403, buf8409, buf8411, buf8413, buf8415, buf8416, buf8417, buf8419, buf8421, buf8423, buf8424, buf8425, buf8427, buf8429, buf8431, buf8432, buf8433, buf8435, buf8437, buf8439, buf8440, buf8441, buf8443, buf8445, buf8447, buf8448, buf8449, buf8451, buf8453, buf8454, buf8455, buf8458, buf8460, buf8461, buf8462, buf8464, buf8466, buf8468, buf8469, buf8470, buf8472, buf8474, buf8476, buf8477, buf8478, buf8480, buf8482, buf8484, buf8485, buf8486, buf8488, buf8490, buf8492, buf8493, buf8494, buf8496, buf8498, buf8500, buf8501, buf8502, buf8504, buf8506, buf8507, buf8508, buf8511, buf8513, buf8514, buf8515, buf8517, buf8519, buf8521, buf8522, buf8523, buf8525, buf8527, buf8529, buf8530, buf8531, buf8533, buf8535, buf8537, buf8538, buf8539, buf8541, buf8543, buf8545, buf8546, buf8547, buf8549, buf8551, buf8553, buf8554, buf8555, buf8557, buf8559, buf8561, buf8562, buf8563, buf8565, buf8568, buf8571, buf8572, buf8577, buf8579, buf8581, buf8582, buf8583, buf8586, buf8588, buf8590, buf8591, buf8592, buf8595, buf8597, buf8599, buf8600, buf8601, buf8602, buf8605, buf8607, buf8609, buf8610, buf8611, buf8612, buf8615, buf8616, buf8622, buf8624, buf8626, buf8627, buf8628, buf8631, buf8633, buf8636, buf8637, buf8638, buf8640, buf8642, buf8645, buf8646, buf8647, buf8649, buf8651, buf8654, buf8655, buf8656, buf8658, buf8660, buf8663, buf8664, buf8665, buf8667, buf8669, buf8672, buf8673, buf8674, buf8676, buf8678, buf8681, buf8682, buf8683, buf8685, buf8687, buf8690, buf8691, buf8692, buf8694, buf8696, buf8697, buf8698, buf8701, buf8706, buf8707, buf8708, buf8703, buf8709, buf8711, buf8713, buf8715, buf8716, buf8717, buf8719, buf8721, buf8723, buf8724, buf8725, buf8727, buf8729, buf8731, buf8732, buf8733, buf8735, buf8737, buf8739, buf8740, buf8741, buf8743, buf8745, buf8747, buf8748, buf8749, buf8751, buf8753, buf8754, buf8755, buf8758, buf8760, buf8761, buf8762, buf8764, buf8766, buf8768, buf8769, buf8770, buf8772, buf8774, buf8776, buf8777, buf8778, buf8780, buf8782, buf8784, buf8785, buf8786, buf8788, buf8790, buf8792, buf8793, buf8794, buf8796, buf8798, buf8800, buf8801, buf8802, buf8804, buf8806, buf8807, buf8808, buf8811, buf8813, buf8814, buf8815, buf8817, buf8819, buf8821, buf8822, buf8823, buf8825, buf8827, buf8829, buf8830, buf8831, buf8833, buf8835, buf8837, buf8838, buf8839, buf8841, buf8843, buf8845, buf8846, buf8847, buf8849, buf8851, buf8853, buf8854, buf8855, buf8857, buf8859, buf8861, buf8862, buf8863, buf8865, buf8867, buf8870, buf8872, buf8874, buf8875, buf8876, buf8879, buf8881, buf8883, buf8884, buf8885, buf8888, buf8890, buf8892, buf8893, buf8894, buf8895, buf8898, buf8900, buf8902, buf8903, buf8904, buf8905, buf8908, buf8909, buf8915, buf8917, buf8919, buf8920, buf8921, buf8924, buf8926, buf8929, buf8930, buf8931, buf8933, buf8935, buf8938, buf8939, buf8940, buf8942, buf8944, buf8947, buf8948, buf8949, buf8951, buf8953, buf8956, buf8957, buf8958, buf8960, buf8962, buf8965, buf8966, buf8967, buf8969, buf8971, buf8974, buf8975, buf8976, buf8978, buf8980, buf8983, buf8984, buf8985, buf8987, buf8989, buf8990, buf8991, buf8994, buf8999, buf9000, buf9001, buf8996, buf9002, buf9004, buf9006, buf9008, buf9009, buf9010, buf9012, buf9014, buf9016, buf9017, buf9018, buf9020, buf9022, buf9024, buf9025, buf9026, buf9028, buf9030, buf9032, buf9033, buf9034, buf9036, buf9038, buf9040, buf9041, buf9042, buf9044, buf9046, buf9047, buf9048, buf9051, buf9053, buf9054, buf9055, buf9057, buf9059, buf9061, buf9062, buf9063, buf9065, buf9067, buf9069, buf9070, buf9071, buf9073, buf9075, buf9077, buf9078, buf9079, buf9081, buf9083, buf9085, buf9086, buf9087, buf9089, buf9091, buf9093, buf9094, buf9095, buf9097, buf9099, buf9100, buf9101, buf9104, buf9106, buf9107, buf9108, buf9110, buf9112, buf9114, buf9115, buf9116, buf9118, buf9120, buf9122, buf9123, buf9124, buf9126, buf9128, buf9130, buf9131, buf9132, buf9134, buf9136, buf9138, buf9139, buf9140, buf9142, buf9144, buf9146, buf9147, buf9148, buf9150, buf9152, buf9154, buf9155, buf9156, buf9158, buf9160, buf9163, buf9165, buf9167, buf9168, buf9169, buf9172, buf9174, buf9176, buf9177, buf9178, buf9181, buf9183, buf9185, buf9186, buf9187, buf9188, buf9191, buf9193, buf9195, buf9196, buf9197, buf9198, buf9201, buf9202, buf9208, buf9210, buf9212, buf9213, buf9214, buf9217, buf9219, buf9222, buf9223, buf9224, buf9226, buf9228, buf9231, buf9232, buf9233, buf9235, buf9237, buf9240, buf9241, buf9242, buf9244, buf9246, buf9249, buf9250, buf9251, buf9253, buf9255, buf9258, buf9259, buf9260, buf9262, buf9264, buf9267, buf9268, buf9269, buf9271, buf9273, buf9276, buf9277, buf9278, buf9280, buf9282, buf9283, buf9284, buf9287, buf9292, buf9293, buf9294, buf9289, buf9295, buf9297, buf9299, buf9301, buf9302, buf9303, buf9305, buf9307, buf9309, buf9310, buf9311, buf9313, buf9315, buf9317, buf9318, buf9319, buf9321, buf9323, buf9325, buf9326, buf9327, buf9329, buf9331, buf9333, buf9334, buf9335, buf9337, buf9339, buf9340, buf9341, buf9344, buf9346, buf9347, buf9348, buf9350, buf9352, buf9354, buf9355, buf9356, buf9358, buf9360, buf9362, buf9363, buf9364, buf9366, buf9368, buf9370, buf9371, buf9372, buf9374, buf9376, buf9378, buf9379, buf9380, buf9382, buf9384, buf9386, buf9387, buf9388, buf9390, buf9392, buf9393, buf9394, buf9397, buf9399, buf9400, buf9401, buf9403, buf9405, buf9407, buf9408, buf9409, buf9411, buf9413, buf9415, buf9416, buf9417, buf9419, buf9421, buf9423, buf9424, buf9425, buf9427, buf9429, buf9431, buf9432, buf9433, buf9435, buf9437, buf9439, buf9440, buf9441, buf9443, buf9445, buf9447, buf9448, buf9449, buf9451, buf9454, buf9457, buf9459, buf9461, buf9462, buf9463, buf9466, buf9468, buf9470, buf9471, buf9472, buf9475, buf9477, buf9479, buf9480, buf9481, buf9482, buf9485, buf9487, buf9489, buf9490, buf9491, buf9492, buf9495, buf9496, buf9502, buf9504, buf9506, buf9507, buf9508, buf9511, buf9513, buf9516, buf9517, buf9518, buf9520, buf9522, buf9525, buf9526, buf9527, buf9529, buf9531, buf9534, buf9535, buf9536, buf9538, buf9540, buf9543, buf9544, buf9545, buf9547, buf9549, buf9552, buf9553, buf9554, buf9556, buf9558, buf9561, buf9562, buf9563, buf9565, buf9567, buf9570, buf9571, buf9572, buf9574, buf9576, buf9577, buf9578, buf9581, buf9586, buf9587, buf9588, buf9583, buf9589, buf9591, buf9593, buf9595, buf9596, buf9597, buf9599, buf9601, buf9603, buf9604, buf9605, buf9607, buf9609, buf9611, buf9612, buf9613, buf9615, buf9617, buf9619, buf9620, buf9621, buf9623, buf9625, buf9627, buf9628, buf9629, buf9631, buf9633, buf9634, buf9635, buf9638, buf9640, buf9641, buf9642, buf9644, buf9646, buf9648, buf9649, buf9650, buf9652, buf9654, buf9656, buf9657, buf9658, buf9660, buf9662, buf9664, buf9665, buf9666, buf9668, buf9670, buf9672, buf9673, buf9674, buf9676, buf9678, buf9680, buf9681, buf9682, buf9684, buf9686, buf9687, buf9688, buf9691, buf9693, buf9694, buf9695, buf9697, buf9699, buf9701, buf9702, buf9703, buf9705, buf9707, buf9709, buf9710, buf9711, buf9713, buf9715, buf9717, buf9718, buf9719, buf9721, buf9723, buf9725, buf9726, buf9727, buf9729, buf9731, buf9733, buf9734, buf9735, buf9737, buf9739, buf9741, buf9742, buf9743, buf9745, buf9747, buf9750, buf9752, buf9754, buf9755, buf9756, buf9759, buf9761, buf9763, buf9764, buf9765, buf9768, buf9770, buf9772, buf9773, buf9774, buf9775, buf9778, buf9780, buf9782, buf9783, buf9784, buf9785, buf9788, buf9789, buf9795, buf9797, buf9799, buf9800, buf9801, buf9804, buf9806, buf9809, buf9810, buf9811, buf9813, buf9815, buf9818, buf9819, buf9820, buf9822, buf9824, buf9827, buf9828, buf9829, buf9831, buf9833, buf9836, buf9837, buf9838, buf9840, buf9842, buf9845, buf9846, buf9847, buf9849, buf9851, buf9854, buf9855, buf9856, buf9858, buf9860, buf9863, buf9864, buf9865, buf9867, buf9869, buf9870, buf9871, buf9874, buf9879, buf9880, buf9881, buf9876, buf9882, buf9884, buf9886, buf9888, buf9889, buf9890, buf9892, buf9894, buf9896, buf9897, buf9898, buf9900, buf9902, buf9904, buf9905, buf9906, buf9908, buf9910, buf9912, buf9913, buf9914, buf9916, buf9918, buf9920, buf9921, buf9922, buf9924, buf9926, buf9927, buf9928, buf9931, buf9933, buf9934, buf9935, buf9937, buf9939, buf9941, buf9942, buf9943, buf9945, buf9947, buf9949, buf9950, buf9951, buf9953, buf9955, buf9957, buf9958, buf9959, buf9961, buf9963, buf9965, buf9966, buf9967, buf9969, buf9971, buf9973, buf9974, buf9975, buf9977, buf9979, buf9980, buf9981, buf9984, buf9986, buf9987, buf9988, buf9990, buf9992, buf9994, buf9995, buf9996, buf9998, buf10000, buf10002, buf10003, buf10004, buf10006, buf10008, buf10010, buf10011, buf10012, buf10014, buf10016, buf10018, buf10019, buf10020, buf10022, buf10024, buf10026, buf10027, buf10028, buf10030, buf10032, buf10034, buf10035, buf10036, buf10038, buf10041, buf10044, buf10046, buf10048, buf10049, buf10050, buf10053, buf10055, buf10057, buf10058, buf10059, buf10062, buf10064, buf10066, buf10067, buf10068, buf10069, buf10072, buf10074, buf10076, buf10077, buf10078, buf10079, buf10082, buf10083, buf10089, buf10091, buf10093, buf10094, buf10095, buf10098, buf10100, buf10103, buf10104, buf10105, buf10107, buf10109, buf10112, buf10113, buf10114, buf10116, buf10118, buf10121, buf10122, buf10123, buf10125, buf10127, buf10130, buf10131, buf10132, buf10134, buf10136, buf10139, buf10140, buf10141, buf10143, buf10145, buf10148, buf10149, buf10150, buf10152, buf10154, buf10157, buf10158, buf10159, buf10161, buf10163, buf10164, buf10165, buf10168, buf10173, buf10174, buf10175, buf10170, buf10176, buf10178, buf10180, buf10182, buf10183, buf10184, buf10186, buf10188, buf10190, buf10191, buf10192, buf10194, buf10196, buf10198, buf10199, buf10200, buf10202, buf10204, buf10206, buf10207, buf10208, buf10210, buf10212, buf10214, buf10215, buf10216, buf10218, buf10220, buf10221, buf10222, buf10225, buf10227, buf10228, buf10229, buf10231, buf10233, buf10235, buf10236, buf10237, buf10239, buf10241, buf10243, buf10244, buf10245, buf10247, buf10249, buf10251, buf10252, buf10253, buf10255, buf10257, buf10259, buf10260, buf10261, buf10263, buf10265, buf10267, buf10268, buf10269, buf10271, buf10273, buf10274, buf10275, buf10278, buf10280, buf10281, buf10282, buf10284, buf10286, buf10288, buf10289, buf10290, buf10292, buf10294, buf10296, buf10297, buf10298, buf10300, buf10302, buf10304, buf10305, buf10306, buf10308, buf10310, buf10312, buf10313, buf10314, buf10316, buf10318, buf10320, buf10321, buf10322, buf10324, buf10326, buf10328, buf10329, buf10330, buf10332, buf10334, buf10337, buf10339, buf10341, buf10342, buf10343, buf10346, buf10348, buf10350, buf10351, buf10352, buf10355, buf10357, buf10359, buf10360, buf10361, buf10362, buf10365, buf10367, buf10369, buf10370, buf10371, buf10372, buf10375, buf10376, buf10382, buf10384, buf10386, buf10387, buf10388, buf10391, buf10393, buf10396, buf10397, buf10398, buf10400, buf10402, buf10405, buf10406, buf10407, buf10409, buf10411, buf10414, buf10415, buf10416, buf10418, buf10420, buf10423, buf10424, buf10425, buf10427, buf10429, buf10432, buf10433, buf10434, buf10436, buf10438, buf10441, buf10442, buf10443, buf10445, buf10447, buf10450, buf10451, buf10452, buf10454, buf10456, buf10457, buf10458, buf10461, buf10466, buf10467, buf10468, buf10463, buf10469, buf10471, buf10473, buf10475, buf10476, buf10477, buf10479, buf10481, buf10483, buf10484, buf10485, buf10487, buf10489, buf10491, buf10492, buf10493, buf10495, buf10497, buf10499, buf10500, buf10501, buf10503, buf10505, buf10507, buf10508, buf10509, buf10511, buf10513, buf10514, buf10515, buf10518, buf10520, buf10521, buf10522, buf10524, buf10526, buf10528, buf10529, buf10530, buf10532, buf10534, buf10536, buf10537, buf10538, buf10540, buf10542, buf10544, buf10545, buf10546, buf10548, buf10550, buf10552, buf10553, buf10554, buf10556, buf10558, buf10560, buf10561, buf10562, buf10564, buf10566, buf10567, buf10568, buf10571, buf10573, buf10574, buf10575, buf10577, buf10579, buf10581, buf10582, buf10583, buf10585, buf10587, buf10589, buf10590, buf10591, buf10593, buf10595, buf10597, buf10598, buf10599, buf10601, buf10603, buf10605, buf10606, buf10607, buf10609, buf10611, buf10613, buf10614, buf10615, buf10617, buf10619, buf10621, buf10622, buf10623, buf10625, buf10628, buf10631, buf10633, buf10635, buf10636, buf10637, buf10640, buf10642, buf10644, buf10645, buf10646, buf10649, buf10651, buf10653, buf10654, buf10655, buf10656, buf10659, buf10661, buf10663, buf10664, buf10665, buf10666, buf10669, buf10670, buf10676, buf10678, buf10680, buf10681, buf10682, buf10685, buf10687, buf10690, buf10691, buf10692, buf10694, buf10696, buf10699, buf10700, buf10701, buf10703, buf10705, buf10708, buf10709, buf10710, buf10712, buf10714, buf10717, buf10718, buf10719, buf10721, buf10723, buf10726, buf10727, buf10728, buf10730, buf10732, buf10735, buf10736, buf10737, buf10739, buf10741, buf10744, buf10745, buf10746, buf10748, buf10750, buf10751, buf10752, buf10755, buf10760, buf10761, buf10762, buf10757, buf10763, buf10765, buf10767, buf10769, buf10770, buf10771, buf10773, buf10775, buf10777, buf10778, buf10779, buf10781, buf10783, buf10785, buf10786, buf10787, buf10789, buf10791, buf10793, buf10794, buf10795, buf10797, buf10799, buf10801, buf10802, buf10803, buf10805, buf10807, buf10808, buf10809, buf10812, buf10814, buf10815, buf10816, buf10818, buf10820, buf10822, buf10823, buf10824, buf10826, buf10828, buf10830, buf10831, buf10832, buf10834, buf10836, buf10838, buf10839, buf10840, buf10842, buf10844, buf10846, buf10847, buf10848, buf10850, buf10852, buf10854, buf10855, buf10856, buf10858, buf10860, buf10861, buf10862, buf10865, buf10867, buf10868, buf10869, buf10871, buf10873, buf10875, buf10876, buf10877, buf10879, buf10881, buf10883, buf10884, buf10885, buf10887, buf10889, buf10891, buf10892, buf10893, buf10895, buf10897, buf10899, buf10900, buf10901, buf10903, buf10905, buf10907, buf10908, buf10909, buf10911, buf10913, buf10915, buf10916, buf10917, buf10919, buf10921, buf10924, buf10926, buf10928, buf10929, buf10930, buf10933, buf10935, buf10937, buf10938, buf10939, buf10942, buf10944, buf10946, buf10947, buf10948, buf10949, buf10952, buf10954, buf10956, buf10957, buf10958, buf10959, buf10962, buf10963, buf10969, buf10971, buf10973, buf10974, buf10975, buf10978, buf10980, buf10983, buf10984, buf10985, buf10987, buf10989, buf10992, buf10993, buf10994, buf10996, buf10998, buf11001, buf11002, buf11003, buf11005, buf11007, buf11010, buf11011, buf11012, buf11014, buf11016, buf11019, buf11020, buf11021, buf11023, buf11025, buf11028, buf11029, buf11030, buf11032, buf11034, buf11037, buf11038, buf11039, buf11041, buf11043, buf11044, buf11045, buf11048, buf11053, buf11054, buf11055, buf11050, buf11056, buf11058, buf11060, buf11062, buf11063, buf11064, buf11066, buf11068, buf11070, buf11071, buf11072, buf11074, buf11076, buf11078, buf11079, buf11080, buf11082, buf11084, buf11086, buf11087, buf11088, buf11090, buf11092, buf11094, buf11095, buf11096, buf11098, buf11100, buf11101, buf11102, buf11105, buf11107, buf11108, buf11109, buf11111, buf11113, buf11115, buf11116, buf11117, buf11119, buf11121, buf11123, buf11124, buf11125, buf11127, buf11129, buf11131, buf11132, buf11133, buf11135, buf11137, buf11139, buf11140, buf11141, buf11143, buf11145, buf11147, buf11148, buf11149, buf11151, buf11153, buf11154, buf11155, buf11158, buf11160, buf11161, buf11162, buf11164, buf11166, buf11168, buf11169, buf11170, buf11172, buf11174, buf11176, buf11177, buf11178, buf11180, buf11182, buf11184, buf11185, buf11186, buf11188, buf11190, buf11192, buf11193, buf11194, buf11196, buf11198, buf11200, buf11201, buf11202, buf11204, buf11206, buf11208, buf11209, buf11210, buf11212, buf11215, primals_4, primals_6, primals_7, primals_9, primals_10, primals_12, primals_13, primals_15, primals_16, primals_18, primals_20, primals_22, primals_23, primals_25, primals_26, primals_28, primals_29, primals_31, primals_32, primals_34, primals_36, primals_38, primals_39, primals_41, primals_42, primals_44, primals_45, primals_47, primals_48, primals_50, primals_52, primals_53, primals_55, primals_56, primals_58, primals_59, primals_61, primals_62, primals_64, primals_65, primals_67, primals_69, primals_71, primals_72, primals_74, primals_75, primals_77, primals_78, primals_80, primals_81, primals_83, primals_85, primals_86, primals_88, primals_89, primals_91, primals_92, primals_94, primals_95, primals_97, primals_98, primals_100, primals_101, primals_102, primals_103, primals_105, primals_106, primals_107, primals_108, primals_109, primals_110, primals_111, primals_113, primals_114, primals_115, primals_116, primals_117, primals_118, primals_119, primals_120, primals_121, primals_122, primals_123, primals_124, primals_126, primals_127, primals_128, primals_129, primals_130, primals_131, primals_132, primals_133, primals_134, primals_135, primals_137, primals_138, primals_139, primals_140, primals_142, primals_143, primals_144, primals_145, primals_147, primals_148, primals_149, primals_152, primals_154, primals_156, primals_157, primals_158, primals_159, primals_161, primals_162, primals_163, primals_164, primals_166, primals_167, primals_168, primals_169, primals_170, primals_171, primals_172, primals_174, primals_175, primals_176, primals_177, primals_178, primals_179, primals_181, primals_182, primals_183, primals_184, primals_186, primals_187, primals_188, primals_189, primals_191, primals_192, primals_193, primals_194, primals_196, primals_197, primals_198, primals_199, primals_201, primals_202, primals_203, primals_204, primals_206, primals_207, primals_208, primals_209, primals_211, primals_212, primals_213, primals_214, primals_216, primals_217, primals_218, primals_219, primals_221, primals_222, primals_223, primals_224, primals_225, primals_226, primals_232, primals_228, primals_230, primals_231, primals_233, primals_235, primals_236, primals_237, primals_238, primals_240, primals_241, primals_242, primals_243, primals_245, primals_246, primals_247, primals_248, primals_250, primals_251, primals_252, primals_253, primals_255, primals_256, primals_257, primals_258, primals_260, primals_261, primals_262, primals_263, primals_264, primals_265, primals_267, primals_268, primals_270, primals_271, primals_272, primals_273, primals_275, primals_276, primals_277, primals_278, primals_280, primals_281, primals_282, primals_283, primals_285, primals_286, primals_287, primals_288, primals_290, primals_291, primals_292, primals_293, primals_295, primals_296, primals_297, primals_298, primals_299, primals_300, primals_302, primals_303, primals_305, primals_306, primals_307, primals_308, primals_310, primals_311, primals_312, primals_313, primals_315, primals_316, primals_317, primals_318, primals_320, primals_321, primals_322, primals_323, primals_325, primals_326, primals_327, primals_328, primals_330, primals_331, primals_332, primals_333, primals_335, primals_336) = self.partitions[0](partition0_args)
[rank0]:                                                                                                                                                                                                                                                                                                                                                                                                                                                                                                                                                                                                                                                                                                                                                                                                                                                                                                                                                                                                                                                                                                                                                                                                                                                                                                                                                                                                                                                                                                                                                                                                                                                                                                                                                                                                                                                                                                                                                                                                                                                                                                                                                                                                                                                                                                                                                                                                                                                                                                                                                                                                                                                                                                                                                                                                                                                                                                                                                                                                                                                                                                                                                                                                                                                                                                                                                                                                                                                                                                                                                                                                                                                                                                                                                                                                                                                                                                                                                                                                                                                                                                                                                                                                                                                                                                                                                                                                                                                                                                                                                                                                                                                                                                                                                                                                                                                                                                                                                                                                                                                                                                                                                                                                                                                                                                                                                                                                                                                                                                                                                                                                                                                                                                                                                                                                                                                                                                                                                                                                                                                                                                                                                                                                                                                                                                                                                                                                                                                                                                                                                                                                                                                                                                                                                                                                                                                                                                                                                                                                                                                                                                                                                                                                                                                                                                                                                                                                                                                                                                                                                                                                                                                                                                                                                                                                                                                                                                                                                                                                                                                                                                                                                                                                                                                                                                                                                                                                                                                                                                                                                                                                                                                                                                                                                                                                                                                                                                                                                                                                                                                                                                                                                                                                                                                                                                                                                                                                                                                                                                                                                                                                                                                                                                                                                                                                                                                                                                                                                                                                                                                                                                                                                                                                                                                                                                                                                                                                                                                                                                                                                                                                                                                                                                                                                                                                                                                                                                                                                                                                                                                                                                                                                                                                                                                                                                                                                                                                                                                                                                                                                                                                                                                                                                                                                                                                                                                                                                                                                                                                                                                                                                                                                                                                                                                                                                                                                                                                                                                                                                                                                                                                                                                                                                                                                                                                                                                                                                                                                                                                                                                                                                                                                                                                                                                                                                                                                                                                                                                                                                                                                                                                                                                                                                                                                                                                                                                                                                                                                                                                                                                                                                                                                                                                                                                                                                                                                                                                                                                                                                                                                                                                                                                                                                                                                                                                                                                                                                                                                                                                                                                                                                                                                                                                                                                                                                                                                                                                                                                                                                                                                                                                                                                                                                                                                                                                                                                                                                                                                                                                                                                                                                                                                                                                                                                                                                                                                                                                                                                                                                                                                                                                                                                                                                                                                                                                                                                                                                                                                                                                                                                                                                                                                                                                                                                                                                                                                                                                                                                                                                                                                                                                                                                                                                                                                                                                                                                                                                                                                                                                                                                                                                                                                                                                                                                                                                                                                                                                                                                                                                                                                                                                                                                                                                                                                                                                                                                                                                                                                                                                                                                                                                                                                                                                                                                                                                                                                                                                                                                                                                                                                                                                                                                                                                                                                                                                                                                                                                                                                                                                                                                                                                                                                                                                                                                                                                                                                                                                                                                                                                                                                                                                                                                                                                                                                                                                                                                                                                                                                                                                                                                                                                                                                                                                                                                                                                                                                                                                                                                                                                                                                                                                                                                                                                                                                                                                                                                                                                                                                                                                                                                                                                                                                                                                                                                                                                                                                                                                                                                                                                                                                                                                                                                                                                                                                                                                                                                                                                                                                                                                                                                                                                                                                                                                                                                                                                                                                                                                                                                                                                                                                                                                                                                                                                                                                                                                                                                                                                                                                                                                                                                                                                                                                                                                                                                                                                                                                                                                                                                                                                                                                                                                                                                                                                                                                                                                                                                                                                                                                                                                                                                                                                                                                                                                                                                                                                                                                                                                                                                                                                                                                                                                                                                                                                                                                                                                                                                                                                                                                                                                                                                                                                                                                                                                                                                                                                                                                                                                                                                                                                                                                                                                                                                                                                                                                                                                                                                                                                                                                                                                                                                                                                                                                                                                                                                                                                                                                                                                                                                                                                                                                                                                                                                                                                                                                                                                                                                                                                                                                                                                                                                                                                                                                                                                                                                                                                                                                                                                                                                                                                                                                                                                                                                                                                                                                                                                                                                                                                                                                                                                                                                                                                                                                                                                                                                                                                                                                                                                                                                                                                                                                                                                                                                                                                                                                                                                                                                                                                                                                                                                                                                                                                                                                                                                                                                                                                                                                                                                                                                                                                                                                                                                                                                                                                                                                                                                                                                                                                                                                                                                                                                                                                                                                                                                                                                                                                                                                                                                                                                                                                                                                                                                                                                                                                                                                                                                                                                                                                                                                                                                                                                                                                                                                                                                                                                                                                                                                                                                                                                                                                                                                                                                                                                                                                                                                                                                                                                                                                                                                                                                                                                                                                                                                                                                                                                                                                                                                                                                                                                                                                                                                                                                                                                                                                                                                                                                                                                                                                                                                                                                                                                                                                                                                                                                                                                                                                                                                                                                                                                                                                                                                                                                                                                                                                                                                                                                                                                                                                                                                                                                                                                                                                                                                                                                                                                                                                                                                                                                                                                                                                                                                                                                                                                                                                                                                                                                                                                                                                                                                                                                                                                                                                                                                                                                                                                                                                                                                                                                                                                                                                                                                                                                                                                                                                                                                                                                                                                                                                                                                                                                                                                                                                                                                                                                                                                                                                                                                                                                                                                                                                                                                                                                                                                                                                                                                                                                                                                                                                                                                                                                                                                                                                                                                                                                                                                                                                                                                                                                                                                                                                                                                                                                                                                                                                                                                                                                                                                                                                                                                                                                                                                                                                                                                                                                                                                                                                                                                                                                                                                                                                                                                                                                                                                                                                                                                                                                                                                                                                                                                                                                                                                                                                                                                                                                                                                                                                                                                                                                                                                                                                                                                                                                                                                                                                                                                                                                                                                                                                                                                                                                                                                                                                                                                                                                                                                                                                                                                                                                                                                                                                                                                                                                                                                                                                                                                                                                                                                                                                                                                                                                                                                                                                                                                                                                                                                                                                                                                                                                                                                                                                                                                                                                                                                                                                                                                                                                                                                                                                                                                                                                                                                                                                                                                                                                                                                                                                                                                                                                                                                                                                                                                                                                                                                                                                                                                                                                                                                                                                                                                                                                                                                                                                                                                                                                                                                                                                                                                                                                                                                                                                                                                                                                                                                                                                                                                                                                                                                                                                                                                                                                                                                                                                                                                                                                                                                                                                                                                                                                                                                                                                                                                                                                                                                                                                                                                                                                                                                                                                                                                                                                                                                                                                                                                                                                                                                                                                                                                                                                                                                                                                                                                                                                                                                                                                                                                                                                                                                                                                                                                                                                                                                                                                                                                                                                                                                                                                                                                                                                                                                                                                                                                                                                                                                                                                                                                                                                                                                                                                                                                                                                                                                                                                                                                                                                                                                                                                                                                                                                                                                                                                                                                                                                                                                                                                                                                                                                                                                                                                                                                                                                                                                                                                                                                                                                                                                                                                                                                                                                                                                                                                                                                                                                                                                                                                                                                                                                                                                                                                                                                                                                                                                                                                                                                                                                                                                                                                                                                                                                                                                                                                                                                                                                                                                                                                                                                                                                                                                                                                                                                                                                                                                                                                                                                                                                                                                                                                                                                                                                                                                                                                                                                                                                                                                                                                                                                                                                                                                                                                                                                                                                                                                                                                                                                                                                                                                                                                                                                                                                                                                                                                                                                                                                                                                                                                                                                                                                                                                                                                                                                                                                                                                                                                                                                                                                                                                                                                                                                                                                                                                                                                                                                                                                                                                                                                                                                                                                                                                                                                                                                                                                                                                                                                                                                                                                                                                                                                                                                                                                                                                                                                                                                                                                                                                                                                                                                                                                                                                                                                                                                                                                                                                                                                                                                                                                                                                                                                                                                                                                                                                                                                                                                                                                                                                                                                                                                                                                                                                                                                                                                                                                                                                                                                                                                                                                                                                                                                                                                                                                                                                                                                                                                                                                                                                                                                                                                                                                                                                                                                                                                                                                                                                                                                                                                                                                                                                                                                                                                                                                                                                                                                                                                                                                                                                                                                                                                                                                                                                                                                                                                                                                                                                                                                                                                                                                                                                                                                                                                                                                                                                                                                                                                                                                                                                                                                                                                                                                                                                                                                                                                                                                                                                                                                                                                                                                                                                                                                                                                                                                                                                                                                                                                                                                                                                                                                                                                                                                                                                                                                                                                                                                                                                                                                                                                                                                                                                                                                                                                                                                                                                                                                                                                                                                                                                                                                                                                                                                                                                                                                                                                                                                                                                                                                                                                                                                                                                                                                                                                                                                                                                                                                                                                                                                                                                                                                                                                                                                                                                                                                                                                                                                                                                                                                                                                                                                                                                                                                                                                                                                                                                                                                                                                                                                                                                                                                                                                                                                                                                                                                                                                                                                                                                                                                                                                                                                                                                                                                                                                                                                                                                                                                                                                                                                                                                                                                                                                                                                                                                                                                                                                                                                                                                                                                                                                                                                                                                                                                                                                                                                                                                                                                                                                             ^^^^^^^^^^^^^^^^^^^^^^^^^^^^^^^^^^^
[rank0]:   File "/project/6101839/piado/vae/snth/lib/python3.11/site-packages/torch/_inductor/compile_fx.py", line 1843, in run
[rank0]:     return compiled_fn(new_inputs)  # type: ignore[arg-type]
[rank0]:            ^^^^^^^^^^^^^^^^^^^^^^^
[rank0]:   File "/project/6101839/piado/vae/snth/lib/python3.11/site-packages/torch/_inductor/cudagraph_trees.py", line 404, in deferred_cudagraphify
[rank0]:     fn, out = cudagraphify(model, inputs, new_static_input_idxs, *args, **kwargs)
[rank0]:               ^^^^^^^^^^^^^^^^^^^^^^^^^^^^^^^^^^^^^^^^^^^^^^^^^^^^^^^^^^^^^^^^^^^
[rank0]:   File "/project/6101839/piado/vae/snth/lib/python3.11/site-packages/torch/_inductor/cudagraph_trees.py", line 464, in cudagraphify
[rank0]:     return manager.add_function(
[rank0]:            ^^^^^^^^^^^^^^^^^^^^^
[rank0]:   File "/project/6101839/piado/vae/snth/lib/python3.11/site-packages/torch/_inductor/cudagraph_trees.py", line 2337, in add_function
[rank0]:     return fn, fn(inputs)
[rank0]:                ^^^^^^^^^^
[rank0]:   File "/project/6101839/piado/vae/snth/lib/python3.11/site-packages/torch/_inductor/cudagraph_trees.py", line 2033, in run
[rank0]:     out = self._run(new_inputs, function_id)
[rank0]:           ^^^^^^^^^^^^^^^^^^^^^^^^^^^^^^^^^^
[rank0]:   File "/project/6101839/piado/vae/snth/lib/python3.11/site-packages/torch/_inductor/cudagraph_trees.py", line 2137, in _run
[rank0]:     return self.run_eager(new_inputs, function_id)
[rank0]:            ^^^^^^^^^^^^^^^^^^^^^^^^^^^^^^^^^^^^^^^
[rank0]:   File "/project/6101839/piado/vae/snth/lib/python3.11/site-packages/torch/_inductor/cudagraph_trees.py", line 2298, in run_eager
[rank0]:     return node.run(new_inputs)
[rank0]:            ^^^^^^^^^^^^^^^^^^^^
[rank0]:   File "/project/6101839/piado/vae/snth/lib/python3.11/site-packages/torch/_inductor/cudagraph_trees.py", line 692, in run
[rank0]:     out = self.wrapped_function.model(new_inputs)
[rank0]:           ^^^^^^^^^^^^^^^^^^^^^^^^^^^^^^^^^^^^^^^
[rank0]:   File "/tmp/.torchinductor/cn/ccnef266pllck5oc7imowmuoiyh3k6zs32tlpeba6z5fxmqmjiog.py", line 12953, in partition_0
[rank0]:     buf1674 = extern_kernels.convolution(buf1671, primals_250, stride=(1, 1, 1), padding=(0, 0, 0), dilation=(1, 1, 1), transposed=False, output_padding=(0, 0, 0), groups=1, bias=None)
[rank0]:               ^^^^^^^^^^^^^^^^^^^^^^^^^^^^^^^^^^^^^^^^^^^^^^^^^^^^^^^^^^^^^^^^^^^^^^^^^^^^^^^^^^^^^^^^^^^^^^^^^^^^^^^^^^^^^^^^^^^^^^^^^^^^^^^^^^^^^^^^^^^^^^^^^^^^^^^^^^^^^^^^^^^^^^^^^^
[rank0]:   File "/project/6101839/piado/vae/snth/lib/python3.11/site-packages/torch/utils/_device.py", line 109, in __torch_function__
[rank0]:     return func(*args, **kwargs)
[rank0]:            ^^^^^^^^^^^^^^^^^^^^^
[rank0]: torch.OutOfMemoryError: CUDA out of memory. Tried to allocate 2.00 MiB. GPU 0 has a total capacity of 44.39 GiB of which 2.12 MiB is free. Including non-PyTorch memory, this process has 44.38 GiB memory in use. Of the allocated memory 42.56 GiB is allocated by PyTorch, with 168.97 MiB allocated in private pools (e.g., CUDA Graphs), and 897.04 MiB is reserved by PyTorch but unallocated. If reserved but unallocated memory is large try setting PYTORCH_ALLOC_CONF=expandable_segments:True to avoid fragmentation.  See documentation for Memory Management  (https://pytorch.org/docs/stable/notes/cuda.html#environment-variables)
[rank0]:[W615 07:26:45.285436501 ProcessGroupNCCL.cpp:1553] Warning: WARNING: destroy_process_group() was not called before program exit, which can leak resources. For more info, please see https://pytorch.org/docs/stable/distributed.html#shutdown (function operator())
Traceback (most recent call last):
  File "/project/6101839/piado/vae/snth/bin/accelerate", line 7, in <module>
    sys.exit(main())
             ^^^^^^
  File "/project/6101839/piado/vae/snth/lib/python3.11/site-packages/accelerate/commands/accelerate_cli.py", line 50, in main
    args.func(args)
  File "/project/6101839/piado/vae/snth/lib/python3.11/site-packages/accelerate/commands/launch.py", line 1281, in launch_command
    simple_launcher(args)
  File "/project/6101839/piado/vae/snth/lib/python3.11/site-packages/accelerate/commands/launch.py", line 869, in simple_launcher
    raise subprocess.CalledProcessError(returncode=process.returncode, cmd=cmd)
subprocess.CalledProcessError: Command '['/project/6101839/piado/vae/snth/bin/python', '/home/piado/projects/aip-lindell/piado/vae/Open-Sora/scripts/vae/train.py', '/home/piado/projects/aip-lindell/piado/vae/Open-Sora/configs/vae/train/wan_multiview_finetune.py', '--experiment_name', 'res_sweep_4frames_512px__job3960495_t1', '--wandb_expr_name', 'res_sweep_4frames_512px', '--data_preset', 'all_people_one_expression', '--profile_timing', 'False', '--profile_step', 'False', '--wandb', 'True', '--log_every', '1000', '--eval_every', '1000', '--full_eval_every', '5000', '--log_milestones', '[10,100,500]', '--eval_milestones', '[10,100,500]', '--debug_stats_every', '100', '--log_memory', 'True', '--optimization', 'True', '--optimization_compile_mode', 'reduce-overhead', '--save_ckpt', 'True', '--keep_n_latest', '3', '--epochs', '100000', '--nersemble_processed_base', '/datasets/lindell-proj/neumayr/nersemble_v2/processed/4-frames', '--bucket_config', "{'512px_ar1:1': {9: (1.0, 1)}}", '--batch_size', '4', '--accumulation_steps', '1']' returned non-zero exit status 1.
chgrp: changing group of 'outputs/res_sweep_4frames_512px__job3960495_t1/config.txt': Operation not permitted
chgrp: changing group of 'outputs/res_sweep_4frames_512px__job3960495_t1/eval_metrics.jsonl': Operation not permitted
chgrp: changing group of 'outputs/res_sweep_4frames_512px__job3960495_t1/log.txt': Operation not permitted
chgrp: changing group of 'outputs/res_sweep_4frames_512px__job3960495_t1/loss_config.json': Operation not permitted
chgrp: changing group of 'outputs/res_sweep_4frames_512px__job3960495_t1/train_debug_stats.jsonl': Operation not permitted
chgrp: changing group of 'outputs/res_sweep_4frames_512px__job3960495_t1': Operation not permitted
[[34m2026-06-15 07:27:00[0m] Experiment directory created at outputs/res_sweep_4frames_512px__job3960495_t1
[[34m2026-06-15 07:27:00[0m] Determinism mode: cuBLAS workspace, cudnn deterministic, TF32 disabled, torch.use_deterministic_algorithms(warn_only=True); data workers use seed+worker_id; epoch Python RNG uses seed+rank. Multi-GPU ZeRO and BF16 may still break bit-for-bit replay.
[[34m2026-06-15 07:27:00[0m] Using explicit global grad clipping (max_norm=2.0) with DP all-reduce; plugin-internal clipping disabled to avoid ZeRO shard-local clipping ambiguity.
[[34m2026-06-15 07:27:00[0m] Training configuration:
 {'DATA_ROOT': '/datasets/lindell-proj/neumayr/nersemble_v2/processed/4-frames/512-res',
 '_gen_loss_config': None,
 '_optim_discriminator': None,
 '_resolved': {'bucket_key': '128px_ar1:1',
               'data_root': '/datasets/lindell-proj/neumayr/nersemble_v2/processed/8-frames/128-res',
               'load_from_128_for_64_high_t': False,
               'load_res_fallback': None,
               'target_px': 128,
               'train_target_frames': 9,
               'train_target_hw': (128, 128)},
 '_val_participants': [97, 175, 226, 18, 30, 38, 85, 124, 227, 240],
 'accumulation_steps': 1,
 'all_people_expression_sequence': 'EMO-1-shout+laugh',
 'batch_size': 4,
 'bucket_config': {'512px_ar1:1': {9: (1.0, 1)}},
 'config_path': '/home/piado/projects/aip-lindell/piado/vae/Open-Sora/configs/vae/train/wan_multiview_finetune.py',
 'data_preset': 'all_people_one_expression',
 'dataset': {'data_path': '/datasets/lindell-proj/neumayr/nersemble_v2/processed/4-frames/512-res',
             'exclude_participants': [97,
                                      175,
                                      226,
                                      18,
                                      30,
                                      38,
                                      85,
                                      124,
                                      227,
                                      240],
             'expression_sequence': 'EMO-1-shout+laugh',
             'participants': None,
             'repeat': 1,
             'scan_subdirs': True,
             'skip_mismatched_views': True,
             'type': 'pt_video'},
 'dataset_presets': {'__default__': {'data_path': '/datasets/lindell-proj/neumayr/nersemble_v2/processed/4-frames/512-res',
                                     'participants': [17,
                                                      18,
                                                      30,
                                                      31,
                                                      32,
                                                      33,
                                                      35,
                                                      36,
                                                      37],
                                     'repeat': 1,
                                     'scan_subdirs': True,
                                     'type': 'pt_video'},
                     'all_people': {'data_path': '/datasets/lindell-proj/neumayr/nersemble_v2/processed/4-frames/512-res',
                                    'exclude_participants': [97,
                                                             175,
                                                             226,
                                                             18,
                                                             30,
                                                             38,
                                                             85,
                                                             124,
                                                             227,
                                                             240],
                                    'expected_views': 2,
                                    'participants': None,
                                    'repeat': 1,
                                    'scan_subdirs': True,
                                    'skip_mismatched_views': True,
                                    'type': 'pt_video'},
                     'all_people_one_expression': {'data_path': '/datasets/lindell-proj/neumayr/nersemble_v2/processed/4-frames/512-res',
                                                   'exclude_participants': [97,
                                                                            175,
                                                                            226,
                                                                            18,
                                                                            30,
                                                                            38,
                                                                            85,
                                                                            124,
                                                                            227,
                                                                            240],
                                                   'expression_sequence': 'EMO-1-shout+laugh',
                                                   'participants': None,
                                                   'repeat': 1,
                                                   'scan_subdirs': True,
                                                   'skip_mismatched_views': True,
                                                   'type': 'pt_video'},
                     'one_person': {'data_path': '/datasets/lindell-proj/neumayr/nersemble_v2/processed/4-frames/512-res',
                                    'exclude_sequences': ['EMO-4-disgust+happy',
                                                          'SEN-10-port_strong_smokey'],
                                    'participants': [18],
                                    'repeat': 1,
                                    'scan_subdirs': True,
                                    'type': 'pt_video'},
                     'single_sequence': {'data_path': '/datasets/lindell-proj/neumayr/nersemble_v2/processed/4-frames/512-res/p017/EMO-1-shout+laugh/frames.pt',
                                         'repeat': 1,
                                         'type': 'pt_video'},
                     'some_people': {'data_path': '/datasets/lindell-proj/neumayr/nersemble_v2/processed/4-frames/512-res',
                                     'participants': [17,
                                                      31,
                                                      32,
                                                      33,
                                                      35,
                                                      36,
                                                      37],
                                     'repeat': 1,
                                     'scan_subdirs': True,
                                     'type': 'pt_video'}},
 'debug_stats_every': 100,
 'debug_stats_start_step': 0,
 'debug_stats_weight_every': 50,
 'deterministic': True,
 'disc_learning_rate': None,
 'disc_multiview_mode': 'joint_4d',
 'disc_per_frame_2d': False,
 'discriminator': None,
 'discriminator_choice': 'none',
 'dtype': 'bf16',
 'dynamo_backend': 'no',
 'ema_decay': 0.9999,
 'epochs': 100000,
 'eval_batch_size': 1,
 'eval_every': 1000,
 'eval_milestones': [10, 100, 500],
 'eval_num_samples': 0,
 'eval_use_ema': True,
 'experiment_name': 'res_sweep_4frames_512px__job3960495_t1',
 'final_eval': True,
 'final_eval_num_samples': 0,
 'fixed_seq_eval_every_epochs': 0,
 'full_eval_every': 5000,
 'gan_log_adaptive_grad_metrics': False,
 'gen_disc_weight': None,
 'grad_checkpoint': True,
 'grad_clip': 2.0,
 'keep_n_latest': 3,
 'kl_loss_weight': 1e-06,
 'learning_rate': 0.0001,
 'log_bottleneck_every': 0,
 'log_every': 1000,
 'log_latent_shapes_every': 0,
 'log_memory': True,
 'log_milestones': [10, 100, 500],
 'log_step_time': True,
 'log_training_design_summary': True,
 'log_training_param_overview': True,
 'logvar_init': 0.0,
 'lr_scheduler': {'decay_factor': 0.5,
                  'decay_steps': 5000,
                  'min_lr': 5e-06,
                  'use_exponential_decay': True,
                  'warmup_steps': 100},
 'mixed_image_ratio': 0.0,
 'mixed_strategy': None,
 'model': {'freeze_temporal': True,
           'from_pretrained': '/home/piado/scratch/Wan2.1_VAE.pth',
           'from_scratch': False,
           'full_finetune_decoder': False,
           'fusion_mode': 'cross_attention',
           'lora_rank': 32,
           'train_spatial': True,
           'type': 'multiview_wan_video_vae',
           'use_crossview_encoder': True,
           'use_lora': True,
           'use_lora_after': True,
           'use_lora_before': False,
           'use_view_embedding': False,
           'use_view_group_fusion': False,
           'use_viewwise_decoder_lora': False,
           'view_compression': 2,
           'view_in': 0,
           'view_mixing_strategy': 'embedding',
           'z_dim': 16},
 'nersemble_processed_base': '/datasets/lindell-proj/neumayr/nersemble_v2/processed/4-frames',
 'num_bucket_build_workers': 1,
 'num_reconstruction_vis_samples': 3,
 'num_workers': 8,
 'optim': {'betas': (0.9, 0.98),
           'cls': 'AdamW',
           'eps': 1e-08,
           'lr': 0.0001,
           'weight_decay': 0.0},
 'optimization': True,
 'optimization_compile_mode': 'reduce-overhead',
 'outputs': 'outputs',
 'perceptual_loss_weight': 1.5,
 'persistent_workers': True,
 'pin_memory_cache_pre_alloc_numels': None,
 'plugin': 'none',
 'plugin_config': {'overlap_allgather': False, 'reduce_bucket_size_in_m': 128},
 'prefetch_factor': 4,
 'profile_step': False,
 'profile_timing': False,
 'profile_timing_step': 50,
 'save_ckpt': True,
 'seed': 42,
 'sweep_gen_disc_weight': None,
 'train_psnr_guard': False,
 'train_psnr_guard_consecutive': 5,
 'train_psnr_guard_min_epochs': 0,
 'train_psnr_guard_start_epoch': 0,
 'train_psnr_guard_threshold': 15.0,
 'train_target_frames': 9,
 'train_target_hw': (512, 512),
 'update_warmup_steps': False,
 'vae_loss_config': {'kl_loss_weight': 1e-06,
                     'logvar_init': 0.0,
                     'perceptual_loss_weight': 1.5,
                     'view_consistency_weight': 0.0},
 'vae_loss_preset': 'default',
 'vae_target_range': '[-1,1]',
 'val_dataset': {'data_path': '/datasets/lindell-proj/neumayr/nersemble_v2/processed/4-frames/512-res',
                 'expression_sequence': 'EMO-1-shout+laugh',
                 'participants': [97, 175, 226, 18, 30, 38, 85, 124, 227, 240],
                 'repeat': 1,
                 'scan_subdirs': True,
                 'skip_mismatched_views': True,
                 'type': 'pt_video'},
 'val_dataset_presets': {'__default__': None,
                         'all_people': {'data_path': '/datasets/lindell-proj/neumayr/nersemble_v2/processed/4-frames/512-res',
                                        'expected_views': 2,
                                        'participants': [97,
                                                         175,
                                                         226,
                                                         18,
                                                         30,
                                                         38,
                                                         85,
                                                         124,
                                                         227,
                                                         240],
                                        'repeat': 1,
                                        'scan_subdirs': True,
                                        'skip_mismatched_views': True,
                                        'type': 'pt_video'},
                         'all_people_one_expression': {'data_path': '/datasets/lindell-proj/neumayr/nersemble_v2/processed/4-frames/512-res',
                                                       'expression_sequence': 'EMO-1-shout+laugh',
                                                       'participants': [97,
                                                                        175,
                                                                        226,
                                                                        18,
                                                                        30,
                                                                        38,
                                                                        85,
                                                                        124,
                                                                        227,
                                                                        240],
                                                       'repeat': 1,
                                                       'scan_subdirs': True,
                                                       'skip_mismatched_views': True,
                                                       'type': 'pt_video'},
                         'one_person': {'data_path': '/datasets/lindell-proj/neumayr/nersemble_v2/processed/4-frames/512-res',
                                        'include_only_sequences': ['EMO-4-disgust+happy',
                                                                   'SEN-10-port_strong_smokey'],
                                        'participants': [17],
                                        'repeat': 1,
                                        'scan_subdirs': True,
                                        'type': 'pt_video'},
                         'single_sequence': None,
                         'some_people': {'data_path': '/datasets/lindell-proj/neumayr/nersemble_v2/processed/4-frames/512-res',
                                         'participants': [18, 30],
                                         'repeat': 1,
                                         'scan_subdirs': True,
                                         'type': 'pt_video'}},
 'view_consistency_weight': 0.0,
 'view_flatten_in_disc': False,
 'view_flatten_in_loss': False,
 'wandb': True,
 'wandb_expr_name': 'res_sweep_4frames_512px',
 'wandb_min_steps_before_init': 10,
 'wandb_project': 'wan_multiview_vae'}
[[34m2026-06-15 07:27:00[0m] Building dataset...
[[34m2026-06-15 07:27:00[0m] Dataset contains 405 samples.
[[34m2026-06-15 07:27:00[0m] Val (held-out) dataset contains 10 samples.
[[34m2026-06-15 07:27:00[0m] Fixed per-frame eval sequence name: EMO-1-shout+laugh (train idx=0, val idx=0)
[[34m2026-06-15 07:27:00[0m] Building models...
[[34m2026-06-15 07:27:00[0m] Auto-detected model.view_in=4 from first dataset sample
[[34m2026-06-15 07:27:02[0m] [MultiviewWanVideoVAE] Number of parameters: 161.23 M
[[34m2026-06-15 07:27:02[0m] [MultiviewWanVideoVAE] Number of trainable parameters: 75.13 M
[[34m2026-06-15 07:27:04[0m] EMA model created.
[[34m2026-06-15 07:27:04[0m] [optimization] channels_last_3d: disabled (fragile with view() ops and compile cache)
[[34m2026-06-15 07:27:04[0m] VAE trainable params (optimizer): 78,780,400
[[34m2026-06-15 07:27:04[0m] [optimization] torch.compile: mode=reduce-overhead (first step will be slow)
[[34m2026-06-15 07:27:04[0m] Preparing for distributed training...
[[34m2026-06-15 07:27:04[0m] Optimizer AdamW has no `.backward`; using booster.backward(loss=...) compatibility path.
[[34m2026-06-15 07:27:04[0m] Boosted model for distributed training
[[34m2026-06-15 07:27:04[0m] Training for 100000 epochs with 405 steps per epoch
[[34m2026-06-15 07:27:04[0m] [optimization] Warming up torch.compile eval graph (one-time, before training loop)...
[[34m2026-06-15 07:27:14[0m] [AttentionMultiViewVideoVan] latent shape: (1, 16, 9, 64, 64)  (B=1, z_dim=16, T'=9, H'=64, W'=64)
[[34m2026-06-15 07:27:56[0m] [optimization] Eval graph warm-up done.
[rank0]:[W615 07:27:56.334228103 ProcessGroupNCCL.cpp:5138] Guessing device ID based on global rank. This can cause a hang if rank to GPU mapping is heterogeneous. You can specify device_id in init_process_group()
train:   0%|          | 0/405 [00:00<?, ?it/s]train:   0%|          | 0/405 [00:00<?, ?it/s, epoch=0]train:   0%|          | 1/405 [00:01<09:19,  1.38s/it, epoch=0][[34m2026-06-15 07:27:58[0m] ======== Wan multiview / crossview design summary (one-time) ========
[[34m2026-06-15 07:27:58[0m] use_crossview_encoder=True
[[34m2026-06-15 07:27:58[0m] fusion_mode='cross_attention'
[[34m2026-06-15 07:27:58[0m]   -> Bidirectional cross-attention between views: each view attends to the other view’s tokens, then features are combined for the rest of the encoder/decoder. Strong when views are aligned but not identical.
[[34m2026-06-15 07:27:58[0m] view_in=4, view_mixing_strategy=embedding
[[34m2026-06-15 07:27:58[0m] use_view_embedding vs use_viewwise_decoder_lora: per-view additive embeddings bias early (or latent) features with a small vector per view; viewwise_decoder_lora adds low-rank adapters on the decoder side conditioned by view index—typically more flexible than a single embedding per view for reconstruction, at the cost of more trainable parameters.
[[34m2026-06-15 07:27:58[0m]   use_view_embedding=False
[[34m2026-06-15 07:27:58[0m]   use_viewwise_decoder_lora=False
[[34m2026-06-15 07:27:58[0m] use_lora=True, use_lora_before=False, use_lora_after=True, lora_rank=32. Before = LoRA on the encoder stem / early downsampling; after = bottleneck and later decoder. Both can be enabled for two complementary adaptation regions.
[[34m2026-06-15 07:27:58[0m] LoRA rank: all listed adapters in this stack typically share this rank. Larger rank increases adapter capacity and parameter count roughly linearly in rank; too high can overfit small datasets, too low can underfit cross-view cues.
[[34m2026-06-15 07:27:58[0m] freeze_temporal=True, train_spatial=True
[[34m2026-06-15 07:27:58[0m] ======== end design summary ========
[[34m2026-06-15 07:27:58[0m] [VAE] param overview: total=161.23 M trainable=75.13 M (46.60% of weights) frozen=86.10 M
[[34m2026-06-15 07:27:58[0m] [VAE] LoRA trainable: 998.59 K (1.3% of trainable); heuristic attention/cross-fusion LoRA: 998.59 K (100.0% of LoRA); other LoRA: 0
[[34m2026-06-15 07:27:58[0m] [VAE] base trainable (non-LoRA): 74.16 M (98.7% of trainable)
[[34m2026-06-15 07:27:58[0m] [VAE] LoRA heuristic buckets (buckets overlap if a name matches multiple hints): encoder/stem-ish=275.50 K, decoder-ish=723.09 K, viewwise-ish=0
train:   0%|          | 1/405 [03:37<24:27:33, 217.95s/it, epoch=0]
[rank0]: Traceback (most recent call last):
[rank0]:   File "/home/piado/projects/aip-lindell/piado/vae/Open-Sora/scripts/vae/train.py", line 3503, in <module>
[rank0]:     main()
[rank0]:   File "/home/piado/projects/aip-lindell/piado/vae/Open-Sora/scripts/vae/train.py", line 2321, in main
[rank0]:     x_rec, posterior, z = model(x)
[rank0]:                           ^^^^^^^^
[rank0]:   File "/project/6101839/piado/vae/snth/lib/python3.11/site-packages/torch/_dynamo/eval_frame.py", line 465, in __call__
[rank0]:     return super().__call__(*args, **kwargs)
[rank0]:            ^^^^^^^^^^^^^^^^^^^^^^^^^^^^^^^^^
[rank0]:   File "/project/6101839/piado/vae/snth/lib/python3.11/site-packages/torch/nn/modules/module.py", line 1776, in _wrapped_call_impl
[rank0]:     return self._call_impl(*args, **kwargs)
[rank0]:            ^^^^^^^^^^^^^^^^^^^^^^^^^^^^^^^^
[rank0]:   File "/project/6101839/piado/vae/snth/lib/python3.11/site-packages/torch/nn/modules/module.py", line 1787, in _call_impl
[rank0]:     return forward_call(*args, **kwargs)
[rank0]:            ^^^^^^^^^^^^^^^^^^^^^^^^^^^^^
[rank0]:   File "/project/6101839/piado/vae/snth/lib/python3.11/site-packages/torch/_dynamo/eval_frame.py", line 953, in compile_wrapper
[rank0]:     return fn(*args, **kwargs)
[rank0]:            ^^^^^^^^^^^^^^^^^^^
[rank0]:   File "/project/6101839/piado/vae/snth/lib/python3.11/site-packages/torch/nn/modules/module.py", line 1776, in _wrapped_call_impl
[rank0]:     return self._call_impl(*args, **kwargs)
[rank0]:            ^^^^^^^^^^^^^^^^^^^^^^^^^^^^^^^^
[rank0]:   File "/project/6101839/piado/vae/snth/lib/python3.11/site-packages/torch/nn/modules/module.py", line 1787, in _call_impl
[rank0]:     return forward_call(*args, **kwargs)
[rank0]:            ^^^^^^^^^^^^^^^^^^^^^^^^^^^^^
[rank0]:   File "/project/6101839/piado/vae/Open-Sora/opensora/models/vae/wan_video_vae.py", line 561, in forward
[rank0]:     def forward(self, x):
[rank0]:   File "/project/6101839/piado/vae/snth/lib/python3.11/site-packages/torch/_dynamo/eval_frame.py", line 1181, in _fn
[rank0]:     return fn(*args, **kwargs)
[rank0]:            ^^^^^^^^^^^^^^^^^^^
[rank0]:   File "/project/6101839/piado/vae/snth/lib/python3.11/site-packages/torch/_functorch/aot_autograd.py", line 1148, in forward
[rank0]:     return compiled_fn(full_args)
[rank0]:            ^^^^^^^^^^^^^^^^^^^^^^
[rank0]:   File "/project/6101839/piado/vae/snth/lib/python3.11/site-packages/torch/_functorch/_aot_autograd/runtime_wrappers.py", line 343, in runtime_wrapper
[rank0]:     all_outs = call_func_at_runtime_with_args(
[rank0]:                ^^^^^^^^^^^^^^^^^^^^^^^^^^^^^^^
[rank0]:   File "/project/6101839/piado/vae/snth/lib/python3.11/site-packages/torch/_functorch/_aot_autograd/utils.py", line 134, in call_func_at_runtime_with_args
[rank0]:     out = normalize_as_list(f(args))
[rank0]:                             ^^^^^^^
[rank0]:   File "/project/6101839/piado/vae/snth/lib/python3.11/site-packages/torch/_functorch/_aot_autograd/utils.py", line 108, in g
[rank0]:     return f(*args)
[rank0]:            ^^^^^^^^
[rank0]:   File "/project/6101839/piado/vae/snth/lib/python3.11/site-packages/torch/autograd/function.py", line 583, in apply
[rank0]:     return super().apply(*args, **kwargs)  # type: ignore[misc]
[rank0]:            ^^^^^^^^^^^^^^^^^^^^^^^^^^^^^^
[rank0]:   File "/project/6101839/piado/vae/snth/lib/python3.11/site-packages/torch/_functorch/_aot_autograd/runtime_wrappers.py", line 2152, in forward
[rank0]:     fw_outs = call_func_at_runtime_with_args(
[rank0]:               ^^^^^^^^^^^^^^^^^^^^^^^^^^^^^^^
[rank0]:   File "/project/6101839/piado/vae/snth/lib/python3.11/site-packages/torch/_functorch/_aot_autograd/utils.py", line 134, in call_func_at_runtime_with_args
[rank0]:     out = normalize_as_list(f(args))
[rank0]:                             ^^^^^^^
[rank0]:   File "/project/6101839/piado/vae/snth/lib/python3.11/site-packages/torch/_functorch/_aot_autograd/runtime_wrappers.py", line 531, in wrapper
[rank0]:     return compiled_fn(runtime_args)
[rank0]:            ^^^^^^^^^^^^^^^^^^^^^^^^^
[rank0]:   File "/project/6101839/piado/vae/snth/lib/python3.11/site-packages/torch/_functorch/_aot_autograd/runtime_wrappers.py", line 729, in inner_fn
[rank0]:     outs = compiled_fn(args)
[rank0]:            ^^^^^^^^^^^^^^^^^
[rank0]:   File "/project/6101839/piado/vae/snth/lib/python3.11/site-packages/torch/_inductor/output_code.py", line 638, in __call__
[rank0]:     return self.current_callable(inputs)
[rank0]:            ^^^^^^^^^^^^^^^^^^^^^^^^^^^^^
[rank0]:   File "/tmp/.torchinductor/cn/ccnef266pllck5oc7imowmuoiyh3k6zs32tlpeba6z5fxmqmjiog.py", line 38817, in call
[rank0]:     (buf0, buf3, buf5, buf6, buf9, buf11, buf12, buf15, buf17, buf18, buf21, buf23, buf24, buf27, buf30, buf34, buf35, buf38, buf40, buf41, buf44, buf46, buf47, buf50, buf52, buf53, buf56, buf59, buf63, buf64, buf67, buf69, buf70, buf73, buf75, buf76, buf79, buf81, buf82, buf85, buf88, buf90, buf91, buf94, buf96, buf97, buf100, buf102, buf103, buf106, buf108, buf109, buf112, buf115, buf117, buf118, buf121, buf123, buf124, buf127, buf129, buf130, buf133, buf135, buf136, buf139, buf142, buf146, buf147, buf150, buf152, buf153, buf156, buf158, buf159, buf162, buf164, buf165, buf168, buf171, buf175, buf176, buf179, buf181, buf182, buf185, buf187, buf188, buf191, buf193, buf194, buf197, buf200, buf202, buf203, buf206, buf208, buf209, buf212, buf214, buf215, buf218, buf220, buf221, buf224, buf227, buf229, buf230, buf233, buf235, buf236, buf239, buf241, buf242, buf245, buf247, buf248, buf251, buf254, buf258, buf259, buf262, buf264, buf265, buf268, buf270, buf271, buf274, buf276, buf277, buf280, buf283, buf287, buf288, buf291, buf293, buf294, buf297, buf299, buf300, buf303, buf305, buf306, buf309, buf312, buf314, buf315, buf318, buf320, buf321, buf324, buf326, buf327, buf330, buf332, buf333, buf336, buf339, buf341, buf342, buf345, buf347, buf348, buf351, buf353, buf354, buf357, buf359, buf360, buf363, buf366, buf370, buf371, buf374, buf376, buf377, buf380, buf382, buf383, buf386, buf388, buf389, buf392, buf395, buf399, buf400, buf403, buf405, buf406, buf409, buf411, buf412, buf415, buf417, buf418, buf421, buf424, buf426, buf427, buf430, buf432, buf433, buf436, buf438, buf439, buf442, buf444, buf445, buf448, buf450, buf451, buf453, buf455, buf456, buf457, buf458, buf460, buf463, buf485, buf488, buf464, buf489, buf467, buf469, buf492, buf494, buf470, buf495, buf473, buf475, buf498, buf500, buf476, buf501, buf479, buf481, buf504, buf506, buf482, buf507, buf510, buf513, buf514, buf517, buf519, buf520, buf523, buf525, buf526, buf529, buf531, buf532, buf535, buf537, buf538, buf539, buf542, buf544, buf546, buf547, buf548, buf551, buf553, buf555, buf556, buf557, buf558, buf561, buf562, buf565, buf566, buf567, buf570, buf572, buf573, buf574, buf575, buf576, buf577, buf580, buf581, buf584, buf585, buf586, buf589, buf591, buf592, buf593, buf596, buf598, buf600, buf601, buf602, buf605, buf607, buf609, buf610, buf611, buf614, buf616, buf618, buf619, buf622, buf623, buf625, buf3275, buf5922, buf8569, buf624, buf627, buf628, buf633, buf635, buf637, buf638, buf639, buf642, buf644, buf646, buf647, buf648, buf651, buf653, buf655, buf656, buf657, buf658, buf661, buf663, buf665, buf666, buf667, buf668, buf671, buf672, buf678, buf680, buf682, buf683, buf684, buf687, buf689, buf692, buf693, buf694, buf696, buf698, buf701, buf702, buf703, buf705, buf707, buf710, buf711, buf712, buf714, buf716, buf719, buf720, buf721, buf723, buf725, buf728, buf729, buf730, buf732, buf734, buf737, buf738, buf739, buf741, buf743, buf746, buf747, buf748, buf750, buf752, buf753, buf754, buf755, buf758, buf763, buf764, buf765, buf760, buf766, buf768, buf770, buf772, buf773, buf774, buf776, buf778, buf780, buf781, buf782, buf784, buf786, buf788, buf789, buf790, buf792, buf794, buf796, buf797, buf798, buf800, buf802, buf804, buf805, buf806, buf808, buf810, buf811, buf812, buf813, buf816, buf818, buf819, buf820, buf822, buf824, buf826, buf827, buf828, buf830, buf832, buf834, buf835, buf836, buf838, buf840, buf842, buf843, buf844, buf846, buf848, buf850, buf851, buf852, buf854, buf856, buf858, buf859, buf860, buf862, buf864, buf865, buf866, buf867, buf870, buf872, buf873, buf874, buf876, buf878, buf880, buf881, buf882, buf884, buf886, buf888, buf889, buf890, buf892, buf894, buf896, buf897, buf898, buf900, buf902, buf904, buf905, buf906, buf908, buf910, buf912, buf913, buf914, buf916, buf918, buf920, buf921, buf922, buf924, buf926, buf929, buf931, buf933, buf934, buf935, buf938, buf940, buf942, buf943, buf944, buf947, buf949, buf951, buf952, buf953, buf954, buf957, buf959, buf961, buf962, buf963, buf964, buf967, buf968, buf974, buf976, buf978, buf979, buf980, buf983, buf985, buf988, buf989, buf990, buf992, buf994, buf997, buf998, buf999, buf1001, buf1003, buf1006, buf1007, buf1008, buf1010, buf1012, buf1015, buf1016, buf1017, buf1019, buf1021, buf1024, buf1025, buf1026, buf1028, buf1030, buf1033, buf1034, buf1035, buf1037, buf1039, buf1042, buf1043, buf1044, buf1046, buf1048, buf1049, buf1050, buf1053, buf1058, buf1059, buf1060, buf1055, buf1061, buf1063, buf1065, buf1067, buf1068, buf1069, buf1071, buf1073, buf1075, buf1076, buf1077, buf1079, buf1081, buf1083, buf1084, buf1085, buf1087, buf1089, buf1091, buf1092, buf1093, buf1095, buf1097, buf1099, buf1100, buf1101, buf1103, buf1105, buf1106, buf1107, buf1110, buf1112, buf1113, buf1114, buf1116, buf1118, buf1120, buf1121, buf1122, buf1124, buf1126, buf1128, buf1129, buf1130, buf1132, buf1134, buf1136, buf1137, buf1138, buf1140, buf1142, buf1144, buf1145, buf1146, buf1148, buf1150, buf1152, buf1153, buf1154, buf1156, buf1158, buf1159, buf1160, buf1163, buf1165, buf1166, buf1167, buf1169, buf1171, buf1173, buf1174, buf1175, buf1177, buf1179, buf1181, buf1182, buf1183, buf1185, buf1187, buf1189, buf1190, buf1191, buf1193, buf1195, buf1197, buf1198, buf1199, buf1201, buf1203, buf1205, buf1206, buf1207, buf1209, buf1211, buf1213, buf1214, buf1215, buf1217, buf1219, buf1222, buf1224, buf1226, buf1227, buf1228, buf1231, buf1233, buf1235, buf1236, buf1237, buf1240, buf1242, buf1244, buf1245, buf1246, buf1247, buf1250, buf1252, buf1254, buf1255, buf1256, buf1257, buf1260, buf1261, buf1267, buf1269, buf1271, buf1272, buf1273, buf1276, buf1278, buf1281, buf1282, buf1283, buf1285, buf1287, buf1290, buf1291, buf1292, buf1294, buf1296, buf1299, buf1300, buf1301, buf1303, buf1305, buf1308, buf1309, buf1310, buf1312, buf1314, buf1317, buf1318, buf1319, buf1321, buf1323, buf1326, buf1327, buf1328, buf1330, buf1332, buf1335, buf1336, buf1337, buf1339, buf1341, buf1342, buf1343, buf1346, buf1351, buf1352, buf1353, buf1348, buf1354, buf1356, buf1358, buf1360, buf1361, buf1362, buf1364, buf1366, buf1368, buf1369, buf1370, buf1372, buf1374, buf1376, buf1377, buf1378, buf1380, buf1382, buf1384, buf1385, buf1386, buf1388, buf1390, buf1392, buf1393, buf1394, buf1396, buf1398, buf1399, buf1400, buf1403, buf1405, buf1406, buf1407, buf1409, buf1411, buf1413, buf1414, buf1415, buf1417, buf1419, buf1421, buf1422, buf1423, buf1425, buf1427, buf1429, buf1430, buf1431, buf1433, buf1435, buf1437, buf1438, buf1439, buf1441, buf1443, buf1445, buf1446, buf1447, buf1449, buf1451, buf1452, buf1453, buf1456, buf1458, buf1459, buf1460, buf1462, buf1464, buf1466, buf1467, buf1468, buf1470, buf1472, buf1474, buf1475, buf1476, buf1478, buf1480, buf1482, buf1483, buf1484, buf1486, buf1488, buf1490, buf1491, buf1492, buf1494, buf1496, buf1498, buf1499, buf1500, buf1502, buf1504, buf1506, buf1507, buf1508, buf1510, buf1513, buf1516, buf1518, buf1520, buf1521, buf1522, buf1525, buf1527, buf1529, buf1530, buf1531, buf1534, buf1536, buf1538, buf1539, buf1540, buf1541, buf1544, buf1546, buf1548, buf1549, buf1550, buf1551, buf1554, buf1555, buf1561, buf1563, buf1565, buf1566, buf1567, buf1570, buf1572, buf1575, buf1576, buf1577, buf1579, buf1581, buf1584, buf1585, buf1586, buf1588, buf1590, buf1593, buf1594, buf1595, buf1597, buf1599, buf1602, buf1603, buf1604, buf1606, buf1608, buf1611, buf1612, buf1613, buf1615, buf1617, buf1620, buf1621, buf1622, buf1624, buf1626, buf1629, buf1630, buf1631, buf1633, buf1635, buf1636, buf1637, buf1640, buf1645, buf1646, buf1647, buf1642, buf1648, buf1650, buf1652, buf1654, buf1655, buf1656, buf1658, buf1660, buf1662, buf1663, buf1664, buf1666, buf1668, buf1670, buf1671, buf1672, buf1674, buf1676, buf1678, buf1679, buf1680, buf1682, buf1684, buf1686, buf1687, buf1688, buf1690, buf1692, buf1693, buf1694, buf1697, buf1699, buf1700, buf1701, buf1703, buf1705, buf1707, buf1708, buf1709, buf1711, buf1713, buf1715, buf1716, buf1717, buf1719, buf1721, buf1723, buf1724, buf1725, buf1727, buf1729, buf1731, buf1732, buf1733, buf1735, buf1737, buf1739, buf1740, buf1741, buf1743, buf1745, buf1746, buf1747, buf1750, buf1752, buf1753, buf1754, buf1756, buf1758, buf1760, buf1761, buf1762, buf1764, buf1766, buf1768, buf1769, buf1770, buf1772, buf1774, buf1776, buf1777, buf1778, buf1780, buf1782, buf1784, buf1785, buf1786, buf1788, buf1790, buf1792, buf1793, buf1794, buf1796, buf1798, buf1800, buf1801, buf1802, buf1804, buf1806, buf1809, buf1811, buf1813, buf1814, buf1815, buf1818, buf1820, buf1822, buf1823, buf1824, buf1827, buf1829, buf1831, buf1832, buf1833, buf1834, buf1837, buf1839, buf1841, buf1842, buf1843, buf1844, buf1847, buf1848, buf1854, buf1856, buf1858, buf1859, buf1860, buf1863, buf1865, buf1868, buf1869, buf1870, buf1872, buf1874, buf1877, buf1878, buf1879, buf1881, buf1883, buf1886, buf1887, buf1888, buf1890, buf1892, buf1895, buf1896, buf1897, buf1899, buf1901, buf1904, buf1905, buf1906, buf1908, buf1910, buf1913, buf1914, buf1915, buf1917, buf1919, buf1922, buf1923, buf1924, buf1926, buf1928, buf1929, buf1930, buf1933, buf1938, buf1939, buf1940, buf1935, buf1941, buf1943, buf1945, buf1947, buf1948, buf1949, buf1951, buf1953, buf1955, buf1956, buf1957, buf1959, buf1961, buf1963, buf1964, buf1965, buf1967, buf1969, buf1971, buf1972, buf1973, buf1975, buf1977, buf1979, buf1980, buf1981, buf1983, buf1985, buf1986, buf1987, buf1990, buf1992, buf1993, buf1994, buf1996, buf1998, buf2000, buf2001, buf2002, buf2004, buf2006, buf2008, buf2009, buf2010, buf2012, buf2014, buf2016, buf2017, buf2018, buf2020, buf2022, buf2024, buf2025, buf2026, buf2028, buf2030, buf2032, buf2033, buf2034, buf2036, buf2038, buf2039, buf2040, buf2043, buf2045, buf2046, buf2047, buf2049, buf2051, buf2053, buf2054, buf2055, buf2057, buf2059, buf2061, buf2062, buf2063, buf2065, buf2067, buf2069, buf2070, buf2071, buf2073, buf2075, buf2077, buf2078, buf2079, buf2081, buf2083, buf2085, buf2086, buf2087, buf2089, buf2091, buf2093, buf2094, buf2095, buf2097, buf2100, buf2103, buf2105, buf2107, buf2108, buf2109, buf2112, buf2114, buf2116, buf2117, buf2118, buf2121, buf2123, buf2125, buf2126, buf2127, buf2128, buf2131, buf2133, buf2135, buf2136, buf2137, buf2138, buf2141, buf2142, buf2148, buf2150, buf2152, buf2153, buf2154, buf2157, buf2159, buf2162, buf2163, buf2164, buf2166, buf2168, buf2171, buf2172, buf2173, buf2175, buf2177, buf2180, buf2181, buf2182, buf2184, buf2186, buf2189, buf2190, buf2191, buf2193, buf2195, buf2198, buf2199, buf2200, buf2202, buf2204, buf2207, buf2208, buf2209, buf2211, buf2213, buf2216, buf2217, buf2218, buf2220, buf2222, buf2223, buf2224, buf2227, buf2232, buf2233, buf2234, buf2229, buf2235, buf2237, buf2239, buf2241, buf2242, buf2243, buf2245, buf2247, buf2249, buf2250, buf2251, buf2253, buf2255, buf2257, buf2258, buf2259, buf2261, buf2263, buf2265, buf2266, buf2267, buf2269, buf2271, buf2273, buf2274, buf2275, buf2277, buf2279, buf2280, buf2281, buf2284, buf2286, buf2287, buf2288, buf2290, buf2292, buf2294, buf2295, buf2296, buf2298, buf2300, buf2302, buf2303, buf2304, buf2306, buf2308, buf2310, buf2311, buf2312, buf2314, buf2316, buf2318, buf2319, buf2320, buf2322, buf2324, buf2326, buf2327, buf2328, buf2330, buf2332, buf2333, buf2334, buf2337, buf2339, buf2340, buf2341, buf2343, buf2345, buf2347, buf2348, buf2349, buf2351, buf2353, buf2355, buf2356, buf2357, buf2359, buf2361, buf2363, buf2364, buf2365, buf2367, buf2369, buf2371, buf2372, buf2373, buf2375, buf2377, buf2379, buf2380, buf2381, buf2383, buf2385, buf2387, buf2388, buf2389, buf2391, buf2393, buf2396, buf2398, buf2400, buf2401, buf2402, buf2405, buf2407, buf2409, buf2410, buf2411, buf2414, buf2416, buf2418, buf2419, buf2420, buf2421, buf2424, buf2426, buf2428, buf2429, buf2430, buf2431, buf2434, buf2435, buf2441, buf2443, buf2445, buf2446, buf2447, buf2450, buf2452, buf2455, buf2456, buf2457, buf2459, buf2461, buf2464, buf2465, buf2466, buf2468, buf2470, buf2473, buf2474, buf2475, buf2477, buf2479, buf2482, buf2483, buf2484, buf2486, buf2488, buf2491, buf2492, buf2493, buf2495, buf2497, buf2500, buf2501, buf2502, buf2504, buf2506, buf2509, buf2510, buf2511, buf2513, buf2515, buf2516, buf2517, buf2520, buf2525, buf2526, buf2527, buf2522, buf2528, buf2530, buf2532, buf2534, buf2535, buf2536, buf2538, buf2540, buf2542, buf2543, buf2544, buf2546, buf2548, buf2550, buf2551, buf2552, buf2554, buf2556, buf2558, buf2559, buf2560, buf2562, buf2564, buf2566, buf2567, buf2568, buf2570, buf2572, buf2573, buf2574, buf2577, buf2579, buf2580, buf2581, buf2583, buf2585, buf2587, buf2588, buf2589, buf2591, buf2593, buf2595, buf2596, buf2597, buf2599, buf2601, buf2603, buf2604, buf2605, buf2607, buf2609, buf2611, buf2612, buf2613, buf2615, buf2617, buf2619, buf2620, buf2621, buf2623, buf2625, buf2626, buf2627, buf2630, buf2632, buf2633, buf2634, buf2636, buf2638, buf2640, buf2641, buf2642, buf2644, buf2646, buf2648, buf2649, buf2650, buf2652, buf2654, buf2656, buf2657, buf2658, buf2660, buf2662, buf2664, buf2665, buf2666, buf2668, buf2670, buf2672, buf2673, buf2674, buf2676, buf2678, buf2680, buf2681, buf2682, buf2684, buf2687, buf2690, buf2692, buf2694, buf2695, buf2696, buf2699, buf2701, buf2703, buf2704, buf2705, buf2708, buf2710, buf2712, buf2713, buf2714, buf2715, buf2718, buf2720, buf2722, buf2723, buf2724, buf2725, buf2728, buf2729, buf2735, buf2737, buf2739, buf2740, buf2741, buf2744, buf2746, buf2749, buf2750, buf2751, buf2753, buf2755, buf2758, buf2759, buf2760, buf2762, buf2764, buf2767, buf2768, buf2769, buf2771, buf2773, buf2776, buf2777, buf2778, buf2780, buf2782, buf2785, buf2786, buf2787, buf2789, buf2791, buf2794, buf2795, buf2796, buf2798, buf2800, buf2803, buf2804, buf2805, buf2807, buf2809, buf2810, buf2811, buf2814, buf2819, buf2820, buf2821, buf2816, buf2822, buf2824, buf2826, buf2828, buf2829, buf2830, buf2832, buf2834, buf2836, buf2837, buf2838, buf2840, buf2842, buf2844, buf2845, buf2846, buf2848, buf2850, buf2852, buf2853, buf2854, buf2856, buf2858, buf2860, buf2861, buf2862, buf2864, buf2866, buf2867, buf2868, buf2871, buf2873, buf2874, buf2875, buf2877, buf2879, buf2881, buf2882, buf2883, buf2885, buf2887, buf2889, buf2890, buf2891, buf2893, buf2895, buf2897, buf2898, buf2899, buf2901, buf2903, buf2905, buf2906, buf2907, buf2909, buf2911, buf2913, buf2914, buf2915, buf2917, buf2919, buf2920, buf2921, buf2924, buf2926, buf2927, buf2928, buf2930, buf2932, buf2934, buf2935, buf2936, buf2938, buf2940, buf2942, buf2943, buf2944, buf2946, buf2948, buf2950, buf2951, buf2952, buf2954, buf2956, buf2958, buf2959, buf2960, buf2962, buf2964, buf2966, buf2967, buf2968, buf2970, buf2972, buf2974, buf2975, buf2976, buf2978, buf2980, buf2983, buf2985, buf2987, buf2988, buf2989, buf2992, buf2994, buf2996, buf2997, buf2998, buf3001, buf3003, buf3005, buf3006, buf3007, buf3008, buf3011, buf3013, buf3015, buf3016, buf3017, buf3018, buf3021, buf3022, buf3028, buf3030, buf3032, buf3033, buf3034, buf3037, buf3039, buf3042, buf3043, buf3044, buf3046, buf3048, buf3051, buf3052, buf3053, buf3055, buf3057, buf3060, buf3061, buf3062, buf3064, buf3066, buf3069, buf3070, buf3071, buf3073, buf3075, buf3078, buf3079, buf3080, buf3082, buf3084, buf3087, buf3088, buf3089, buf3091, buf3093, buf3096, buf3097, buf3098, buf3100, buf3102, buf3103, buf3104, buf3107, buf3112, buf3113, buf3114, buf3109, buf3115, buf3117, buf3119, buf3121, buf3122, buf3123, buf3125, buf3127, buf3129, buf3130, buf3131, buf3133, buf3135, buf3137, buf3138, buf3139, buf3141, buf3143, buf3145, buf3146, buf3147, buf3149, buf3151, buf3153, buf3154, buf3155, buf3157, buf3159, buf3160, buf3161, buf3164, buf3166, buf3167, buf3168, buf3170, buf3172, buf3174, buf3175, buf3176, buf3178, buf3180, buf3182, buf3183, buf3184, buf3186, buf3188, buf3190, buf3191, buf3192, buf3194, buf3196, buf3198, buf3199, buf3200, buf3202, buf3204, buf3206, buf3207, buf3208, buf3210, buf3212, buf3213, buf3214, buf3217, buf3219, buf3220, buf3221, buf3223, buf3225, buf3227, buf3228, buf3229, buf3231, buf3233, buf3235, buf3236, buf3237, buf3239, buf3241, buf3243, buf3244, buf3245, buf3247, buf3249, buf3251, buf3252, buf3253, buf3255, buf3257, buf3259, buf3260, buf3261, buf3263, buf3265, buf3267, buf3268, buf3269, buf3271, buf3274, buf3277, buf3278, buf3283, buf3285, buf3287, buf3288, buf3289, buf3292, buf3294, buf3296, buf3297, buf3298, buf3301, buf3303, buf3305, buf3306, buf3307, buf3308, buf3311, buf3313, buf3315, buf3316, buf3317, buf3318, buf3321, buf3322, buf3328, buf3330, buf3332, buf3333, buf3334, buf3337, buf3339, buf3342, buf3343, buf3344, buf3346, buf3348, buf3351, buf3352, buf3353, buf3355, buf3357, buf3360, buf3361, buf3362, buf3364, buf3366, buf3369, buf3370, buf3371, buf3373, buf3375, buf3378, buf3379, buf3380, buf3382, buf3384, buf3387, buf3388, buf3389, buf3391, buf3393, buf3396, buf3397, buf3398, buf3400, buf3402, buf3403, buf3404, buf3407, buf3412, buf3413, buf3414, buf3409, buf3415, buf3417, buf3419, buf3421, buf3422, buf3423, buf3425, buf3427, buf3429, buf3430, buf3431, buf3433, buf3435, buf3437, buf3438, buf3439, buf3441, buf3443, buf3445, buf3446, buf3447, buf3449, buf3451, buf3453, buf3454, buf3455, buf3457, buf3459, buf3460, buf3461, buf3464, buf3466, buf3467, buf3468, buf3470, buf3472, buf3474, buf3475, buf3476, buf3478, buf3480, buf3482, buf3483, buf3484, buf3486, buf3488, buf3490, buf3491, buf3492, buf3494, buf3496, buf3498, buf3499, buf3500, buf3502, buf3504, buf3506, buf3507, buf3508, buf3510, buf3512, buf3513, buf3514, buf3517, buf3519, buf3520, buf3521, buf3523, buf3525, buf3527, buf3528, buf3529, buf3531, buf3533, buf3535, buf3536, buf3537, buf3539, buf3541, buf3543, buf3544, buf3545, buf3547, buf3549, buf3551, buf3552, buf3553, buf3555, buf3557, buf3559, buf3560, buf3561, buf3563, buf3565, buf3567, buf3568, buf3569, buf3571, buf3573, buf3576, buf3578, buf3580, buf3581, buf3582, buf3585, buf3587, buf3589, buf3590, buf3591, buf3594, buf3596, buf3598, buf3599, buf3600, buf3601, buf3604, buf3606, buf3608, buf3609, buf3610, buf3611, buf3614, buf3615, buf3621, buf3623, buf3625, buf3626, buf3627, buf3630, buf3632, buf3635, buf3636, buf3637, buf3639, buf3641, buf3644, buf3645, buf3646, buf3648, buf3650, buf3653, buf3654, buf3655, buf3657, buf3659, buf3662, buf3663, buf3664, buf3666, buf3668, buf3671, buf3672, buf3673, buf3675, buf3677, buf3680, buf3681, buf3682, buf3684, buf3686, buf3689, buf3690, buf3691, buf3693, buf3695, buf3696, buf3697, buf3700, buf3705, buf3706, buf3707, buf3702, buf3708, buf3710, buf3712, buf3714, buf3715, buf3716, buf3718, buf3720, buf3722, buf3723, buf3724, buf3726, buf3728, buf3730, buf3731, buf3732, buf3734, buf3736, buf3738, buf3739, buf3740, buf3742, buf3744, buf3746, buf3747, buf3748, buf3750, buf3752, buf3753, buf3754, buf3757, buf3759, buf3760, buf3761, buf3763, buf3765, buf3767, buf3768, buf3769, buf3771, buf3773, buf3775, buf3776, buf3777, buf3779, buf3781, buf3783, buf3784, buf3785, buf3787, buf3789, buf3791, buf3792, buf3793, buf3795, buf3797, buf3799, buf3800, buf3801, buf3803, buf3805, buf3806, buf3807, buf3810, buf3812, buf3813, buf3814, buf3816, buf3818, buf3820, buf3821, buf3822, buf3824, buf3826, buf3828, buf3829, buf3830, buf3832, buf3834, buf3836, buf3837, buf3838, buf3840, buf3842, buf3844, buf3845, buf3846, buf3848, buf3850, buf3852, buf3853, buf3854, buf3856, buf3858, buf3860, buf3861, buf3862, buf3864, buf3866, buf3869, buf3871, buf3873, buf3874, buf3875, buf3878, buf3880, buf3882, buf3883, buf3884, buf3887, buf3889, buf3891, buf3892, buf3893, buf3894, buf3897, buf3899, buf3901, buf3902, buf3903, buf3904, buf3907, buf3908, buf3914, buf3916, buf3918, buf3919, buf3920, buf3923, buf3925, buf3928, buf3929, buf3930, buf3932, buf3934, buf3937, buf3938, buf3939, buf3941, buf3943, buf3946, buf3947, buf3948, buf3950, buf3952, buf3955, buf3956, buf3957, buf3959, buf3961, buf3964, buf3965, buf3966, buf3968, buf3970, buf3973, buf3974, buf3975, buf3977, buf3979, buf3982, buf3983, buf3984, buf3986, buf3988, buf3989, buf3990, buf3993, buf3998, buf3999, buf4000, buf3995, buf4001, buf4003, buf4005, buf4007, buf4008, buf4009, buf4011, buf4013, buf4015, buf4016, buf4017, buf4019, buf4021, buf4023, buf4024, buf4025, buf4027, buf4029, buf4031, buf4032, buf4033, buf4035, buf4037, buf4039, buf4040, buf4041, buf4043, buf4045, buf4046, buf4047, buf4050, buf4052, buf4053, buf4054, buf4056, buf4058, buf4060, buf4061, buf4062, buf4064, buf4066, buf4068, buf4069, buf4070, buf4072, buf4074, buf4076, buf4077, buf4078, buf4080, buf4082, buf4084, buf4085, buf4086, buf4088, buf4090, buf4092, buf4093, buf4094, buf4096, buf4098, buf4099, buf4100, buf4103, buf4105, buf4106, buf4107, buf4109, buf4111, buf4113, buf4114, buf4115, buf4117, buf4119, buf4121, buf4122, buf4123, buf4125, buf4127, buf4129, buf4130, buf4131, buf4133, buf4135, buf4137, buf4138, buf4139, buf4141, buf4143, buf4145, buf4146, buf4147, buf4149, buf4151, buf4153, buf4154, buf4155, buf4157, buf4160, buf4163, buf4165, buf4167, buf4168, buf4169, buf4172, buf4174, buf4176, buf4177, buf4178, buf4181, buf4183, buf4185, buf4186, buf4187, buf4188, buf4191, buf4193, buf4195, buf4196, buf4197, buf4198, buf4201, buf4202, buf4208, buf4210, buf4212, buf4213, buf4214, buf4217, buf4219, buf4222, buf4223, buf4224, buf4226, buf4228, buf4231, buf4232, buf4233, buf4235, buf4237, buf4240, buf4241, buf4242, buf4244, buf4246, buf4249, buf4250, buf4251, buf4253, buf4255, buf4258, buf4259, buf4260, buf4262, buf4264, buf4267, buf4268, buf4269, buf4271, buf4273, buf4276, buf4277, buf4278, buf4280, buf4282, buf4283, buf4284, buf4287, buf4292, buf4293, buf4294, buf4289, buf4295, buf4297, buf4299, buf4301, buf4302, buf4303, buf4305, buf4307, buf4309, buf4310, buf4311, buf4313, buf4315, buf4317, buf4318, buf4319, buf4321, buf4323, buf4325, buf4326, buf4327, buf4329, buf4331, buf4333, buf4334, buf4335, buf4337, buf4339, buf4340, buf4341, buf4344, buf4346, buf4347, buf4348, buf4350, buf4352, buf4354, buf4355, buf4356, buf4358, buf4360, buf4362, buf4363, buf4364, buf4366, buf4368, buf4370, buf4371, buf4372, buf4374, buf4376, buf4378, buf4379, buf4380, buf4382, buf4384, buf4386, buf4387, buf4388, buf4390, buf4392, buf4393, buf4394, buf4397, buf4399, buf4400, buf4401, buf4403, buf4405, buf4407, buf4408, buf4409, buf4411, buf4413, buf4415, buf4416, buf4417, buf4419, buf4421, buf4423, buf4424, buf4425, buf4427, buf4429, buf4431, buf4432, buf4433, buf4435, buf4437, buf4439, buf4440, buf4441, buf4443, buf4445, buf4447, buf4448, buf4449, buf4451, buf4453, buf4456, buf4458, buf4460, buf4461, buf4462, buf4465, buf4467, buf4469, buf4470, buf4471, buf4474, buf4476, buf4478, buf4479, buf4480, buf4481, buf4484, buf4486, buf4488, buf4489, buf4490, buf4491, buf4494, buf4495, buf4501, buf4503, buf4505, buf4506, buf4507, buf4510, buf4512, buf4515, buf4516, buf4517, buf4519, buf4521, buf4524, buf4525, buf4526, buf4528, buf4530, buf4533, buf4534, buf4535, buf4537, buf4539, buf4542, buf4543, buf4544, buf4546, buf4548, buf4551, buf4552, buf4553, buf4555, buf4557, buf4560, buf4561, buf4562, buf4564, buf4566, buf4569, buf4570, buf4571, buf4573, buf4575, buf4576, buf4577, buf4580, buf4585, buf4586, buf4587, buf4582, buf4588, buf4590, buf4592, buf4594, buf4595, buf4596, buf4598, buf4600, buf4602, buf4603, buf4604, buf4606, buf4608, buf4610, buf4611, buf4612, buf4614, buf4616, buf4618, buf4619, buf4620, buf4622, buf4624, buf4626, buf4627, buf4628, buf4630, buf4632, buf4633, buf4634, buf4637, buf4639, buf4640, buf4641, buf4643, buf4645, buf4647, buf4648, buf4649, buf4651, buf4653, buf4655, buf4656, buf4657, buf4659, buf4661, buf4663, buf4664, buf4665, buf4667, buf4669, buf4671, buf4672, buf4673, buf4675, buf4677, buf4679, buf4680, buf4681, buf4683, buf4685, buf4686, buf4687, buf4690, buf4692, buf4693, buf4694, buf4696, buf4698, buf4700, buf4701, buf4702, buf4704, buf4706, buf4708, buf4709, buf4710, buf4712, buf4714, buf4716, buf4717, buf4718, buf4720, buf4722, buf4724, buf4725, buf4726, buf4728, buf4730, buf4732, buf4733, buf4734, buf4736, buf4738, buf4740, buf4741, buf4742, buf4744, buf4747, buf4750, buf4752, buf4754, buf4755, buf4756, buf4759, buf4761, buf4763, buf4764, buf4765, buf4768, buf4770, buf4772, buf4773, buf4774, buf4775, buf4778, buf4780, buf4782, buf4783, buf4784, buf4785, buf4788, buf4789, buf4795, buf4797, buf4799, buf4800, buf4801, buf4804, buf4806, buf4809, buf4810, buf4811, buf4813, buf4815, buf4818, buf4819, buf4820, buf4822, buf4824, buf4827, buf4828, buf4829, buf4831, buf4833, buf4836, buf4837, buf4838, buf4840, buf4842, buf4845, buf4846, buf4847, buf4849, buf4851, buf4854, buf4855, buf4856, buf4858, buf4860, buf4863, buf4864, buf4865, buf4867, buf4869, buf4870, buf4871, buf4874, buf4879, buf4880, buf4881, buf4876, buf4882, buf4884, buf4886, buf4888, buf4889, buf4890, buf4892, buf4894, buf4896, buf4897, buf4898, buf4900, buf4902, buf4904, buf4905, buf4906, buf4908, buf4910, buf4912, buf4913, buf4914, buf4916, buf4918, buf4920, buf4921, buf4922, buf4924, buf4926, buf4927, buf4928, buf4931, buf4933, buf4934, buf4935, buf4937, buf4939, buf4941, buf4942, buf4943, buf4945, buf4947, buf4949, buf4950, buf4951, buf4953, buf4955, buf4957, buf4958, buf4959, buf4961, buf4963, buf4965, buf4966, buf4967, buf4969, buf4971, buf4973, buf4974, buf4975, buf4977, buf4979, buf4980, buf4981, buf4984, buf4986, buf4987, buf4988, buf4990, buf4992, buf4994, buf4995, buf4996, buf4998, buf5000, buf5002, buf5003, buf5004, buf5006, buf5008, buf5010, buf5011, buf5012, buf5014, buf5016, buf5018, buf5019, buf5020, buf5022, buf5024, buf5026, buf5027, buf5028, buf5030, buf5032, buf5034, buf5035, buf5036, buf5038, buf5040, buf5043, buf5045, buf5047, buf5048, buf5049, buf5052, buf5054, buf5056, buf5057, buf5058, buf5061, buf5063, buf5065, buf5066, buf5067, buf5068, buf5071, buf5073, buf5075, buf5076, buf5077, buf5078, buf5081, buf5082, buf5088, buf5090, buf5092, buf5093, buf5094, buf5097, buf5099, buf5102, buf5103, buf5104, buf5106, buf5108, buf5111, buf5112, buf5113, buf5115, buf5117, buf5120, buf5121, buf5122, buf5124, buf5126, buf5129, buf5130, buf5131, buf5133, buf5135, buf5138, buf5139, buf5140, buf5142, buf5144, buf5147, buf5148, buf5149, buf5151, buf5153, buf5156, buf5157, buf5158, buf5160, buf5162, buf5163, buf5164, buf5167, buf5172, buf5173, buf5174, buf5169, buf5175, buf5177, buf5179, buf5181, buf5182, buf5183, buf5185, buf5187, buf5189, buf5190, buf5191, buf5193, buf5195, buf5197, buf5198, buf5199, buf5201, buf5203, buf5205, buf5206, buf5207, buf5209, buf5211, buf5213, buf5214, buf5215, buf5217, buf5219, buf5220, buf5221, buf5224, buf5226, buf5227, buf5228, buf5230, buf5232, buf5234, buf5235, buf5236, buf5238, buf5240, buf5242, buf5243, buf5244, buf5246, buf5248, buf5250, buf5251, buf5252, buf5254, buf5256, buf5258, buf5259, buf5260, buf5262, buf5264, buf5266, buf5267, buf5268, buf5270, buf5272, buf5273, buf5274, buf5277, buf5279, buf5280, buf5281, buf5283, buf5285, buf5287, buf5288, buf5289, buf5291, buf5293, buf5295, buf5296, buf5297, buf5299, buf5301, buf5303, buf5304, buf5305, buf5307, buf5309, buf5311, buf5312, buf5313, buf5315, buf5317, buf5319, buf5320, buf5321, buf5323, buf5325, buf5327, buf5328, buf5329, buf5331, buf5334, buf5337, buf5339, buf5341, buf5342, buf5343, buf5346, buf5348, buf5350, buf5351, buf5352, buf5355, buf5357, buf5359, buf5360, buf5361, buf5362, buf5365, buf5367, buf5369, buf5370, buf5371, buf5372, buf5375, buf5376, buf5382, buf5384, buf5386, buf5387, buf5388, buf5391, buf5393, buf5396, buf5397, buf5398, buf5400, buf5402, buf5405, buf5406, buf5407, buf5409, buf5411, buf5414, buf5415, buf5416, buf5418, buf5420, buf5423, buf5424, buf5425, buf5427, buf5429, buf5432, buf5433, buf5434, buf5436, buf5438, buf5441, buf5442, buf5443, buf5445, buf5447, buf5450, buf5451, buf5452, buf5454, buf5456, buf5457, buf5458, buf5461, buf5466, buf5467, buf5468, buf5463, buf5469, buf5471, buf5473, buf5475, buf5476, buf5477, buf5479, buf5481, buf5483, buf5484, buf5485, buf5487, buf5489, buf5491, buf5492, buf5493, buf5495, buf5497, buf5499, buf5500, buf5501, buf5503, buf5505, buf5507, buf5508, buf5509, buf5511, buf5513, buf5514, buf5515, buf5518, buf5520, buf5521, buf5522, buf5524, buf5526, buf5528, buf5529, buf5530, buf5532, buf5534, buf5536, buf5537, buf5538, buf5540, buf5542, buf5544, buf5545, buf5546, buf5548, buf5550, buf5552, buf5553, buf5554, buf5556, buf5558, buf5560, buf5561, buf5562, buf5564, buf5566, buf5567, buf5568, buf5571, buf5573, buf5574, buf5575, buf5577, buf5579, buf5581, buf5582, buf5583, buf5585, buf5587, buf5589, buf5590, buf5591, buf5593, buf5595, buf5597, buf5598, buf5599, buf5601, buf5603, buf5605, buf5606, buf5607, buf5609, buf5611, buf5613, buf5614, buf5615, buf5617, buf5619, buf5621, buf5622, buf5623, buf5625, buf5627, buf5630, buf5632, buf5634, buf5635, buf5636, buf5639, buf5641, buf5643, buf5644, buf5645, buf5648, buf5650, buf5652, buf5653, buf5654, buf5655, buf5658, buf5660, buf5662, buf5663, buf5664, buf5665, buf5668, buf5669, buf5675, buf5677, buf5679, buf5680, buf5681, buf5684, buf5686, buf5689, buf5690, buf5691, buf5693, buf5695, buf5698, buf5699, buf5700, buf5702, buf5704, buf5707, buf5708, buf5709, buf5711, buf5713, buf5716, buf5717, buf5718, buf5720, buf5722, buf5725, buf5726, buf5727, buf5729, buf5731, buf5734, buf5735, buf5736, buf5738, buf5740, buf5743, buf5744, buf5745, buf5747, buf5749, buf5750, buf5751, buf5754, buf5759, buf5760, buf5761, buf5756, buf5762, buf5764, buf5766, buf5768, buf5769, buf5770, buf5772, buf5774, buf5776, buf5777, buf5778, buf5780, buf5782, buf5784, buf5785, buf5786, buf5788, buf5790, buf5792, buf5793, buf5794, buf5796, buf5798, buf5800, buf5801, buf5802, buf5804, buf5806, buf5807, buf5808, buf5811, buf5813, buf5814, buf5815, buf5817, buf5819, buf5821, buf5822, buf5823, buf5825, buf5827, buf5829, buf5830, buf5831, buf5833, buf5835, buf5837, buf5838, buf5839, buf5841, buf5843, buf5845, buf5846, buf5847, buf5849, buf5851, buf5853, buf5854, buf5855, buf5857, buf5859, buf5860, buf5861, buf5864, buf5866, buf5867, buf5868, buf5870, buf5872, buf5874, buf5875, buf5876, buf5878, buf5880, buf5882, buf5883, buf5884, buf5886, buf5888, buf5890, buf5891, buf5892, buf5894, buf5896, buf5898, buf5899, buf5900, buf5902, buf5904, buf5906, buf5907, buf5908, buf5910, buf5912, buf5914, buf5915, buf5916, buf5918, buf5921, buf5924, buf5925, buf5930, buf5932, buf5934, buf5935, buf5936, buf5939, buf5941, buf5943, buf5944, buf5945, buf5948, buf5950, buf5952, buf5953, buf5954, buf5955, buf5958, buf5960, buf5962, buf5963, buf5964, buf5965, buf5968, buf5969, buf5975, buf5977, buf5979, buf5980, buf5981, buf5984, buf5986, buf5989, buf5990, buf5991, buf5993, buf5995, buf5998, buf5999, buf6000, buf6002, buf6004, buf6007, buf6008, buf6009, buf6011, buf6013, buf6016, buf6017, buf6018, buf6020, buf6022, buf6025, buf6026, buf6027, buf6029, buf6031, buf6034, buf6035, buf6036, buf6038, buf6040, buf6043, buf6044, buf6045, buf6047, buf6049, buf6050, buf6051, buf6054, buf6059, buf6060, buf6061, buf6056, buf6062, buf6064, buf6066, buf6068, buf6069, buf6070, buf6072, buf6074, buf6076, buf6077, buf6078, buf6080, buf6082, buf6084, buf6085, buf6086, buf6088, buf6090, buf6092, buf6093, buf6094, buf6096, buf6098, buf6100, buf6101, buf6102, buf6104, buf6106, buf6107, buf6108, buf6111, buf6113, buf6114, buf6115, buf6117, buf6119, buf6121, buf6122, buf6123, buf6125, buf6127, buf6129, buf6130, buf6131, buf6133, buf6135, buf6137, buf6138, buf6139, buf6141, buf6143, buf6145, buf6146, buf6147, buf6149, buf6151, buf6153, buf6154, buf6155, buf6157, buf6159, buf6160, buf6161, buf6164, buf6166, buf6167, buf6168, buf6170, buf6172, buf6174, buf6175, buf6176, buf6178, buf6180, buf6182, buf6183, buf6184, buf6186, buf6188, buf6190, buf6191, buf6192, buf6194, buf6196, buf6198, buf6199, buf6200, buf6202, buf6204, buf6206, buf6207, buf6208, buf6210, buf6212, buf6214, buf6215, buf6216, buf6218, buf6220, buf6223, buf6225, buf6227, buf6228, buf6229, buf6232, buf6234, buf6236, buf6237, buf6238, buf6241, buf6243, buf6245, buf6246, buf6247, buf6248, buf6251, buf6253, buf6255, buf6256, buf6257, buf6258, buf6261, buf6262, buf6268, buf6270, buf6272, buf6273, buf6274, buf6277, buf6279, buf6282, buf6283, buf6284, buf6286, buf6288, buf6291, buf6292, buf6293, buf6295, buf6297, buf6300, buf6301, buf6302, buf6304, buf6306, buf6309, buf6310, buf6311, buf6313, buf6315, buf6318, buf6319, buf6320, buf6322, buf6324, buf6327, buf6328, buf6329, buf6331, buf6333, buf6336, buf6337, buf6338, buf6340, buf6342, buf6343, buf6344, buf6347, buf6352, buf6353, buf6354, buf6349, buf6355, buf6357, buf6359, buf6361, buf6362, buf6363, buf6365, buf6367, buf6369, buf6370, buf6371, buf6373, buf6375, buf6377, buf6378, buf6379, buf6381, buf6383, buf6385, buf6386, buf6387, buf6389, buf6391, buf6393, buf6394, buf6395, buf6397, buf6399, buf6400, buf6401, buf6404, buf6406, buf6407, buf6408, buf6410, buf6412, buf6414, buf6415, buf6416, buf6418, buf6420, buf6422, buf6423, buf6424, buf6426, buf6428, buf6430, buf6431, buf6432, buf6434, buf6436, buf6438, buf6439, buf6440, buf6442, buf6444, buf6446, buf6447, buf6448, buf6450, buf6452, buf6453, buf6454, buf6457, buf6459, buf6460, buf6461, buf6463, buf6465, buf6467, buf6468, buf6469, buf6471, buf6473, buf6475, buf6476, buf6477, buf6479, buf6481, buf6483, buf6484, buf6485, buf6487, buf6489, buf6491, buf6492, buf6493, buf6495, buf6497, buf6499, buf6500, buf6501, buf6503, buf6505, buf6507, buf6508, buf6509, buf6511, buf6513, buf6516, buf6518, buf6520, buf6521, buf6522, buf6525, buf6527, buf6529, buf6530, buf6531, buf6534, buf6536, buf6538, buf6539, buf6540, buf6541, buf6544, buf6546, buf6548, buf6549, buf6550, buf6551, buf6554, buf6555, buf6561, buf6563, buf6565, buf6566, buf6567, buf6570, buf6572, buf6575, buf6576, buf6577, buf6579, buf6581, buf6584, buf6585, buf6586, buf6588, buf6590, buf6593, buf6594, buf6595, buf6597, buf6599, buf6602, buf6603, buf6604, buf6606, buf6608, buf6611, buf6612, buf6613, buf6615, buf6617, buf6620, buf6621, buf6622, buf6624, buf6626, buf6629, buf6630, buf6631, buf6633, buf6635, buf6636, buf6637, buf6640, buf6645, buf6646, buf6647, buf6642, buf6648, buf6650, buf6652, buf6654, buf6655, buf6656, buf6658, buf6660, buf6662, buf6663, buf6664, buf6666, buf6668, buf6670, buf6671, buf6672, buf6674, buf6676, buf6678, buf6679, buf6680, buf6682, buf6684, buf6686, buf6687, buf6688, buf6690, buf6692, buf6693, buf6694, buf6697, buf6699, buf6700, buf6701, buf6703, buf6705, buf6707, buf6708, buf6709, buf6711, buf6713, buf6715, buf6716, buf6717, buf6719, buf6721, buf6723, buf6724, buf6725, buf6727, buf6729, buf6731, buf6732, buf6733, buf6735, buf6737, buf6739, buf6740, buf6741, buf6743, buf6745, buf6746, buf6747, buf6750, buf6752, buf6753, buf6754, buf6756, buf6758, buf6760, buf6761, buf6762, buf6764, buf6766, buf6768, buf6769, buf6770, buf6772, buf6774, buf6776, buf6777, buf6778, buf6780, buf6782, buf6784, buf6785, buf6786, buf6788, buf6790, buf6792, buf6793, buf6794, buf6796, buf6798, buf6800, buf6801, buf6802, buf6804, buf6807, buf6810, buf6812, buf6814, buf6815, buf6816, buf6819, buf6821, buf6823, buf6824, buf6825, buf6828, buf6830, buf6832, buf6833, buf6834, buf6835, buf6838, buf6840, buf6842, buf6843, buf6844, buf6845, buf6848, buf6849, buf6855, buf6857, buf6859, buf6860, buf6861, buf6864, buf6866, buf6869, buf6870, buf6871, buf6873, buf6875, buf6878, buf6879, buf6880, buf6882, buf6884, buf6887, buf6888, buf6889, buf6891, buf6893, buf6896, buf6897, buf6898, buf6900, buf6902, buf6905, buf6906, buf6907, buf6909, buf6911, buf6914, buf6915, buf6916, buf6918, buf6920, buf6923, buf6924, buf6925, buf6927, buf6929, buf6930, buf6931, buf6934, buf6939, buf6940, buf6941, buf6936, buf6942, buf6944, buf6946, buf6948, buf6949, buf6950, buf6952, buf6954, buf6956, buf6957, buf6958, buf6960, buf6962, buf6964, buf6965, buf6966, buf6968, buf6970, buf6972, buf6973, buf6974, buf6976, buf6978, buf6980, buf6981, buf6982, buf6984, buf6986, buf6987, buf6988, buf6991, buf6993, buf6994, buf6995, buf6997, buf6999, buf7001, buf7002, buf7003, buf7005, buf7007, buf7009, buf7010, buf7011, buf7013, buf7015, buf7017, buf7018, buf7019, buf7021, buf7023, buf7025, buf7026, buf7027, buf7029, buf7031, buf7033, buf7034, buf7035, buf7037, buf7039, buf7040, buf7041, buf7044, buf7046, buf7047, buf7048, buf7050, buf7052, buf7054, buf7055, buf7056, buf7058, buf7060, buf7062, buf7063, buf7064, buf7066, buf7068, buf7070, buf7071, buf7072, buf7074, buf7076, buf7078, buf7079, buf7080, buf7082, buf7084, buf7086, buf7087, buf7088, buf7090, buf7092, buf7094, buf7095, buf7096, buf7098, buf7100, buf7103, buf7105, buf7107, buf7108, buf7109, buf7112, buf7114, buf7116, buf7117, buf7118, buf7121, buf7123, buf7125, buf7126, buf7127, buf7128, buf7131, buf7133, buf7135, buf7136, buf7137, buf7138, buf7141, buf7142, buf7148, buf7150, buf7152, buf7153, buf7154, buf7157, buf7159, buf7162, buf7163, buf7164, buf7166, buf7168, buf7171, buf7172, buf7173, buf7175, buf7177, buf7180, buf7181, buf7182, buf7184, buf7186, buf7189, buf7190, buf7191, buf7193, buf7195, buf7198, buf7199, buf7200, buf7202, buf7204, buf7207, buf7208, buf7209, buf7211, buf7213, buf7216, buf7217, buf7218, buf7220, buf7222, buf7223, buf7224, buf7227, buf7232, buf7233, buf7234, buf7229, buf7235, buf7237, buf7239, buf7241, buf7242, buf7243, buf7245, buf7247, buf7249, buf7250, buf7251, buf7253, buf7255, buf7257, buf7258, buf7259, buf7261, buf7263, buf7265, buf7266, buf7267, buf7269, buf7271, buf7273, buf7274, buf7275, buf7277, buf7279, buf7280, buf7281, buf7284, buf7286, buf7287, buf7288, buf7290, buf7292, buf7294, buf7295, buf7296, buf7298, buf7300, buf7302, buf7303, buf7304, buf7306, buf7308, buf7310, buf7311, buf7312, buf7314, buf7316, buf7318, buf7319, buf7320, buf7322, buf7324, buf7326, buf7327, buf7328, buf7330, buf7332, buf7333, buf7334, buf7337, buf7339, buf7340, buf7341, buf7343, buf7345, buf7347, buf7348, buf7349, buf7351, buf7353, buf7355, buf7356, buf7357, buf7359, buf7361, buf7363, buf7364, buf7365, buf7367, buf7369, buf7371, buf7372, buf7373, buf7375, buf7377, buf7379, buf7380, buf7381, buf7383, buf7385, buf7387, buf7388, buf7389, buf7391, buf7394, buf7397, buf7399, buf7401, buf7402, buf7403, buf7406, buf7408, buf7410, buf7411, buf7412, buf7415, buf7417, buf7419, buf7420, buf7421, buf7422, buf7425, buf7427, buf7429, buf7430, buf7431, buf7432, buf7435, buf7436, buf7442, buf7444, buf7446, buf7447, buf7448, buf7451, buf7453, buf7456, buf7457, buf7458, buf7460, buf7462, buf7465, buf7466, buf7467, buf7469, buf7471, buf7474, buf7475, buf7476, buf7478, buf7480, buf7483, buf7484, buf7485, buf7487, buf7489, buf7492, buf7493, buf7494, buf7496, buf7498, buf7501, buf7502, buf7503, buf7505, buf7507, buf7510, buf7511, buf7512, buf7514, buf7516, buf7517, buf7518, buf7521, buf7526, buf7527, buf7528, buf7523, buf7529, buf7531, buf7533, buf7535, buf7536, buf7537, buf7539, buf7541, buf7543, buf7544, buf7545, buf7547, buf7549, buf7551, buf7552, buf7553, buf7555, buf7557, buf7559, buf7560, buf7561, buf7563, buf7565, buf7567, buf7568, buf7569, buf7571, buf7573, buf7574, buf7575, buf7578, buf7580, buf7581, buf7582, buf7584, buf7586, buf7588, buf7589, buf7590, buf7592, buf7594, buf7596, buf7597, buf7598, buf7600, buf7602, buf7604, buf7605, buf7606, buf7608, buf7610, buf7612, buf7613, buf7614, buf7616, buf7618, buf7620, buf7621, buf7622, buf7624, buf7626, buf7627, buf7628, buf7631, buf7633, buf7634, buf7635, buf7637, buf7639, buf7641, buf7642, buf7643, buf7645, buf7647, buf7649, buf7650, buf7651, buf7653, buf7655, buf7657, buf7658, buf7659, buf7661, buf7663, buf7665, buf7666, buf7667, buf7669, buf7671, buf7673, buf7674, buf7675, buf7677, buf7679, buf7681, buf7682, buf7683, buf7685, buf7687, buf7690, buf7692, buf7694, buf7695, buf7696, buf7699, buf7701, buf7703, buf7704, buf7705, buf7708, buf7710, buf7712, buf7713, buf7714, buf7715, buf7718, buf7720, buf7722, buf7723, buf7724, buf7725, buf7728, buf7729, buf7735, buf7737, buf7739, buf7740, buf7741, buf7744, buf7746, buf7749, buf7750, buf7751, buf7753, buf7755, buf7758, buf7759, buf7760, buf7762, buf7764, buf7767, buf7768, buf7769, buf7771, buf7773, buf7776, buf7777, buf7778, buf7780, buf7782, buf7785, buf7786, buf7787, buf7789, buf7791, buf7794, buf7795, buf7796, buf7798, buf7800, buf7803, buf7804, buf7805, buf7807, buf7809, buf7810, buf7811, buf7814, buf7819, buf7820, buf7821, buf7816, buf7822, buf7824, buf7826, buf7828, buf7829, buf7830, buf7832, buf7834, buf7836, buf7837, buf7838, buf7840, buf7842, buf7844, buf7845, buf7846, buf7848, buf7850, buf7852, buf7853, buf7854, buf7856, buf7858, buf7860, buf7861, buf7862, buf7864, buf7866, buf7867, buf7868, buf7871, buf7873, buf7874, buf7875, buf7877, buf7879, buf7881, buf7882, buf7883, buf7885, buf7887, buf7889, buf7890, buf7891, buf7893, buf7895, buf7897, buf7898, buf7899, buf7901, buf7903, buf7905, buf7906, buf7907, buf7909, buf7911, buf7913, buf7914, buf7915, buf7917, buf7919, buf7920, buf7921, buf7924, buf7926, buf7927, buf7928, buf7930, buf7932, buf7934, buf7935, buf7936, buf7938, buf7940, buf7942, buf7943, buf7944, buf7946, buf7948, buf7950, buf7951, buf7952, buf7954, buf7956, buf7958, buf7959, buf7960, buf7962, buf7964, buf7966, buf7967, buf7968, buf7970, buf7972, buf7974, buf7975, buf7976, buf7978, buf7981, buf7984, buf7986, buf7988, buf7989, buf7990, buf7993, buf7995, buf7997, buf7998, buf7999, buf8002, buf8004, buf8006, buf8007, buf8008, buf8009, buf8012, buf8014, buf8016, buf8017, buf8018, buf8019, buf8022, buf8023, buf8029, buf8031, buf8033, buf8034, buf8035, buf8038, buf8040, buf8043, buf8044, buf8045, buf8047, buf8049, buf8052, buf8053, buf8054, buf8056, buf8058, buf8061, buf8062, buf8063, buf8065, buf8067, buf8070, buf8071, buf8072, buf8074, buf8076, buf8079, buf8080, buf8081, buf8083, buf8085, buf8088, buf8089, buf8090, buf8092, buf8094, buf8097, buf8098, buf8099, buf8101, buf8103, buf8104, buf8105, buf8108, buf8113, buf8114, buf8115, buf8110, buf8116, buf8118, buf8120, buf8122, buf8123, buf8124, buf8126, buf8128, buf8130, buf8131, buf8132, buf8134, buf8136, buf8138, buf8139, buf8140, buf8142, buf8144, buf8146, buf8147, buf8148, buf8150, buf8152, buf8154, buf8155, buf8156, buf8158, buf8160, buf8161, buf8162, buf8165, buf8167, buf8168, buf8169, buf8171, buf8173, buf8175, buf8176, buf8177, buf8179, buf8181, buf8183, buf8184, buf8185, buf8187, buf8189, buf8191, buf8192, buf8193, buf8195, buf8197, buf8199, buf8200, buf8201, buf8203, buf8205, buf8207, buf8208, buf8209, buf8211, buf8213, buf8214, buf8215, buf8218, buf8220, buf8221, buf8222, buf8224, buf8226, buf8228, buf8229, buf8230, buf8232, buf8234, buf8236, buf8237, buf8238, buf8240, buf8242, buf8244, buf8245, buf8246, buf8248, buf8250, buf8252, buf8253, buf8254, buf8256, buf8258, buf8260, buf8261, buf8262, buf8264, buf8266, buf8268, buf8269, buf8270, buf8272, buf8274, buf8277, buf8279, buf8281, buf8282, buf8283, buf8286, buf8288, buf8290, buf8291, buf8292, buf8295, buf8297, buf8299, buf8300, buf8301, buf8302, buf8305, buf8307, buf8309, buf8310, buf8311, buf8312, buf8315, buf8316, buf8322, buf8324, buf8326, buf8327, buf8328, buf8331, buf8333, buf8336, buf8337, buf8338, buf8340, buf8342, buf8345, buf8346, buf8347, buf8349, buf8351, buf8354, buf8355, buf8356, buf8358, buf8360, buf8363, buf8364, buf8365, buf8367, buf8369, buf8372, buf8373, buf8374, buf8376, buf8378, buf8381, buf8382, buf8383, buf8385, buf8387, buf8390, buf8391, buf8392, buf8394, buf8396, buf8397, buf8398, buf8401, buf8406, buf8407, buf8408, buf8403, buf8409, buf8411, buf8413, buf8415, buf8416, buf8417, buf8419, buf8421, buf8423, buf8424, buf8425, buf8427, buf8429, buf8431, buf8432, buf8433, buf8435, buf8437, buf8439, buf8440, buf8441, buf8443, buf8445, buf8447, buf8448, buf8449, buf8451, buf8453, buf8454, buf8455, buf8458, buf8460, buf8461, buf8462, buf8464, buf8466, buf8468, buf8469, buf8470, buf8472, buf8474, buf8476, buf8477, buf8478, buf8480, buf8482, buf8484, buf8485, buf8486, buf8488, buf8490, buf8492, buf8493, buf8494, buf8496, buf8498, buf8500, buf8501, buf8502, buf8504, buf8506, buf8507, buf8508, buf8511, buf8513, buf8514, buf8515, buf8517, buf8519, buf8521, buf8522, buf8523, buf8525, buf8527, buf8529, buf8530, buf8531, buf8533, buf8535, buf8537, buf8538, buf8539, buf8541, buf8543, buf8545, buf8546, buf8547, buf8549, buf8551, buf8553, buf8554, buf8555, buf8557, buf8559, buf8561, buf8562, buf8563, buf8565, buf8568, buf8571, buf8572, buf8577, buf8579, buf8581, buf8582, buf8583, buf8586, buf8588, buf8590, buf8591, buf8592, buf8595, buf8597, buf8599, buf8600, buf8601, buf8602, buf8605, buf8607, buf8609, buf8610, buf8611, buf8612, buf8615, buf8616, buf8622, buf8624, buf8626, buf8627, buf8628, buf8631, buf8633, buf8636, buf8637, buf8638, buf8640, buf8642, buf8645, buf8646, buf8647, buf8649, buf8651, buf8654, buf8655, buf8656, buf8658, buf8660, buf8663, buf8664, buf8665, buf8667, buf8669, buf8672, buf8673, buf8674, buf8676, buf8678, buf8681, buf8682, buf8683, buf8685, buf8687, buf8690, buf8691, buf8692, buf8694, buf8696, buf8697, buf8698, buf8701, buf8706, buf8707, buf8708, buf8703, buf8709, buf8711, buf8713, buf8715, buf8716, buf8717, buf8719, buf8721, buf8723, buf8724, buf8725, buf8727, buf8729, buf8731, buf8732, buf8733, buf8735, buf8737, buf8739, buf8740, buf8741, buf8743, buf8745, buf8747, buf8748, buf8749, buf8751, buf8753, buf8754, buf8755, buf8758, buf8760, buf8761, buf8762, buf8764, buf8766, buf8768, buf8769, buf8770, buf8772, buf8774, buf8776, buf8777, buf8778, buf8780, buf8782, buf8784, buf8785, buf8786, buf8788, buf8790, buf8792, buf8793, buf8794, buf8796, buf8798, buf8800, buf8801, buf8802, buf8804, buf8806, buf8807, buf8808, buf8811, buf8813, buf8814, buf8815, buf8817, buf8819, buf8821, buf8822, buf8823, buf8825, buf8827, buf8829, buf8830, buf8831, buf8833, buf8835, buf8837, buf8838, buf8839, buf8841, buf8843, buf8845, buf8846, buf8847, buf8849, buf8851, buf8853, buf8854, buf8855, buf8857, buf8859, buf8861, buf8862, buf8863, buf8865, buf8867, buf8870, buf8872, buf8874, buf8875, buf8876, buf8879, buf8881, buf8883, buf8884, buf8885, buf8888, buf8890, buf8892, buf8893, buf8894, buf8895, buf8898, buf8900, buf8902, buf8903, buf8904, buf8905, buf8908, buf8909, buf8915, buf8917, buf8919, buf8920, buf8921, buf8924, buf8926, buf8929, buf8930, buf8931, buf8933, buf8935, buf8938, buf8939, buf8940, buf8942, buf8944, buf8947, buf8948, buf8949, buf8951, buf8953, buf8956, buf8957, buf8958, buf8960, buf8962, buf8965, buf8966, buf8967, buf8969, buf8971, buf8974, buf8975, buf8976, buf8978, buf8980, buf8983, buf8984, buf8985, buf8987, buf8989, buf8990, buf8991, buf8994, buf8999, buf9000, buf9001, buf8996, buf9002, buf9004, buf9006, buf9008, buf9009, buf9010, buf9012, buf9014, buf9016, buf9017, buf9018, buf9020, buf9022, buf9024, buf9025, buf9026, buf9028, buf9030, buf9032, buf9033, buf9034, buf9036, buf9038, buf9040, buf9041, buf9042, buf9044, buf9046, buf9047, buf9048, buf9051, buf9053, buf9054, buf9055, buf9057, buf9059, buf9061, buf9062, buf9063, buf9065, buf9067, buf9069, buf9070, buf9071, buf9073, buf9075, buf9077, buf9078, buf9079, buf9081, buf9083, buf9085, buf9086, buf9087, buf9089, buf9091, buf9093, buf9094, buf9095, buf9097, buf9099, buf9100, buf9101, buf9104, buf9106, buf9107, buf9108, buf9110, buf9112, buf9114, buf9115, buf9116, buf9118, buf9120, buf9122, buf9123, buf9124, buf9126, buf9128, buf9130, buf9131, buf9132, buf9134, buf9136, buf9138, buf9139, buf9140, buf9142, buf9144, buf9146, buf9147, buf9148, buf9150, buf9152, buf9154, buf9155, buf9156, buf9158, buf9160, buf9163, buf9165, buf9167, buf9168, buf9169, buf9172, buf9174, buf9176, buf9177, buf9178, buf9181, buf9183, buf9185, buf9186, buf9187, buf9188, buf9191, buf9193, buf9195, buf9196, buf9197, buf9198, buf9201, buf9202, buf9208, buf9210, buf9212, buf9213, buf9214, buf9217, buf9219, buf9222, buf9223, buf9224, buf9226, buf9228, buf9231, buf9232, buf9233, buf9235, buf9237, buf9240, buf9241, buf9242, buf9244, buf9246, buf9249, buf9250, buf9251, buf9253, buf9255, buf9258, buf9259, buf9260, buf9262, buf9264, buf9267, buf9268, buf9269, buf9271, buf9273, buf9276, buf9277, buf9278, buf9280, buf9282, buf9283, buf9284, buf9287, buf9292, buf9293, buf9294, buf9289, buf9295, buf9297, buf9299, buf9301, buf9302, buf9303, buf9305, buf9307, buf9309, buf9310, buf9311, buf9313, buf9315, buf9317, buf9318, buf9319, buf9321, buf9323, buf9325, buf9326, buf9327, buf9329, buf9331, buf9333, buf9334, buf9335, buf9337, buf9339, buf9340, buf9341, buf9344, buf9346, buf9347, buf9348, buf9350, buf9352, buf9354, buf9355, buf9356, buf9358, buf9360, buf9362, buf9363, buf9364, buf9366, buf9368, buf9370, buf9371, buf9372, buf9374, buf9376, buf9378, buf9379, buf9380, buf9382, buf9384, buf9386, buf9387, buf9388, buf9390, buf9392, buf9393, buf9394, buf9397, buf9399, buf9400, buf9401, buf9403, buf9405, buf9407, buf9408, buf9409, buf9411, buf9413, buf9415, buf9416, buf9417, buf9419, buf9421, buf9423, buf9424, buf9425, buf9427, buf9429, buf9431, buf9432, buf9433, buf9435, buf9437, buf9439, buf9440, buf9441, buf9443, buf9445, buf9447, buf9448, buf9449, buf9451, buf9454, buf9457, buf9459, buf9461, buf9462, buf9463, buf9466, buf9468, buf9470, buf9471, buf9472, buf9475, buf9477, buf9479, buf9480, buf9481, buf9482, buf9485, buf9487, buf9489, buf9490, buf9491, buf9492, buf9495, buf9496, buf9502, buf9504, buf9506, buf9507, buf9508, buf9511, buf9513, buf9516, buf9517, buf9518, buf9520, buf9522, buf9525, buf9526, buf9527, buf9529, buf9531, buf9534, buf9535, buf9536, buf9538, buf9540, buf9543, buf9544, buf9545, buf9547, buf9549, buf9552, buf9553, buf9554, buf9556, buf9558, buf9561, buf9562, buf9563, buf9565, buf9567, buf9570, buf9571, buf9572, buf9574, buf9576, buf9577, buf9578, buf9581, buf9586, buf9587, buf9588, buf9583, buf9589, buf9591, buf9593, buf9595, buf9596, buf9597, buf9599, buf9601, buf9603, buf9604, buf9605, buf9607, buf9609, buf9611, buf9612, buf9613, buf9615, buf9617, buf9619, buf9620, buf9621, buf9623, buf9625, buf9627, buf9628, buf9629, buf9631, buf9633, buf9634, buf9635, buf9638, buf9640, buf9641, buf9642, buf9644, buf9646, buf9648, buf9649, buf9650, buf9652, buf9654, buf9656, buf9657, buf9658, buf9660, buf9662, buf9664, buf9665, buf9666, buf9668, buf9670, buf9672, buf9673, buf9674, buf9676, buf9678, buf9680, buf9681, buf9682, buf9684, buf9686, buf9687, buf9688, buf9691, buf9693, buf9694, buf9695, buf9697, buf9699, buf9701, buf9702, buf9703, buf9705, buf9707, buf9709, buf9710, buf9711, buf9713, buf9715, buf9717, buf9718, buf9719, buf9721, buf9723, buf9725, buf9726, buf9727, buf9729, buf9731, buf9733, buf9734, buf9735, buf9737, buf9739, buf9741, buf9742, buf9743, buf9745, buf9747, buf9750, buf9752, buf9754, buf9755, buf9756, buf9759, buf9761, buf9763, buf9764, buf9765, buf9768, buf9770, buf9772, buf9773, buf9774, buf9775, buf9778, buf9780, buf9782, buf9783, buf9784, buf9785, buf9788, buf9789, buf9795, buf9797, buf9799, buf9800, buf9801, buf9804, buf9806, buf9809, buf9810, buf9811, buf9813, buf9815, buf9818, buf9819, buf9820, buf9822, buf9824, buf9827, buf9828, buf9829, buf9831, buf9833, buf9836, buf9837, buf9838, buf9840, buf9842, buf9845, buf9846, buf9847, buf9849, buf9851, buf9854, buf9855, buf9856, buf9858, buf9860, buf9863, buf9864, buf9865, buf9867, buf9869, buf9870, buf9871, buf9874, buf9879, buf9880, buf9881, buf9876, buf9882, buf9884, buf9886, buf9888, buf9889, buf9890, buf9892, buf9894, buf9896, buf9897, buf9898, buf9900, buf9902, buf9904, buf9905, buf9906, buf9908, buf9910, buf9912, buf9913, buf9914, buf9916, buf9918, buf9920, buf9921, buf9922, buf9924, buf9926, buf9927, buf9928, buf9931, buf9933, buf9934, buf9935, buf9937, buf9939, buf9941, buf9942, buf9943, buf9945, buf9947, buf9949, buf9950, buf9951, buf9953, buf9955, buf9957, buf9958, buf9959, buf9961, buf9963, buf9965, buf9966, buf9967, buf9969, buf9971, buf9973, buf9974, buf9975, buf9977, buf9979, buf9980, buf9981, buf9984, buf9986, buf9987, buf9988, buf9990, buf9992, buf9994, buf9995, buf9996, buf9998, buf10000, buf10002, buf10003, buf10004, buf10006, buf10008, buf10010, buf10011, buf10012, buf10014, buf10016, buf10018, buf10019, buf10020, buf10022, buf10024, buf10026, buf10027, buf10028, buf10030, buf10032, buf10034, buf10035, buf10036, buf10038, buf10041, buf10044, buf10046, buf10048, buf10049, buf10050, buf10053, buf10055, buf10057, buf10058, buf10059, buf10062, buf10064, buf10066, buf10067, buf10068, buf10069, buf10072, buf10074, buf10076, buf10077, buf10078, buf10079, buf10082, buf10083, buf10089, buf10091, buf10093, buf10094, buf10095, buf10098, buf10100, buf10103, buf10104, buf10105, buf10107, buf10109, buf10112, buf10113, buf10114, buf10116, buf10118, buf10121, buf10122, buf10123, buf10125, buf10127, buf10130, buf10131, buf10132, buf10134, buf10136, buf10139, buf10140, buf10141, buf10143, buf10145, buf10148, buf10149, buf10150, buf10152, buf10154, buf10157, buf10158, buf10159, buf10161, buf10163, buf10164, buf10165, buf10168, buf10173, buf10174, buf10175, buf10170, buf10176, buf10178, buf10180, buf10182, buf10183, buf10184, buf10186, buf10188, buf10190, buf10191, buf10192, buf10194, buf10196, buf10198, buf10199, buf10200, buf10202, buf10204, buf10206, buf10207, buf10208, buf10210, buf10212, buf10214, buf10215, buf10216, buf10218, buf10220, buf10221, buf10222, buf10225, buf10227, buf10228, buf10229, buf10231, buf10233, buf10235, buf10236, buf10237, buf10239, buf10241, buf10243, buf10244, buf10245, buf10247, buf10249, buf10251, buf10252, buf10253, buf10255, buf10257, buf10259, buf10260, buf10261, buf10263, buf10265, buf10267, buf10268, buf10269, buf10271, buf10273, buf10274, buf10275, buf10278, buf10280, buf10281, buf10282, buf10284, buf10286, buf10288, buf10289, buf10290, buf10292, buf10294, buf10296, buf10297, buf10298, buf10300, buf10302, buf10304, buf10305, buf10306, buf10308, buf10310, buf10312, buf10313, buf10314, buf10316, buf10318, buf10320, buf10321, buf10322, buf10324, buf10326, buf10328, buf10329, buf10330, buf10332, buf10334, buf10337, buf10339, buf10341, buf10342, buf10343, buf10346, buf10348, buf10350, buf10351, buf10352, buf10355, buf10357, buf10359, buf10360, buf10361, buf10362, buf10365, buf10367, buf10369, buf10370, buf10371, buf10372, buf10375, buf10376, buf10382, buf10384, buf10386, buf10387, buf10388, buf10391, buf10393, buf10396, buf10397, buf10398, buf10400, buf10402, buf10405, buf10406, buf10407, buf10409, buf10411, buf10414, buf10415, buf10416, buf10418, buf10420, buf10423, buf10424, buf10425, buf10427, buf10429, buf10432, buf10433, buf10434, buf10436, buf10438, buf10441, buf10442, buf10443, buf10445, buf10447, buf10450, buf10451, buf10452, buf10454, buf10456, buf10457, buf10458, buf10461, buf10466, buf10467, buf10468, buf10463, buf10469, buf10471, buf10473, buf10475, buf10476, buf10477, buf10479, buf10481, buf10483, buf10484, buf10485, buf10487, buf10489, buf10491, buf10492, buf10493, buf10495, buf10497, buf10499, buf10500, buf10501, buf10503, buf10505, buf10507, buf10508, buf10509, buf10511, buf10513, buf10514, buf10515, buf10518, buf10520, buf10521, buf10522, buf10524, buf10526, buf10528, buf10529, buf10530, buf10532, buf10534, buf10536, buf10537, buf10538, buf10540, buf10542, buf10544, buf10545, buf10546, buf10548, buf10550, buf10552, buf10553, buf10554, buf10556, buf10558, buf10560, buf10561, buf10562, buf10564, buf10566, buf10567, buf10568, buf10571, buf10573, buf10574, buf10575, buf10577, buf10579, buf10581, buf10582, buf10583, buf10585, buf10587, buf10589, buf10590, buf10591, buf10593, buf10595, buf10597, buf10598, buf10599, buf10601, buf10603, buf10605, buf10606, buf10607, buf10609, buf10611, buf10613, buf10614, buf10615, buf10617, buf10619, buf10621, buf10622, buf10623, buf10625, buf10628, buf10631, buf10633, buf10635, buf10636, buf10637, buf10640, buf10642, buf10644, buf10645, buf10646, buf10649, buf10651, buf10653, buf10654, buf10655, buf10656, buf10659, buf10661, buf10663, buf10664, buf10665, buf10666, buf10669, buf10670, buf10676, buf10678, buf10680, buf10681, buf10682, buf10685, buf10687, buf10690, buf10691, buf10692, buf10694, buf10696, buf10699, buf10700, buf10701, buf10703, buf10705, buf10708, buf10709, buf10710, buf10712, buf10714, buf10717, buf10718, buf10719, buf10721, buf10723, buf10726, buf10727, buf10728, buf10730, buf10732, buf10735, buf10736, buf10737, buf10739, buf10741, buf10744, buf10745, buf10746, buf10748, buf10750, buf10751, buf10752, buf10755, buf10760, buf10761, buf10762, buf10757, buf10763, buf10765, buf10767, buf10769, buf10770, buf10771, buf10773, buf10775, buf10777, buf10778, buf10779, buf10781, buf10783, buf10785, buf10786, buf10787, buf10789, buf10791, buf10793, buf10794, buf10795, buf10797, buf10799, buf10801, buf10802, buf10803, buf10805, buf10807, buf10808, buf10809, buf10812, buf10814, buf10815, buf10816, buf10818, buf10820, buf10822, buf10823, buf10824, buf10826, buf10828, buf10830, buf10831, buf10832, buf10834, buf10836, buf10838, buf10839, buf10840, buf10842, buf10844, buf10846, buf10847, buf10848, buf10850, buf10852, buf10854, buf10855, buf10856, buf10858, buf10860, buf10861, buf10862, buf10865, buf10867, buf10868, buf10869, buf10871, buf10873, buf10875, buf10876, buf10877, buf10879, buf10881, buf10883, buf10884, buf10885, buf10887, buf10889, buf10891, buf10892, buf10893, buf10895, buf10897, buf10899, buf10900, buf10901, buf10903, buf10905, buf10907, buf10908, buf10909, buf10911, buf10913, buf10915, buf10916, buf10917, buf10919, buf10921, buf10924, buf10926, buf10928, buf10929, buf10930, buf10933, buf10935, buf10937, buf10938, buf10939, buf10942, buf10944, buf10946, buf10947, buf10948, buf10949, buf10952, buf10954, buf10956, buf10957, buf10958, buf10959, buf10962, buf10963, buf10969, buf10971, buf10973, buf10974, buf10975, buf10978, buf10980, buf10983, buf10984, buf10985, buf10987, buf10989, buf10992, buf10993, buf10994, buf10996, buf10998, buf11001, buf11002, buf11003, buf11005, buf11007, buf11010, buf11011, buf11012, buf11014, buf11016, buf11019, buf11020, buf11021, buf11023, buf11025, buf11028, buf11029, buf11030, buf11032, buf11034, buf11037, buf11038, buf11039, buf11041, buf11043, buf11044, buf11045, buf11048, buf11053, buf11054, buf11055, buf11050, buf11056, buf11058, buf11060, buf11062, buf11063, buf11064, buf11066, buf11068, buf11070, buf11071, buf11072, buf11074, buf11076, buf11078, buf11079, buf11080, buf11082, buf11084, buf11086, buf11087, buf11088, buf11090, buf11092, buf11094, buf11095, buf11096, buf11098, buf11100, buf11101, buf11102, buf11105, buf11107, buf11108, buf11109, buf11111, buf11113, buf11115, buf11116, buf11117, buf11119, buf11121, buf11123, buf11124, buf11125, buf11127, buf11129, buf11131, buf11132, buf11133, buf11135, buf11137, buf11139, buf11140, buf11141, buf11143, buf11145, buf11147, buf11148, buf11149, buf11151, buf11153, buf11154, buf11155, buf11158, buf11160, buf11161, buf11162, buf11164, buf11166, buf11168, buf11169, buf11170, buf11172, buf11174, buf11176, buf11177, buf11178, buf11180, buf11182, buf11184, buf11185, buf11186, buf11188, buf11190, buf11192, buf11193, buf11194, buf11196, buf11198, buf11200, buf11201, buf11202, buf11204, buf11206, buf11208, buf11209, buf11210, buf11212, buf11215, primals_4, primals_6, primals_7, primals_9, primals_10, primals_12, primals_13, primals_15, primals_16, primals_18, primals_20, primals_22, primals_23, primals_25, primals_26, primals_28, primals_29, primals_31, primals_32, primals_34, primals_36, primals_38, primals_39, primals_41, primals_42, primals_44, primals_45, primals_47, primals_48, primals_50, primals_52, primals_53, primals_55, primals_56, primals_58, primals_59, primals_61, primals_62, primals_64, primals_65, primals_67, primals_69, primals_71, primals_72, primals_74, primals_75, primals_77, primals_78, primals_80, primals_81, primals_83, primals_85, primals_86, primals_88, primals_89, primals_91, primals_92, primals_94, primals_95, primals_97, primals_98, primals_100, primals_101, primals_102, primals_103, primals_105, primals_106, primals_107, primals_108, primals_109, primals_110, primals_111, primals_113, primals_114, primals_115, primals_116, primals_117, primals_118, primals_119, primals_120, primals_121, primals_122, primals_123, primals_124, primals_126, primals_127, primals_128, primals_129, primals_130, primals_131, primals_132, primals_133, primals_134, primals_135, primals_137, primals_138, primals_139, primals_140, primals_142, primals_143, primals_144, primals_145, primals_147, primals_148, primals_149, primals_152, primals_154, primals_156, primals_157, primals_158, primals_159, primals_161, primals_162, primals_163, primals_164, primals_166, primals_167, primals_168, primals_169, primals_170, primals_171, primals_172, primals_174, primals_175, primals_176, primals_177, primals_178, primals_179, primals_181, primals_182, primals_183, primals_184, primals_186, primals_187, primals_188, primals_189, primals_191, primals_192, primals_193, primals_194, primals_196, primals_197, primals_198, primals_199, primals_201, primals_202, primals_203, primals_204, primals_206, primals_207, primals_208, primals_209, primals_211, primals_212, primals_213, primals_214, primals_216, primals_217, primals_218, primals_219, primals_221, primals_222, primals_223, primals_224, primals_225, primals_226, primals_232, primals_228, primals_230, primals_231, primals_233, primals_235, primals_236, primals_237, primals_238, primals_240, primals_241, primals_242, primals_243, primals_245, primals_246, primals_247, primals_248, primals_250, primals_251, primals_252, primals_253, primals_255, primals_256, primals_257, primals_258, primals_260, primals_261, primals_262, primals_263, primals_264, primals_265, primals_267, primals_268, primals_270, primals_271, primals_272, primals_273, primals_275, primals_276, primals_277, primals_278, primals_280, primals_281, primals_282, primals_283, primals_285, primals_286, primals_287, primals_288, primals_290, primals_291, primals_292, primals_293, primals_295, primals_296, primals_297, primals_298, primals_299, primals_300, primals_302, primals_303, primals_305, primals_306, primals_307, primals_308, primals_310, primals_311, primals_312, primals_313, primals_315, primals_316, primals_317, primals_318, primals_320, primals_321, primals_322, primals_323, primals_325, primals_326, primals_327, primals_328, primals_330, primals_331, primals_332, primals_333, primals_335, primals_336) = self.partitions[0](partition0_args)
[rank0]:                                                                                                                                                                                                                                                                                                                                                                                                                                                                                                                                                                                                                                                                                                                                                                                                                                                                                                                                                                                                                                                                                                                                                                                                                                                                                                                                                                                                                                                                                                                                                                                                                                                                                                                                                                                                                                                                                                                                                                                                                                                                                                                                                                                                                                                                                                                                                                                                                                                                                                                                                                                                                                                                                                                                                                                                                                                                                                                                                                                                                                                                                                                                                                                                                                                                                                                                                                                                                                                                                                                                                                                                                                                                                                                                                                                                                                                                                                                                                                                                                                                                                                                                                                                                                                                                                                                                                                                                                                                                                                                                                                                                                                                                                                                                                                                                                                                                                                                                                                                                                                                                                                                                                                                                                                                                                                                                                                                                                                                                                                                                                                                                                                                                                                                                                                                                                                                                                                                                                                                                                                                                                                                                                                                                                                                                                                                                                                                                                                                                                                                                                                                                                                                                                                                                                                                                                                                                                                                                                                                                                                                                                                                                                                                                                                                                                                                                                                                                                                                                                                                                                                                                                                                                                                                                                                                                                                                                                                                                                                                                                                                                                                                                                                                                                                                                                                                                                                                                                                                                                                                                                                                                                                                                                                                                                                                                                                                                                                                                                                                                                                                                                                                                                                                                                                                                                                                                                                                                                                                                                                                                                                                                                                                                                                                                                                                                                                                                                                                                                                                                                                                                                                                                                                                                                                                                                                                                                                                                                                                                                                                                                                                                                                                                                                                                                                                                                                                                                                                                                                                                                                                                                                                                                                                                                                                                                                                                                                                                                                                                                                                                                                                                                                                                                                                                                                                                                                                                                                                                                                                                                                                                                                                                                                                                                                                                                                                                                                                                                                                                                                                                                                                                                                                                                                                                                                                                                                                                                                                                                                                                                                                                                                                                                                                                                                                                                                                                                                                                                                                                                                                                                                                                                                                                                                                                                                                                                                                                                                                                                                                                                                                                                                                                                                                                                                                                                                                                                                                                                                                                                                                                                                                                                                                                                                                                                                                                                                                                                                                                                                                                                                                                                                                                                                                                                                                                                                                                                                                                                                                                                                                                                                                                                                                                                                                                                                                                                                                                                                                                                                                                                                                                                                                                                                                                                                                                                                                                                                                                                                                                                                                                                                                                                                                                                                                                                                                                                                                                                                                                                                                                                                                                                                                                                                                                                                                                                                                                                                                                                                                                                                                                                                                                                                                                                                                                                                                                                                                                                                                                                                                                                                                                                                                                                                                                                                                                                                                                                                                                                                                                                                                                                                                                                                                                                                                                                                                                                                                                                                                                                                                                                                                                                                                                                                                                                                                                                                                                                                                                                                                                                                                                                                                                                                                                                                                                                                                                                                                                                                                                                                                                                                                                                                                                                                                                                                                                                                                                                                                                                                                                                                                                                                                                                                                                                                                                                                                                                                                                                                                                                                                                                                                                                                                                                                                                                                                                                                                                                                                                                                                                                                                                                                                                                                                                                                                                                                                                                                                                                                                                                                                                                                                                                                                                                                                                                                                                                                                                                                                                                                                                                                                                                                                                                                                                                                                                                                                                                                                                                                                                                                                                                                                                                                                                                                                                                                                                                                                                                                                                                                                                                                                                                                                                                                                                                                                                                                                                                                                                                                                                                                                                                                                                                                                                                                                                                                                                                                                                                                                                                                                                                                                                                                                                                                                                                                                                                                                                                                                                                                                                                                                                                                                                                                                                                                                                                                                                                                                                                                                                                                                                                                                                                                                                                                                                                                                                                                                                                                                                                                                                                                                                                                                                                                                                                                                                                                                                                                                                                                                                                                                                                                                                                                                                                                                                                                                                                                                                                                                                                                                                                                                                                                                                                                                                                                                                                                                                                                                                                                                                                                                                                                                                                                                                                                                                                                                                                                                                                                                                                                                                                                                                                                                                                                                                                                                                                                                                                                                                                                                                                                                                                                                                                                                                                                                                                                                                                                                                                                                                                                                                                                                                                                                                                                                                                                                                                                                                                                                                                                                                                                                                                                                                                                                                                                                                                                                                                                                                                                                                                                                                                                                                                                                                                                                                                                                                                                                                                                                                                                                                                                                                                                                                                                                                                                                                                                                                                                                                                                                                                                                                                                                                                                                                                                                                                                                                                                                                                                                                                                                                                                                                                                                                                                                                                                                                                                                                                                                                                                                                                                                                                                                                                                                                                                                                                                                                                                                                                                                                                                                                                                                                                                                                                                                                                                                                                                                                                                                                                                                                                                                                                                                                                                                                                                                                                                                                                                                                                                                                                                                                                                                                                                                                                                                                                                                                                                                                                                                                                                                                                                                                                                                                                                                                                                                                                                                                                                                                                                                                                                                                                                                                                                                                                                                                                                                                                                                                                                                                                                                                                                                                                                                                                                                                                                                                                                                                                                                                                                                                                                                                                                                                                                                                                                                                                                                                                                                                                                                                                                                                                                                                                                                                                                                                                                                                                                                                                                                                                                                                                                                                                                                                                                                                                                                                                                                                                                                                                                                                                                                                                                                                                                                                                                                                                                                                                                                                                                                                                                                                                                                                                                                                                                                                                                                                                                                                                                                                                                                                                                                                                                                                                                                                                                                                                                                                                                                                                                                                                                                                                                                                                                                                                                                                                                                                                                                                                                                                                                                                                                                                                                                                                                                                                                                                                                                                                                                                                                                                                                                                                                                                                                                                                                                                                                                                                                                                                                                                                                                                                                                                                                                                                                                                                                                                                                                                                                                                                                                                                                                                                                                                                                                                                                                                                                                                                                                                                                                                                                                                                                                                                                                                                                                                                                                                                                                                                                                                                                                                                                                                                                                                                                                                                                                                                                                                                                                                                                                                                                                                                                                                                                                                                                                                                                                                                                                                                                                                                                                                                                                                                                                                                                                                                                                                                                                                                                                                                                                                                                                                                                                                                                                                                                                                                                                                                                                                                                                                                                                                                                                                                                                                                                                                                                                                                                                                                                                                                                                                                                                                                                                                                                                                                                                                                                                                                                                                                                                                                                                                                                                                                                                                                                                                                                                                                                                                                                                                                                                                                                                                                                                                                                                                                                                                                                                                                                                                                                                                                                                                                                                                                                                                                                                                                                                                                                                                                                                                                                                                                                                                                                                                                                                                                                                                                                                                                                                                                                                                                                                                                                                                                                                                                                                                                                                                                                                                                                                                                                                                                                                                                                                                                                                                                                                                                                                                                                                                                                                                                                                                                                                                                                                                                                                                                                                                                                                                                                                                                                                                                                                                                                                                                                                                                                                                                                                                                                                                                                                                                                                                                                                                                                                                                                                                                                                                                                                                                                                                                                                                                                                                                                                                                                                                                                                                                                                                                                                                                                                                                                                                                                                                                                                                                                                                                                                                                                                                                                                                                                                                                                                                                                                                                                                                                                                                                                                                                                                                                                                                                                                                                                                                                                                                                                                                                                                                                                                                                                                                                                                                                                                                                                                                                                                                                                                                                                                                                                                                                                                                                                                                                                                                                                                                                                                                                                                                                                                                                                                                                                                                                                                                                                                                                                                                                                                                                                                                                                                                                                                                                                                                                                                                                                                                                                                                                                                                                                                                                                                                                                                                                                                                                                                                                                                                                                                                                                                                                                                                                                                                                                                                                                                                                                                                                                                                                                                                                                                                                                                                                                                                                                                                                                                                                                                                                                                                                                                                                                                                                                                                                                                                                                                                                                                                                                                                                                                                                                                                                                                                                                                                                                                                                                                                                                                                                                                                                                                                                                                                                                                                                                                                                                                                                                                                                                                                                                                                                                                                                                                                                                                                                                                                                                                                                                                                                                                                                                                                                                                                                                                                                                                                                                                                                                                                                                                                                                                                                                                                                                                                                                                                                                                                                                                                                                                                                                                                                                                                                                                                                                                                                                                                                                                                                                                                                                                                                                                                                                                                                                                                                                                                                                                                                                                                                                                                                                                                                                                                                                                                                                                                                                                                                                                                                                                                                                                                                                                                                                                                                                                                                                                                                                                                                                                                                                                                                                                                                                                                                                                                                                                                                                                                                                                                                                                                                                                                                                                                                                                                                                                                                                                                                                                                                                                                                                                                                                                                                                                                                                                                                                                                                                                                                                                                                                                                                                                                                                                                                                                                                                                                                                                                                                                                                                                                                                                                                                                                                                                                                                                                                                                                                                                                                                                                                                                                                                                                                                                                                                                                                                                                                                                                                                                                                                                                                                                                                                                                                                                                                                                                                                                                                                                                                                                                                                                                                                                                                                                                                                                                                                                                                                                                                                                                                                                                                                                                                                                                                                                                                                                                                                                                                                                                                                                                                                                                                                                                                                                                                                                                                                                                                                                                                                                                                                                                                                                                                                                                                                                                                                                                                                                                                                                                                                                                                                                                                                                                                                                                                             ^^^^^^^^^^^^^^^^^^^^^^^^^^^^^^^^^^^
[rank0]:   File "/project/6101839/piado/vae/snth/lib/python3.11/site-packages/torch/_inductor/compile_fx.py", line 1843, in run
[rank0]:     return compiled_fn(new_inputs)  # type: ignore[arg-type]
[rank0]:            ^^^^^^^^^^^^^^^^^^^^^^^
[rank0]:   File "/project/6101839/piado/vae/snth/lib/python3.11/site-packages/torch/_inductor/cudagraph_trees.py", line 404, in deferred_cudagraphify
[rank0]:     fn, out = cudagraphify(model, inputs, new_static_input_idxs, *args, **kwargs)
[rank0]:               ^^^^^^^^^^^^^^^^^^^^^^^^^^^^^^^^^^^^^^^^^^^^^^^^^^^^^^^^^^^^^^^^^^^
[rank0]:   File "/project/6101839/piado/vae/snth/lib/python3.11/site-packages/torch/_inductor/cudagraph_trees.py", line 464, in cudagraphify
[rank0]:     return manager.add_function(
[rank0]:            ^^^^^^^^^^^^^^^^^^^^^
[rank0]:   File "/project/6101839/piado/vae/snth/lib/python3.11/site-packages/torch/_inductor/cudagraph_trees.py", line 2337, in add_function
[rank0]:     return fn, fn(inputs)
[rank0]:                ^^^^^^^^^^
[rank0]:   File "/project/6101839/piado/vae/snth/lib/python3.11/site-packages/torch/_inductor/cudagraph_trees.py", line 2033, in run
[rank0]:     out = self._run(new_inputs, function_id)
[rank0]:           ^^^^^^^^^^^^^^^^^^^^^^^^^^^^^^^^^^
[rank0]:   File "/project/6101839/piado/vae/snth/lib/python3.11/site-packages/torch/_inductor/cudagraph_trees.py", line 2137, in _run
[rank0]:     return self.run_eager(new_inputs, function_id)
[rank0]:            ^^^^^^^^^^^^^^^^^^^^^^^^^^^^^^^^^^^^^^^
[rank0]:   File "/project/6101839/piado/vae/snth/lib/python3.11/site-packages/torch/_inductor/cudagraph_trees.py", line 2298, in run_eager
[rank0]:     return node.run(new_inputs)
[rank0]:            ^^^^^^^^^^^^^^^^^^^^
[rank0]:   File "/project/6101839/piado/vae/snth/lib/python3.11/site-packages/torch/_inductor/cudagraph_trees.py", line 692, in run
[rank0]:     out = self.wrapped_function.model(new_inputs)
[rank0]:           ^^^^^^^^^^^^^^^^^^^^^^^^^^^^^^^^^^^^^^^
[rank0]:   File "/tmp/.torchinductor/cn/ccnef266pllck5oc7imowmuoiyh3k6zs32tlpeba6z5fxmqmjiog.py", line 12953, in partition_0
[rank0]:     buf1674 = extern_kernels.convolution(buf1671, primals_250, stride=(1, 1, 1), padding=(0, 0, 0), dilation=(1, 1, 1), transposed=False, output_padding=(0, 0, 0), groups=1, bias=None)
[rank0]:               ^^^^^^^^^^^^^^^^^^^^^^^^^^^^^^^^^^^^^^^^^^^^^^^^^^^^^^^^^^^^^^^^^^^^^^^^^^^^^^^^^^^^^^^^^^^^^^^^^^^^^^^^^^^^^^^^^^^^^^^^^^^^^^^^^^^^^^^^^^^^^^^^^^^^^^^^^^^^^^^^^^^^^^^^^^
[rank0]:   File "/project/6101839/piado/vae/snth/lib/python3.11/site-packages/torch/utils/_device.py", line 109, in __torch_function__
[rank0]:     return func(*args, **kwargs)
[rank0]:            ^^^^^^^^^^^^^^^^^^^^^
[rank0]: torch.OutOfMemoryError: CUDA out of memory. Tried to allocate 2.00 MiB. GPU 0 has a total capacity of 44.39 GiB of which 2.12 MiB is free. Including non-PyTorch memory, this process has 44.38 GiB memory in use. Of the allocated memory 42.56 GiB is allocated by PyTorch, with 168.97 MiB allocated in private pools (e.g., CUDA Graphs), and 897.04 MiB is reserved by PyTorch but unallocated. If reserved but unallocated memory is large try setting PYTORCH_ALLOC_CONF=expandable_segments:True to avoid fragmentation.  See documentation for Memory Management  (https://pytorch.org/docs/stable/notes/cuda.html#environment-variables)
[rank0]:[W615 07:32:18.089580929 ProcessGroupNCCL.cpp:1553] Warning: WARNING: destroy_process_group() was not called before program exit, which can leak resources. For more info, please see https://pytorch.org/docs/stable/distributed.html#shutdown (function operator())
Traceback (most recent call last):
  File "/project/6101839/piado/vae/snth/bin/accelerate", line 7, in <module>
    sys.exit(main())
             ^^^^^^
  File "/project/6101839/piado/vae/snth/lib/python3.11/site-packages/accelerate/commands/accelerate_cli.py", line 50, in main
    args.func(args)
  File "/project/6101839/piado/vae/snth/lib/python3.11/site-packages/accelerate/commands/launch.py", line 1281, in launch_command
    simple_launcher(args)
  File "/project/6101839/piado/vae/snth/lib/python3.11/site-packages/accelerate/commands/launch.py", line 869, in simple_launcher
    raise subprocess.CalledProcessError(returncode=process.returncode, cmd=cmd)
subprocess.CalledProcessError: Command '['/project/6101839/piado/vae/snth/bin/python', '/home/piado/projects/aip-lindell/piado/vae/Open-Sora/scripts/vae/train.py', '/home/piado/projects/aip-lindell/piado/vae/Open-Sora/configs/vae/train/wan_multiview_finetune.py', '--experiment_name', 'res_sweep_4frames_512px__job3960495_t1', '--wandb_expr_name', 'res_sweep_4frames_512px', '--data_preset', 'all_people_one_expression', '--profile_timing', 'False', '--profile_step', 'False', '--wandb', 'True', '--log_every', '1000', '--eval_every', '1000', '--full_eval_every', '5000', '--log_milestones', '[10,100,500]', '--eval_milestones', '[10,100,500]', '--debug_stats_every', '100', '--log_memory', 'True', '--optimization', 'True', '--optimization_compile_mode', 'reduce-overhead', '--save_ckpt', 'True', '--keep_n_latest', '3', '--epochs', '100000', '--nersemble_processed_base', '/datasets/lindell-proj/neumayr/nersemble_v2/processed/4-frames', '--bucket_config', "{'512px_ar1:1': {9: (1.0, 1)}}", '--batch_size', '4', '--accumulation_steps', '1']' returned non-zero exit status 1.
