chgrp: changing group of 'outputs/res_sweep_8frames_512px__job3960503_t4/config.txt': Operation not permitted
chgrp: changing group of 'outputs/res_sweep_8frames_512px__job3960503_t4': Operation not permitted
[[34m2026-06-15 07:26:31[0m] Experiment directory created at outputs/res_sweep_8frames_512px__job3960503_t4
[[34m2026-06-15 07:26:31[0m] Determinism mode: cuBLAS workspace, cudnn deterministic, TF32 disabled, torch.use_deterministic_algorithms(warn_only=True); data workers use seed+worker_id; epoch Python RNG uses seed+rank. Multi-GPU ZeRO and BF16 may still break bit-for-bit replay.
[[34m2026-06-15 07:26:31[0m] Using explicit global grad clipping (max_norm=2.0) with DP all-reduce; plugin-internal clipping disabled to avoid ZeRO shard-local clipping ambiguity.
[[34m2026-06-15 07:26:31[0m] Training configuration:
 {'DATA_ROOT': '/datasets/lindell-proj/neumayr/nersemble_v2/processed/8-frames/128-res',
 '_gen_loss_config': None,
 '_optim_discriminator': None,
 '_resolved': {'bucket_key': '128px_ar1:1',
               'data_root': '/datasets/lindell-proj/neumayr/nersemble_v2/processed/8-frames/128-res',
               'load_from_128_for_64_high_t': False,
               'load_res_fallback': None,
               'target_px': 128,
               'train_target_frames': 9,
               'train_target_hw': (128, 128)},
 '_val_participants': [97, 175, 226, 18, 30, 38, 85, 124, 227, 240],
 'accumulation_steps': 1,
 'all_people_expression_sequence': 'EMO-1-shout+laugh',
 'batch_size': 4,
 'bucket_config': {'512px_ar1:1': {9: (1.0, 1)}},
 'config_path': '/home/piado/projects/aip-lindell/piado/vae/Open-Sora/configs/vae/train/wan_multiview_finetune.py',
 'data_preset': 'all_people_one_expression',
 'dataset': {'data_path': '/datasets/lindell-proj/neumayr/nersemble_v2/processed/8-frames/128-res',
             'exclude_participants': [97,
                                      175,
                                      226,
                                      18,
                                      30,
                                      38,
                                      85,
                                      124,
                                      227,
                                      240],
             'expression_sequence': 'EMO-1-shout+laugh',
             'participants': None,
             'repeat': 1,
             'scan_subdirs': True,
             'skip_mismatched_views': True,
             'type': 'pt_video'},
 'dataset_presets': {'__default__': {'data_path': '/datasets/lindell-proj/neumayr/nersemble_v2/processed/8-frames/128-res',
                                     'participants': [17,
                                                      18,
                                                      30,
                                                      31,
                                                      32,
                                                      33,
                                                      35,
                                                      36,
                                                      37],
                                     'repeat': 1,
                                     'scan_subdirs': True,
                                     'type': 'pt_video'},
                     'all_people': {'data_path': '/datasets/lindell-proj/neumayr/nersemble_v2/processed/8-frames/128-res',
                                    'exclude_participants': [97,
                                                             175,
                                                             226,
                                                             18,
                                                             30,
                                                             38,
                                                             85,
                                                             124,
                                                             227,
                                                             240],
                                    'expected_views': 2,
                                    'participants': None,
                                    'repeat': 1,
                                    'scan_subdirs': True,
                                    'skip_mismatched_views': True,
                                    'type': 'pt_video'},
                     'all_people_one_expression': {'data_path': '/datasets/lindell-proj/neumayr/nersemble_v2/processed/8-frames/128-res',
                                                   'exclude_participants': [97,
                                                                            175,
                                                                            226,
                                                                            18,
                                                                            30,
                                                                            38,
                                                                            85,
                                                                            124,
                                                                            227,
                                                                            240],
                                                   'expression_sequence': 'EMO-1-shout+laugh',
                                                   'participants': None,
                                                   'repeat': 1,
                                                   'scan_subdirs': True,
                                                   'skip_mismatched_views': True,
                                                   'type': 'pt_video'},
                     'one_person': {'data_path': '/datasets/lindell-proj/neumayr/nersemble_v2/processed/8-frames/128-res',
                                    'exclude_sequences': ['EMO-4-disgust+happy',
                                                          'SEN-10-port_strong_smokey'],
                                    'participants': [18],
                                    'repeat': 1,
                                    'scan_subdirs': True,
                                    'type': 'pt_video'},
                     'single_sequence': {'data_path': '/datasets/lindell-proj/neumayr/nersemble_v2/processed/8-frames/128-res/p017/EMO-1-shout+laugh/frames.pt',
                                         'repeat': 1,
                                         'type': 'pt_video'},
                     'some_people': {'data_path': '/datasets/lindell-proj/neumayr/nersemble_v2/processed/8-frames/128-res',
                                     'participants': [17,
                                                      31,
                                                      32,
                                                      33,
                                                      35,
                                                      36,
                                                      37],
                                     'repeat': 1,
                                     'scan_subdirs': True,
                                     'type': 'pt_video'}},
 'debug_stats_every': 100,
 'debug_stats_start_step': 0,
 'debug_stats_weight_every': 50,
 'deterministic': True,
 'disc_learning_rate': None,
 'disc_multiview_mode': 'joint_4d',
 'disc_per_frame_2d': False,
 'discriminator': None,
 'discriminator_choice': 'none',
 'dtype': 'bf16',
 'dynamo_backend': 'no',
 'ema_decay': 0.9999,
 'epochs': 100000,
 'eval_batch_size': 1,
 'eval_every': 1000,
 'eval_milestones': [10, 100, 500],
 'eval_num_samples': 0,
 'eval_use_ema': True,
 'experiment_name': 'res_sweep_8frames_512px__job3960503_t4',
 'final_eval': True,
 'final_eval_num_samples': 0,
 'fixed_seq_eval_every_epochs': 0,
 'full_eval_every': 5000,
 'gan_log_adaptive_grad_metrics': False,
 'gen_disc_weight': None,
 'grad_checkpoint': True,
 'grad_clip': 2.0,
 'keep_n_latest': 3,
 'kl_loss_weight': 1e-06,
 'learning_rate': 0.0001,
 'log_bottleneck_every': 0,
 'log_every': 1000,
 'log_latent_shapes_every': 0,
 'log_memory': True,
 'log_milestones': [10, 100, 500],
 'log_step_time': True,
 'log_training_design_summary': True,
 'log_training_param_overview': True,
 'logvar_init': 0.0,
 'lr_scheduler': {'decay_factor': 0.5,
                  'decay_steps': 5000,
                  'min_lr': 5e-06,
                  'use_exponential_decay': True,
                  'warmup_steps': 100},
 'mixed_image_ratio': 0.0,
 'mixed_strategy': None,
 'model': {'freeze_temporal': True,
           'from_pretrained': '/home/piado/scratch/Wan2.1_VAE.pth',
           'from_scratch': False,
           'full_finetune_decoder': False,
           'fusion_mode': 'cross_attention',
           'lora_rank': 32,
           'train_spatial': True,
           'type': 'multiview_wan_video_vae',
           'use_crossview_encoder': True,
           'use_lora': True,
           'use_lora_after': True,
           'use_lora_before': False,
           'use_view_embedding': False,
           'use_view_group_fusion': False,
           'use_viewwise_decoder_lora': False,
           'view_compression': 2,
           'view_in': 0,
           'view_mixing_strategy': 'embedding',
           'z_dim': 16},
 'nersemble_processed_base': '/datasets/lindell-proj/neumayr/nersemble_v2/processed/8-frames',
 'num_bucket_build_workers': 1,
 'num_reconstruction_vis_samples': 3,
 'num_workers': 8,
 'optim': {'betas': (0.9, 0.98),
           'cls': 'AdamW',
           'eps': 1e-08,
           'lr': 0.0001,
           'weight_decay': 0.0},
 'optimization': True,
 'optimization_compile_mode': 'reduce-overhead',
 'outputs': 'outputs',
 'perceptual_loss_weight': 1.5,
 'persistent_workers': True,
 'pin_memory_cache_pre_alloc_numels': None,
 'plugin': 'none',
 'plugin_config': {'overlap_allgather': False, 'reduce_bucket_size_in_m': 128},
 'prefetch_factor': 4,
 'profile_step': False,
 'profile_timing': False,
 'profile_timing_step': 50,
 'save_ckpt': True,
 'seed': 42,
 'sweep_gen_disc_weight': None,
 'train_psnr_guard': False,
 'train_psnr_guard_consecutive': 5,
 'train_psnr_guard_min_epochs': 0,
 'train_psnr_guard_start_epoch': 0,
 'train_psnr_guard_threshold': 15.0,
 'train_target_frames': 9,
 'train_target_hw': (512, 512),
 'update_warmup_steps': False,
 'vae_loss_config': {'kl_loss_weight': 1e-06,
                     'logvar_init': 0.0,
                     'perceptual_loss_weight': 1.5,
                     'view_consistency_weight': 0.0},
 'vae_loss_preset': 'default',
 'vae_target_range': '[-1,1]',
 'val_dataset': {'data_path': '/datasets/lindell-proj/neumayr/nersemble_v2/processed/8-frames/128-res',
                 'expression_sequence': 'EMO-1-shout+laugh',
                 'participants': [97, 175, 226, 18, 30, 38, 85, 124, 227, 240],
                 'repeat': 1,
                 'scan_subdirs': True,
                 'skip_mismatched_views': True,
                 'type': 'pt_video'},
 'val_dataset_presets': {'__default__': None,
                         'all_people': {'data_path': '/datasets/lindell-proj/neumayr/nersemble_v2/processed/8-frames/128-res',
                                        'expected_views': 2,
                                        'participants': [97,
                                                         175,
                                                         226,
                                                         18,
                                                         30,
                                                         38,
                                                         85,
                                                         124,
                                                         227,
                                                         240],
                                        'repeat': 1,
                                        'scan_subdirs': True,
                                        'skip_mismatched_views': True,
                                        'type': 'pt_video'},
                         'all_people_one_expression': {'data_path': '/datasets/lindell-proj/neumayr/nersemble_v2/processed/8-frames/128-res',
                                                       'expression_sequence': 'EMO-1-shout+laugh',
                                                       'participants': [97,
                                                                        175,
                                                                        226,
                                                                        18,
                                                                        30,
                                                                        38,
                                                                        85,
                                                                        124,
                                                                        227,
                                                                        240],
                                                       'repeat': 1,
                                                       'scan_subdirs': True,
                                                       'skip_mismatched_views': True,
                                                       'type': 'pt_video'},
                         'one_person': {'data_path': '/datasets/lindell-proj/neumayr/nersemble_v2/processed/8-frames/128-res',
                                        'include_only_sequences': ['EMO-4-disgust+happy',
                                                                   'SEN-10-port_strong_smokey'],
                                        'participants': [17],
                                        'repeat': 1,
                                        'scan_subdirs': True,
                                        'type': 'pt_video'},
                         'single_sequence': None,
                         'some_people': {'data_path': '/datasets/lindell-proj/neumayr/nersemble_v2/processed/8-frames/128-res',
                                         'participants': [18, 30],
                                         'repeat': 1,
                                         'scan_subdirs': True,
                                         'type': 'pt_video'}},
 'view_consistency_weight': 0.0,
 'view_flatten_in_disc': False,
 'view_flatten_in_loss': False,
 'wandb': True,
 'wandb_expr_name': 'res_sweep_8frames_512px',
 'wandb_min_steps_before_init': 10,
 'wandb_project': 'wan_multiview_vae'}
[[34m2026-06-15 07:26:31[0m] Building dataset...
[[34m2026-06-15 07:26:32[0m] Dataset contains 400 samples.
[[34m2026-06-15 07:26:32[0m] Val (held-out) dataset contains 9 samples.
[[34m2026-06-15 07:26:32[0m] Fixed per-frame eval sequence name: EMO-1-shout+laugh (train idx=0, val idx=0)
[[34m2026-06-15 07:26:32[0m] Building models...
[[34m2026-06-15 07:26:32[0m] Auto-detected model.view_in=8 from first dataset sample
[[34m2026-06-15 07:26:35[0m] [MultiviewWanVideoVAE] Number of parameters: 180.50 M
[[34m2026-06-15 07:26:35[0m] [MultiviewWanVideoVAE] Number of trainable parameters: 94.40 M
[[34m2026-06-15 07:26:37[0m] EMA model created.
[[34m2026-06-15 07:26:37[0m] [optimization] channels_last_3d: disabled (fragile with view() ops and compile cache)
[[34m2026-06-15 07:26:37[0m] VAE trainable params (optimizer): 98,985,776
[[34m2026-06-15 07:26:37[0m] [optimization] torch.compile: mode=reduce-overhead (first step will be slow)
[[34m2026-06-15 07:26:37[0m] Preparing for distributed training...
[[34m2026-06-15 07:26:37[0m] Optimizer AdamW has no `.backward`; using booster.backward(loss=...) compatibility path.
[[34m2026-06-15 07:26:37[0m] Boosted model for distributed training
[[34m2026-06-15 07:26:37[0m] Training for 100000 epochs with 400 steps per epoch
[[34m2026-06-15 07:26:37[0m] [optimization] Warming up torch.compile eval graph (one-time, before training loop)...
[[34m2026-06-15 07:27:32[0m] [AttentionMultiViewVideoVan] latent shape: (1, 16, 9, 64, 64)  (B=1, z_dim=16, T'=9, H'=64, W'=64)
[[34m2026-06-15 07:38:42[0m] [optimization] Eval graph warm-up done.
[rank0]:[W615 07:38:42.718704053 ProcessGroupNCCL.cpp:5138] Guessing device ID based on global rank. This can cause a hang if rank to GPU mapping is heterogeneous. You can specify device_id in init_process_group()
train:   0%|          | 0/400 [00:00<?, ?it/s]train:   0%|          | 0/400 [00:00<?, ?it/s, epoch=0]train:   0%|          | 1/400 [00:00<01:02,  6.38it/s, epoch=0][[34m2026-06-15 07:38:43[0m] ======== Wan multiview / crossview design summary (one-time) ========
[[34m2026-06-15 07:38:43[0m] use_crossview_encoder=True
[[34m2026-06-15 07:38:43[0m] fusion_mode='cross_attention'
[[34m2026-06-15 07:38:43[0m]   -> Bidirectional cross-attention between views: each view attends to the other view’s tokens, then features are combined for the rest of the encoder/decoder. Strong when views are aligned but not identical.
[[34m2026-06-15 07:38:43[0m] view_in=8, view_mixing_strategy=embedding
[[34m2026-06-15 07:38:43[0m] use_view_embedding vs use_viewwise_decoder_lora: per-view additive embeddings bias early (or latent) features with a small vector per view; viewwise_decoder_lora adds low-rank adapters on the decoder side conditioned by view index—typically more flexible than a single embedding per view for reconstruction, at the cost of more trainable parameters.
[[34m2026-06-15 07:38:43[0m]   use_view_embedding=False
[[34m2026-06-15 07:38:43[0m]   use_viewwise_decoder_lora=False
[[34m2026-06-15 07:38:43[0m] use_lora=True, use_lora_before=False, use_lora_after=True, lora_rank=32. Before = LoRA on the encoder stem / early downsampling; after = bottleneck and later decoder. Both can be enabled for two complementary adaptation regions.
[[34m2026-06-15 07:38:43[0m] LoRA rank: all listed adapters in this stack typically share this rank. Larger rank increases adapter capacity and parameter count roughly linearly in rank; too high can overfit small datasets, too low can underfit cross-view cues.
[[34m2026-06-15 07:38:43[0m] freeze_temporal=True, train_spatial=True
[[34m2026-06-15 07:38:43[0m] ======== end design summary ========
[[34m2026-06-15 07:38:43[0m] [VAE] param overview: total=180.50 M trainable=94.40 M (52.30% of weights) frozen=86.10 M
[[34m2026-06-15 07:38:43[0m] [VAE] LoRA trainable: 998.59 K (1.0% of trainable); heuristic attention/cross-fusion LoRA: 998.59 K (100.0% of LoRA); other LoRA: 0
[[34m2026-06-15 07:38:43[0m] [VAE] base trainable (non-LoRA): 93.43 M (99.0% of trainable)
[[34m2026-06-15 07:38:43[0m] [VAE] LoRA heuristic buckets (buckets overlap if a name matches multiple hints): encoder/stem-ish=275.50 K, decoder-ish=723.09 K, viewwise-ish=0
train:   0%|          | 1/400 [16:19<108:32:19, 979.30s/it, epoch=0]
[rank0]: Traceback (most recent call last):
[rank0]:   File "/home/piado/projects/aip-lindell/piado/vae/Open-Sora/scripts/vae/train.py", line 3503, in <module>
[rank0]:     main()
[rank0]:   File "/home/piado/projects/aip-lindell/piado/vae/Open-Sora/scripts/vae/train.py", line 2321, in main
[rank0]:     x_rec, posterior, z = model(x)
[rank0]:                           ^^^^^^^^
[rank0]:   File "/project/6101839/piado/vae/snth/lib/python3.11/site-packages/torch/_dynamo/eval_frame.py", line 465, in __call__
[rank0]:     return super().__call__(*args, **kwargs)
[rank0]:            ^^^^^^^^^^^^^^^^^^^^^^^^^^^^^^^^^
[rank0]:   File "/project/6101839/piado/vae/snth/lib/python3.11/site-packages/torch/nn/modules/module.py", line 1776, in _wrapped_call_impl
[rank0]:     return self._call_impl(*args, **kwargs)
[rank0]:            ^^^^^^^^^^^^^^^^^^^^^^^^^^^^^^^^
[rank0]:   File "/project/6101839/piado/vae/snth/lib/python3.11/site-packages/torch/nn/modules/module.py", line 1787, in _call_impl
[rank0]:     return forward_call(*args, **kwargs)
[rank0]:            ^^^^^^^^^^^^^^^^^^^^^^^^^^^^^
[rank0]:   File "/project/6101839/piado/vae/snth/lib/python3.11/site-packages/torch/_dynamo/eval_frame.py", line 953, in compile_wrapper
[rank0]:     return fn(*args, **kwargs)
[rank0]:            ^^^^^^^^^^^^^^^^^^^
[rank0]:   File "/project/6101839/piado/vae/snth/lib/python3.11/site-packages/torch/nn/modules/module.py", line 1776, in _wrapped_call_impl
[rank0]:     return self._call_impl(*args, **kwargs)
[rank0]:            ^^^^^^^^^^^^^^^^^^^^^^^^^^^^^^^^
[rank0]:   File "/project/6101839/piado/vae/snth/lib/python3.11/site-packages/torch/nn/modules/module.py", line 1787, in _call_impl
[rank0]:     return forward_call(*args, **kwargs)
[rank0]:            ^^^^^^^^^^^^^^^^^^^^^^^^^^^^^
[rank0]:   File "/project/6101839/piado/vae/Open-Sora/opensora/models/vae/wan_video_vae.py", line 561, in forward
[rank0]:     def forward(self, x):
[rank0]:   File "/project/6101839/piado/vae/snth/lib/python3.11/site-packages/torch/_dynamo/eval_frame.py", line 1181, in _fn
[rank0]:     return fn(*args, **kwargs)
[rank0]:            ^^^^^^^^^^^^^^^^^^^
[rank0]:   File "/project/6101839/piado/vae/snth/lib/python3.11/site-packages/torch/_functorch/aot_autograd.py", line 1148, in forward
[rank0]:     return compiled_fn(full_args)
[rank0]:            ^^^^^^^^^^^^^^^^^^^^^^
[rank0]:   File "/project/6101839/piado/vae/snth/lib/python3.11/site-packages/torch/_functorch/_aot_autograd/runtime_wrappers.py", line 343, in runtime_wrapper
[rank0]:     all_outs = call_func_at_runtime_with_args(
[rank0]:                ^^^^^^^^^^^^^^^^^^^^^^^^^^^^^^^
[rank0]:   File "/project/6101839/piado/vae/snth/lib/python3.11/site-packages/torch/_functorch/_aot_autograd/utils.py", line 134, in call_func_at_runtime_with_args
[rank0]:     out = normalize_as_list(f(args))
[rank0]:                             ^^^^^^^
[rank0]:   File "/project/6101839/piado/vae/snth/lib/python3.11/site-packages/torch/_functorch/_aot_autograd/utils.py", line 108, in g
[rank0]:     return f(*args)
[rank0]:            ^^^^^^^^
[rank0]:   File "/project/6101839/piado/vae/snth/lib/python3.11/site-packages/torch/autograd/function.py", line 583, in apply
[rank0]:     return super().apply(*args, **kwargs)  # type: ignore[misc]
[rank0]:            ^^^^^^^^^^^^^^^^^^^^^^^^^^^^^^
[rank0]:   File "/project/6101839/piado/vae/snth/lib/python3.11/site-packages/torch/_functorch/_aot_autograd/runtime_wrappers.py", line 2152, in forward
[rank0]:     fw_outs = call_func_at_runtime_with_args(
[rank0]:               ^^^^^^^^^^^^^^^^^^^^^^^^^^^^^^^
[rank0]:   File "/project/6101839/piado/vae/snth/lib/python3.11/site-packages/torch/_functorch/_aot_autograd/utils.py", line 134, in call_func_at_runtime_with_args
[rank0]:     out = normalize_as_list(f(args))
[rank0]:                             ^^^^^^^
[rank0]:   File "/project/6101839/piado/vae/snth/lib/python3.11/site-packages/torch/_functorch/_aot_autograd/runtime_wrappers.py", line 531, in wrapper
[rank0]:     return compiled_fn(runtime_args)
[rank0]:            ^^^^^^^^^^^^^^^^^^^^^^^^^
[rank0]:   File "/project/6101839/piado/vae/snth/lib/python3.11/site-packages/torch/_functorch/_aot_autograd/runtime_wrappers.py", line 729, in inner_fn
[rank0]:     outs = compiled_fn(args)
[rank0]:            ^^^^^^^^^^^^^^^^^
[rank0]:   File "/project/6101839/piado/vae/snth/lib/python3.11/site-packages/torch/_inductor/output_code.py", line 638, in __call__
[rank0]:     return self.current_callable(inputs)
[rank0]:            ^^^^^^^^^^^^^^^^^^^^^^^^^^^^^
[rank0]:   File "/tmp/.torchinductor/3i/c3idafdz2gbieb44amlplr6acful4la3khur54k7kls6nozjg477.py", line 70036, in call
[rank0]:     (buf0, buf3, buf5, buf6, buf9, buf11, buf12, buf15, buf17, buf18, buf21, buf23, buf24, buf27, buf30, buf34, buf35, buf38, buf40, buf41, buf44, buf46, buf47, buf50, buf52, buf53, buf56, buf59, buf63, buf64, buf67, buf69, buf70, buf73, buf75, buf76, buf79, buf81, buf82, buf85, buf88, buf90, buf91, buf94, buf96, buf97, buf100, buf102, buf103, buf106, buf108, buf109, buf112, buf115, buf117, buf118, buf121, buf123, buf124, buf127, buf129, buf130, buf133, buf135, buf136, buf139, buf142, buf146, buf147, buf150, buf152, buf153, buf156, buf158, buf159, buf162, buf164, buf165, buf168, buf171, buf175, buf176, buf179, buf181, buf182, buf185, buf187, buf188, buf191, buf193, buf194, buf197, buf200, buf202, buf203, buf206, buf208, buf209, buf212, buf214, buf215, buf218, buf220, buf221, buf224, buf227, buf229, buf230, buf233, buf235, buf236, buf239, buf241, buf242, buf245, buf247, buf248, buf251, buf254, buf258, buf259, buf262, buf264, buf265, buf268, buf270, buf271, buf274, buf276, buf277, buf280, buf283, buf287, buf288, buf291, buf293, buf294, buf297, buf299, buf300, buf303, buf305, buf306, buf309, buf312, buf314, buf315, buf318, buf320, buf321, buf324, buf326, buf327, buf330, buf332, buf333, buf336, buf339, buf341, buf342, buf345, buf347, buf348, buf351, buf353, buf354, buf357, buf359, buf360, buf363, buf366, buf370, buf371, buf374, buf376, buf377, buf380, buf382, buf383, buf386, buf388, buf389, buf392, buf395, buf399, buf400, buf403, buf405, buf406, buf409, buf411, buf412, buf415, buf417, buf418, buf421, buf424, buf426, buf427, buf430, buf432, buf433, buf436, buf438, buf439, buf442, buf444, buf445, buf448, buf451, buf453, buf454, buf457, buf459, buf460, buf463, buf465, buf466, buf469, buf471, buf472, buf475, buf478, buf482, buf483, buf486, buf488, buf489, buf492, buf494, buf495, buf498, buf500, buf501, buf504, buf507, buf511, buf512, buf515, buf517, buf518, buf521, buf523, buf524, buf527, buf529, buf530, buf533, buf536, buf538, buf539, buf542, buf544, buf545, buf548, buf550, buf551, buf554, buf556, buf557, buf560, buf563, buf565, buf566, buf569, buf571, buf572, buf575, buf577, buf578, buf581, buf583, buf584, buf587, buf590, buf594, buf595, buf598, buf600, buf601, buf604, buf606, buf607, buf610, buf612, buf613, buf616, buf619, buf623, buf624, buf627, buf629, buf630, buf633, buf635, buf636, buf639, buf641, buf642, buf645, buf648, buf650, buf651, buf654, buf656, buf657, buf660, buf662, buf663, buf666, buf668, buf669, buf672, buf675, buf677, buf678, buf681, buf683, buf684, buf687, buf689, buf690, buf693, buf695, buf696, buf699, buf702, buf706, buf707, buf710, buf712, buf713, buf716, buf718, buf719, buf722, buf724, buf725, buf728, buf731, buf735, buf736, buf739, buf741, buf742, buf745, buf747, buf748, buf751, buf753, buf754, buf757, buf760, buf762, buf763, buf766, buf768, buf769, buf772, buf774, buf775, buf778, buf780, buf781, buf784, buf787, buf789, buf790, buf793, buf795, buf796, buf799, buf801, buf802, buf805, buf807, buf808, buf811, buf814, buf818, buf819, buf822, buf824, buf825, buf828, buf830, buf831, buf834, buf836, buf837, buf840, buf843, buf847, buf848, buf851, buf853, buf854, buf857, buf859, buf860, buf863, buf865, buf866, buf869, buf872, buf874, buf875, buf878, buf880, buf881, buf884, buf886, buf887, buf890, buf892, buf893, buf896, buf898, buf899, buf901, buf903, buf904, buf905, buf906, buf908, buf911, buf933, buf936, buf958, buf961, buf912, buf937, buf962, buf915, buf917, buf940, buf942, buf965, buf967, buf918, buf943, buf968, buf921, buf923, buf946, buf948, buf971, buf973, buf924, buf949, buf974, buf927, buf929, buf952, buf954, buf977, buf979, buf930, buf955, buf980, buf983, buf986, buf987, buf990, buf992, buf993, buf996, buf998, buf999, buf1002, buf1004, buf1005, buf1008, buf1011, buf1033, buf1036, buf1012, buf1037, buf1015, buf1017, buf1040, buf1042, buf1018, buf1043, buf1021, buf1023, buf1046, buf1048, buf1024, buf1049, buf1027, buf1029, buf1052, buf1054, buf1030, buf1055, buf1058, buf1061, buf1062, buf1065, buf1067, buf1068, buf1071, buf1073, buf1074, buf1077, buf1079, buf1080, buf1083, buf1085, buf1086, buf1087, buf1090, buf1092, buf1094, buf1095, buf1096, buf1099, buf1101, buf1103, buf1104, buf1105, buf1106, buf1109, buf1110, buf1113, buf1114, buf1115, buf1118, buf1120, buf1121, buf1122, buf1123, buf1124, buf1125, buf1128, buf1129, buf1132, buf1133, buf1134, buf1137, buf1139, buf1140, buf1141, buf1144, buf1146, buf1148, buf1149, buf1150, buf1153, buf1155, buf1157, buf1158, buf1159, buf1162, buf1164, buf1166, buf1167, buf1170, buf1171, buf1173, buf3823, buf6470, buf9117, buf11764, buf14411, buf17058, buf19705, buf1172, buf1175, buf1176, buf1181, buf1183, buf1185, buf1186, buf1187, buf1190, buf1192, buf1194, buf1195, buf1196, buf1199, buf1201, buf1203, buf1204, buf1205, buf1206, buf1209, buf1211, buf1213, buf1214, buf1215, buf1216, buf1219, buf1220, buf1226, buf1228, buf1230, buf1231, buf1232, buf1235, buf1237, buf1240, buf1241, buf1242, buf1244, buf1246, buf1249, buf1250, buf1251, buf1253, buf1255, buf1258, buf1259, buf1260, buf1262, buf1264, buf1267, buf1268, buf1269, buf1271, buf1273, buf1276, buf1277, buf1278, buf1280, buf1282, buf1285, buf1286, buf1287, buf1289, buf1291, buf1294, buf1295, buf1296, buf1298, buf1300, buf1301, buf1302, buf1303, buf1306, buf1311, buf1312, buf1313, buf1308, buf1314, buf1316, buf1318, buf1320, buf1321, buf1322, buf1324, buf1326, buf1328, buf1329, buf1330, buf1332, buf1334, buf1336, buf1337, buf1338, buf1340, buf1342, buf1344, buf1345, buf1346, buf1348, buf1350, buf1352, buf1353, buf1354, buf1356, buf1358, buf1359, buf1360, buf1361, buf1364, buf1366, buf1367, buf1368, buf1370, buf1372, buf1374, buf1375, buf1376, buf1378, buf1380, buf1382, buf1383, buf1384, buf1386, buf1388, buf1390, buf1391, buf1392, buf1394, buf1396, buf1398, buf1399, buf1400, buf1402, buf1404, buf1406, buf1407, buf1408, buf1410, buf1412, buf1413, buf1414, buf1415, buf1418, buf1420, buf1421, buf1422, buf1424, buf1426, buf1428, buf1429, buf1430, buf1432, buf1434, buf1436, buf1437, buf1438, buf1440, buf1442, buf1444, buf1445, buf1446, buf1448, buf1450, buf1452, buf1453, buf1454, buf1456, buf1458, buf1460, buf1461, buf1462, buf1464, buf1466, buf1468, buf1469, buf1470, buf1472, buf1474, buf1477, buf1479, buf1481, buf1482, buf1483, buf1486, buf1488, buf1490, buf1491, buf1492, buf1495, buf1497, buf1499, buf1500, buf1501, buf1502, buf1505, buf1507, buf1509, buf1510, buf1511, buf1512, buf1515, buf1516, buf1522, buf1524, buf1526, buf1527, buf1528, buf1531, buf1533, buf1536, buf1537, buf1538, buf1540, buf1542, buf1545, buf1546, buf1547, buf1549, buf1551, buf1554, buf1555, buf1556, buf1558, buf1560, buf1563, buf1564, buf1565, buf1567, buf1569, buf1572, buf1573, buf1574, buf1576, buf1578, buf1581, buf1582, buf1583, buf1585, buf1587, buf1590, buf1591, buf1592, buf1594, buf1596, buf1597, buf1598, buf1601, buf1606, buf1607, buf1608, buf1603, buf1609, buf1611, buf1613, buf1615, buf1616, buf1617, buf1619, buf1621, buf1623, buf1624, buf1625, buf1627, buf1629, buf1631, buf1632, buf1633, buf1635, buf1637, buf1639, buf1640, buf1641, buf1643, buf1645, buf1647, buf1648, buf1649, buf1651, buf1653, buf1654, buf1655, buf1658, buf1660, buf1661, buf1662, buf1664, buf1666, buf1668, buf1669, buf1670, buf1672, buf1674, buf1676, buf1677, buf1678, buf1680, buf1682, buf1684, buf1685, buf1686, buf1688, buf1690, buf1692, buf1693, buf1694, buf1696, buf1698, buf1700, buf1701, buf1702, buf1704, buf1706, buf1707, buf1708, buf1711, buf1713, buf1714, buf1715, buf1717, buf1719, buf1721, buf1722, buf1723, buf1725, buf1727, buf1729, buf1730, buf1731, buf1733, buf1735, buf1737, buf1738, buf1739, buf1741, buf1743, buf1745, buf1746, buf1747, buf1749, buf1751, buf1753, buf1754, buf1755, buf1757, buf1759, buf1761, buf1762, buf1763, buf1765, buf1767, buf1770, buf1772, buf1774, buf1775, buf1776, buf1779, buf1781, buf1783, buf1784, buf1785, buf1788, buf1790, buf1792, buf1793, buf1794, buf1795, buf1798, buf1800, buf1802, buf1803, buf1804, buf1805, buf1808, buf1809, buf1815, buf1817, buf1819, buf1820, buf1821, buf1824, buf1826, buf1829, buf1830, buf1831, buf1833, buf1835, buf1838, buf1839, buf1840, buf1842, buf1844, buf1847, buf1848, buf1849, buf1851, buf1853, buf1856, buf1857, buf1858, buf1860, buf1862, buf1865, buf1866, buf1867, buf1869, buf1871, buf1874, buf1875, buf1876, buf1878, buf1880, buf1883, buf1884, buf1885, buf1887, buf1889, buf1890, buf1891, buf1894, buf1899, buf1900, buf1901, buf1896, buf1902, buf1904, buf1906, buf1908, buf1909, buf1910, buf1912, buf1914, buf1916, buf1917, buf1918, buf1920, buf1922, buf1924, buf1925, buf1926, buf1928, buf1930, buf1932, buf1933, buf1934, buf1936, buf1938, buf1940, buf1941, buf1942, buf1944, buf1946, buf1947, buf1948, buf1951, buf1953, buf1954, buf1955, buf1957, buf1959, buf1961, buf1962, buf1963, buf1965, buf1967, buf1969, buf1970, buf1971, buf1973, buf1975, buf1977, buf1978, buf1979, buf1981, buf1983, buf1985, buf1986, buf1987, buf1989, buf1991, buf1993, buf1994, buf1995, buf1997, buf1999, buf2000, buf2001, buf2004, buf2006, buf2007, buf2008, buf2010, buf2012, buf2014, buf2015, buf2016, buf2018, buf2020, buf2022, buf2023, buf2024, buf2026, buf2028, buf2030, buf2031, buf2032, buf2034, buf2036, buf2038, buf2039, buf2040, buf2042, buf2044, buf2046, buf2047, buf2048, buf2050, buf2052, buf2054, buf2055, buf2056, buf2058, buf2061, buf2064, buf2066, buf2068, buf2069, buf2070, buf2073, buf2075, buf2077, buf2078, buf2079, buf2082, buf2084, buf2086, buf2087, buf2088, buf2089, buf2092, buf2094, buf2096, buf2097, buf2098, buf2099, buf2102, buf2103, buf2109, buf2111, buf2113, buf2114, buf2115, buf2118, buf2120, buf2123, buf2124, buf2125, buf2127, buf2129, buf2132, buf2133, buf2134, buf2136, buf2138, buf2141, buf2142, buf2143, buf2145, buf2147, buf2150, buf2151, buf2152, buf2154, buf2156, buf2159, buf2160, buf2161, buf2163, buf2165, buf2168, buf2169, buf2170, buf2172, buf2174, buf2177, buf2178, buf2179, buf2181, buf2183, buf2184, buf2185, buf2188, buf2193, buf2194, buf2195, buf2190, buf2196, buf2198, buf2200, buf2202, buf2203, buf2204, buf2206, buf2208, buf2210, buf2211, buf2212, buf2214, buf2216, buf2218, buf2219, buf2220, buf2222, buf2224, buf2226, buf2227, buf2228, buf2230, buf2232, buf2234, buf2235, buf2236, buf2238, buf2240, buf2241, buf2242, buf2245, buf2247, buf2248, buf2249, buf2251, buf2253, buf2255, buf2256, buf2257, buf2259, buf2261, buf2263, buf2264, buf2265, buf2267, buf2269, buf2271, buf2272, buf2273, buf2275, buf2277, buf2279, buf2280, buf2281, buf2283, buf2285, buf2287, buf2288, buf2289, buf2291, buf2293, buf2294, buf2295, buf2298, buf2300, buf2301, buf2302, buf2304, buf2306, buf2308, buf2309, buf2310, buf2312, buf2314, buf2316, buf2317, buf2318, buf2320, buf2322, buf2324, buf2325, buf2326, buf2328, buf2330, buf2332, buf2333, buf2334, buf2336, buf2338, buf2340, buf2341, buf2342, buf2344, buf2346, buf2348, buf2349, buf2350, buf2352, buf2354, buf2357, buf2359, buf2361, buf2362, buf2363, buf2366, buf2368, buf2370, buf2371, buf2372, buf2375, buf2377, buf2379, buf2380, buf2381, buf2382, buf2385, buf2387, buf2389, buf2390, buf2391, buf2392, buf2395, buf2396, buf2402, buf2404, buf2406, buf2407, buf2408, buf2411, buf2413, buf2416, buf2417, buf2418, buf2420, buf2422, buf2425, buf2426, buf2427, buf2429, buf2431, buf2434, buf2435, buf2436, buf2438, buf2440, buf2443, buf2444, buf2445, buf2447, buf2449, buf2452, buf2453, buf2454, buf2456, buf2458, buf2461, buf2462, buf2463, buf2465, buf2467, buf2470, buf2471, buf2472, buf2474, buf2476, buf2477, buf2478, buf2481, buf2486, buf2487, buf2488, buf2483, buf2489, buf2491, buf2493, buf2495, buf2496, buf2497, buf2499, buf2501, buf2503, buf2504, buf2505, buf2507, buf2509, buf2511, buf2512, buf2513, buf2515, buf2517, buf2519, buf2520, buf2521, buf2523, buf2525, buf2527, buf2528, buf2529, buf2531, buf2533, buf2534, buf2535, buf2538, buf2540, buf2541, buf2542, buf2544, buf2546, buf2548, buf2549, buf2550, buf2552, buf2554, buf2556, buf2557, buf2558, buf2560, buf2562, buf2564, buf2565, buf2566, buf2568, buf2570, buf2572, buf2573, buf2574, buf2576, buf2578, buf2580, buf2581, buf2582, buf2584, buf2586, buf2587, buf2588, buf2591, buf2593, buf2594, buf2595, buf2597, buf2599, buf2601, buf2602, buf2603, buf2605, buf2607, buf2609, buf2610, buf2611, buf2613, buf2615, buf2617, buf2618, buf2619, buf2621, buf2623, buf2625, buf2626, buf2627, buf2629, buf2631, buf2633, buf2634, buf2635, buf2637, buf2639, buf2641, buf2642, buf2643, buf2645, buf2648, buf2651, buf2653, buf2655, buf2656, buf2657, buf2660, buf2662, buf2664, buf2665, buf2666, buf2669, buf2671, buf2673, buf2674, buf2675, buf2676, buf2679, buf2681, buf2683, buf2684, buf2685, buf2686, buf2689, buf2690, buf2696, buf2698, buf2700, buf2701, buf2702, buf2705, buf2707, buf2710, buf2711, buf2712, buf2714, buf2716, buf2719, buf2720, buf2721, buf2723, buf2725, buf2728, buf2729, buf2730, buf2732, buf2734, buf2737, buf2738, buf2739, buf2741, buf2743, buf2746, buf2747, buf2748, buf2750, buf2752, buf2755, buf2756, buf2757, buf2759, buf2761, buf2764, buf2765, buf2766, buf2768, buf2770, buf2771, buf2772, buf2775, buf2780, buf2781, buf2782, buf2777, buf2783, buf2785, buf2787, buf2789, buf2790, buf2791, buf2793, buf2795, buf2797, buf2798, buf2799, buf2801, buf2803, buf2805, buf2806, buf2807, buf2809, buf2811, buf2813, buf2814, buf2815, buf2817, buf2819, buf2821, buf2822, buf2823, buf2825, buf2827, buf2828, buf2829, buf2832, buf2834, buf2835, buf2836, buf2838, buf2840, buf2842, buf2843, buf2844, buf2846, buf2848, buf2850, buf2851, buf2852, buf2854, buf2856, buf2858, buf2859, buf2860, buf2862, buf2864, buf2866, buf2867, buf2868, buf2870, buf2872, buf2874, buf2875, buf2876, buf2878, buf2880, buf2881, buf2882, buf2885, buf2887, buf2888, buf2889, buf2891, buf2893, buf2895, buf2896, buf2897, buf2899, buf2901, buf2903, buf2904, buf2905, buf2907, buf2909, buf2911, buf2912, buf2913, buf2915, buf2917, buf2919, buf2920, buf2921, buf2923, buf2925, buf2927, buf2928, buf2929, buf2931, buf2933, buf2935, buf2936, buf2937, buf2939, buf2941, buf2944, buf2946, buf2948, buf2949, buf2950, buf2953, buf2955, buf2957, buf2958, buf2959, buf2962, buf2964, buf2966, buf2967, buf2968, buf2969, buf2972, buf2974, buf2976, buf2977, buf2978, buf2979, buf2982, buf2983, buf2989, buf2991, buf2993, buf2994, buf2995, buf2998, buf3000, buf3003, buf3004, buf3005, buf3007, buf3009, buf3012, buf3013, buf3014, buf3016, buf3018, buf3021, buf3022, buf3023, buf3025, buf3027, buf3030, buf3031, buf3032, buf3034, buf3036, buf3039, buf3040, buf3041, buf3043, buf3045, buf3048, buf3049, buf3050, buf3052, buf3054, buf3057, buf3058, buf3059, buf3061, buf3063, buf3064, buf3065, buf3068, buf3073, buf3074, buf3075, buf3070, buf3076, buf3078, buf3080, buf3082, buf3083, buf3084, buf3086, buf3088, buf3090, buf3091, buf3092, buf3094, buf3096, buf3098, buf3099, buf3100, buf3102, buf3104, buf3106, buf3107, buf3108, buf3110, buf3112, buf3114, buf3115, buf3116, buf3118, buf3120, buf3121, buf3122, buf3125, buf3127, buf3128, buf3129, buf3131, buf3133, buf3135, buf3136, buf3137, buf3139, buf3141, buf3143, buf3144, buf3145, buf3147, buf3149, buf3151, buf3152, buf3153, buf3155, buf3157, buf3159, buf3160, buf3161, buf3163, buf3165, buf3167, buf3168, buf3169, buf3171, buf3173, buf3174, buf3175, buf3178, buf3180, buf3181, buf3182, buf3184, buf3186, buf3188, buf3189, buf3190, buf3192, buf3194, buf3196, buf3197, buf3198, buf3200, buf3202, buf3204, buf3205, buf3206, buf3208, buf3210, buf3212, buf3213, buf3214, buf3216, buf3218, buf3220, buf3221, buf3222, buf3224, buf3226, buf3228, buf3229, buf3230, buf3232, buf3235, buf3238, buf3240, buf3242, buf3243, buf3244, buf3247, buf3249, buf3251, buf3252, buf3253, buf3256, buf3258, buf3260, buf3261, buf3262, buf3263, buf3266, buf3268, buf3270, buf3271, buf3272, buf3273, buf3276, buf3277, buf3283, buf3285, buf3287, buf3288, buf3289, buf3292, buf3294, buf3297, buf3298, buf3299, buf3301, buf3303, buf3306, buf3307, buf3308, buf3310, buf3312, buf3315, buf3316, buf3317, buf3319, buf3321, buf3324, buf3325, buf3326, buf3328, buf3330, buf3333, buf3334, buf3335, buf3337, buf3339, buf3342, buf3343, buf3344, buf3346, buf3348, buf3351, buf3352, buf3353, buf3355, buf3357, buf3358, buf3359, buf3362, buf3367, buf3368, buf3369, buf3364, buf3370, buf3372, buf3374, buf3376, buf3377, buf3378, buf3380, buf3382, buf3384, buf3385, buf3386, buf3388, buf3390, buf3392, buf3393, buf3394, buf3396, buf3398, buf3400, buf3401, buf3402, buf3404, buf3406, buf3408, buf3409, buf3410, buf3412, buf3414, buf3415, buf3416, buf3419, buf3421, buf3422, buf3423, buf3425, buf3427, buf3429, buf3430, buf3431, buf3433, buf3435, buf3437, buf3438, buf3439, buf3441, buf3443, buf3445, buf3446, buf3447, buf3449, buf3451, buf3453, buf3454, buf3455, buf3457, buf3459, buf3461, buf3462, buf3463, buf3465, buf3467, buf3468, buf3469, buf3472, buf3474, buf3475, buf3476, buf3478, buf3480, buf3482, buf3483, buf3484, buf3486, buf3488, buf3490, buf3491, buf3492, buf3494, buf3496, buf3498, buf3499, buf3500, buf3502, buf3504, buf3506, buf3507, buf3508, buf3510, buf3512, buf3514, buf3515, buf3516, buf3518, buf3520, buf3522, buf3523, buf3524, buf3526, buf3528, buf3531, buf3533, buf3535, buf3536, buf3537, buf3540, buf3542, buf3544, buf3545, buf3546, buf3549, buf3551, buf3553, buf3554, buf3555, buf3556, buf3559, buf3561, buf3563, buf3564, buf3565, buf3566, buf3569, buf3570, buf3576, buf3578, buf3580, buf3581, buf3582, buf3585, buf3587, buf3590, buf3591, buf3592, buf3594, buf3596, buf3599, buf3600, buf3601, buf3603, buf3605, buf3608, buf3609, buf3610, buf3612, buf3614, buf3617, buf3618, buf3619, buf3621, buf3623, buf3626, buf3627, buf3628, buf3630, buf3632, buf3635, buf3636, buf3637, buf3639, buf3641, buf3644, buf3645, buf3646, buf3648, buf3650, buf3651, buf3652, buf3655, buf3660, buf3661, buf3662, buf3657, buf3663, buf3665, buf3667, buf3669, buf3670, buf3671, buf3673, buf3675, buf3677, buf3678, buf3679, buf3681, buf3683, buf3685, buf3686, buf3687, buf3689, buf3691, buf3693, buf3694, buf3695, buf3697, buf3699, buf3701, buf3702, buf3703, buf3705, buf3707, buf3708, buf3709, buf3712, buf3714, buf3715, buf3716, buf3718, buf3720, buf3722, buf3723, buf3724, buf3726, buf3728, buf3730, buf3731, buf3732, buf3734, buf3736, buf3738, buf3739, buf3740, buf3742, buf3744, buf3746, buf3747, buf3748, buf3750, buf3752, buf3754, buf3755, buf3756, buf3758, buf3760, buf3761, buf3762, buf3765, buf3767, buf3768, buf3769, buf3771, buf3773, buf3775, buf3776, buf3777, buf3779, buf3781, buf3783, buf3784, buf3785, buf3787, buf3789, buf3791, buf3792, buf3793, buf3795, buf3797, buf3799, buf3800, buf3801, buf3803, buf3805, buf3807, buf3808, buf3809, buf3811, buf3813, buf3815, buf3816, buf3817, buf3819, buf3822, buf3825, buf3826, buf3831, buf3833, buf3835, buf3836, buf3837, buf3840, buf3842, buf3844, buf3845, buf3846, buf3849, buf3851, buf3853, buf3854, buf3855, buf3856, buf3859, buf3861, buf3863, buf3864, buf3865, buf3866, buf3869, buf3870, buf3876, buf3878, buf3880, buf3881, buf3882, buf3885, buf3887, buf3890, buf3891, buf3892, buf3894, buf3896, buf3899, buf3900, buf3901, buf3903, buf3905, buf3908, buf3909, buf3910, buf3912, buf3914, buf3917, buf3918, buf3919, buf3921, buf3923, buf3926, buf3927, buf3928, buf3930, buf3932, buf3935, buf3936, buf3937, buf3939, buf3941, buf3944, buf3945, buf3946, buf3948, buf3950, buf3951, buf3952, buf3955, buf3960, buf3961, buf3962, buf3957, buf3963, buf3965, buf3967, buf3969, buf3970, buf3971, buf3973, buf3975, buf3977, buf3978, buf3979, buf3981, buf3983, buf3985, buf3986, buf3987, buf3989, buf3991, buf3993, buf3994, buf3995, buf3997, buf3999, buf4001, buf4002, buf4003, buf4005, buf4007, buf4008, buf4009, buf4012, buf4014, buf4015, buf4016, buf4018, buf4020, buf4022, buf4023, buf4024, buf4026, buf4028, buf4030, buf4031, buf4032, buf4034, buf4036, buf4038, buf4039, buf4040, buf4042, buf4044, buf4046, buf4047, buf4048, buf4050, buf4052, buf4054, buf4055, buf4056, buf4058, buf4060, buf4061, buf4062, buf4065, buf4067, buf4068, buf4069, buf4071, buf4073, buf4075, buf4076, buf4077, buf4079, buf4081, buf4083, buf4084, buf4085, buf4087, buf4089, buf4091, buf4092, buf4093, buf4095, buf4097, buf4099, buf4100, buf4101, buf4103, buf4105, buf4107, buf4108, buf4109, buf4111, buf4113, buf4115, buf4116, buf4117, buf4119, buf4121, buf4124, buf4126, buf4128, buf4129, buf4130, buf4133, buf4135, buf4137, buf4138, buf4139, buf4142, buf4144, buf4146, buf4147, buf4148, buf4149, buf4152, buf4154, buf4156, buf4157, buf4158, buf4159, buf4162, buf4163, buf4169, buf4171, buf4173, buf4174, buf4175, buf4178, buf4180, buf4183, buf4184, buf4185, buf4187, buf4189, buf4192, buf4193, buf4194, buf4196, buf4198, buf4201, buf4202, buf4203, buf4205, buf4207, buf4210, buf4211, buf4212, buf4214, buf4216, buf4219, buf4220, buf4221, buf4223, buf4225, buf4228, buf4229, buf4230, buf4232, buf4234, buf4237, buf4238, buf4239, buf4241, buf4243, buf4244, buf4245, buf4248, buf4253, buf4254, buf4255, buf4250, buf4256, buf4258, buf4260, buf4262, buf4263, buf4264, buf4266, buf4268, buf4270, buf4271, buf4272, buf4274, buf4276, buf4278, buf4279, buf4280, buf4282, buf4284, buf4286, buf4287, buf4288, buf4290, buf4292, buf4294, buf4295, buf4296, buf4298, buf4300, buf4301, buf4302, buf4305, buf4307, buf4308, buf4309, buf4311, buf4313, buf4315, buf4316, buf4317, buf4319, buf4321, buf4323, buf4324, buf4325, buf4327, buf4329, buf4331, buf4332, buf4333, buf4335, buf4337, buf4339, buf4340, buf4341, buf4343, buf4345, buf4347, buf4348, buf4349, buf4351, buf4353, buf4354, buf4355, buf4358, buf4360, buf4361, buf4362, buf4364, buf4366, buf4368, buf4369, buf4370, buf4372, buf4374, buf4376, buf4377, buf4378, buf4380, buf4382, buf4384, buf4385, buf4386, buf4388, buf4390, buf4392, buf4393, buf4394, buf4396, buf4398, buf4400, buf4401, buf4402, buf4404, buf4406, buf4408, buf4409, buf4410, buf4412, buf4414, buf4417, buf4419, buf4421, buf4422, buf4423, buf4426, buf4428, buf4430, buf4431, buf4432, buf4435, buf4437, buf4439, buf4440, buf4441, buf4442, buf4445, buf4447, buf4449, buf4450, buf4451, buf4452, buf4455, buf4456, buf4462, buf4464, buf4466, buf4467, buf4468, buf4471, buf4473, buf4476, buf4477, buf4478, buf4480, buf4482, buf4485, buf4486, buf4487, buf4489, buf4491, buf4494, buf4495, buf4496, buf4498, buf4500, buf4503, buf4504, buf4505, buf4507, buf4509, buf4512, buf4513, buf4514, buf4516, buf4518, buf4521, buf4522, buf4523, buf4525, buf4527, buf4530, buf4531, buf4532, buf4534, buf4536, buf4537, buf4538, buf4541, buf4546, buf4547, buf4548, buf4543, buf4549, buf4551, buf4553, buf4555, buf4556, buf4557, buf4559, buf4561, buf4563, buf4564, buf4565, buf4567, buf4569, buf4571, buf4572, buf4573, buf4575, buf4577, buf4579, buf4580, buf4581, buf4583, buf4585, buf4587, buf4588, buf4589, buf4591, buf4593, buf4594, buf4595, buf4598, buf4600, buf4601, buf4602, buf4604, buf4606, buf4608, buf4609, buf4610, buf4612, buf4614, buf4616, buf4617, buf4618, buf4620, buf4622, buf4624, buf4625, buf4626, buf4628, buf4630, buf4632, buf4633, buf4634, buf4636, buf4638, buf4640, buf4641, buf4642, buf4644, buf4646, buf4647, buf4648, buf4651, buf4653, buf4654, buf4655, buf4657, buf4659, buf4661, buf4662, buf4663, buf4665, buf4667, buf4669, buf4670, buf4671, buf4673, buf4675, buf4677, buf4678, buf4679, buf4681, buf4683, buf4685, buf4686, buf4687, buf4689, buf4691, buf4693, buf4694, buf4695, buf4697, buf4699, buf4701, buf4702, buf4703, buf4705, buf4708, buf4711, buf4713, buf4715, buf4716, buf4717, buf4720, buf4722, buf4724, buf4725, buf4726, buf4729, buf4731, buf4733, buf4734, buf4735, buf4736, buf4739, buf4741, buf4743, buf4744, buf4745, buf4746, buf4749, buf4750, buf4756, buf4758, buf4760, buf4761, buf4762, buf4765, buf4767, buf4770, buf4771, buf4772, buf4774, buf4776, buf4779, buf4780, buf4781, buf4783, buf4785, buf4788, buf4789, buf4790, buf4792, buf4794, buf4797, buf4798, buf4799, buf4801, buf4803, buf4806, buf4807, buf4808, buf4810, buf4812, buf4815, buf4816, buf4817, buf4819, buf4821, buf4824, buf4825, buf4826, buf4828, buf4830, buf4831, buf4832, buf4835, buf4840, buf4841, buf4842, buf4837, buf4843, buf4845, buf4847, buf4849, buf4850, buf4851, buf4853, buf4855, buf4857, buf4858, buf4859, buf4861, buf4863, buf4865, buf4866, buf4867, buf4869, buf4871, buf4873, buf4874, buf4875, buf4877, buf4879, buf4881, buf4882, buf4883, buf4885, buf4887, buf4888, buf4889, buf4892, buf4894, buf4895, buf4896, buf4898, buf4900, buf4902, buf4903, buf4904, buf4906, buf4908, buf4910, buf4911, buf4912, buf4914, buf4916, buf4918, buf4919, buf4920, buf4922, buf4924, buf4926, buf4927, buf4928, buf4930, buf4932, buf4934, buf4935, buf4936, buf4938, buf4940, buf4941, buf4942, buf4945, buf4947, buf4948, buf4949, buf4951, buf4953, buf4955, buf4956, buf4957, buf4959, buf4961, buf4963, buf4964, buf4965, buf4967, buf4969, buf4971, buf4972, buf4973, buf4975, buf4977, buf4979, buf4980, buf4981, buf4983, buf4985, buf4987, buf4988, buf4989, buf4991, buf4993, buf4995, buf4996, buf4997, buf4999, buf5001, buf5004, buf5006, buf5008, buf5009, buf5010, buf5013, buf5015, buf5017, buf5018, buf5019, buf5022, buf5024, buf5026, buf5027, buf5028, buf5029, buf5032, buf5034, buf5036, buf5037, buf5038, buf5039, buf5042, buf5043, buf5049, buf5051, buf5053, buf5054, buf5055, buf5058, buf5060, buf5063, buf5064, buf5065, buf5067, buf5069, buf5072, buf5073, buf5074, buf5076, buf5078, buf5081, buf5082, buf5083, buf5085, buf5087, buf5090, buf5091, buf5092, buf5094, buf5096, buf5099, buf5100, buf5101, buf5103, buf5105, buf5108, buf5109, buf5110, buf5112, buf5114, buf5117, buf5118, buf5119, buf5121, buf5123, buf5124, buf5125, buf5128, buf5133, buf5134, buf5135, buf5130, buf5136, buf5138, buf5140, buf5142, buf5143, buf5144, buf5146, buf5148, buf5150, buf5151, buf5152, buf5154, buf5156, buf5158, buf5159, buf5160, buf5162, buf5164, buf5166, buf5167, buf5168, buf5170, buf5172, buf5174, buf5175, buf5176, buf5178, buf5180, buf5181, buf5182, buf5185, buf5187, buf5188, buf5189, buf5191, buf5193, buf5195, buf5196, buf5197, buf5199, buf5201, buf5203, buf5204, buf5205, buf5207, buf5209, buf5211, buf5212, buf5213, buf5215, buf5217, buf5219, buf5220, buf5221, buf5223, buf5225, buf5227, buf5228, buf5229, buf5231, buf5233, buf5234, buf5235, buf5238, buf5240, buf5241, buf5242, buf5244, buf5246, buf5248, buf5249, buf5250, buf5252, buf5254, buf5256, buf5257, buf5258, buf5260, buf5262, buf5264, buf5265, buf5266, buf5268, buf5270, buf5272, buf5273, buf5274, buf5276, buf5278, buf5280, buf5281, buf5282, buf5284, buf5286, buf5288, buf5289, buf5290, buf5292, buf5295, buf5298, buf5300, buf5302, buf5303, buf5304, buf5307, buf5309, buf5311, buf5312, buf5313, buf5316, buf5318, buf5320, buf5321, buf5322, buf5323, buf5326, buf5328, buf5330, buf5331, buf5332, buf5333, buf5336, buf5337, buf5343, buf5345, buf5347, buf5348, buf5349, buf5352, buf5354, buf5357, buf5358, buf5359, buf5361, buf5363, buf5366, buf5367, buf5368, buf5370, buf5372, buf5375, buf5376, buf5377, buf5379, buf5381, buf5384, buf5385, buf5386, buf5388, buf5390, buf5393, buf5394, buf5395, buf5397, buf5399, buf5402, buf5403, buf5404, buf5406, buf5408, buf5411, buf5412, buf5413, buf5415, buf5417, buf5418, buf5419, buf5422, buf5427, buf5428, buf5429, buf5424, buf5430, buf5432, buf5434, buf5436, buf5437, buf5438, buf5440, buf5442, buf5444, buf5445, buf5446, buf5448, buf5450, buf5452, buf5453, buf5454, buf5456, buf5458, buf5460, buf5461, buf5462, buf5464, buf5466, buf5468, buf5469, buf5470, buf5472, buf5474, buf5475, buf5476, buf5479, buf5481, buf5482, buf5483, buf5485, buf5487, buf5489, buf5490, buf5491, buf5493, buf5495, buf5497, buf5498, buf5499, buf5501, buf5503, buf5505, buf5506, buf5507, buf5509, buf5511, buf5513, buf5514, buf5515, buf5517, buf5519, buf5521, buf5522, buf5523, buf5525, buf5527, buf5528, buf5529, buf5532, buf5534, buf5535, buf5536, buf5538, buf5540, buf5542, buf5543, buf5544, buf5546, buf5548, buf5550, buf5551, buf5552, buf5554, buf5556, buf5558, buf5559, buf5560, buf5562, buf5564, buf5566, buf5567, buf5568, buf5570, buf5572, buf5574, buf5575, buf5576, buf5578, buf5580, buf5582, buf5583, buf5584, buf5586, buf5588, buf5591, buf5593, buf5595, buf5596, buf5597, buf5600, buf5602, buf5604, buf5605, buf5606, buf5609, buf5611, buf5613, buf5614, buf5615, buf5616, buf5619, buf5621, buf5623, buf5624, buf5625, buf5626, buf5629, buf5630, buf5636, buf5638, buf5640, buf5641, buf5642, buf5645, buf5647, buf5650, buf5651, buf5652, buf5654, buf5656, buf5659, buf5660, buf5661, buf5663, buf5665, buf5668, buf5669, buf5670, buf5672, buf5674, buf5677, buf5678, buf5679, buf5681, buf5683, buf5686, buf5687, buf5688, buf5690, buf5692, buf5695, buf5696, buf5697, buf5699, buf5701, buf5704, buf5705, buf5706, buf5708, buf5710, buf5711, buf5712, buf5715, buf5720, buf5721, buf5722, buf5717, buf5723, buf5725, buf5727, buf5729, buf5730, buf5731, buf5733, buf5735, buf5737, buf5738, buf5739, buf5741, buf5743, buf5745, buf5746, buf5747, buf5749, buf5751, buf5753, buf5754, buf5755, buf5757, buf5759, buf5761, buf5762, buf5763, buf5765, buf5767, buf5768, buf5769, buf5772, buf5774, buf5775, buf5776, buf5778, buf5780, buf5782, buf5783, buf5784, buf5786, buf5788, buf5790, buf5791, buf5792, buf5794, buf5796, buf5798, buf5799, buf5800, buf5802, buf5804, buf5806, buf5807, buf5808, buf5810, buf5812, buf5814, buf5815, buf5816, buf5818, buf5820, buf5821, buf5822, buf5825, buf5827, buf5828, buf5829, buf5831, buf5833, buf5835, buf5836, buf5837, buf5839, buf5841, buf5843, buf5844, buf5845, buf5847, buf5849, buf5851, buf5852, buf5853, buf5855, buf5857, buf5859, buf5860, buf5861, buf5863, buf5865, buf5867, buf5868, buf5869, buf5871, buf5873, buf5875, buf5876, buf5877, buf5879, buf5882, buf5885, buf5887, buf5889, buf5890, buf5891, buf5894, buf5896, buf5898, buf5899, buf5900, buf5903, buf5905, buf5907, buf5908, buf5909, buf5910, buf5913, buf5915, buf5917, buf5918, buf5919, buf5920, buf5923, buf5924, buf5930, buf5932, buf5934, buf5935, buf5936, buf5939, buf5941, buf5944, buf5945, buf5946, buf5948, buf5950, buf5953, buf5954, buf5955, buf5957, buf5959, buf5962, buf5963, buf5964, buf5966, buf5968, buf5971, buf5972, buf5973, buf5975, buf5977, buf5980, buf5981, buf5982, buf5984, buf5986, buf5989, buf5990, buf5991, buf5993, buf5995, buf5998, buf5999, buf6000, buf6002, buf6004, buf6005, buf6006, buf6009, buf6014, buf6015, buf6016, buf6011, buf6017, buf6019, buf6021, buf6023, buf6024, buf6025, buf6027, buf6029, buf6031, buf6032, buf6033, buf6035, buf6037, buf6039, buf6040, buf6041, buf6043, buf6045, buf6047, buf6048, buf6049, buf6051, buf6053, buf6055, buf6056, buf6057, buf6059, buf6061, buf6062, buf6063, buf6066, buf6068, buf6069, buf6070, buf6072, buf6074, buf6076, buf6077, buf6078, buf6080, buf6082, buf6084, buf6085, buf6086, buf6088, buf6090, buf6092, buf6093, buf6094, buf6096, buf6098, buf6100, buf6101, buf6102, buf6104, buf6106, buf6108, buf6109, buf6110, buf6112, buf6114, buf6115, buf6116, buf6119, buf6121, buf6122, buf6123, buf6125, buf6127, buf6129, buf6130, buf6131, buf6133, buf6135, buf6137, buf6138, buf6139, buf6141, buf6143, buf6145, buf6146, buf6147, buf6149, buf6151, buf6153, buf6154, buf6155, buf6157, buf6159, buf6161, buf6162, buf6163, buf6165, buf6167, buf6169, buf6170, buf6171, buf6173, buf6175, buf6178, buf6180, buf6182, buf6183, buf6184, buf6187, buf6189, buf6191, buf6192, buf6193, buf6196, buf6198, buf6200, buf6201, buf6202, buf6203, buf6206, buf6208, buf6210, buf6211, buf6212, buf6213, buf6216, buf6217, buf6223, buf6225, buf6227, buf6228, buf6229, buf6232, buf6234, buf6237, buf6238, buf6239, buf6241, buf6243, buf6246, buf6247, buf6248, buf6250, buf6252, buf6255, buf6256, buf6257, buf6259, buf6261, buf6264, buf6265, buf6266, buf6268, buf6270, buf6273, buf6274, buf6275, buf6277, buf6279, buf6282, buf6283, buf6284, buf6286, buf6288, buf6291, buf6292, buf6293, buf6295, buf6297, buf6298, buf6299, buf6302, buf6307, buf6308, buf6309, buf6304, buf6310, buf6312, buf6314, buf6316, buf6317, buf6318, buf6320, buf6322, buf6324, buf6325, buf6326, buf6328, buf6330, buf6332, buf6333, buf6334, buf6336, buf6338, buf6340, buf6341, buf6342, buf6344, buf6346, buf6348, buf6349, buf6350, buf6352, buf6354, buf6355, buf6356, buf6359, buf6361, buf6362, buf6363, buf6365, buf6367, buf6369, buf6370, buf6371, buf6373, buf6375, buf6377, buf6378, buf6379, buf6381, buf6383, buf6385, buf6386, buf6387, buf6389, buf6391, buf6393, buf6394, buf6395, buf6397, buf6399, buf6401, buf6402, buf6403, buf6405, buf6407, buf6408, buf6409, buf6412, buf6414, buf6415, buf6416, buf6418, buf6420, buf6422, buf6423, buf6424, buf6426, buf6428, buf6430, buf6431, buf6432, buf6434, buf6436, buf6438, buf6439, buf6440, buf6442, buf6444, buf6446, buf6447, buf6448, buf6450, buf6452, buf6454, buf6455, buf6456, buf6458, buf6460, buf6462, buf6463, buf6464, buf6466, buf6469, buf6472, buf6473, buf6478, buf6480, buf6482, buf6483, buf6484, buf6487, buf6489, buf6491, buf6492, buf6493, buf6496, buf6498, buf6500, buf6501, buf6502, buf6503, buf6506, buf6508, buf6510, buf6511, buf6512, buf6513, buf6516, buf6517, buf6523, buf6525, buf6527, buf6528, buf6529, buf6532, buf6534, buf6537, buf6538, buf6539, buf6541, buf6543, buf6546, buf6547, buf6548, buf6550, buf6552, buf6555, buf6556, buf6557, buf6559, buf6561, buf6564, buf6565, buf6566, buf6568, buf6570, buf6573, buf6574, buf6575, buf6577, buf6579, buf6582, buf6583, buf6584, buf6586, buf6588, buf6591, buf6592, buf6593, buf6595, buf6597, buf6598, buf6599, buf6602, buf6607, buf6608, buf6609, buf6604, buf6610, buf6612, buf6614, buf6616, buf6617, buf6618, buf6620, buf6622, buf6624, buf6625, buf6626, buf6628, buf6630, buf6632, buf6633, buf6634, buf6636, buf6638, buf6640, buf6641, buf6642, buf6644, buf6646, buf6648, buf6649, buf6650, buf6652, buf6654, buf6655, buf6656, buf6659, buf6661, buf6662, buf6663, buf6665, buf6667, buf6669, buf6670, buf6671, buf6673, buf6675, buf6677, buf6678, buf6679, buf6681, buf6683, buf6685, buf6686, buf6687, buf6689, buf6691, buf6693, buf6694, buf6695, buf6697, buf6699, buf6701, buf6702, buf6703, buf6705, buf6707, buf6708, buf6709, buf6712, buf6714, buf6715, buf6716, buf6718, buf6720, buf6722, buf6723, buf6724, buf6726, buf6728, buf6730, buf6731, buf6732, buf6734, buf6736, buf6738, buf6739, buf6740, buf6742, buf6744, buf6746, buf6747, buf6748, buf6750, buf6752, buf6754, buf6755, buf6756, buf6758, buf6760, buf6762, buf6763, buf6764, buf6766, buf6768, buf6771, buf6773, buf6775, buf6776, buf6777, buf6780, buf6782, buf6784, buf6785, buf6786, buf6789, buf6791, buf6793, buf6794, buf6795, buf6796, buf6799, buf6801, buf6803, buf6804, buf6805, buf6806, buf6809, buf6810, buf6816, buf6818, buf6820, buf6821, buf6822, buf6825, buf6827, buf6830, buf6831, buf6832, buf6834, buf6836, buf6839, buf6840, buf6841, buf6843, buf6845, buf6848, buf6849, buf6850, buf6852, buf6854, buf6857, buf6858, buf6859, buf6861, buf6863, buf6866, buf6867, buf6868, buf6870, buf6872, buf6875, buf6876, buf6877, buf6879, buf6881, buf6884, buf6885, buf6886, buf6888, buf6890, buf6891, buf6892, buf6895, buf6900, buf6901, buf6902, buf6897, buf6903, buf6905, buf6907, buf6909, buf6910, buf6911, buf6913, buf6915, buf6917, buf6918, buf6919, buf6921, buf6923, buf6925, buf6926, buf6927, buf6929, buf6931, buf6933, buf6934, buf6935, buf6937, buf6939, buf6941, buf6942, buf6943, buf6945, buf6947, buf6948, buf6949, buf6952, buf6954, buf6955, buf6956, buf6958, buf6960, buf6962, buf6963, buf6964, buf6966, buf6968, buf6970, buf6971, buf6972, buf6974, buf6976, buf6978, buf6979, buf6980, buf6982, buf6984, buf6986, buf6987, buf6988, buf6990, buf6992, buf6994, buf6995, buf6996, buf6998, buf7000, buf7001, buf7002, buf7005, buf7007, buf7008, buf7009, buf7011, buf7013, buf7015, buf7016, buf7017, buf7019, buf7021, buf7023, buf7024, buf7025, buf7027, buf7029, buf7031, buf7032, buf7033, buf7035, buf7037, buf7039, buf7040, buf7041, buf7043, buf7045, buf7047, buf7048, buf7049, buf7051, buf7053, buf7055, buf7056, buf7057, buf7059, buf7061, buf7064, buf7066, buf7068, buf7069, buf7070, buf7073, buf7075, buf7077, buf7078, buf7079, buf7082, buf7084, buf7086, buf7087, buf7088, buf7089, buf7092, buf7094, buf7096, buf7097, buf7098, buf7099, buf7102, buf7103, buf7109, buf7111, buf7113, buf7114, buf7115, buf7118, buf7120, buf7123, buf7124, buf7125, buf7127, buf7129, buf7132, buf7133, buf7134, buf7136, buf7138, buf7141, buf7142, buf7143, buf7145, buf7147, buf7150, buf7151, buf7152, buf7154, buf7156, buf7159, buf7160, buf7161, buf7163, buf7165, buf7168, buf7169, buf7170, buf7172, buf7174, buf7177, buf7178, buf7179, buf7181, buf7183, buf7184, buf7185, buf7188, buf7193, buf7194, buf7195, buf7190, buf7196, buf7198, buf7200, buf7202, buf7203, buf7204, buf7206, buf7208, buf7210, buf7211, buf7212, buf7214, buf7216, buf7218, buf7219, buf7220, buf7222, buf7224, buf7226, buf7227, buf7228, buf7230, buf7232, buf7234, buf7235, buf7236, buf7238, buf7240, buf7241, buf7242, buf7245, buf7247, buf7248, buf7249, buf7251, buf7253, buf7255, buf7256, buf7257, buf7259, buf7261, buf7263, buf7264, buf7265, buf7267, buf7269, buf7271, buf7272, buf7273, buf7275, buf7277, buf7279, buf7280, buf7281, buf7283, buf7285, buf7287, buf7288, buf7289, buf7291, buf7293, buf7294, buf7295, buf7298, buf7300, buf7301, buf7302, buf7304, buf7306, buf7308, buf7309, buf7310, buf7312, buf7314, buf7316, buf7317, buf7318, buf7320, buf7322, buf7324, buf7325, buf7326, buf7328, buf7330, buf7332, buf7333, buf7334, buf7336, buf7338, buf7340, buf7341, buf7342, buf7344, buf7346, buf7348, buf7349, buf7350, buf7352, buf7355, buf7358, buf7360, buf7362, buf7363, buf7364, buf7367, buf7369, buf7371, buf7372, buf7373, buf7376, buf7378, buf7380, buf7381, buf7382, buf7383, buf7386, buf7388, buf7390, buf7391, buf7392, buf7393, buf7396, buf7397, buf7403, buf7405, buf7407, buf7408, buf7409, buf7412, buf7414, buf7417, buf7418, buf7419, buf7421, buf7423, buf7426, buf7427, buf7428, buf7430, buf7432, buf7435, buf7436, buf7437, buf7439, buf7441, buf7444, buf7445, buf7446, buf7448, buf7450, buf7453, buf7454, buf7455, buf7457, buf7459, buf7462, buf7463, buf7464, buf7466, buf7468, buf7471, buf7472, buf7473, buf7475, buf7477, buf7478, buf7479, buf7482, buf7487, buf7488, buf7489, buf7484, buf7490, buf7492, buf7494, buf7496, buf7497, buf7498, buf7500, buf7502, buf7504, buf7505, buf7506, buf7508, buf7510, buf7512, buf7513, buf7514, buf7516, buf7518, buf7520, buf7521, buf7522, buf7524, buf7526, buf7528, buf7529, buf7530, buf7532, buf7534, buf7535, buf7536, buf7539, buf7541, buf7542, buf7543, buf7545, buf7547, buf7549, buf7550, buf7551, buf7553, buf7555, buf7557, buf7558, buf7559, buf7561, buf7563, buf7565, buf7566, buf7567, buf7569, buf7571, buf7573, buf7574, buf7575, buf7577, buf7579, buf7581, buf7582, buf7583, buf7585, buf7587, buf7588, buf7589, buf7592, buf7594, buf7595, buf7596, buf7598, buf7600, buf7602, buf7603, buf7604, buf7606, buf7608, buf7610, buf7611, buf7612, buf7614, buf7616, buf7618, buf7619, buf7620, buf7622, buf7624, buf7626, buf7627, buf7628, buf7630, buf7632, buf7634, buf7635, buf7636, buf7638, buf7640, buf7642, buf7643, buf7644, buf7646, buf7648, buf7651, buf7653, buf7655, buf7656, buf7657, buf7660, buf7662, buf7664, buf7665, buf7666, buf7669, buf7671, buf7673, buf7674, buf7675, buf7676, buf7679, buf7681, buf7683, buf7684, buf7685, buf7686, buf7689, buf7690, buf7696, buf7698, buf7700, buf7701, buf7702, buf7705, buf7707, buf7710, buf7711, buf7712, buf7714, buf7716, buf7719, buf7720, buf7721, buf7723, buf7725, buf7728, buf7729, buf7730, buf7732, buf7734, buf7737, buf7738, buf7739, buf7741, buf7743, buf7746, buf7747, buf7748, buf7750, buf7752, buf7755, buf7756, buf7757, buf7759, buf7761, buf7764, buf7765, buf7766, buf7768, buf7770, buf7771, buf7772, buf7775, buf7780, buf7781, buf7782, buf7777, buf7783, buf7785, buf7787, buf7789, buf7790, buf7791, buf7793, buf7795, buf7797, buf7798, buf7799, buf7801, buf7803, buf7805, buf7806, buf7807, buf7809, buf7811, buf7813, buf7814, buf7815, buf7817, buf7819, buf7821, buf7822, buf7823, buf7825, buf7827, buf7828, buf7829, buf7832, buf7834, buf7835, buf7836, buf7838, buf7840, buf7842, buf7843, buf7844, buf7846, buf7848, buf7850, buf7851, buf7852, buf7854, buf7856, buf7858, buf7859, buf7860, buf7862, buf7864, buf7866, buf7867, buf7868, buf7870, buf7872, buf7874, buf7875, buf7876, buf7878, buf7880, buf7881, buf7882, buf7885, buf7887, buf7888, buf7889, buf7891, buf7893, buf7895, buf7896, buf7897, buf7899, buf7901, buf7903, buf7904, buf7905, buf7907, buf7909, buf7911, buf7912, buf7913, buf7915, buf7917, buf7919, buf7920, buf7921, buf7923, buf7925, buf7927, buf7928, buf7929, buf7931, buf7933, buf7935, buf7936, buf7937, buf7939, buf7942, buf7945, buf7947, buf7949, buf7950, buf7951, buf7954, buf7956, buf7958, buf7959, buf7960, buf7963, buf7965, buf7967, buf7968, buf7969, buf7970, buf7973, buf7975, buf7977, buf7978, buf7979, buf7980, buf7983, buf7984, buf7990, buf7992, buf7994, buf7995, buf7996, buf7999, buf8001, buf8004, buf8005, buf8006, buf8008, buf8010, buf8013, buf8014, buf8015, buf8017, buf8019, buf8022, buf8023, buf8024, buf8026, buf8028, buf8031, buf8032, buf8033, buf8035, buf8037, buf8040, buf8041, buf8042, buf8044, buf8046, buf8049, buf8050, buf8051, buf8053, buf8055, buf8058, buf8059, buf8060, buf8062, buf8064, buf8065, buf8066, buf8069, buf8074, buf8075, buf8076, buf8071, buf8077, buf8079, buf8081, buf8083, buf8084, buf8085, buf8087, buf8089, buf8091, buf8092, buf8093, buf8095, buf8097, buf8099, buf8100, buf8101, buf8103, buf8105, buf8107, buf8108, buf8109, buf8111, buf8113, buf8115, buf8116, buf8117, buf8119, buf8121, buf8122, buf8123, buf8126, buf8128, buf8129, buf8130, buf8132, buf8134, buf8136, buf8137, buf8138, buf8140, buf8142, buf8144, buf8145, buf8146, buf8148, buf8150, buf8152, buf8153, buf8154, buf8156, buf8158, buf8160, buf8161, buf8162, buf8164, buf8166, buf8168, buf8169, buf8170, buf8172, buf8174, buf8175, buf8176, buf8179, buf8181, buf8182, buf8183, buf8185, buf8187, buf8189, buf8190, buf8191, buf8193, buf8195, buf8197, buf8198, buf8199, buf8201, buf8203, buf8205, buf8206, buf8207, buf8209, buf8211, buf8213, buf8214, buf8215, buf8217, buf8219, buf8221, buf8222, buf8223, buf8225, buf8227, buf8229, buf8230, buf8231, buf8233, buf8235, buf8238, buf8240, buf8242, buf8243, buf8244, buf8247, buf8249, buf8251, buf8252, buf8253, buf8256, buf8258, buf8260, buf8261, buf8262, buf8263, buf8266, buf8268, buf8270, buf8271, buf8272, buf8273, buf8276, buf8277, buf8283, buf8285, buf8287, buf8288, buf8289, buf8292, buf8294, buf8297, buf8298, buf8299, buf8301, buf8303, buf8306, buf8307, buf8308, buf8310, buf8312, buf8315, buf8316, buf8317, buf8319, buf8321, buf8324, buf8325, buf8326, buf8328, buf8330, buf8333, buf8334, buf8335, buf8337, buf8339, buf8342, buf8343, buf8344, buf8346, buf8348, buf8351, buf8352, buf8353, buf8355, buf8357, buf8358, buf8359, buf8362, buf8367, buf8368, buf8369, buf8364, buf8370, buf8372, buf8374, buf8376, buf8377, buf8378, buf8380, buf8382, buf8384, buf8385, buf8386, buf8388, buf8390, buf8392, buf8393, buf8394, buf8396, buf8398, buf8400, buf8401, buf8402, buf8404, buf8406, buf8408, buf8409, buf8410, buf8412, buf8414, buf8415, buf8416, buf8419, buf8421, buf8422, buf8423, buf8425, buf8427, buf8429, buf8430, buf8431, buf8433, buf8435, buf8437, buf8438, buf8439, buf8441, buf8443, buf8445, buf8446, buf8447, buf8449, buf8451, buf8453, buf8454, buf8455, buf8457, buf8459, buf8461, buf8462, buf8463, buf8465, buf8467, buf8468, buf8469, buf8472, buf8474, buf8475, buf8476, buf8478, buf8480, buf8482, buf8483, buf8484, buf8486, buf8488, buf8490, buf8491, buf8492, buf8494, buf8496, buf8498, buf8499, buf8500, buf8502, buf8504, buf8506, buf8507, buf8508, buf8510, buf8512, buf8514, buf8515, buf8516, buf8518, buf8520, buf8522, buf8523, buf8524, buf8526, buf8529, buf8532, buf8534, buf8536, buf8537, buf8538, buf8541, buf8543, buf8545, buf8546, buf8547, buf8550, buf8552, buf8554, buf8555, buf8556, buf8557, buf8560, buf8562, buf8564, buf8565, buf8566, buf8567, buf8570, buf8571, buf8577, buf8579, buf8581, buf8582, buf8583, buf8586, buf8588, buf8591, buf8592, buf8593, buf8595, buf8597, buf8600, buf8601, buf8602, buf8604, buf8606, buf8609, buf8610, buf8611, buf8613, buf8615, buf8618, buf8619, buf8620, buf8622, buf8624, buf8627, buf8628, buf8629, buf8631, buf8633, buf8636, buf8637, buf8638, buf8640, buf8642, buf8645, buf8646, buf8647, buf8649, buf8651, buf8652, buf8653, buf8656, buf8661, buf8662, buf8663, buf8658, buf8664, buf8666, buf8668, buf8670, buf8671, buf8672, buf8674, buf8676, buf8678, buf8679, buf8680, buf8682, buf8684, buf8686, buf8687, buf8688, buf8690, buf8692, buf8694, buf8695, buf8696, buf8698, buf8700, buf8702, buf8703, buf8704, buf8706, buf8708, buf8709, buf8710, buf8713, buf8715, buf8716, buf8717, buf8719, buf8721, buf8723, buf8724, buf8725, buf8727, buf8729, buf8731, buf8732, buf8733, buf8735, buf8737, buf8739, buf8740, buf8741, buf8743, buf8745, buf8747, buf8748, buf8749, buf8751, buf8753, buf8755, buf8756, buf8757, buf8759, buf8761, buf8762, buf8763, buf8766, buf8768, buf8769, buf8770, buf8772, buf8774, buf8776, buf8777, buf8778, buf8780, buf8782, buf8784, buf8785, buf8786, buf8788, buf8790, buf8792, buf8793, buf8794, buf8796, buf8798, buf8800, buf8801, buf8802, buf8804, buf8806, buf8808, buf8809, buf8810, buf8812, buf8814, buf8816, buf8817, buf8818, buf8820, buf8822, buf8825, buf8827, buf8829, buf8830, buf8831, buf8834, buf8836, buf8838, buf8839, buf8840, buf8843, buf8845, buf8847, buf8848, buf8849, buf8850, buf8853, buf8855, buf8857, buf8858, buf8859, buf8860, buf8863, buf8864, buf8870, buf8872, buf8874, buf8875, buf8876, buf8879, buf8881, buf8884, buf8885, buf8886, buf8888, buf8890, buf8893, buf8894, buf8895, buf8897, buf8899, buf8902, buf8903, buf8904, buf8906, buf8908, buf8911, buf8912, buf8913, buf8915, buf8917, buf8920, buf8921, buf8922, buf8924, buf8926, buf8929, buf8930, buf8931, buf8933, buf8935, buf8938, buf8939, buf8940, buf8942, buf8944, buf8945, buf8946, buf8949, buf8954, buf8955, buf8956, buf8951, buf8957, buf8959, buf8961, buf8963, buf8964, buf8965, buf8967, buf8969, buf8971, buf8972, buf8973, buf8975, buf8977, buf8979, buf8980, buf8981, buf8983, buf8985, buf8987, buf8988, buf8989, buf8991, buf8993, buf8995, buf8996, buf8997, buf8999, buf9001, buf9002, buf9003, buf9006, buf9008, buf9009, buf9010, buf9012, buf9014, buf9016, buf9017, buf9018, buf9020, buf9022, buf9024, buf9025, buf9026, buf9028, buf9030, buf9032, buf9033, buf9034, buf9036, buf9038, buf9040, buf9041, buf9042, buf9044, buf9046, buf9048, buf9049, buf9050, buf9052, buf9054, buf9055, buf9056, buf9059, buf9061, buf9062, buf9063, buf9065, buf9067, buf9069, buf9070, buf9071, buf9073, buf9075, buf9077, buf9078, buf9079, buf9081, buf9083, buf9085, buf9086, buf9087, buf9089, buf9091, buf9093, buf9094, buf9095, buf9097, buf9099, buf9101, buf9102, buf9103, buf9105, buf9107, buf9109, buf9110, buf9111, buf9113, buf9116, buf9119, buf9120, buf9125, buf9127, buf9129, buf9130, buf9131, buf9134, buf9136, buf9138, buf9139, buf9140, buf9143, buf9145, buf9147, buf9148, buf9149, buf9150, buf9153, buf9155, buf9157, buf9158, buf9159, buf9160, buf9163, buf9164, buf9170, buf9172, buf9174, buf9175, buf9176, buf9179, buf9181, buf9184, buf9185, buf9186, buf9188, buf9190, buf9193, buf9194, buf9195, buf9197, buf9199, buf9202, buf9203, buf9204, buf9206, buf9208, buf9211, buf9212, buf9213, buf9215, buf9217, buf9220, buf9221, buf9222, buf9224, buf9226, buf9229, buf9230, buf9231, buf9233, buf9235, buf9238, buf9239, buf9240, buf9242, buf9244, buf9245, buf9246, buf9249, buf9254, buf9255, buf9256, buf9251, buf9257, buf9259, buf9261, buf9263, buf9264, buf9265, buf9267, buf9269, buf9271, buf9272, buf9273, buf9275, buf9277, buf9279, buf9280, buf9281, buf9283, buf9285, buf9287, buf9288, buf9289, buf9291, buf9293, buf9295, buf9296, buf9297, buf9299, buf9301, buf9302, buf9303, buf9306, buf9308, buf9309, buf9310, buf9312, buf9314, buf9316, buf9317, buf9318, buf9320, buf9322, buf9324, buf9325, buf9326, buf9328, buf9330, buf9332, buf9333, buf9334, buf9336, buf9338, buf9340, buf9341, buf9342, buf9344, buf9346, buf9348, buf9349, buf9350, buf9352, buf9354, buf9355, buf9356, buf9359, buf9361, buf9362, buf9363, buf9365, buf9367, buf9369, buf9370, buf9371, buf9373, buf9375, buf9377, buf9378, buf9379, buf9381, buf9383, buf9385, buf9386, buf9387, buf9389, buf9391, buf9393, buf9394, buf9395, buf9397, buf9399, buf9401, buf9402, buf9403, buf9405, buf9407, buf9409, buf9410, buf9411, buf9413, buf9415, buf9418, buf9420, buf9422, buf9423, buf9424, buf9427, buf9429, buf9431, buf9432, buf9433, buf9436, buf9438, buf9440, buf9441, buf9442, buf9443, buf9446, buf9448, buf9450, buf9451, buf9452, buf9453, buf9456, buf9457, buf9463, buf9465, buf9467, buf9468, buf9469, buf9472, buf9474, buf9477, buf9478, buf9479, buf9481, buf9483, buf9486, buf9487, buf9488, buf9490, buf9492, buf9495, buf9496, buf9497, buf9499, buf9501, buf9504, buf9505, buf9506, buf9508, buf9510, buf9513, buf9514, buf9515, buf9517, buf9519, buf9522, buf9523, buf9524, buf9526, buf9528, buf9531, buf9532, buf9533, buf9535, buf9537, buf9538, buf9539, buf9542, buf9547, buf9548, buf9549, buf9544, buf9550, buf9552, buf9554, buf9556, buf9557, buf9558, buf9560, buf9562, buf9564, buf9565, buf9566, buf9568, buf9570, buf9572, buf9573, buf9574, buf9576, buf9578, buf9580, buf9581, buf9582, buf9584, buf9586, buf9588, buf9589, buf9590, buf9592, buf9594, buf9595, buf9596, buf9599, buf9601, buf9602, buf9603, buf9605, buf9607, buf9609, buf9610, buf9611, buf9613, buf9615, buf9617, buf9618, buf9619, buf9621, buf9623, buf9625, buf9626, buf9627, buf9629, buf9631, buf9633, buf9634, buf9635, buf9637, buf9639, buf9641, buf9642, buf9643, buf9645, buf9647, buf9648, buf9649, buf9652, buf9654, buf9655, buf9656, buf9658, buf9660, buf9662, buf9663, buf9664, buf9666, buf9668, buf9670, buf9671, buf9672, buf9674, buf9676, buf9678, buf9679, buf9680, buf9682, buf9684, buf9686, buf9687, buf9688, buf9690, buf9692, buf9694, buf9695, buf9696, buf9698, buf9700, buf9702, buf9703, buf9704, buf9706, buf9708, buf9711, buf9713, buf9715, buf9716, buf9717, buf9720, buf9722, buf9724, buf9725, buf9726, buf9729, buf9731, buf9733, buf9734, buf9735, buf9736, buf9739, buf9741, buf9743, buf9744, buf9745, buf9746, buf9749, buf9750, buf9756, buf9758, buf9760, buf9761, buf9762, buf9765, buf9767, buf9770, buf9771, buf9772, buf9774, buf9776, buf9779, buf9780, buf9781, buf9783, buf9785, buf9788, buf9789, buf9790, buf9792, buf9794, buf9797, buf9798, buf9799, buf9801, buf9803, buf9806, buf9807, buf9808, buf9810, buf9812, buf9815, buf9816, buf9817, buf9819, buf9821, buf9824, buf9825, buf9826, buf9828, buf9830, buf9831, buf9832, buf9835, buf9840, buf9841, buf9842, buf9837, buf9843, buf9845, buf9847, buf9849, buf9850, buf9851, buf9853, buf9855, buf9857, buf9858, buf9859, buf9861, buf9863, buf9865, buf9866, buf9867, buf9869, buf9871, buf9873, buf9874, buf9875, buf9877, buf9879, buf9881, buf9882, buf9883, buf9885, buf9887, buf9888, buf9889, buf9892, buf9894, buf9895, buf9896, buf9898, buf9900, buf9902, buf9903, buf9904, buf9906, buf9908, buf9910, buf9911, buf9912, buf9914, buf9916, buf9918, buf9919, buf9920, buf9922, buf9924, buf9926, buf9927, buf9928, buf9930, buf9932, buf9934, buf9935, buf9936, buf9938, buf9940, buf9941, buf9942, buf9945, buf9947, buf9948, buf9949, buf9951, buf9953, buf9955, buf9956, buf9957, buf9959, buf9961, buf9963, buf9964, buf9965, buf9967, buf9969, buf9971, buf9972, buf9973, buf9975, buf9977, buf9979, buf9980, buf9981, buf9983, buf9985, buf9987, buf9988, buf9989, buf9991, buf9993, buf9995, buf9996, buf9997, buf9999, buf10002, buf10005, buf10007, buf10009, buf10010, buf10011, buf10014, buf10016, buf10018, buf10019, buf10020, buf10023, buf10025, buf10027, buf10028, buf10029, buf10030, buf10033, buf10035, buf10037, buf10038, buf10039, buf10040, buf10043, buf10044, buf10050, buf10052, buf10054, buf10055, buf10056, buf10059, buf10061, buf10064, buf10065, buf10066, buf10068, buf10070, buf10073, buf10074, buf10075, buf10077, buf10079, buf10082, buf10083, buf10084, buf10086, buf10088, buf10091, buf10092, buf10093, buf10095, buf10097, buf10100, buf10101, buf10102, buf10104, buf10106, buf10109, buf10110, buf10111, buf10113, buf10115, buf10118, buf10119, buf10120, buf10122, buf10124, buf10125, buf10126, buf10129, buf10134, buf10135, buf10136, buf10131, buf10137, buf10139, buf10141, buf10143, buf10144, buf10145, buf10147, buf10149, buf10151, buf10152, buf10153, buf10155, buf10157, buf10159, buf10160, buf10161, buf10163, buf10165, buf10167, buf10168, buf10169, buf10171, buf10173, buf10175, buf10176, buf10177, buf10179, buf10181, buf10182, buf10183, buf10186, buf10188, buf10189, buf10190, buf10192, buf10194, buf10196, buf10197, buf10198, buf10200, buf10202, buf10204, buf10205, buf10206, buf10208, buf10210, buf10212, buf10213, buf10214, buf10216, buf10218, buf10220, buf10221, buf10222, buf10224, buf10226, buf10228, buf10229, buf10230, buf10232, buf10234, buf10235, buf10236, buf10239, buf10241, buf10242, buf10243, buf10245, buf10247, buf10249, buf10250, buf10251, buf10253, buf10255, buf10257, buf10258, buf10259, buf10261, buf10263, buf10265, buf10266, buf10267, buf10269, buf10271, buf10273, buf10274, buf10275, buf10277, buf10279, buf10281, buf10282, buf10283, buf10285, buf10287, buf10289, buf10290, buf10291, buf10293, buf10295, buf10298, buf10300, buf10302, buf10303, buf10304, buf10307, buf10309, buf10311, buf10312, buf10313, buf10316, buf10318, buf10320, buf10321, buf10322, buf10323, buf10326, buf10328, buf10330, buf10331, buf10332, buf10333, buf10336, buf10337, buf10343, buf10345, buf10347, buf10348, buf10349, buf10352, buf10354, buf10357, buf10358, buf10359, buf10361, buf10363, buf10366, buf10367, buf10368, buf10370, buf10372, buf10375, buf10376, buf10377, buf10379, buf10381, buf10384, buf10385, buf10386, buf10388, buf10390, buf10393, buf10394, buf10395, buf10397, buf10399, buf10402, buf10403, buf10404, buf10406, buf10408, buf10411, buf10412, buf10413, buf10415, buf10417, buf10418, buf10419, buf10422, buf10427, buf10428, buf10429, buf10424, buf10430, buf10432, buf10434, buf10436, buf10437, buf10438, buf10440, buf10442, buf10444, buf10445, buf10446, buf10448, buf10450, buf10452, buf10453, buf10454, buf10456, buf10458, buf10460, buf10461, buf10462, buf10464, buf10466, buf10468, buf10469, buf10470, buf10472, buf10474, buf10475, buf10476, buf10479, buf10481, buf10482, buf10483, buf10485, buf10487, buf10489, buf10490, buf10491, buf10493, buf10495, buf10497, buf10498, buf10499, buf10501, buf10503, buf10505, buf10506, buf10507, buf10509, buf10511, buf10513, buf10514, buf10515, buf10517, buf10519, buf10521, buf10522, buf10523, buf10525, buf10527, buf10528, buf10529, buf10532, buf10534, buf10535, buf10536, buf10538, buf10540, buf10542, buf10543, buf10544, buf10546, buf10548, buf10550, buf10551, buf10552, buf10554, buf10556, buf10558, buf10559, buf10560, buf10562, buf10564, buf10566, buf10567, buf10568, buf10570, buf10572, buf10574, buf10575, buf10576, buf10578, buf10580, buf10582, buf10583, buf10584, buf10586, buf10589, buf10592, buf10594, buf10596, buf10597, buf10598, buf10601, buf10603, buf10605, buf10606, buf10607, buf10610, buf10612, buf10614, buf10615, buf10616, buf10617, buf10620, buf10622, buf10624, buf10625, buf10626, buf10627, buf10630, buf10631, buf10637, buf10639, buf10641, buf10642, buf10643, buf10646, buf10648, buf10651, buf10652, buf10653, buf10655, buf10657, buf10660, buf10661, buf10662, buf10664, buf10666, buf10669, buf10670, buf10671, buf10673, buf10675, buf10678, buf10679, buf10680, buf10682, buf10684, buf10687, buf10688, buf10689, buf10691, buf10693, buf10696, buf10697, buf10698, buf10700, buf10702, buf10705, buf10706, buf10707, buf10709, buf10711, buf10712, buf10713, buf10716, buf10721, buf10722, buf10723, buf10718, buf10724, buf10726, buf10728, buf10730, buf10731, buf10732, buf10734, buf10736, buf10738, buf10739, buf10740, buf10742, buf10744, buf10746, buf10747, buf10748, buf10750, buf10752, buf10754, buf10755, buf10756, buf10758, buf10760, buf10762, buf10763, buf10764, buf10766, buf10768, buf10769, buf10770, buf10773, buf10775, buf10776, buf10777, buf10779, buf10781, buf10783, buf10784, buf10785, buf10787, buf10789, buf10791, buf10792, buf10793, buf10795, buf10797, buf10799, buf10800, buf10801, buf10803, buf10805, buf10807, buf10808, buf10809, buf10811, buf10813, buf10815, buf10816, buf10817, buf10819, buf10821, buf10822, buf10823, buf10826, buf10828, buf10829, buf10830, buf10832, buf10834, buf10836, buf10837, buf10838, buf10840, buf10842, buf10844, buf10845, buf10846, buf10848, buf10850, buf10852, buf10853, buf10854, buf10856, buf10858, buf10860, buf10861, buf10862, buf10864, buf10866, buf10868, buf10869, buf10870, buf10872, buf10874, buf10876, buf10877, buf10878, buf10880, buf10882, buf10885, buf10887, buf10889, buf10890, buf10891, buf10894, buf10896, buf10898, buf10899, buf10900, buf10903, buf10905, buf10907, buf10908, buf10909, buf10910, buf10913, buf10915, buf10917, buf10918, buf10919, buf10920, buf10923, buf10924, buf10930, buf10932, buf10934, buf10935, buf10936, buf10939, buf10941, buf10944, buf10945, buf10946, buf10948, buf10950, buf10953, buf10954, buf10955, buf10957, buf10959, buf10962, buf10963, buf10964, buf10966, buf10968, buf10971, buf10972, buf10973, buf10975, buf10977, buf10980, buf10981, buf10982, buf10984, buf10986, buf10989, buf10990, buf10991, buf10993, buf10995, buf10998, buf10999, buf11000, buf11002, buf11004, buf11005, buf11006, buf11009, buf11014, buf11015, buf11016, buf11011, buf11017, buf11019, buf11021, buf11023, buf11024, buf11025, buf11027, buf11029, buf11031, buf11032, buf11033, buf11035, buf11037, buf11039, buf11040, buf11041, buf11043, buf11045, buf11047, buf11048, buf11049, buf11051, buf11053, buf11055, buf11056, buf11057, buf11059, buf11061, buf11062, buf11063, buf11066, buf11068, buf11069, buf11070, buf11072, buf11074, buf11076, buf11077, buf11078, buf11080, buf11082, buf11084, buf11085, buf11086, buf11088, buf11090, buf11092, buf11093, buf11094, buf11096, buf11098, buf11100, buf11101, buf11102, buf11104, buf11106, buf11108, buf11109, buf11110, buf11112, buf11114, buf11115, buf11116, buf11119, buf11121, buf11122, buf11123, buf11125, buf11127, buf11129, buf11130, buf11131, buf11133, buf11135, buf11137, buf11138, buf11139, buf11141, buf11143, buf11145, buf11146, buf11147, buf11149, buf11151, buf11153, buf11154, buf11155, buf11157, buf11159, buf11161, buf11162, buf11163, buf11165, buf11167, buf11169, buf11170, buf11171, buf11173, buf11176, buf11179, buf11181, buf11183, buf11184, buf11185, buf11188, buf11190, buf11192, buf11193, buf11194, buf11197, buf11199, buf11201, buf11202, buf11203, buf11204, buf11207, buf11209, buf11211, buf11212, buf11213, buf11214, buf11217, buf11218, buf11224, buf11226, buf11228, buf11229, buf11230, buf11233, buf11235, buf11238, buf11239, buf11240, buf11242, buf11244, buf11247, buf11248, buf11249, buf11251, buf11253, buf11256, buf11257, buf11258, buf11260, buf11262, buf11265, buf11266, buf11267, buf11269, buf11271, buf11274, buf11275, buf11276, buf11278, buf11280, buf11283, buf11284, buf11285, buf11287, buf11289, buf11292, buf11293, buf11294, buf11296, buf11298, buf11299, buf11300, buf11303, buf11308, buf11309, buf11310, buf11305, buf11311, buf11313, buf11315, buf11317, buf11318, buf11319, buf11321, buf11323, buf11325, buf11326, buf11327, buf11329, buf11331, buf11333, buf11334, buf11335, buf11337, buf11339, buf11341, buf11342, buf11343, buf11345, buf11347, buf11349, buf11350, buf11351, buf11353, buf11355, buf11356, buf11357, buf11360, buf11362, buf11363, buf11364, buf11366, buf11368, buf11370, buf11371, buf11372, buf11374, buf11376, buf11378, buf11379, buf11380, buf11382, buf11384, buf11386, buf11387, buf11388, buf11390, buf11392, buf11394, buf11395, buf11396, buf11398, buf11400, buf11402, buf11403, buf11404, buf11406, buf11408, buf11409, buf11410, buf11413, buf11415, buf11416, buf11417, buf11419, buf11421, buf11423, buf11424, buf11425, buf11427, buf11429, buf11431, buf11432, buf11433, buf11435, buf11437, buf11439, buf11440, buf11441, buf11443, buf11445, buf11447, buf11448, buf11449, buf11451, buf11453, buf11455, buf11456, buf11457, buf11459, buf11461, buf11463, buf11464, buf11465, buf11467, buf11469, buf11472, buf11474, buf11476, buf11477, buf11478, buf11481, buf11483, buf11485, buf11486, buf11487, buf11490, buf11492, buf11494, buf11495, buf11496, buf11497, buf11500, buf11502, buf11504, buf11505, buf11506, buf11507, buf11510, buf11511, buf11517, buf11519, buf11521, buf11522, buf11523, buf11526, buf11528, buf11531, buf11532, buf11533, buf11535, buf11537, buf11540, buf11541, buf11542, buf11544, buf11546, buf11549, buf11550, buf11551, buf11553, buf11555, buf11558, buf11559, buf11560, buf11562, buf11564, buf11567, buf11568, buf11569, buf11571, buf11573, buf11576, buf11577, buf11578, buf11580, buf11582, buf11585, buf11586, buf11587, buf11589, buf11591, buf11592, buf11593, buf11596, buf11601, buf11602, buf11603, buf11598, buf11604, buf11606, buf11608, buf11610, buf11611, buf11612, buf11614, buf11616, buf11618, buf11619, buf11620, buf11622, buf11624, buf11626, buf11627, buf11628, buf11630, buf11632, buf11634, buf11635, buf11636, buf11638, buf11640, buf11642, buf11643, buf11644, buf11646, buf11648, buf11649, buf11650, buf11653, buf11655, buf11656, buf11657, buf11659, buf11661, buf11663, buf11664, buf11665, buf11667, buf11669, buf11671, buf11672, buf11673, buf11675, buf11677, buf11679, buf11680, buf11681, buf11683, buf11685, buf11687, buf11688, buf11689, buf11691, buf11693, buf11695, buf11696, buf11697, buf11699, buf11701, buf11702, buf11703, buf11706, buf11708, buf11709, buf11710, buf11712, buf11714, buf11716, buf11717, buf11718, buf11720, buf11722, buf11724, buf11725, buf11726, buf11728, buf11730, buf11732, buf11733, buf11734, buf11736, buf11738, buf11740, buf11741, buf11742, buf11744, buf11746, buf11748, buf11749, buf11750, buf11752, buf11754, buf11756, buf11757, buf11758, buf11760, buf11763, buf11766, buf11767, buf11772, buf11774, buf11776, buf11777, buf11778, buf11781, buf11783, buf11785, buf11786, buf11787, buf11790, buf11792, buf11794, buf11795, buf11796, buf11797, buf11800, buf11802, buf11804, buf11805, buf11806, buf11807, buf11810, buf11811, buf11817, buf11819, buf11821, buf11822, buf11823, buf11826, buf11828, buf11831, buf11832, buf11833, buf11835, buf11837, buf11840, buf11841, buf11842, buf11844, buf11846, buf11849, buf11850, buf11851, buf11853, buf11855, buf11858, buf11859, buf11860, buf11862, buf11864, buf11867, buf11868, buf11869, buf11871, buf11873, buf11876, buf11877, buf11878, buf11880, buf11882, buf11885, buf11886, buf11887, buf11889, buf11891, buf11892, buf11893, buf11896, buf11901, buf11902, buf11903, buf11898, buf11904, buf11906, buf11908, buf11910, buf11911, buf11912, buf11914, buf11916, buf11918, buf11919, buf11920, buf11922, buf11924, buf11926, buf11927, buf11928, buf11930, buf11932, buf11934, buf11935, buf11936, buf11938, buf11940, buf11942, buf11943, buf11944, buf11946, buf11948, buf11949, buf11950, buf11953, buf11955, buf11956, buf11957, buf11959, buf11961, buf11963, buf11964, buf11965, buf11967, buf11969, buf11971, buf11972, buf11973, buf11975, buf11977, buf11979, buf11980, buf11981, buf11983, buf11985, buf11987, buf11988, buf11989, buf11991, buf11993, buf11995, buf11996, buf11997, buf11999, buf12001, buf12002, buf12003, buf12006, buf12008, buf12009, buf12010, buf12012, buf12014, buf12016, buf12017, buf12018, buf12020, buf12022, buf12024, buf12025, buf12026, buf12028, buf12030, buf12032, buf12033, buf12034, buf12036, buf12038, buf12040, buf12041, buf12042, buf12044, buf12046, buf12048, buf12049, buf12050, buf12052, buf12054, buf12056, buf12057, buf12058, buf12060, buf12062, buf12065, buf12067, buf12069, buf12070, buf12071, buf12074, buf12076, buf12078, buf12079, buf12080, buf12083, buf12085, buf12087, buf12088, buf12089, buf12090, buf12093, buf12095, buf12097, buf12098, buf12099, buf12100, buf12103, buf12104, buf12110, buf12112, buf12114, buf12115, buf12116, buf12119, buf12121, buf12124, buf12125, buf12126, buf12128, buf12130, buf12133, buf12134, buf12135, buf12137, buf12139, buf12142, buf12143, buf12144, buf12146, buf12148, buf12151, buf12152, buf12153, buf12155, buf12157, buf12160, buf12161, buf12162, buf12164, buf12166, buf12169, buf12170, buf12171, buf12173, buf12175, buf12178, buf12179, buf12180, buf12182, buf12184, buf12185, buf12186, buf12189, buf12194, buf12195, buf12196, buf12191, buf12197, buf12199, buf12201, buf12203, buf12204, buf12205, buf12207, buf12209, buf12211, buf12212, buf12213, buf12215, buf12217, buf12219, buf12220, buf12221, buf12223, buf12225, buf12227, buf12228, buf12229, buf12231, buf12233, buf12235, buf12236, buf12237, buf12239, buf12241, buf12242, buf12243, buf12246, buf12248, buf12249, buf12250, buf12252, buf12254, buf12256, buf12257, buf12258, buf12260, buf12262, buf12264, buf12265, buf12266, buf12268, buf12270, buf12272, buf12273, buf12274, buf12276, buf12278, buf12280, buf12281, buf12282, buf12284, buf12286, buf12288, buf12289, buf12290, buf12292, buf12294, buf12295, buf12296, buf12299, buf12301, buf12302, buf12303, buf12305, buf12307, buf12309, buf12310, buf12311, buf12313, buf12315, buf12317, buf12318, buf12319, buf12321, buf12323, buf12325, buf12326, buf12327, buf12329, buf12331, buf12333, buf12334, buf12335, buf12337, buf12339, buf12341, buf12342, buf12343, buf12345, buf12347, buf12349, buf12350, buf12351, buf12353, buf12355, buf12358, buf12360, buf12362, buf12363, buf12364, buf12367, buf12369, buf12371, buf12372, buf12373, buf12376, buf12378, buf12380, buf12381, buf12382, buf12383, buf12386, buf12388, buf12390, buf12391, buf12392, buf12393, buf12396, buf12397, buf12403, buf12405, buf12407, buf12408, buf12409, buf12412, buf12414, buf12417, buf12418, buf12419, buf12421, buf12423, buf12426, buf12427, buf12428, buf12430, buf12432, buf12435, buf12436, buf12437, buf12439, buf12441, buf12444, buf12445, buf12446, buf12448, buf12450, buf12453, buf12454, buf12455, buf12457, buf12459, buf12462, buf12463, buf12464, buf12466, buf12468, buf12471, buf12472, buf12473, buf12475, buf12477, buf12478, buf12479, buf12482, buf12487, buf12488, buf12489, buf12484, buf12490, buf12492, buf12494, buf12496, buf12497, buf12498, buf12500, buf12502, buf12504, buf12505, buf12506, buf12508, buf12510, buf12512, buf12513, buf12514, buf12516, buf12518, buf12520, buf12521, buf12522, buf12524, buf12526, buf12528, buf12529, buf12530, buf12532, buf12534, buf12535, buf12536, buf12539, buf12541, buf12542, buf12543, buf12545, buf12547, buf12549, buf12550, buf12551, buf12553, buf12555, buf12557, buf12558, buf12559, buf12561, buf12563, buf12565, buf12566, buf12567, buf12569, buf12571, buf12573, buf12574, buf12575, buf12577, buf12579, buf12581, buf12582, buf12583, buf12585, buf12587, buf12588, buf12589, buf12592, buf12594, buf12595, buf12596, buf12598, buf12600, buf12602, buf12603, buf12604, buf12606, buf12608, buf12610, buf12611, buf12612, buf12614, buf12616, buf12618, buf12619, buf12620, buf12622, buf12624, buf12626, buf12627, buf12628, buf12630, buf12632, buf12634, buf12635, buf12636, buf12638, buf12640, buf12642, buf12643, buf12644, buf12646, buf12649, buf12652, buf12654, buf12656, buf12657, buf12658, buf12661, buf12663, buf12665, buf12666, buf12667, buf12670, buf12672, buf12674, buf12675, buf12676, buf12677, buf12680, buf12682, buf12684, buf12685, buf12686, buf12687, buf12690, buf12691, buf12697, buf12699, buf12701, buf12702, buf12703, buf12706, buf12708, buf12711, buf12712, buf12713, buf12715, buf12717, buf12720, buf12721, buf12722, buf12724, buf12726, buf12729, buf12730, buf12731, buf12733, buf12735, buf12738, buf12739, buf12740, buf12742, buf12744, buf12747, buf12748, buf12749, buf12751, buf12753, buf12756, buf12757, buf12758, buf12760, buf12762, buf12765, buf12766, buf12767, buf12769, buf12771, buf12772, buf12773, buf12776, buf12781, buf12782, buf12783, buf12778, buf12784, buf12786, buf12788, buf12790, buf12791, buf12792, buf12794, buf12796, buf12798, buf12799, buf12800, buf12802, buf12804, buf12806, buf12807, buf12808, buf12810, buf12812, buf12814, buf12815, buf12816, buf12818, buf12820, buf12822, buf12823, buf12824, buf12826, buf12828, buf12829, buf12830, buf12833, buf12835, buf12836, buf12837, buf12839, buf12841, buf12843, buf12844, buf12845, buf12847, buf12849, buf12851, buf12852, buf12853, buf12855, buf12857, buf12859, buf12860, buf12861, buf12863, buf12865, buf12867, buf12868, buf12869, buf12871, buf12873, buf12875, buf12876, buf12877, buf12879, buf12881, buf12882, buf12883, buf12886, buf12888, buf12889, buf12890, buf12892, buf12894, buf12896, buf12897, buf12898, buf12900, buf12902, buf12904, buf12905, buf12906, buf12908, buf12910, buf12912, buf12913, buf12914, buf12916, buf12918, buf12920, buf12921, buf12922, buf12924, buf12926, buf12928, buf12929, buf12930, buf12932, buf12934, buf12936, buf12937, buf12938, buf12940, buf12942, buf12945, buf12947, buf12949, buf12950, buf12951, buf12954, buf12956, buf12958, buf12959, buf12960, buf12963, buf12965, buf12967, buf12968, buf12969, buf12970, buf12973, buf12975, buf12977, buf12978, buf12979, buf12980, buf12983, buf12984, buf12990, buf12992, buf12994, buf12995, buf12996, buf12999, buf13001, buf13004, buf13005, buf13006, buf13008, buf13010, buf13013, buf13014, buf13015, buf13017, buf13019, buf13022, buf13023, buf13024, buf13026, buf13028, buf13031, buf13032, buf13033, buf13035, buf13037, buf13040, buf13041, buf13042, buf13044, buf13046, buf13049, buf13050, buf13051, buf13053, buf13055, buf13058, buf13059, buf13060, buf13062, buf13064, buf13065, buf13066, buf13069, buf13074, buf13075, buf13076, buf13071, buf13077, buf13079, buf13081, buf13083, buf13084, buf13085, buf13087, buf13089, buf13091, buf13092, buf13093, buf13095, buf13097, buf13099, buf13100, buf13101, buf13103, buf13105, buf13107, buf13108, buf13109, buf13111, buf13113, buf13115, buf13116, buf13117, buf13119, buf13121, buf13122, buf13123, buf13126, buf13128, buf13129, buf13130, buf13132, buf13134, buf13136, buf13137, buf13138, buf13140, buf13142, buf13144, buf13145, buf13146, buf13148, buf13150, buf13152, buf13153, buf13154, buf13156, buf13158, buf13160, buf13161, buf13162, buf13164, buf13166, buf13168, buf13169, buf13170, buf13172, buf13174, buf13175, buf13176, buf13179, buf13181, buf13182, buf13183, buf13185, buf13187, buf13189, buf13190, buf13191, buf13193, buf13195, buf13197, buf13198, buf13199, buf13201, buf13203, buf13205, buf13206, buf13207, buf13209, buf13211, buf13213, buf13214, buf13215, buf13217, buf13219, buf13221, buf13222, buf13223, buf13225, buf13227, buf13229, buf13230, buf13231, buf13233, buf13236, buf13239, buf13241, buf13243, buf13244, buf13245, buf13248, buf13250, buf13252, buf13253, buf13254, buf13257, buf13259, buf13261, buf13262, buf13263, buf13264, buf13267, buf13269, buf13271, buf13272, buf13273, buf13274, buf13277, buf13278, buf13284, buf13286, buf13288, buf13289, buf13290, buf13293, buf13295, buf13298, buf13299, buf13300, buf13302, buf13304, buf13307, buf13308, buf13309, buf13311, buf13313, buf13316, buf13317, buf13318, buf13320, buf13322, buf13325, buf13326, buf13327, buf13329, buf13331, buf13334, buf13335, buf13336, buf13338, buf13340, buf13343, buf13344, buf13345, buf13347, buf13349, buf13352, buf13353, buf13354, buf13356, buf13358, buf13359, buf13360, buf13363, buf13368, buf13369, buf13370, buf13365, buf13371, buf13373, buf13375, buf13377, buf13378, buf13379, buf13381, buf13383, buf13385, buf13386, buf13387, buf13389, buf13391, buf13393, buf13394, buf13395, buf13397, buf13399, buf13401, buf13402, buf13403, buf13405, buf13407, buf13409, buf13410, buf13411, buf13413, buf13415, buf13416, buf13417, buf13420, buf13422, buf13423, buf13424, buf13426, buf13428, buf13430, buf13431, buf13432, buf13434, buf13436, buf13438, buf13439, buf13440, buf13442, buf13444, buf13446, buf13447, buf13448, buf13450, buf13452, buf13454, buf13455, buf13456, buf13458, buf13460, buf13462, buf13463, buf13464, buf13466, buf13468, buf13469, buf13470, buf13473, buf13475, buf13476, buf13477, buf13479, buf13481, buf13483, buf13484, buf13485, buf13487, buf13489, buf13491, buf13492, buf13493, buf13495, buf13497, buf13499, buf13500, buf13501, buf13503, buf13505, buf13507, buf13508, buf13509, buf13511, buf13513, buf13515, buf13516, buf13517, buf13519, buf13521, buf13523, buf13524, buf13525, buf13527, buf13529, buf13532, buf13534, buf13536, buf13537, buf13538, buf13541, buf13543, buf13545, buf13546, buf13547, buf13550, buf13552, buf13554, buf13555, buf13556, buf13557, buf13560, buf13562, buf13564, buf13565, buf13566, buf13567, buf13570, buf13571, buf13577, buf13579, buf13581, buf13582, buf13583, buf13586, buf13588, buf13591, buf13592, buf13593, buf13595, buf13597, buf13600, buf13601, buf13602, buf13604, buf13606, buf13609, buf13610, buf13611, buf13613, buf13615, buf13618, buf13619, buf13620, buf13622, buf13624, buf13627, buf13628, buf13629, buf13631, buf13633, buf13636, buf13637, buf13638, buf13640, buf13642, buf13645, buf13646, buf13647, buf13649, buf13651, buf13652, buf13653, buf13656, buf13661, buf13662, buf13663, buf13658, buf13664, buf13666, buf13668, buf13670, buf13671, buf13672, buf13674, buf13676, buf13678, buf13679, buf13680, buf13682, buf13684, buf13686, buf13687, buf13688, buf13690, buf13692, buf13694, buf13695, buf13696, buf13698, buf13700, buf13702, buf13703, buf13704, buf13706, buf13708, buf13709, buf13710, buf13713, buf13715, buf13716, buf13717, buf13719, buf13721, buf13723, buf13724, buf13725, buf13727, buf13729, buf13731, buf13732, buf13733, buf13735, buf13737, buf13739, buf13740, buf13741, buf13743, buf13745, buf13747, buf13748, buf13749, buf13751, buf13753, buf13755, buf13756, buf13757, buf13759, buf13761, buf13762, buf13763, buf13766, buf13768, buf13769, buf13770, buf13772, buf13774, buf13776, buf13777, buf13778, buf13780, buf13782, buf13784, buf13785, buf13786, buf13788, buf13790, buf13792, buf13793, buf13794, buf13796, buf13798, buf13800, buf13801, buf13802, buf13804, buf13806, buf13808, buf13809, buf13810, buf13812, buf13814, buf13816, buf13817, buf13818, buf13820, buf13823, buf13826, buf13828, buf13830, buf13831, buf13832, buf13835, buf13837, buf13839, buf13840, buf13841, buf13844, buf13846, buf13848, buf13849, buf13850, buf13851, buf13854, buf13856, buf13858, buf13859, buf13860, buf13861, buf13864, buf13865, buf13871, buf13873, buf13875, buf13876, buf13877, buf13880, buf13882, buf13885, buf13886, buf13887, buf13889, buf13891, buf13894, buf13895, buf13896, buf13898, buf13900, buf13903, buf13904, buf13905, buf13907, buf13909, buf13912, buf13913, buf13914, buf13916, buf13918, buf13921, buf13922, buf13923, buf13925, buf13927, buf13930, buf13931, buf13932, buf13934, buf13936, buf13939, buf13940, buf13941, buf13943, buf13945, buf13946, buf13947, buf13950, buf13955, buf13956, buf13957, buf13952, buf13958, buf13960, buf13962, buf13964, buf13965, buf13966, buf13968, buf13970, buf13972, buf13973, buf13974, buf13976, buf13978, buf13980, buf13981, buf13982, buf13984, buf13986, buf13988, buf13989, buf13990, buf13992, buf13994, buf13996, buf13997, buf13998, buf14000, buf14002, buf14003, buf14004, buf14007, buf14009, buf14010, buf14011, buf14013, buf14015, buf14017, buf14018, buf14019, buf14021, buf14023, buf14025, buf14026, buf14027, buf14029, buf14031, buf14033, buf14034, buf14035, buf14037, buf14039, buf14041, buf14042, buf14043, buf14045, buf14047, buf14049, buf14050, buf14051, buf14053, buf14055, buf14056, buf14057, buf14060, buf14062, buf14063, buf14064, buf14066, buf14068, buf14070, buf14071, buf14072, buf14074, buf14076, buf14078, buf14079, buf14080, buf14082, buf14084, buf14086, buf14087, buf14088, buf14090, buf14092, buf14094, buf14095, buf14096, buf14098, buf14100, buf14102, buf14103, buf14104, buf14106, buf14108, buf14110, buf14111, buf14112, buf14114, buf14116, buf14119, buf14121, buf14123, buf14124, buf14125, buf14128, buf14130, buf14132, buf14133, buf14134, buf14137, buf14139, buf14141, buf14142, buf14143, buf14144, buf14147, buf14149, buf14151, buf14152, buf14153, buf14154, buf14157, buf14158, buf14164, buf14166, buf14168, buf14169, buf14170, buf14173, buf14175, buf14178, buf14179, buf14180, buf14182, buf14184, buf14187, buf14188, buf14189, buf14191, buf14193, buf14196, buf14197, buf14198, buf14200, buf14202, buf14205, buf14206, buf14207, buf14209, buf14211, buf14214, buf14215, buf14216, buf14218, buf14220, buf14223, buf14224, buf14225, buf14227, buf14229, buf14232, buf14233, buf14234, buf14236, buf14238, buf14239, buf14240, buf14243, buf14248, buf14249, buf14250, buf14245, buf14251, buf14253, buf14255, buf14257, buf14258, buf14259, buf14261, buf14263, buf14265, buf14266, buf14267, buf14269, buf14271, buf14273, buf14274, buf14275, buf14277, buf14279, buf14281, buf14282, buf14283, buf14285, buf14287, buf14289, buf14290, buf14291, buf14293, buf14295, buf14296, buf14297, buf14300, buf14302, buf14303, buf14304, buf14306, buf14308, buf14310, buf14311, buf14312, buf14314, buf14316, buf14318, buf14319, buf14320, buf14322, buf14324, buf14326, buf14327, buf14328, buf14330, buf14332, buf14334, buf14335, buf14336, buf14338, buf14340, buf14342, buf14343, buf14344, buf14346, buf14348, buf14349, buf14350, buf14353, buf14355, buf14356, buf14357, buf14359, buf14361, buf14363, buf14364, buf14365, buf14367, buf14369, buf14371, buf14372, buf14373, buf14375, buf14377, buf14379, buf14380, buf14381, buf14383, buf14385, buf14387, buf14388, buf14389, buf14391, buf14393, buf14395, buf14396, buf14397, buf14399, buf14401, buf14403, buf14404, buf14405, buf14407, buf14410, buf14413, buf14414, buf14419, buf14421, buf14423, buf14424, buf14425, buf14428, buf14430, buf14432, buf14433, buf14434, buf14437, buf14439, buf14441, buf14442, buf14443, buf14444, buf14447, buf14449, buf14451, buf14452, buf14453, buf14454, buf14457, buf14458, buf14464, buf14466, buf14468, buf14469, buf14470, buf14473, buf14475, buf14478, buf14479, buf14480, buf14482, buf14484, buf14487, buf14488, buf14489, buf14491, buf14493, buf14496, buf14497, buf14498, buf14500, buf14502, buf14505, buf14506, buf14507, buf14509, buf14511, buf14514, buf14515, buf14516, buf14518, buf14520, buf14523, buf14524, buf14525, buf14527, buf14529, buf14532, buf14533, buf14534, buf14536, buf14538, buf14539, buf14540, buf14543, buf14548, buf14549, buf14550, buf14545, buf14551, buf14553, buf14555, buf14557, buf14558, buf14559, buf14561, buf14563, buf14565, buf14566, buf14567, buf14569, buf14571, buf14573, buf14574, buf14575, buf14577, buf14579, buf14581, buf14582, buf14583, buf14585, buf14587, buf14589, buf14590, buf14591, buf14593, buf14595, buf14596, buf14597, buf14600, buf14602, buf14603, buf14604, buf14606, buf14608, buf14610, buf14611, buf14612, buf14614, buf14616, buf14618, buf14619, buf14620, buf14622, buf14624, buf14626, buf14627, buf14628, buf14630, buf14632, buf14634, buf14635, buf14636, buf14638, buf14640, buf14642, buf14643, buf14644, buf14646, buf14648, buf14649, buf14650, buf14653, buf14655, buf14656, buf14657, buf14659, buf14661, buf14663, buf14664, buf14665, buf14667, buf14669, buf14671, buf14672, buf14673, buf14675, buf14677, buf14679, buf14680, buf14681, buf14683, buf14685, buf14687, buf14688, buf14689, buf14691, buf14693, buf14695, buf14696, buf14697, buf14699, buf14701, buf14703, buf14704, buf14705, buf14707, buf14709, buf14712, buf14714, buf14716, buf14717, buf14718, buf14721, buf14723, buf14725, buf14726, buf14727, buf14730, buf14732, buf14734, buf14735, buf14736, buf14737, buf14740, buf14742, buf14744, buf14745, buf14746, buf14747, buf14750, buf14751, buf14757, buf14759, buf14761, buf14762, buf14763, buf14766, buf14768, buf14771, buf14772, buf14773, buf14775, buf14777, buf14780, buf14781, buf14782, buf14784, buf14786, buf14789, buf14790, buf14791, buf14793, buf14795, buf14798, buf14799, buf14800, buf14802, buf14804, buf14807, buf14808, buf14809, buf14811, buf14813, buf14816, buf14817, buf14818, buf14820, buf14822, buf14825, buf14826, buf14827, buf14829, buf14831, buf14832, buf14833, buf14836, buf14841, buf14842, buf14843, buf14838, buf14844, buf14846, buf14848, buf14850, buf14851, buf14852, buf14854, buf14856, buf14858, buf14859, buf14860, buf14862, buf14864, buf14866, buf14867, buf14868, buf14870, buf14872, buf14874, buf14875, buf14876, buf14878, buf14880, buf14882, buf14883, buf14884, buf14886, buf14888, buf14889, buf14890, buf14893, buf14895, buf14896, buf14897, buf14899, buf14901, buf14903, buf14904, buf14905, buf14907, buf14909, buf14911, buf14912, buf14913, buf14915, buf14917, buf14919, buf14920, buf14921, buf14923, buf14925, buf14927, buf14928, buf14929, buf14931, buf14933, buf14935, buf14936, buf14937, buf14939, buf14941, buf14942, buf14943, buf14946, buf14948, buf14949, buf14950, buf14952, buf14954, buf14956, buf14957, buf14958, buf14960, buf14962, buf14964, buf14965, buf14966, buf14968, buf14970, buf14972, buf14973, buf14974, buf14976, buf14978, buf14980, buf14981, buf14982, buf14984, buf14986, buf14988, buf14989, buf14990, buf14992, buf14994, buf14996, buf14997, buf14998, buf15000, buf15002, buf15005, buf15007, buf15009, buf15010, buf15011, buf15014, buf15016, buf15018, buf15019, buf15020, buf15023, buf15025, buf15027, buf15028, buf15029, buf15030, buf15033, buf15035, buf15037, buf15038, buf15039, buf15040, buf15043, buf15044, buf15050, buf15052, buf15054, buf15055, buf15056, buf15059, buf15061, buf15064, buf15065, buf15066, buf15068, buf15070, buf15073, buf15074, buf15075, buf15077, buf15079, buf15082, buf15083, buf15084, buf15086, buf15088, buf15091, buf15092, buf15093, buf15095, buf15097, buf15100, buf15101, buf15102, buf15104, buf15106, buf15109, buf15110, buf15111, buf15113, buf15115, buf15118, buf15119, buf15120, buf15122, buf15124, buf15125, buf15126, buf15129, buf15134, buf15135, buf15136, buf15131, buf15137, buf15139, buf15141, buf15143, buf15144, buf15145, buf15147, buf15149, buf15151, buf15152, buf15153, buf15155, buf15157, buf15159, buf15160, buf15161, buf15163, buf15165, buf15167, buf15168, buf15169, buf15171, buf15173, buf15175, buf15176, buf15177, buf15179, buf15181, buf15182, buf15183, buf15186, buf15188, buf15189, buf15190, buf15192, buf15194, buf15196, buf15197, buf15198, buf15200, buf15202, buf15204, buf15205, buf15206, buf15208, buf15210, buf15212, buf15213, buf15214, buf15216, buf15218, buf15220, buf15221, buf15222, buf15224, buf15226, buf15228, buf15229, buf15230, buf15232, buf15234, buf15235, buf15236, buf15239, buf15241, buf15242, buf15243, buf15245, buf15247, buf15249, buf15250, buf15251, buf15253, buf15255, buf15257, buf15258, buf15259, buf15261, buf15263, buf15265, buf15266, buf15267, buf15269, buf15271, buf15273, buf15274, buf15275, buf15277, buf15279, buf15281, buf15282, buf15283, buf15285, buf15287, buf15289, buf15290, buf15291, buf15293, buf15296, buf15299, buf15301, buf15303, buf15304, buf15305, buf15308, buf15310, buf15312, buf15313, buf15314, buf15317, buf15319, buf15321, buf15322, buf15323, buf15324, buf15327, buf15329, buf15331, buf15332, buf15333, buf15334, buf15337, buf15338, buf15344, buf15346, buf15348, buf15349, buf15350, buf15353, buf15355, buf15358, buf15359, buf15360, buf15362, buf15364, buf15367, buf15368, buf15369, buf15371, buf15373, buf15376, buf15377, buf15378, buf15380, buf15382, buf15385, buf15386, buf15387, buf15389, buf15391, buf15394, buf15395, buf15396, buf15398, buf15400, buf15403, buf15404, buf15405, buf15407, buf15409, buf15412, buf15413, buf15414, buf15416, buf15418, buf15419, buf15420, buf15423, buf15428, buf15429, buf15430, buf15425, buf15431, buf15433, buf15435, buf15437, buf15438, buf15439, buf15441, buf15443, buf15445, buf15446, buf15447, buf15449, buf15451, buf15453, buf15454, buf15455, buf15457, buf15459, buf15461, buf15462, buf15463, buf15465, buf15467, buf15469, buf15470, buf15471, buf15473, buf15475, buf15476, buf15477, buf15480, buf15482, buf15483, buf15484, buf15486, buf15488, buf15490, buf15491, buf15492, buf15494, buf15496, buf15498, buf15499, buf15500, buf15502, buf15504, buf15506, buf15507, buf15508, buf15510, buf15512, buf15514, buf15515, buf15516, buf15518, buf15520, buf15522, buf15523, buf15524, buf15526, buf15528, buf15529, buf15530, buf15533, buf15535, buf15536, buf15537, buf15539, buf15541, buf15543, buf15544, buf15545, buf15547, buf15549, buf15551, buf15552, buf15553, buf15555, buf15557, buf15559, buf15560, buf15561, buf15563, buf15565, buf15567, buf15568, buf15569, buf15571, buf15573, buf15575, buf15576, buf15577, buf15579, buf15581, buf15583, buf15584, buf15585, buf15587, buf15589, buf15592, buf15594, buf15596, buf15597, buf15598, buf15601, buf15603, buf15605, buf15606, buf15607, buf15610, buf15612, buf15614, buf15615, buf15616, buf15617, buf15620, buf15622, buf15624, buf15625, buf15626, buf15627, buf15630, buf15631, buf15637, buf15639, buf15641, buf15642, buf15643, buf15646, buf15648, buf15651, buf15652, buf15653, buf15655, buf15657, buf15660, buf15661, buf15662, buf15664, buf15666, buf15669, buf15670, buf15671, buf15673, buf15675, buf15678, buf15679, buf15680, buf15682, buf15684, buf15687, buf15688, buf15689, buf15691, buf15693, buf15696, buf15697, buf15698, buf15700, buf15702, buf15705, buf15706, buf15707, buf15709, buf15711, buf15712, buf15713, buf15716, buf15721, buf15722, buf15723, buf15718, buf15724, buf15726, buf15728, buf15730, buf15731, buf15732, buf15734, buf15736, buf15738, buf15739, buf15740, buf15742, buf15744, buf15746, buf15747, buf15748, buf15750, buf15752, buf15754, buf15755, buf15756, buf15758, buf15760, buf15762, buf15763, buf15764, buf15766, buf15768, buf15769, buf15770, buf15773, buf15775, buf15776, buf15777, buf15779, buf15781, buf15783, buf15784, buf15785, buf15787, buf15789, buf15791, buf15792, buf15793, buf15795, buf15797, buf15799, buf15800, buf15801, buf15803, buf15805, buf15807, buf15808, buf15809, buf15811, buf15813, buf15815, buf15816, buf15817, buf15819, buf15821, buf15822, buf15823, buf15826, buf15828, buf15829, buf15830, buf15832, buf15834, buf15836, buf15837, buf15838, buf15840, buf15842, buf15844, buf15845, buf15846, buf15848, buf15850, buf15852, buf15853, buf15854, buf15856, buf15858, buf15860, buf15861, buf15862, buf15864, buf15866, buf15868, buf15869, buf15870, buf15872, buf15874, buf15876, buf15877, buf15878, buf15880, buf15883, buf15886, buf15888, buf15890, buf15891, buf15892, buf15895, buf15897, buf15899, buf15900, buf15901, buf15904, buf15906, buf15908, buf15909, buf15910, buf15911, buf15914, buf15916, buf15918, buf15919, buf15920, buf15921, buf15924, buf15925, buf15931, buf15933, buf15935, buf15936, buf15937, buf15940, buf15942, buf15945, buf15946, buf15947, buf15949, buf15951, buf15954, buf15955, buf15956, buf15958, buf15960, buf15963, buf15964, buf15965, buf15967, buf15969, buf15972, buf15973, buf15974, buf15976, buf15978, buf15981, buf15982, buf15983, buf15985, buf15987, buf15990, buf15991, buf15992, buf15994, buf15996, buf15999, buf16000, buf16001, buf16003, buf16005, buf16006, buf16007, buf16010, buf16015, buf16016, buf16017, buf16012, buf16018, buf16020, buf16022, buf16024, buf16025, buf16026, buf16028, buf16030, buf16032, buf16033, buf16034, buf16036, buf16038, buf16040, buf16041, buf16042, buf16044, buf16046, buf16048, buf16049, buf16050, buf16052, buf16054, buf16056, buf16057, buf16058, buf16060, buf16062, buf16063, buf16064, buf16067, buf16069, buf16070, buf16071, buf16073, buf16075, buf16077, buf16078, buf16079, buf16081, buf16083, buf16085, buf16086, buf16087, buf16089, buf16091, buf16093, buf16094, buf16095, buf16097, buf16099, buf16101, buf16102, buf16103, buf16105, buf16107, buf16109, buf16110, buf16111, buf16113, buf16115, buf16116, buf16117, buf16120, buf16122, buf16123, buf16124, buf16126, buf16128, buf16130, buf16131, buf16132, buf16134, buf16136, buf16138, buf16139, buf16140, buf16142, buf16144, buf16146, buf16147, buf16148, buf16150, buf16152, buf16154, buf16155, buf16156, buf16158, buf16160, buf16162, buf16163, buf16164, buf16166, buf16168, buf16170, buf16171, buf16172, buf16174, buf16176, buf16179, buf16181, buf16183, buf16184, buf16185, buf16188, buf16190, buf16192, buf16193, buf16194, buf16197, buf16199, buf16201, buf16202, buf16203, buf16204, buf16207, buf16209, buf16211, buf16212, buf16213, buf16214, buf16217, buf16218, buf16224, buf16226, buf16228, buf16229, buf16230, buf16233, buf16235, buf16238, buf16239, buf16240, buf16242, buf16244, buf16247, buf16248, buf16249, buf16251, buf16253, buf16256, buf16257, buf16258, buf16260, buf16262, buf16265, buf16266, buf16267, buf16269, buf16271, buf16274, buf16275, buf16276, buf16278, buf16280, buf16283, buf16284, buf16285, buf16287, buf16289, buf16292, buf16293, buf16294, buf16296, buf16298, buf16299, buf16300, buf16303, buf16308, buf16309, buf16310, buf16305, buf16311, buf16313, buf16315, buf16317, buf16318, buf16319, buf16321, buf16323, buf16325, buf16326, buf16327, buf16329, buf16331, buf16333, buf16334, buf16335, buf16337, buf16339, buf16341, buf16342, buf16343, buf16345, buf16347, buf16349, buf16350, buf16351, buf16353, buf16355, buf16356, buf16357, buf16360, buf16362, buf16363, buf16364, buf16366, buf16368, buf16370, buf16371, buf16372, buf16374, buf16376, buf16378, buf16379, buf16380, buf16382, buf16384, buf16386, buf16387, buf16388, buf16390, buf16392, buf16394, buf16395, buf16396, buf16398, buf16400, buf16402, buf16403, buf16404, buf16406, buf16408, buf16409, buf16410, buf16413, buf16415, buf16416, buf16417, buf16419, buf16421, buf16423, buf16424, buf16425, buf16427, buf16429, buf16431, buf16432, buf16433, buf16435, buf16437, buf16439, buf16440, buf16441, buf16443, buf16445, buf16447, buf16448, buf16449, buf16451, buf16453, buf16455, buf16456, buf16457, buf16459, buf16461, buf16463, buf16464, buf16465, buf16467, buf16470, buf16473, buf16475, buf16477, buf16478, buf16479, buf16482, buf16484, buf16486, buf16487, buf16488, buf16491, buf16493, buf16495, buf16496, buf16497, buf16498, buf16501, buf16503, buf16505, buf16506, buf16507, buf16508, buf16511, buf16512, buf16518, buf16520, buf16522, buf16523, buf16524, buf16527, buf16529, buf16532, buf16533, buf16534, buf16536, buf16538, buf16541, buf16542, buf16543, buf16545, buf16547, buf16550, buf16551, buf16552, buf16554, buf16556, buf16559, buf16560, buf16561, buf16563, buf16565, buf16568, buf16569, buf16570, buf16572, buf16574, buf16577, buf16578, buf16579, buf16581, buf16583, buf16586, buf16587, buf16588, buf16590, buf16592, buf16593, buf16594, buf16597, buf16602, buf16603, buf16604, buf16599, buf16605, buf16607, buf16609, buf16611, buf16612, buf16613, buf16615, buf16617, buf16619, buf16620, buf16621, buf16623, buf16625, buf16627, buf16628, buf16629, buf16631, buf16633, buf16635, buf16636, buf16637, buf16639, buf16641, buf16643, buf16644, buf16645, buf16647, buf16649, buf16650, buf16651, buf16654, buf16656, buf16657, buf16658, buf16660, buf16662, buf16664, buf16665, buf16666, buf16668, buf16670, buf16672, buf16673, buf16674, buf16676, buf16678, buf16680, buf16681, buf16682, buf16684, buf16686, buf16688, buf16689, buf16690, buf16692, buf16694, buf16696, buf16697, buf16698, buf16700, buf16702, buf16703, buf16704, buf16707, buf16709, buf16710, buf16711, buf16713, buf16715, buf16717, buf16718, buf16719, buf16721, buf16723, buf16725, buf16726, buf16727, buf16729, buf16731, buf16733, buf16734, buf16735, buf16737, buf16739, buf16741, buf16742, buf16743, buf16745, buf16747, buf16749, buf16750, buf16751, buf16753, buf16755, buf16757, buf16758, buf16759, buf16761, buf16763, buf16766, buf16768, buf16770, buf16771, buf16772, buf16775, buf16777, buf16779, buf16780, buf16781, buf16784, buf16786, buf16788, buf16789, buf16790, buf16791, buf16794, buf16796, buf16798, buf16799, buf16800, buf16801, buf16804, buf16805, buf16811, buf16813, buf16815, buf16816, buf16817, buf16820, buf16822, buf16825, buf16826, buf16827, buf16829, buf16831, buf16834, buf16835, buf16836, buf16838, buf16840, buf16843, buf16844, buf16845, buf16847, buf16849, buf16852, buf16853, buf16854, buf16856, buf16858, buf16861, buf16862, buf16863, buf16865, buf16867, buf16870, buf16871, buf16872, buf16874, buf16876, buf16879, buf16880, buf16881, buf16883, buf16885, buf16886, buf16887, buf16890, buf16895, buf16896, buf16897, buf16892, buf16898, buf16900, buf16902, buf16904, buf16905, buf16906, buf16908, buf16910, buf16912, buf16913, buf16914, buf16916, buf16918, buf16920, buf16921, buf16922, buf16924, buf16926, buf16928, buf16929, buf16930, buf16932, buf16934, buf16936, buf16937, buf16938, buf16940, buf16942, buf16943, buf16944, buf16947, buf16949, buf16950, buf16951, buf16953, buf16955, buf16957, buf16958, buf16959, buf16961, buf16963, buf16965, buf16966, buf16967, buf16969, buf16971, buf16973, buf16974, buf16975, buf16977, buf16979, buf16981, buf16982, buf16983, buf16985, buf16987, buf16989, buf16990, buf16991, buf16993, buf16995, buf16996, buf16997, buf17000, buf17002, buf17003, buf17004, buf17006, buf17008, buf17010, buf17011, buf17012, buf17014, buf17016, buf17018, buf17019, buf17020, buf17022, buf17024, buf17026, buf17027, buf17028, buf17030, buf17032, buf17034, buf17035, buf17036, buf17038, buf17040, buf17042, buf17043, buf17044, buf17046, buf17048, buf17050, buf17051, buf17052, buf17054, buf17057, buf17060, buf17061, buf17066, buf17068, buf17070, buf17071, buf17072, buf17075, buf17077, buf17079, buf17080, buf17081, buf17084, buf17086, buf17088, buf17089, buf17090, buf17091, buf17094, buf17096, buf17098, buf17099, buf17100, buf17101, buf17104, buf17105, buf17111, buf17113, buf17115, buf17116, buf17117, buf17120, buf17122, buf17125, buf17126, buf17127, buf17129, buf17131, buf17134, buf17135, buf17136, buf17138, buf17140, buf17143, buf17144, buf17145, buf17147, buf17149, buf17152, buf17153, buf17154, buf17156, buf17158, buf17161, buf17162, buf17163, buf17165, buf17167, buf17170, buf17171, buf17172, buf17174, buf17176, buf17179, buf17180, buf17181, buf17183, buf17185, buf17186, buf17187, buf17190, buf17195, buf17196, buf17197, buf17192, buf17198, buf17200, buf17202, buf17204, buf17205, buf17206, buf17208, buf17210, buf17212, buf17213, buf17214, buf17216, buf17218, buf17220, buf17221, buf17222, buf17224, buf17226, buf17228, buf17229, buf17230, buf17232, buf17234, buf17236, buf17237, buf17238, buf17240, buf17242, buf17243, buf17244, buf17247, buf17249, buf17250, buf17251, buf17253, buf17255, buf17257, buf17258, buf17259, buf17261, buf17263, buf17265, buf17266, buf17267, buf17269, buf17271, buf17273, buf17274, buf17275, buf17277, buf17279, buf17281, buf17282, buf17283, buf17285, buf17287, buf17289, buf17290, buf17291, buf17293, buf17295, buf17296, buf17297, buf17300, buf17302, buf17303, buf17304, buf17306, buf17308, buf17310, buf17311, buf17312, buf17314, buf17316, buf17318, buf17319, buf17320, buf17322, buf17324, buf17326, buf17327, buf17328, buf17330, buf17332, buf17334, buf17335, buf17336, buf17338, buf17340, buf17342, buf17343, buf17344, buf17346, buf17348, buf17350, buf17351, buf17352, buf17354, buf17356, buf17359, buf17361, buf17363, buf17364, buf17365, buf17368, buf17370, buf17372, buf17373, buf17374, buf17377, buf17379, buf17381, buf17382, buf17383, buf17384, buf17387, buf17389, buf17391, buf17392, buf17393, buf17394, buf17397, buf17398, buf17404, buf17406, buf17408, buf17409, buf17410, buf17413, buf17415, buf17418, buf17419, buf17420, buf17422, buf17424, buf17427, buf17428, buf17429, buf17431, buf17433, buf17436, buf17437, buf17438, buf17440, buf17442, buf17445, buf17446, buf17447, buf17449, buf17451, buf17454, buf17455, buf17456, buf17458, buf17460, buf17463, buf17464, buf17465, buf17467, buf17469, buf17472, buf17473, buf17474, buf17476, buf17478, buf17479, buf17480, buf17483, buf17488, buf17489, buf17490, buf17485, buf17491, buf17493, buf17495, buf17497, buf17498, buf17499, buf17501, buf17503, buf17505, buf17506, buf17507, buf17509, buf17511, buf17513, buf17514, buf17515, buf17517, buf17519, buf17521, buf17522, buf17523, buf17525, buf17527, buf17529, buf17530, buf17531, buf17533, buf17535, buf17536, buf17537, buf17540, buf17542, buf17543, buf17544, buf17546, buf17548, buf17550, buf17551, buf17552, buf17554, buf17556, buf17558, buf17559, buf17560, buf17562, buf17564, buf17566, buf17567, buf17568, buf17570, buf17572, buf17574, buf17575, buf17576, buf17578, buf17580, buf17582, buf17583, buf17584, buf17586, buf17588, buf17589, buf17590, buf17593, buf17595, buf17596, buf17597, buf17599, buf17601, buf17603, buf17604, buf17605, buf17607, buf17609, buf17611, buf17612, buf17613, buf17615, buf17617, buf17619, buf17620, buf17621, buf17623, buf17625, buf17627, buf17628, buf17629, buf17631, buf17633, buf17635, buf17636, buf17637, buf17639, buf17641, buf17643, buf17644, buf17645, buf17647, buf17649, buf17652, buf17654, buf17656, buf17657, buf17658, buf17661, buf17663, buf17665, buf17666, buf17667, buf17670, buf17672, buf17674, buf17675, buf17676, buf17677, buf17680, buf17682, buf17684, buf17685, buf17686, buf17687, buf17690, buf17691, buf17697, buf17699, buf17701, buf17702, buf17703, buf17706, buf17708, buf17711, buf17712, buf17713, buf17715, buf17717, buf17720, buf17721, buf17722, buf17724, buf17726, buf17729, buf17730, buf17731, buf17733, buf17735, buf17738, buf17739, buf17740, buf17742, buf17744, buf17747, buf17748, buf17749, buf17751, buf17753, buf17756, buf17757, buf17758, buf17760, buf17762, buf17765, buf17766, buf17767, buf17769, buf17771, buf17772, buf17773, buf17776, buf17781, buf17782, buf17783, buf17778, buf17784, buf17786, buf17788, buf17790, buf17791, buf17792, buf17794, buf17796, buf17798, buf17799, buf17800, buf17802, buf17804, buf17806, buf17807, buf17808, buf17810, buf17812, buf17814, buf17815, buf17816, buf17818, buf17820, buf17822, buf17823, buf17824, buf17826, buf17828, buf17829, buf17830, buf17833, buf17835, buf17836, buf17837, buf17839, buf17841, buf17843, buf17844, buf17845, buf17847, buf17849, buf17851, buf17852, buf17853, buf17855, buf17857, buf17859, buf17860, buf17861, buf17863, buf17865, buf17867, buf17868, buf17869, buf17871, buf17873, buf17875, buf17876, buf17877, buf17879, buf17881, buf17882, buf17883, buf17886, buf17888, buf17889, buf17890, buf17892, buf17894, buf17896, buf17897, buf17898, buf17900, buf17902, buf17904, buf17905, buf17906, buf17908, buf17910, buf17912, buf17913, buf17914, buf17916, buf17918, buf17920, buf17921, buf17922, buf17924, buf17926, buf17928, buf17929, buf17930, buf17932, buf17934, buf17936, buf17937, buf17938, buf17940, buf17943, buf17946, buf17948, buf17950, buf17951, buf17952, buf17955, buf17957, buf17959, buf17960, buf17961, buf17964, buf17966, buf17968, buf17969, buf17970, buf17971, buf17974, buf17976, buf17978, buf17979, buf17980, buf17981, buf17984, buf17985, buf17991, buf17993, buf17995, buf17996, buf17997, buf18000, buf18002, buf18005, buf18006, buf18007, buf18009, buf18011, buf18014, buf18015, buf18016, buf18018, buf18020, buf18023, buf18024, buf18025, buf18027, buf18029, buf18032, buf18033, buf18034, buf18036, buf18038, buf18041, buf18042, buf18043, buf18045, buf18047, buf18050, buf18051, buf18052, buf18054, buf18056, buf18059, buf18060, buf18061, buf18063, buf18065, buf18066, buf18067, buf18070, buf18075, buf18076, buf18077, buf18072, buf18078, buf18080, buf18082, buf18084, buf18085, buf18086, buf18088, buf18090, buf18092, buf18093, buf18094, buf18096, buf18098, buf18100, buf18101, buf18102, buf18104, buf18106, buf18108, buf18109, buf18110, buf18112, buf18114, buf18116, buf18117, buf18118, buf18120, buf18122, buf18123, buf18124, buf18127, buf18129, buf18130, buf18131, buf18133, buf18135, buf18137, buf18138, buf18139, buf18141, buf18143, buf18145, buf18146, buf18147, buf18149, buf18151, buf18153, buf18154, buf18155, buf18157, buf18159, buf18161, buf18162, buf18163, buf18165, buf18167, buf18169, buf18170, buf18171, buf18173, buf18175, buf18176, buf18177, buf18180, buf18182, buf18183, buf18184, buf18186, buf18188, buf18190, buf18191, buf18192, buf18194, buf18196, buf18198, buf18199, buf18200, buf18202, buf18204, buf18206, buf18207, buf18208, buf18210, buf18212, buf18214, buf18215, buf18216, buf18218, buf18220, buf18222, buf18223, buf18224, buf18226, buf18228, buf18230, buf18231, buf18232, buf18234, buf18236, buf18239, buf18241, buf18243, buf18244, buf18245, buf18248, buf18250, buf18252, buf18253, buf18254, buf18257, buf18259, buf18261, buf18262, buf18263, buf18264, buf18267, buf18269, buf18271, buf18272, buf18273, buf18274, buf18277, buf18278, buf18284, buf18286, buf18288, buf18289, buf18290, buf18293, buf18295, buf18298, buf18299, buf18300, buf18302, buf18304, buf18307, buf18308, buf18309, buf18311, buf18313, buf18316, buf18317, buf18318, buf18320, buf18322, buf18325, buf18326, buf18327, buf18329, buf18331, buf18334, buf18335, buf18336, buf18338, buf18340, buf18343, buf18344, buf18345, buf18347, buf18349, buf18352, buf18353, buf18354, buf18356, buf18358, buf18359, buf18360, buf18363, buf18368, buf18369, buf18370, buf18365, buf18371, buf18373, buf18375, buf18377, buf18378, buf18379, buf18381, buf18383, buf18385, buf18386, buf18387, buf18389, buf18391, buf18393, buf18394, buf18395, buf18397, buf18399, buf18401, buf18402, buf18403, buf18405, buf18407, buf18409, buf18410, buf18411, buf18413, buf18415, buf18416, buf18417, buf18420, buf18422, buf18423, buf18424, buf18426, buf18428, buf18430, buf18431, buf18432, buf18434, buf18436, buf18438, buf18439, buf18440, buf18442, buf18444, buf18446, buf18447, buf18448, buf18450, buf18452, buf18454, buf18455, buf18456, buf18458, buf18460, buf18462, buf18463, buf18464, buf18466, buf18468, buf18469, buf18470, buf18473, buf18475, buf18476, buf18477, buf18479, buf18481, buf18483, buf18484, buf18485, buf18487, buf18489, buf18491, buf18492, buf18493, buf18495, buf18497, buf18499, buf18500, buf18501, buf18503, buf18505, buf18507, buf18508, buf18509, buf18511, buf18513, buf18515, buf18516, buf18517, buf18519, buf18521, buf18523, buf18524, buf18525, buf18527, buf18530, buf18533, buf18535, buf18537, buf18538, buf18539, buf18542, buf18544, buf18546, buf18547, buf18548, buf18551, buf18553, buf18555, buf18556, buf18557, buf18558, buf18561, buf18563, buf18565, buf18566, buf18567, buf18568, buf18571, buf18572, buf18578, buf18580, buf18582, buf18583, buf18584, buf18587, buf18589, buf18592, buf18593, buf18594, buf18596, buf18598, buf18601, buf18602, buf18603, buf18605, buf18607, buf18610, buf18611, buf18612, buf18614, buf18616, buf18619, buf18620, buf18621, buf18623, buf18625, buf18628, buf18629, buf18630, buf18632, buf18634, buf18637, buf18638, buf18639, buf18641, buf18643, buf18646, buf18647, buf18648, buf18650, buf18652, buf18653, buf18654, buf18657, buf18662, buf18663, buf18664, buf18659, buf18665, buf18667, buf18669, buf18671, buf18672, buf18673, buf18675, buf18677, buf18679, buf18680, buf18681, buf18683, buf18685, buf18687, buf18688, buf18689, buf18691, buf18693, buf18695, buf18696, buf18697, buf18699, buf18701, buf18703, buf18704, buf18705, buf18707, buf18709, buf18710, buf18711, buf18714, buf18716, buf18717, buf18718, buf18720, buf18722, buf18724, buf18725, buf18726, buf18728, buf18730, buf18732, buf18733, buf18734, buf18736, buf18738, buf18740, buf18741, buf18742, buf18744, buf18746, buf18748, buf18749, buf18750, buf18752, buf18754, buf18756, buf18757, buf18758, buf18760, buf18762, buf18763, buf18764, buf18767, buf18769, buf18770, buf18771, buf18773, buf18775, buf18777, buf18778, buf18779, buf18781, buf18783, buf18785, buf18786, buf18787, buf18789, buf18791, buf18793, buf18794, buf18795, buf18797, buf18799, buf18801, buf18802, buf18803, buf18805, buf18807, buf18809, buf18810, buf18811, buf18813, buf18815, buf18817, buf18818, buf18819, buf18821, buf18823, buf18826, buf18828, buf18830, buf18831, buf18832, buf18835, buf18837, buf18839, buf18840, buf18841, buf18844, buf18846, buf18848, buf18849, buf18850, buf18851, buf18854, buf18856, buf18858, buf18859, buf18860, buf18861, buf18864, buf18865, buf18871, buf18873, buf18875, buf18876, buf18877, buf18880, buf18882, buf18885, buf18886, buf18887, buf18889, buf18891, buf18894, buf18895, buf18896, buf18898, buf18900, buf18903, buf18904, buf18905, buf18907, buf18909, buf18912, buf18913, buf18914, buf18916, buf18918, buf18921, buf18922, buf18923, buf18925, buf18927, buf18930, buf18931, buf18932, buf18934, buf18936, buf18939, buf18940, buf18941, buf18943, buf18945, buf18946, buf18947, buf18950, buf18955, buf18956, buf18957, buf18952, buf18958, buf18960, buf18962, buf18964, buf18965, buf18966, buf18968, buf18970, buf18972, buf18973, buf18974, buf18976, buf18978, buf18980, buf18981, buf18982, buf18984, buf18986, buf18988, buf18989, buf18990, buf18992, buf18994, buf18996, buf18997, buf18998, buf19000, buf19002, buf19003, buf19004, buf19007, buf19009, buf19010, buf19011, buf19013, buf19015, buf19017, buf19018, buf19019, buf19021, buf19023, buf19025, buf19026, buf19027, buf19029, buf19031, buf19033, buf19034, buf19035, buf19037, buf19039, buf19041, buf19042, buf19043, buf19045, buf19047, buf19049, buf19050, buf19051, buf19053, buf19055, buf19056, buf19057, buf19060, buf19062, buf19063, buf19064, buf19066, buf19068, buf19070, buf19071, buf19072, buf19074, buf19076, buf19078, buf19079, buf19080, buf19082, buf19084, buf19086, buf19087, buf19088, buf19090, buf19092, buf19094, buf19095, buf19096, buf19098, buf19100, buf19102, buf19103, buf19104, buf19106, buf19108, buf19110, buf19111, buf19112, buf19114, buf19117, buf19120, buf19122, buf19124, buf19125, buf19126, buf19129, buf19131, buf19133, buf19134, buf19135, buf19138, buf19140, buf19142, buf19143, buf19144, buf19145, buf19148, buf19150, buf19152, buf19153, buf19154, buf19155, buf19158, buf19159, buf19165, buf19167, buf19169, buf19170, buf19171, buf19174, buf19176, buf19179, buf19180, buf19181, buf19183, buf19185, buf19188, buf19189, buf19190, buf19192, buf19194, buf19197, buf19198, buf19199, buf19201, buf19203, buf19206, buf19207, buf19208, buf19210, buf19212, buf19215, buf19216, buf19217, buf19219, buf19221, buf19224, buf19225, buf19226, buf19228, buf19230, buf19233, buf19234, buf19235, buf19237, buf19239, buf19240, buf19241, buf19244, buf19249, buf19250, buf19251, buf19246, buf19252, buf19254, buf19256, buf19258, buf19259, buf19260, buf19262, buf19264, buf19266, buf19267, buf19268, buf19270, buf19272, buf19274, buf19275, buf19276, buf19278, buf19280, buf19282, buf19283, buf19284, buf19286, buf19288, buf19290, buf19291, buf19292, buf19294, buf19296, buf19297, buf19298, buf19301, buf19303, buf19304, buf19305, buf19307, buf19309, buf19311, buf19312, buf19313, buf19315, buf19317, buf19319, buf19320, buf19321, buf19323, buf19325, buf19327, buf19328, buf19329, buf19331, buf19333, buf19335, buf19336, buf19337, buf19339, buf19341, buf19343, buf19344, buf19345, buf19347, buf19349, buf19350, buf19351, buf19354, buf19356, buf19357, buf19358, buf19360, buf19362, buf19364, buf19365, buf19366, buf19368, buf19370, buf19372, buf19373, buf19374, buf19376, buf19378, buf19380, buf19381, buf19382, buf19384, buf19386, buf19388, buf19389, buf19390, buf19392, buf19394, buf19396, buf19397, buf19398, buf19400, buf19402, buf19404, buf19405, buf19406, buf19408, buf19410, buf19413, buf19415, buf19417, buf19418, buf19419, buf19422, buf19424, buf19426, buf19427, buf19428, buf19431, buf19433, buf19435, buf19436, buf19437, buf19438, buf19441, buf19443, buf19445, buf19446, buf19447, buf19448, buf19451, buf19452, buf19458, buf19460, buf19462, buf19463, buf19464, buf19467, buf19469, buf19472, buf19473, buf19474, buf19476, buf19478, buf19481, buf19482, buf19483, buf19485, buf19487, buf19490, buf19491, buf19492, buf19494, buf19496, buf19499, buf19500, buf19501, buf19503, buf19505, buf19508, buf19509, buf19510, buf19512, buf19514, buf19517, buf19518, buf19519, buf19521, buf19523, buf19526, buf19527, buf19528, buf19530, buf19532, buf19533, buf19534, buf19537, buf19542, buf19543, buf19544, buf19539, buf19545, buf19547, buf19549, buf19551, buf19552, buf19553, buf19555, buf19557, buf19559, buf19560, buf19561, buf19563, buf19565, buf19567, buf19568, buf19569, buf19571, buf19573, buf19575, buf19576, buf19577, buf19579, buf19581, buf19583, buf19584, buf19585, buf19587, buf19589, buf19590, buf19591, buf19594, buf19596, buf19597, buf19598, buf19600, buf19602, buf19604, buf19605, buf19606, buf19608, buf19610, buf19612, buf19613, buf19614, buf19616, buf19618, buf19620, buf19621, buf19622, buf19624, buf19626, buf19628, buf19629, buf19630, buf19632, buf19634, buf19636, buf19637, buf19638, buf19640, buf19642, buf19643, buf19644, buf19647, buf19649, buf19650, buf19651, buf19653, buf19655, buf19657, buf19658, buf19659, buf19661, buf19663, buf19665, buf19666, buf19667, buf19669, buf19671, buf19673, buf19674, buf19675, buf19677, buf19679, buf19681, buf19682, buf19683, buf19685, buf19687, buf19689, buf19690, buf19691, buf19693, buf19695, buf19697, buf19698, buf19699, buf19701, buf19704, buf19707, buf19708, buf19713, buf19715, buf19717, buf19718, buf19719, buf19722, buf19724, buf19726, buf19727, buf19728, buf19731, buf19733, buf19735, buf19736, buf19737, buf19738, buf19741, buf19743, buf19745, buf19746, buf19747, buf19748, buf19751, buf19752, buf19758, buf19760, buf19762, buf19763, buf19764, buf19767, buf19769, buf19772, buf19773, buf19774, buf19776, buf19778, buf19781, buf19782, buf19783, buf19785, buf19787, buf19790, buf19791, buf19792, buf19794, buf19796, buf19799, buf19800, buf19801, buf19803, buf19805, buf19808, buf19809, buf19810, buf19812, buf19814, buf19817, buf19818, buf19819, buf19821, buf19823, buf19826, buf19827, buf19828, buf19830, buf19832, buf19833, buf19834, buf19837, buf19842, buf19843, buf19844, buf19839, buf19845, buf19847, buf19849, buf19851, buf19852, buf19853, buf19855, buf19857, buf19859, buf19860, buf19861, buf19863, buf19865, buf19867, buf19868, buf19869, buf19871, buf19873, buf19875, buf19876, buf19877, buf19879, buf19881, buf19883, buf19884, buf19885, buf19887, buf19889, buf19890, buf19891, buf19894, buf19896, buf19897, buf19898, buf19900, buf19902, buf19904, buf19905, buf19906, buf19908, buf19910, buf19912, buf19913, buf19914, buf19916, buf19918, buf19920, buf19921, buf19922, buf19924, buf19926, buf19928, buf19929, buf19930, buf19932, buf19934, buf19936, buf19937, buf19938, buf19940, buf19942, buf19943, buf19944, buf19947, buf19949, buf19950, buf19951, buf19953, buf19955, buf19957, buf19958, buf19959, buf19961, buf19963, buf19965, buf19966, buf19967, buf19969, buf19971, buf19973, buf19974, buf19975, buf19977, buf19979, buf19981, buf19982, buf19983, buf19985, buf19987, buf19989, buf19990, buf19991, buf19993, buf19995, buf19997, buf19998, buf19999, buf20001, buf20003, buf20006, buf20008, buf20010, buf20011, buf20012, buf20015, buf20017, buf20019, buf20020, buf20021, buf20024, buf20026, buf20028, buf20029, buf20030, buf20031, buf20034, buf20036, buf20038, buf20039, buf20040, buf20041, buf20044, buf20045, buf20051, buf20053, buf20055, buf20056, buf20057, buf20060, buf20062, buf20065, buf20066, buf20067, buf20069, buf20071, buf20074, buf20075, buf20076, buf20078, buf20080, buf20083, buf20084, buf20085, buf20087, buf20089, buf20092, buf20093, buf20094, buf20096, buf20098, buf20101, buf20102, buf20103, buf20105, buf20107, buf20110, buf20111, buf20112, buf20114, buf20116, buf20119, buf20120, buf20121, buf20123, buf20125, buf20126, buf20127, buf20130, buf20135, buf20136, buf20137, buf20132, buf20138, buf20140, buf20142, buf20144, buf20145, buf20146, buf20148, buf20150, buf20152, buf20153, buf20154, buf20156, buf20158, buf20160, buf20161, buf20162, buf20164, buf20166, buf20168, buf20169, buf20170, buf20172, buf20174, buf20176, buf20177, buf20178, buf20180, buf20182, buf20183, buf20184, buf20187, buf20189, buf20190, buf20191, buf20193, buf20195, buf20197, buf20198, buf20199, buf20201, buf20203, buf20205, buf20206, buf20207, buf20209, buf20211, buf20213, buf20214, buf20215, buf20217, buf20219, buf20221, buf20222, buf20223, buf20225, buf20227, buf20229, buf20230, buf20231, buf20233, buf20235, buf20236, buf20237, buf20240, buf20242, buf20243, buf20244, buf20246, buf20248, buf20250, buf20251, buf20252, buf20254, buf20256, buf20258, buf20259, buf20260, buf20262, buf20264, buf20266, buf20267, buf20268, buf20270, buf20272, buf20274, buf20275, buf20276, buf20278, buf20280, buf20282, buf20283, buf20284, buf20286, buf20288, buf20290, buf20291, buf20292, buf20294, buf20296, buf20299, buf20301, buf20303, buf20304, buf20305, buf20308, buf20310, buf20312, buf20313, buf20314, buf20317, buf20319, buf20321, buf20322, buf20323, buf20324, buf20327, buf20329, buf20331, buf20332, buf20333, buf20334, buf20337, buf20338, buf20344, buf20346, buf20348, buf20349, buf20350, buf20353, buf20355, buf20358, buf20359, buf20360, buf20362, buf20364, buf20367, buf20368, buf20369, buf20371, buf20373, buf20376, buf20377, buf20378, buf20380, buf20382, buf20385, buf20386, buf20387, buf20389, buf20391, buf20394, buf20395, buf20396, buf20398, buf20400, buf20403, buf20404, buf20405, buf20407, buf20409, buf20412, buf20413, buf20414, buf20416, buf20418, buf20419, buf20420, buf20423, buf20428, buf20429, buf20430, buf20425, buf20431, buf20433, buf20435, buf20437, buf20438, buf20439, buf20441, buf20443, buf20445, buf20446, buf20447, buf20449, buf20451, buf20453, buf20454, buf20455, buf20457, buf20459, buf20461, buf20462, buf20463, buf20465, buf20467, buf20469, buf20470, buf20471, buf20473, buf20475, buf20476, buf20477, buf20480, buf20482, buf20483, buf20484, buf20486, buf20488, buf20490, buf20491, buf20492, buf20494, buf20496, buf20498, buf20499, buf20500, buf20502, buf20504, buf20506, buf20507, buf20508, buf20510, buf20512, buf20514, buf20515, buf20516, buf20518, buf20520, buf20522, buf20523, buf20524, buf20526, buf20528, buf20529, buf20530, buf20533, buf20535, buf20536, buf20537, buf20539, buf20541, buf20543, buf20544, buf20545, buf20547, buf20549, buf20551, buf20552, buf20553, buf20555, buf20557, buf20559, buf20560, buf20561, buf20563, buf20565, buf20567, buf20568, buf20569, buf20571, buf20573, buf20575, buf20576, buf20577, buf20579, buf20581, buf20583, buf20584, buf20585, buf20587, buf20590, buf20593, buf20595, buf20597, buf20598, buf20599, buf20602, buf20604, buf20606, buf20607, buf20608, buf20611, buf20613, buf20615, buf20616, buf20617, buf20618, buf20621, buf20623, buf20625, buf20626, buf20627, buf20628, buf20631, buf20632, buf20638, buf20640, buf20642, buf20643, buf20644, buf20647, buf20649, buf20652, buf20653, buf20654, buf20656, buf20658, buf20661, buf20662, buf20663, buf20665, buf20667, buf20670, buf20671, buf20672, buf20674, buf20676, buf20679, buf20680, buf20681, buf20683, buf20685, buf20688, buf20689, buf20690, buf20692, buf20694, buf20697, buf20698, buf20699, buf20701, buf20703, buf20706, buf20707, buf20708, buf20710, buf20712, buf20713, buf20714, buf20717, buf20722, buf20723, buf20724, buf20719, buf20725, buf20727, buf20729, buf20731, buf20732, buf20733, buf20735, buf20737, buf20739, buf20740, buf20741, buf20743, buf20745, buf20747, buf20748, buf20749, buf20751, buf20753, buf20755, buf20756, buf20757, buf20759, buf20761, buf20763, buf20764, buf20765, buf20767, buf20769, buf20770, buf20771, buf20774, buf20776, buf20777, buf20778, buf20780, buf20782, buf20784, buf20785, buf20786, buf20788, buf20790, buf20792, buf20793, buf20794, buf20796, buf20798, buf20800, buf20801, buf20802, buf20804, buf20806, buf20808, buf20809, buf20810, buf20812, buf20814, buf20816, buf20817, buf20818, buf20820, buf20822, buf20823, buf20824, buf20827, buf20829, buf20830, buf20831, buf20833, buf20835, buf20837, buf20838, buf20839, buf20841, buf20843, buf20845, buf20846, buf20847, buf20849, buf20851, buf20853, buf20854, buf20855, buf20857, buf20859, buf20861, buf20862, buf20863, buf20865, buf20867, buf20869, buf20870, buf20871, buf20873, buf20875, buf20877, buf20878, buf20879, buf20881, buf20883, buf20886, buf20888, buf20890, buf20891, buf20892, buf20895, buf20897, buf20899, buf20900, buf20901, buf20904, buf20906, buf20908, buf20909, buf20910, buf20911, buf20914, buf20916, buf20918, buf20919, buf20920, buf20921, buf20924, buf20925, buf20931, buf20933, buf20935, buf20936, buf20937, buf20940, buf20942, buf20945, buf20946, buf20947, buf20949, buf20951, buf20954, buf20955, buf20956, buf20958, buf20960, buf20963, buf20964, buf20965, buf20967, buf20969, buf20972, buf20973, buf20974, buf20976, buf20978, buf20981, buf20982, buf20983, buf20985, buf20987, buf20990, buf20991, buf20992, buf20994, buf20996, buf20999, buf21000, buf21001, buf21003, buf21005, buf21006, buf21007, buf21010, buf21015, buf21016, buf21017, buf21012, buf21018, buf21020, buf21022, buf21024, buf21025, buf21026, buf21028, buf21030, buf21032, buf21033, buf21034, buf21036, buf21038, buf21040, buf21041, buf21042, buf21044, buf21046, buf21048, buf21049, buf21050, buf21052, buf21054, buf21056, buf21057, buf21058, buf21060, buf21062, buf21063, buf21064, buf21067, buf21069, buf21070, buf21071, buf21073, buf21075, buf21077, buf21078, buf21079, buf21081, buf21083, buf21085, buf21086, buf21087, buf21089, buf21091, buf21093, buf21094, buf21095, buf21097, buf21099, buf21101, buf21102, buf21103, buf21105, buf21107, buf21109, buf21110, buf21111, buf21113, buf21115, buf21116, buf21117, buf21120, buf21122, buf21123, buf21124, buf21126, buf21128, buf21130, buf21131, buf21132, buf21134, buf21136, buf21138, buf21139, buf21140, buf21142, buf21144, buf21146, buf21147, buf21148, buf21150, buf21152, buf21154, buf21155, buf21156, buf21158, buf21160, buf21162, buf21163, buf21164, buf21166, buf21168, buf21170, buf21171, buf21172, buf21174, buf21177, buf21180, buf21182, buf21184, buf21185, buf21186, buf21189, buf21191, buf21193, buf21194, buf21195, buf21198, buf21200, buf21202, buf21203, buf21204, buf21205, buf21208, buf21210, buf21212, buf21213, buf21214, buf21215, buf21218, buf21219, buf21225, buf21227, buf21229, buf21230, buf21231, buf21234, buf21236, buf21239, buf21240, buf21241, buf21243, buf21245, buf21248, buf21249, buf21250, buf21252, buf21254, buf21257, buf21258, buf21259, buf21261, buf21263, buf21266, buf21267, buf21268, buf21270, buf21272, buf21275, buf21276, buf21277, buf21279, buf21281, buf21284, buf21285, buf21286, buf21288, buf21290, buf21293, buf21294, buf21295, buf21297, buf21299, buf21300, buf21301, buf21304, buf21309, buf21310, buf21311, buf21306, buf21312, buf21314, buf21316, buf21318, buf21319, buf21320, buf21322, buf21324, buf21326, buf21327, buf21328, buf21330, buf21332, buf21334, buf21335, buf21336, buf21338, buf21340, buf21342, buf21343, buf21344, buf21346, buf21348, buf21350, buf21351, buf21352, buf21354, buf21356, buf21357, buf21358, buf21361, buf21363, buf21364, buf21365, buf21367, buf21369, buf21371, buf21372, buf21373, buf21375, buf21377, buf21379, buf21380, buf21381, buf21383, buf21385, buf21387, buf21388, buf21389, buf21391, buf21393, buf21395, buf21396, buf21397, buf21399, buf21401, buf21403, buf21404, buf21405, buf21407, buf21409, buf21410, buf21411, buf21414, buf21416, buf21417, buf21418, buf21420, buf21422, buf21424, buf21425, buf21426, buf21428, buf21430, buf21432, buf21433, buf21434, buf21436, buf21438, buf21440, buf21441, buf21442, buf21444, buf21446, buf21448, buf21449, buf21450, buf21452, buf21454, buf21456, buf21457, buf21458, buf21460, buf21462, buf21464, buf21465, buf21466, buf21468, buf21470, buf21473, buf21475, buf21477, buf21478, buf21479, buf21482, buf21484, buf21486, buf21487, buf21488, buf21491, buf21493, buf21495, buf21496, buf21497, buf21498, buf21501, buf21503, buf21505, buf21506, buf21507, buf21508, buf21511, buf21512, buf21518, buf21520, buf21522, buf21523, buf21524, buf21527, buf21529, buf21532, buf21533, buf21534, buf21536, buf21538, buf21541, buf21542, buf21543, buf21545, buf21547, buf21550, buf21551, buf21552, buf21554, buf21556, buf21559, buf21560, buf21561, buf21563, buf21565, buf21568, buf21569, buf21570, buf21572, buf21574, buf21577, buf21578, buf21579, buf21581, buf21583, buf21586, buf21587, buf21588, buf21590, buf21592, buf21593, buf21594, buf21597, buf21602, buf21603, buf21604, buf21599, buf21605, buf21607, buf21609, buf21611, buf21612, buf21613, buf21615, buf21617, buf21619, buf21620, buf21621, buf21623, buf21625, buf21627, buf21628, buf21629, buf21631, buf21633, buf21635, buf21636, buf21637, buf21639, buf21641, buf21643, buf21644, buf21645, buf21647, buf21649, buf21650, buf21651, buf21654, buf21656, buf21657, buf21658, buf21660, buf21662, buf21664, buf21665, buf21666, buf21668, buf21670, buf21672, buf21673, buf21674, buf21676, buf21678, buf21680, buf21681, buf21682, buf21684, buf21686, buf21688, buf21689, buf21690, buf21692, buf21694, buf21696, buf21697, buf21698, buf21700, buf21702, buf21703, buf21704, buf21707, buf21709, buf21710, buf21711, buf21713, buf21715, buf21717, buf21718, buf21719, buf21721, buf21723, buf21725, buf21726, buf21727, buf21729, buf21731, buf21733, buf21734, buf21735, buf21737, buf21739, buf21741, buf21742, buf21743, buf21745, buf21747, buf21749, buf21750, buf21751, buf21753, buf21755, buf21757, buf21758, buf21759, buf21761, buf21764, buf21767, buf21769, buf21771, buf21772, buf21773, buf21776, buf21778, buf21780, buf21781, buf21782, buf21785, buf21787, buf21789, buf21790, buf21791, buf21792, buf21795, buf21797, buf21799, buf21800, buf21801, buf21802, buf21805, buf21806, buf21812, buf21814, buf21816, buf21817, buf21818, buf21821, buf21823, buf21826, buf21827, buf21828, buf21830, buf21832, buf21835, buf21836, buf21837, buf21839, buf21841, buf21844, buf21845, buf21846, buf21848, buf21850, buf21853, buf21854, buf21855, buf21857, buf21859, buf21862, buf21863, buf21864, buf21866, buf21868, buf21871, buf21872, buf21873, buf21875, buf21877, buf21880, buf21881, buf21882, buf21884, buf21886, buf21887, buf21888, buf21891, buf21896, buf21897, buf21898, buf21893, buf21899, buf21901, buf21903, buf21905, buf21906, buf21907, buf21909, buf21911, buf21913, buf21914, buf21915, buf21917, buf21919, buf21921, buf21922, buf21923, buf21925, buf21927, buf21929, buf21930, buf21931, buf21933, buf21935, buf21937, buf21938, buf21939, buf21941, buf21943, buf21944, buf21945, buf21948, buf21950, buf21951, buf21952, buf21954, buf21956, buf21958, buf21959, buf21960, buf21962, buf21964, buf21966, buf21967, buf21968, buf21970, buf21972, buf21974, buf21975, buf21976, buf21978, buf21980, buf21982, buf21983, buf21984, buf21986, buf21988, buf21990, buf21991, buf21992, buf21994, buf21996, buf21997, buf21998, buf22001, buf22003, buf22004, buf22005, buf22007, buf22009, buf22011, buf22012, buf22013, buf22015, buf22017, buf22019, buf22020, buf22021, buf22023, buf22025, buf22027, buf22028, buf22029, buf22031, buf22033, buf22035, buf22036, buf22037, buf22039, buf22041, buf22043, buf22044, buf22045, buf22047, buf22049, buf22051, buf22052, buf22053, buf22055, buf22057, buf22060, buf22062, buf22064, buf22065, buf22066, buf22069, buf22071, buf22073, buf22074, buf22075, buf22078, buf22080, buf22082, buf22083, buf22084, buf22085, buf22088, buf22090, buf22092, buf22093, buf22094, buf22095, buf22098, buf22099, buf22105, buf22107, buf22109, buf22110, buf22111, buf22114, buf22116, buf22119, buf22120, buf22121, buf22123, buf22125, buf22128, buf22129, buf22130, buf22132, buf22134, buf22137, buf22138, buf22139, buf22141, buf22143, buf22146, buf22147, buf22148, buf22150, buf22152, buf22155, buf22156, buf22157, buf22159, buf22161, buf22164, buf22165, buf22166, buf22168, buf22170, buf22173, buf22174, buf22175, buf22177, buf22179, buf22180, buf22181, buf22184, buf22189, buf22190, buf22191, buf22186, buf22192, buf22194, buf22196, buf22198, buf22199, buf22200, buf22202, buf22204, buf22206, buf22207, buf22208, buf22210, buf22212, buf22214, buf22215, buf22216, buf22218, buf22220, buf22222, buf22223, buf22224, buf22226, buf22228, buf22230, buf22231, buf22232, buf22234, buf22236, buf22237, buf22238, buf22241, buf22243, buf22244, buf22245, buf22247, buf22249, buf22251, buf22252, buf22253, buf22255, buf22257, buf22259, buf22260, buf22261, buf22263, buf22265, buf22267, buf22268, buf22269, buf22271, buf22273, buf22275, buf22276, buf22277, buf22279, buf22281, buf22283, buf22284, buf22285, buf22287, buf22289, buf22290, buf22291, buf22294, buf22296, buf22297, buf22298, buf22300, buf22302, buf22304, buf22305, buf22306, buf22308, buf22310, buf22312, buf22313, buf22314, buf22316, buf22318, buf22320, buf22321, buf22322, buf22324, buf22326, buf22328, buf22329, buf22330, buf22332, buf22334, buf22336, buf22337, buf22338, buf22340, buf22342, buf22344, buf22345, buf22346, buf22348, buf22351, primals_4, primals_6, primals_7, primals_9, primals_10, primals_12, primals_13, primals_15, primals_16, primals_18, primals_20, primals_22, primals_23, primals_25, primals_26, primals_28, primals_29, primals_31, primals_32, primals_34, primals_36, primals_38, primals_39, primals_41, primals_42, primals_44, primals_45, primals_47, primals_48, primals_50, primals_52, primals_53, primals_55, primals_56, primals_58, primals_59, primals_61, primals_62, primals_64, primals_65, primals_67, primals_69, primals_71, primals_72, primals_74, primals_75, primals_77, primals_78, primals_80, primals_81, primals_83, primals_85, primals_86, primals_88, primals_89, primals_91, primals_92, primals_94, primals_95, primals_97, primals_99, primals_100, primals_102, primals_103, primals_105, primals_106, primals_108, primals_109, primals_111, primals_112, primals_114, primals_115, primals_116, primals_117, primals_119, primals_120, primals_121, primals_122, primals_123, primals_124, primals_125, primals_127, primals_128, primals_129, primals_130, primals_131, primals_132, primals_133, primals_134, primals_135, primals_136, primals_137, primals_138, primals_140, primals_141, primals_142, primals_143, primals_144, primals_145, primals_146, primals_147, primals_148, primals_149, primals_151, primals_152, primals_153, primals_154, primals_156, primals_157, primals_158, primals_159, primals_161, primals_162, primals_163, primals_166, primals_168, primals_170, primals_171, primals_172, primals_173, primals_175, primals_176, primals_177, primals_178, primals_180, primals_181, primals_182, primals_183, primals_184, primals_185, primals_186, primals_188, primals_189, primals_190, primals_191, primals_192, primals_193, primals_195, primals_196, primals_197, primals_198, primals_200, primals_201, primals_202, primals_203, primals_205, primals_206, primals_207, primals_208, primals_210, primals_211, primals_212, primals_213, primals_215, primals_216, primals_217, primals_218, primals_220, primals_221, primals_222, primals_223, primals_225, primals_226, primals_227, primals_228, primals_230, primals_231, primals_232, primals_233, primals_235, primals_236, primals_237, primals_238, primals_239, primals_240, primals_246, primals_242, primals_244, primals_245, primals_247, primals_249, primals_250, primals_251, primals_252, primals_254, primals_255, primals_256, primals_257, primals_259, primals_260, primals_261, primals_262, primals_264, primals_265, primals_266, primals_267, primals_269, primals_270, primals_271, primals_272, primals_274, primals_275, primals_276, primals_277, primals_278, primals_279, primals_281, primals_282, primals_284, primals_285, primals_286, primals_287, primals_289, primals_290, primals_291, primals_292, primals_294, primals_295, primals_296, primals_297, primals_299, primals_300, primals_301, primals_302, primals_304, primals_305, primals_306, primals_307, primals_309, primals_310, primals_311, primals_312, primals_313, primals_314, primals_316, primals_317, primals_319, primals_320, primals_321, primals_322, primals_324, primals_325, primals_326, primals_327, primals_329, primals_330, primals_331, primals_332, primals_334, primals_335, primals_336, primals_337, primals_339, primals_340, primals_341, primals_342, primals_344, primals_345, primals_346, primals_347, primals_349, primals_350) = self.partitions[0](partition0_args)
[rank0]:                                                                                                                                                                                                                                                                                                                                                                                                                                                                                                                                                                                                                                                                                                                                                                                                                                                                                                                                                                                                                                                                                                                                                                                                                                                                                                                                                                                                                                                                                                                                                                                                                                                                                                                                                                                                                                                                                                                                                                                                                                                                                                                                                                                                                                                                                                                                                                                                                                                                                                                                                                                                                                                                                                                                                                                                                                                                                                                                                                                                                                                                                                                                                                                                                                                                                                                                                                                                                                                                                                                                                                                                                                                                                                                                                                                                                                                                                                                                                                                                                                                                                                                                                                                                                                                                                                                                                                                                                                                                                                                                                                                                                                                                                                                                                                                                                                                                                                                                                                                                                                                                                                                                                                                                                                                                                                                                                                                                                                                                                                                                                                                                                                                                                                                                                                                                                                                                                                                                                                                                                                                                                                                                                                                                                                                                                                                                                                                                                                                                                                                                                                                                                                                                                                                                                                                                                                                                                                                                                                                                                                                                                                                                                                                                                                                                                                                                                                                                                                                                                                                                                                                                                                                                                                                                                                                                                                                                                                                                                                                                                                                                                                                                                                                                                                                                                                                                                                                                                                                                                                                                                                                                                                                                                                                                                                                                                                                                                                                                                                                                                                                                                                                                                                                                                                                                                                                                                                                                                                                                                                                                                                                                                                                                                                                                                                                                                                                                                                                                                                                                                                                                                                                                                                                                                                                                                                                                                                                                                                                                                                                                                                                                                                                                                                                                                                                                                                                                                                                                                                                                                                                                                                                                                                                                                                                                                                                                                                                                                                                                                                                                                                                                                                                                                                                                                                                                                                                                                                                                                                                                                                                                                                                                                                                                                                                                                                                                                                                                                                                                                                                                                                                                                                                                                                                                                                                                                                                                                                                                                                                                                                                                                                                                                                                                                                                                                                                                                                                                                                                                                                                                                                                                                                                                                                                                                                                                                                                                                                                                                                                                                                                                                                                                                                                                                                                                                                                                                                                                                                                                                                                                                                                                                                                                                                                                                                                                                                                                                                                                                                                                                                                                                                                                                                                                                                                                                                                                                                                                                                                                                                                                                                                                                                                                                                                                                                                                                                                                                                                                                                                                                                                                                                                                                                                                                                                                                                                                                                                                                                                                                                                                                                                                                                                                                                                                                                                                                                                                                                                                                                                                                                                                                                                                                                                                                                                                                                                                                                                                                                                                                                                                                                                                                                                                                                                                                                                                                                                                                                                                                                                                                                                                                                                                                                                                                                                                                                                                                                                                                                                                                                                                                                                                                                                                                                                                                                                                                                                                                                                                                                                                                                                                                                                                                                                                                                                                                                                                                                                                                                                                                                                                                                                                                                                                                                                                                                                                                                                                                                                                                                                                                                                                                                                                                                                                                                                                                                                                                                                                                                                                                                                                                                                                                                                                                                                                                                                                                                                                                                                                                                                                                                                                                                                                                                                                                                                                                                                                                                                                                                                                                                                                                                                                                                                                                                                                                                                                                                                                                                                                                                                                                                                                                                                                                                                                                                                                                                                                                                                                                                                                                                                                                                                                                                                                                                                                                                                                                                                                                                                                                                                                                                                                                                                                                                                                                                                                                                                                                                                                                                                                                                                                                                                                                                                                                                                                                                                                                                                                                                                                                                                                                                                                                                                                                                                                                                                                                                                                                                                                                                                                                                                                                                                                                                                                                                                                                                                                                                                                                                                                                                                                                                                                                                                                                                                                                                                                                                                                                                                                                                                                                                                                                                                                                                                                                                                                                                                                                                                                                                                                                                                                                                                                                                                                                                                                                                                                                                                                                                                                                                                                                                                                                                                                                                                                                                                                                                                                                                                                                                                                                                                                                                                                                                                                                                                                                                                                                                                                                                                                                                                                                                                                                                                                                                                                                                                                                                                                                                                                                                                                                                                                                                                                                                                                                                                                                                                                                                                                                                                                                                                                                                                                                                                                                                                                                                                                                                                                                                                                                                                                                                                                                                                                                                                                                                                                                                                                                                                                                                                                                                                                                                                                                                                                                                                                                                                                                                                                                                                                                                                                                                                                                                                                                                                                                                                                                                                                                                                                                                                                                                                                                                                                                                                                                                                                                                                                                                                                                                                                                                                                                                                                                                                                                                                                                                                                                                                                                                                                                                                                                                                                                                                                                                                                                                                                                                                                                                                                                                                                                                                                                                                                                                                                                                                                                                                                                                                                                                                                                                                                                                                                                                                                                                                                                                                                                                                                                                                                                                                                                                                                                                                                                                                                                                                                                                                                                                                                                                                                                                                                                                                                                                                                                                                                                                                                                                                                                                                                                                                                                                                                                                                                                                                                                                                                                                                                                                                                                                                                                                                                                                                                                                                                                                                                                                                                                                                                                                                                                                                                                                                                                                                                                                                                                                                                                                                                                                                                                                                                                                                                                                                                                                                                                                                                                                                                                                                                                                                                                                                                                                                                                                                                                                                                                                                                                                                                                                                                                                                                                                                                                                                                                                                                                                                                                                                                                                                                                                                                                                                                                                                                                                                                                                                                                                                                                                                                                                                                                                                                                                                                                                                                                                                                                                                                                                                                                                                                                                                                                                                                                                                                                                                                                                                                                                                                                                                                                                                                                                                                                                                                                                                                                                                                                                                                                                                                                                                                                                                                                                                                                                                                                                                                                                                                                                                                                                                                                                                                                                                                                                                                                                                                                                                                                                                                                                                                                                                                                                                                                                                                                                                                                                                                                                                                                                                                                                                                                                                                                                                                                                                                                                                                                                                                                                                                                                                                                                                                                                                                                                                                                                                                                                                                                                                                                                                                                                                                                                                                                                                                                                                                                                                                                                                                                                                                                                                                                                                                                                                                                                                                                                                                                                                                                                                                                                                                                                                                                                                                                                                                                                                                                                                                                                                                                                                                                                                                                                                                                                                                                                                                                                                                                                                                                                                                                                                                                                                                                                                                                                                                                                                                                                                                                                                                                                                                                                                                                                                                                                                                                                                                                                                                                                                                                                                                                                                                                                                                                                                                                                                                                                                                                                                                                                                                                                                                                                                                                                                                                                                                                                                                                                                                                                                                                                                                                                                                                                                                                                                                                                                                                                                                                                                                                                                                                                                                                                                                                                                                                                                                                                                                                                                                                                                                                                                                                                                                                                                                                                                                                                                                                                                                                                                                                                                                                                                                                                                                                                                                                                                                                                                                                                                                                                                                                                                                                                                                                                                                                                                                                                                                                                                                                                                                                                                                                                                                                                                                                                                                                                                                                                                                                                                                                                                                                                                                                                                                                                                                                                                                                                                                                                                                                                                                                                                                                                                                                                                                                                                                                                                                                                                                                                                                                                                                                                                                                                                                                                                                                                                                                                                                                                                                                                                                                                                                                                                                                                                                                                                                                                                                                                                                                                                                                                                                                                                                                                                                                                                                                                                                                                                                                                                                                                                                                                                                                                                                                                                                                                                                                                                                                                                                                                                                                                                                                                                                                                                                                                                                                                                                                                                                                                                                                                                                                                                                                                                                                                                                                                                                                                                                                                                                                                                                                                                                                                                                                                                                                                                                                                                                                                                                                                                                                                                                                                                                                                                                                                                                                                                                                                                                                                                                                                                                                                                                                                                                                                                                                                                                                                                                                                                                                                                                                                                                                                                                                                                                                                                                                                                                                                                                                                                                                                                                                                                                                                                                                                                                                                                                                                                                                                                                                                                                                                                                                                                                                                                                                                                                                                                                                                                                                                                                                                                                                                                                                                                                                                                                                                                                                                                                                                                                                                                                                                                                                                                                                                                                                                                                                                                                                                                                                                                                                                                                                                                                                                                                                                                                                                                                                                                                                                                                                                                                                                                                                                                                                                                                                                                                                                                                                                                                                                                                                                                                                                                                                                                                                                                                                                                                                                                                                                                                                                                                                                                                                                                                                                                                                                                                                                                                                                                                                                                                                                                                                                                                                                                                                                                                                                                                                                                                                                                                                                                                                                                                                                                                                                                                                                                                                                                                                                                                                                                                                                                                                                                                                                                                                                                                                                                                                                                                                                                                                                                                                                                                                                                                                                                                                                                                                                                                                                                                                                                                                                                                                                                                                                                                                                                                                                                                                                                                                                                                                                                                                                                                                                                                                                                                                                                                                                                                                                                                                                                                                                                                                                                                                                                                                                                                                                                                                                                                                                                                                                                                                                                                                                                                                                                                                                                                                                                                                                                                                                                                                                                                                                                                                                                                                                                                                                                                                                                                                                                                                                                                                                                                                                                                                                                                                                                                                                                                                                                                                                                                                                                                                                                                                                                                                                                                                                                                                                                                                                                                                                                                                                                                                                                                                                                                                                                                                                                                                                                                                                                                                                                                                                                                                                                                                                                                                                                                                                                                                                                                                                                                                                                                                                                                                                                                                                                                                                                                                                                                                                                                                                                                                                                                                                                                                                                                                                                                                                                                                                                                                                                                                                                                                                                                                                                                                                                                                                                                                                                                                                                                                                                                                                                                                                                                                                                                                                                                                                                                                                                                                                                                                                                                                                                                                                                                                                                                                                                                                                                                                                                                                                                                                                                                                                                                                                                                                                                                                                                                                                                                                                                                                                                                                                                                                                                                                                                                                                                                                                                                                                                                                                                                                                                                                                                                                                                                                                                                                                                                                                                                                                                                                                                                                                                                                                                                                                                                                                                                                                                                                                                                                                                                                                                                                                                                                                                                                                                                                                                                                                                                                                                                                                                                                                                                                                                                                                                                                                                                                                                                                                                                                                                                                                                                                                                                                                                                                                                                                                                                                                                                                                                                                                                                                                                                                                                                                                                                                                                                                                                                                                                                                                                                                                                                                                                                                                                                                                                                                                                                                                                                                                                                                                                                                                                                                                                                                                                                                                                                                                                                                                                                                                                                                                                                                                                                                                                                                                                                                                                                                                                                                                                                                                                                                                                                                                                                                                                                                                                                                                                                                                                                                                                                                                                                                                                                                                                                                                                                                                                                                                                                                                                                                                                                                                                                                                                                                                                                                                                                                                                                                                                                                                                                                                                                                                                                                                                                                                                                                                                                                                                                                                                                                                                                                                                                                                                                                                                                                                                                                                                                                                                                                                                                                                                                                                                                                                                                                                                                                                                                                                                                                                                                                                                                                                                                                                                                                                                                                                                                                                                                                                                                                                                                                                                                                                                                                                                                                                                                                                                                                                                                                                                                                                                                                                                                                                                                                                                                                                                                                                                                                                                                                                                                                                                                                                                                                                                                                                                                                                                                                                                                                                                                                                                                                                                                                                                                                                                                                                                                                                                                                                                                                                                                                                                                                                                                                                                                                                                                                                                                                                                                                                                                                                                                                                                                                                                                                                                                                                                                                                                                                                                                                                                                                                                                                                                                                                                                                                                                                                                                                                                                                                                                                                                                                                                                                                                                                                                                                                                                                                                                                                                                                                                                                                                                                                                                                                                                                                                                                                                                                                                                                                                                                                                                                                                                                                                                                                                                                                                                                                                                                                                                                                                                                                                                                                                                                                                                                                                                                                                                                                                                                                                                                                                                                                                                                                                                                                                                                                                                                                                                                                                                                                                                                                                                                                                                                                                                                                                                                                                                                                                                                                                                                                                                                                                                                                                                                                                                                                                                                                                                                                                                                                                                                                                                                                                                                                                                                                                                                                                                                                                                                                                                                                                                                                                                                                                                                                                                                                                                                                                                                                                                                                                                                                                                                                                                                                                                                                                                                                                                                                                                                                                                                                                                                                                                                                                                                                                                                                                                                                                                                                                                                                                                                                                                                                                                                                                                                                                                                                                                                                                                                                                                                                                                                                                                                                                                                                                                                                                                                                                                                                                                                                                                                                                                                                                                                                                                                                                                                                                                                                                                                                                                                                                                                                                                                                                                                                                                                                                                                                                                                                                                                                                                                                                                                                                                                                                                                                                                                                                                                                                                                                                                                                                                                                                                                                                                                                                                                                                                                                                                                                                                                                                                                                                                                                                                                                                                                                                                                                                                                                                                                                                                                                                                                                                                                                                                                                                                                                                                                                                                                                                                                                                                                                                                                                                                                                                                                                                                                                                                                                                                                                                                                                                                                                                                                                                                                                                                                                                                                                                                                                                                                                                                                                                                                                                                                                                                                                                                                                                                                                                                                                                                                                                                                                                                                                                                                                                                                                                                                                                                                                                                                                                                                                                                                                                                                                                                                                                                                                                                                                                                                                                                                                                                                                                                                                                                                                                                                                                                                                                                                                                                                                                                                                                                                                                                                                                                                                                                                                                                                                                                                                                                                                                                                                                                                                                                                                                                                                                                                                                                                                                                                                                                                                                                                                                                                                                                                                                                                                                                                                                                                                                                                                                                                                                                                                                                                                                                                                                                                                                                                                                                                                                                                                                                                                                                                                                                                                                                                                                                                                                                                                                                                                                                                                                                                                                                                                                                                                                                                                                                                                                                                                                                                                                                                                                                                                                                                                                                                                                                                                                                                                                                                                                                                                                                                                                                                                                                                                                                                                                                                                                                                                                                                                                                                                                                                                                                                                                                                                                                                                                                                                                                                                                                                                                                                                                                                                                                                                                                                                                                                                                                                                                                                                                                                                                                                                                                                                                                                                                                                                                                                                                                                                                                                                                                                                                                                                                                                                                                                                                                                                                                                                                                                                                                                                                                                                                                                                                                                                                                                                                                                                                                                                                                                                                                                                                                                                                                                                                                                                                                                                                                                                                                                                                                                                                                                                                                                                                                                                                                                                                                                                                                                                                                                                                                                                                                                                                                                                                                                                                                                                                                                                                                                                                                                                                                                                                                                                                                                                                                                                                                                                                                                                                                                                                                                                                                                                                                                                                                                                                                                                                                                                                                                                                                                                                                                                                                                                                                                                                                                                                                                                                                                                                                                                                                                                                                                                                                                                                                                                                                                                                                                                                                                                                                                                                                                                                                                                                                                                                                                                                                                                                                                                                                                                                                                                                                                                                                                                                                                                                                                                                                                                                                                                                                                                                                                                                                                                                                                                                                                                                                                                                                                                                                                                                                                                                                                                                                                                                                                                                                                                                                                                                                                                                                                                                                                                                                                                                                                                                                                                                                                                                                                                                                                                                                                                                                                                                                                                                                                                                                                                                                                                                                                                                                                                                                                                                                                                                                                                                                                                                                                                                                                                                                                                                                                                                                                                                                                                                                                                                                                                                                                                                                                                                                                                                                                                                                                                                                                                                                                                                                                                                                                                                                                                                                                                                                                                                                                                                                                                                                                                                                                                                                                                                                                                                                                                                                                                                                                                                                                                                                                                                                                                                                                                                                                                                                                                                                                                                                                                                                                                                                                                                                                                                                                                                                                                                                                                                                                                                                                                                                                                                                                                                                                                                                                                                                                                                                                                                                                                                                                                                                                                                                                                                                                                                                                                                                                                                                                                                                                                                                                                                                                                                                                                                                                                                                                                                                                                                                                                                                                                                                                                                                                                                                                                                                                                                                                                                                                                                                                                                                                                                                                                                                                                                                                                                                                                                                                                                                                                                                                                                                                                                                                                                                                                                                                                                                                                                                                                                                                                                                                                                                                                                                                                                                                                                                                                                                                                                                                                                                                                                                                                                                                                                                                                                                                                                                                                                                                                                                                                                                                                                                                                                                                                                                                                                                                                                                                                                                                                                                                                                                                                                                                                                                                                                                                                                                                                                                                                                                                                                                                                                                                                                                                                                                                                                                                                                                                                                                                                                                                                                                                                                                                                                                                                                                                                                                                                                                                                                                                                                                                                                                                                                                                                                                                                                                                                                                                                                                                                                                                                                                                                                                                                                                                                                                                                                                                                                                                                                                                                                                                                                                                                                                                                                                                                                                                                                                                                                                                                                                                                                                                                                                                                                                                                                                                                                                                                                                                                                                                                                                                                                                                                                                                                                                                                                                                                                                                                                                                                                                                                                                                                                                                                                                                                                                                                                                                                                                                                                                                                                                                                                                                                                                                                                                                                                                                                                                                                                                                                                                                                                                                                                                                                                                                                                                                                                                                                                                                                                                                                                                                                                                                                                                                                                                                                                                                                                                                                                                                                                                                                                                                                                                                                                                                                                                                                                                                                                                                                                                                                                                                                                                                                                                                                                                                                                                                                                                                                                                                                                                                                                                                                                                                                                                                                                                                                                                                                                                                                                                                                                                                                                                                                                                                                                                                                                                                                                                                                                                                                                                                                                                                                                                                                                                                                                                                                                                                                                                                                                                                                                                                                                                                                                                                                                                                                                                                                                                                                                                                                                                                                                                                                                                                                                                                                                                                                                                                                                                                                                                                                                                                                                                                                                                                                                                                                                                                                                                                                                                                                                                                                                                                                                                                                                                                                                                                                                                                                                                                                                                                                                                                                                                                                                                                                                                                                                                                                                                                                                                                                                                                                                                                                                                                                                                                                                                                                                                                                                                                                                                                                                                                                                                                                                                                                                                                                                                                                                                                                                                                                                                                                                                                                                                                                                                                                                                                                                                                                                                                                                                                                                                                                                                                                                                                                                                                                                                                                                                                                                                                                                                                                                                                                                                                                                                                                                                                                                                                                                                                                                                                                                                                                                                                                                                                                                                                                                                                                                                                                                                                                                                                                                                                                                                                                                                                                                                                                                                                                                                                                                                                                                                                                                                                                                                                                                                                                                                                                                                                                                                                                                                                                                                                                                                                                                                                                                                                                                                                                                                                                                                                                                                                                                                                                                                                                                                                                                                                                                                                                                                                                                                                                                                                                                                                                                                                                                                                                                                                                                                                                                                                                                                                                                                                                                                                                                                                                                                                                                                                                                                                                                                                                                                                                                                                                                                                                                                                                                                                                                                                                                                                                                                                                                                                                                                                                                                                                                                                                                                                                                                                                                                                                                                                                                                                                                                                                                                                                                                                                                                                                                                                                                                                                                                                                                                                                                                                                                                                                                                                                                                                                                                                                                                                                                                                                                                                                                                                              ^^^^^^^^^^^^^^^^^^^^^^^^^^^^^^^^^^^
[rank0]:   File "/project/6101839/piado/vae/snth/lib/python3.11/site-packages/torch/_inductor/compile_fx.py", line 1843, in run
[rank0]:     return compiled_fn(new_inputs)  # type: ignore[arg-type]
[rank0]:            ^^^^^^^^^^^^^^^^^^^^^^^
[rank0]:   File "/project/6101839/piado/vae/snth/lib/python3.11/site-packages/torch/_inductor/cudagraph_trees.py", line 404, in deferred_cudagraphify
[rank0]:     fn, out = cudagraphify(model, inputs, new_static_input_idxs, *args, **kwargs)
[rank0]:               ^^^^^^^^^^^^^^^^^^^^^^^^^^^^^^^^^^^^^^^^^^^^^^^^^^^^^^^^^^^^^^^^^^^
[rank0]:   File "/project/6101839/piado/vae/snth/lib/python3.11/site-packages/torch/_inductor/cudagraph_trees.py", line 464, in cudagraphify
[rank0]:     return manager.add_function(
[rank0]:            ^^^^^^^^^^^^^^^^^^^^^
[rank0]:   File "/project/6101839/piado/vae/snth/lib/python3.11/site-packages/torch/_inductor/cudagraph_trees.py", line 2337, in add_function
[rank0]:     return fn, fn(inputs)
[rank0]:                ^^^^^^^^^^
[rank0]:   File "/project/6101839/piado/vae/snth/lib/python3.11/site-packages/torch/_inductor/cudagraph_trees.py", line 2033, in run
[rank0]:     out = self._run(new_inputs, function_id)
[rank0]:           ^^^^^^^^^^^^^^^^^^^^^^^^^^^^^^^^^^
[rank0]:   File "/project/6101839/piado/vae/snth/lib/python3.11/site-packages/torch/_inductor/cudagraph_trees.py", line 2137, in _run
[rank0]:     return self.run_eager(new_inputs, function_id)
[rank0]:            ^^^^^^^^^^^^^^^^^^^^^^^^^^^^^^^^^^^^^^^
[rank0]:   File "/project/6101839/piado/vae/snth/lib/python3.11/site-packages/torch/_inductor/cudagraph_trees.py", line 2298, in run_eager
[rank0]:     return node.run(new_inputs)
[rank0]:            ^^^^^^^^^^^^^^^^^^^^
[rank0]:   File "/project/6101839/piado/vae/snth/lib/python3.11/site-packages/torch/_inductor/cudagraph_trees.py", line 692, in run
[rank0]:     out = self.wrapped_function.model(new_inputs)
[rank0]:           ^^^^^^^^^^^^^^^^^^^^^^^^^^^^^^^^^^^^^^^
[rank0]:   File "/tmp/.torchinductor/3i/c3idafdz2gbieb44amlplr6acful4la3khur54k7kls6nozjg477.py", line 11017, in partition_0
[rank0]:     buf586 = extern_kernels.convolution(buf584, buf585, stride=(1, 1, 1), padding=(0, 0, 0), dilation=(1, 1, 1), transposed=False, output_padding=(0, 0, 0), groups=1, bias=None)
[rank0]:              ^^^^^^^^^^^^^^^^^^^^^^^^^^^^^^^^^^^^^^^^^^^^^^^^^^^^^^^^^^^^^^^^^^^^^^^^^^^^^^^^^^^^^^^^^^^^^^^^^^^^^^^^^^^^^^^^^^^^^^^^^^^^^^^^^^^^^^^^^^^^^^^^^^^^^^^^^^^^^^^^^^^^
[rank0]:   File "/project/6101839/piado/vae/snth/lib/python3.11/site-packages/torch/utils/_device.py", line 109, in __torch_function__
[rank0]:     return func(*args, **kwargs)
[rank0]:            ^^^^^^^^^^^^^^^^^^^^^
[rank0]: torch.OutOfMemoryError: CUDA out of memory. Tried to allocate 432.00 MiB. GPU 0 has a total capacity of 44.39 GiB of which 206.12 MiB is free. Including non-PyTorch memory, this process has 44.18 GiB memory in use. Of the allocated memory 41.60 GiB is allocated by PyTorch, with 162.66 MiB allocated in private pools (e.g., CUDA Graphs), and 1.58 GiB is reserved by PyTorch but unallocated. If reserved but unallocated memory is large try setting PYTORCH_ALLOC_CONF=expandable_segments:True to avoid fragmentation.  See documentation for Memory Management  (https://pytorch.org/docs/stable/notes/cuda.html#environment-variables)
[rank0]:[W615 07:56:00.596206845 ProcessGroupNCCL.cpp:1553] Warning: WARNING: destroy_process_group() was not called before program exit, which can leak resources. For more info, please see https://pytorch.org/docs/stable/distributed.html#shutdown (function operator())
Traceback (most recent call last):
  File "/project/6101839/piado/vae/snth/bin/accelerate", line 7, in <module>
    sys.exit(main())
             ^^^^^^
  File "/project/6101839/piado/vae/snth/lib/python3.11/site-packages/accelerate/commands/accelerate_cli.py", line 50, in main
    args.func(args)
  File "/project/6101839/piado/vae/snth/lib/python3.11/site-packages/accelerate/commands/launch.py", line 1281, in launch_command
    simple_launcher(args)
  File "/project/6101839/piado/vae/snth/lib/python3.11/site-packages/accelerate/commands/launch.py", line 869, in simple_launcher
    raise subprocess.CalledProcessError(returncode=process.returncode, cmd=cmd)
subprocess.CalledProcessError: Command '['/project/6101839/piado/vae/snth/bin/python', '/home/piado/projects/aip-lindell/piado/vae/Open-Sora/scripts/vae/train.py', '/home/piado/projects/aip-lindell/piado/vae/Open-Sora/configs/vae/train/wan_multiview_finetune.py', '--experiment_name', 'res_sweep_8frames_512px__job3960503_t4', '--wandb_expr_name', 'res_sweep_8frames_512px', '--data_preset', 'all_people_one_expression', '--profile_timing', 'False', '--profile_step', 'False', '--wandb', 'True', '--log_every', '1000', '--eval_every', '1000', '--full_eval_every', '5000', '--log_milestones', '[10,100,500]', '--eval_milestones', '[10,100,500]', '--debug_stats_every', '100', '--log_memory', 'True', '--optimization', 'True', '--optimization_compile_mode', 'reduce-overhead', '--save_ckpt', 'True', '--keep_n_latest', '3', '--epochs', '100000', '--nersemble_processed_base', '/datasets/lindell-proj/neumayr/nersemble_v2/processed/8-frames', '--bucket_config', "{'512px_ar1:1': {9: (1.0, 1)}}", '--batch_size', '4', '--accumulation_steps', '1']' returned non-zero exit status 1.
chgrp: changing group of 'outputs/res_sweep_8frames_512px__job3960503_t4/config.txt': Operation not permitted
chgrp: changing group of 'outputs/res_sweep_8frames_512px__job3960503_t4/eval_metrics.jsonl': Operation not permitted
chgrp: changing group of 'outputs/res_sweep_8frames_512px__job3960503_t4/log.txt': Operation not permitted
chgrp: changing group of 'outputs/res_sweep_8frames_512px__job3960503_t4/loss_config.json': Operation not permitted
chgrp: changing group of 'outputs/res_sweep_8frames_512px__job3960503_t4/train_debug_stats.jsonl': Operation not permitted
chgrp: changing group of 'outputs/res_sweep_8frames_512px__job3960503_t4': Operation not permitted
[[34m2026-06-15 07:56:25[0m] Experiment directory created at outputs/res_sweep_8frames_512px__job3960503_t4
[[34m2026-06-15 07:56:25[0m] Determinism mode: cuBLAS workspace, cudnn deterministic, TF32 disabled, torch.use_deterministic_algorithms(warn_only=True); data workers use seed+worker_id; epoch Python RNG uses seed+rank. Multi-GPU ZeRO and BF16 may still break bit-for-bit replay.
[[34m2026-06-15 07:56:25[0m] Using explicit global grad clipping (max_norm=2.0) with DP all-reduce; plugin-internal clipping disabled to avoid ZeRO shard-local clipping ambiguity.
[[34m2026-06-15 07:56:25[0m] Training configuration:
 {'DATA_ROOT': '/datasets/lindell-proj/neumayr/nersemble_v2/processed/8-frames/128-res',
 '_gen_loss_config': None,
 '_optim_discriminator': None,
 '_resolved': {'bucket_key': '128px_ar1:1',
               'data_root': '/datasets/lindell-proj/neumayr/nersemble_v2/processed/8-frames/128-res',
               'load_from_128_for_64_high_t': False,
               'load_res_fallback': None,
               'target_px': 128,
               'train_target_frames': 9,
               'train_target_hw': (128, 128)},
 '_val_participants': [97, 175, 226, 18, 30, 38, 85, 124, 227, 240],
 'accumulation_steps': 1,
 'all_people_expression_sequence': 'EMO-1-shout+laugh',
 'batch_size': 4,
 'bucket_config': {'512px_ar1:1': {9: (1.0, 1)}},
 'config_path': '/home/piado/projects/aip-lindell/piado/vae/Open-Sora/configs/vae/train/wan_multiview_finetune.py',
 'data_preset': 'all_people_one_expression',
 'dataset': {'data_path': '/datasets/lindell-proj/neumayr/nersemble_v2/processed/8-frames/128-res',
             'exclude_participants': [97,
                                      175,
                                      226,
                                      18,
                                      30,
                                      38,
                                      85,
                                      124,
                                      227,
                                      240],
             'expression_sequence': 'EMO-1-shout+laugh',
             'participants': None,
             'repeat': 1,
             'scan_subdirs': True,
             'skip_mismatched_views': True,
             'type': 'pt_video'},
 'dataset_presets': {'__default__': {'data_path': '/datasets/lindell-proj/neumayr/nersemble_v2/processed/8-frames/128-res',
                                     'participants': [17,
                                                      18,
                                                      30,
                                                      31,
                                                      32,
                                                      33,
                                                      35,
                                                      36,
                                                      37],
                                     'repeat': 1,
                                     'scan_subdirs': True,
                                     'type': 'pt_video'},
                     'all_people': {'data_path': '/datasets/lindell-proj/neumayr/nersemble_v2/processed/8-frames/128-res',
                                    'exclude_participants': [97,
                                                             175,
                                                             226,
                                                             18,
                                                             30,
                                                             38,
                                                             85,
                                                             124,
                                                             227,
                                                             240],
                                    'expected_views': 2,
                                    'participants': None,
                                    'repeat': 1,
                                    'scan_subdirs': True,
                                    'skip_mismatched_views': True,
                                    'type': 'pt_video'},
                     'all_people_one_expression': {'data_path': '/datasets/lindell-proj/neumayr/nersemble_v2/processed/8-frames/128-res',
                                                   'exclude_participants': [97,
                                                                            175,
                                                                            226,
                                                                            18,
                                                                            30,
                                                                            38,
                                                                            85,
                                                                            124,
                                                                            227,
                                                                            240],
                                                   'expression_sequence': 'EMO-1-shout+laugh',
                                                   'participants': None,
                                                   'repeat': 1,
                                                   'scan_subdirs': True,
                                                   'skip_mismatched_views': True,
                                                   'type': 'pt_video'},
                     'one_person': {'data_path': '/datasets/lindell-proj/neumayr/nersemble_v2/processed/8-frames/128-res',
                                    'exclude_sequences': ['EMO-4-disgust+happy',
                                                          'SEN-10-port_strong_smokey'],
                                    'participants': [18],
                                    'repeat': 1,
                                    'scan_subdirs': True,
                                    'type': 'pt_video'},
                     'single_sequence': {'data_path': '/datasets/lindell-proj/neumayr/nersemble_v2/processed/8-frames/128-res/p017/EMO-1-shout+laugh/frames.pt',
                                         'repeat': 1,
                                         'type': 'pt_video'},
                     'some_people': {'data_path': '/datasets/lindell-proj/neumayr/nersemble_v2/processed/8-frames/128-res',
                                     'participants': [17,
                                                      31,
                                                      32,
                                                      33,
                                                      35,
                                                      36,
                                                      37],
                                     'repeat': 1,
                                     'scan_subdirs': True,
                                     'type': 'pt_video'}},
 'debug_stats_every': 100,
 'debug_stats_start_step': 0,
 'debug_stats_weight_every': 50,
 'deterministic': True,
 'disc_learning_rate': None,
 'disc_multiview_mode': 'joint_4d',
 'disc_per_frame_2d': False,
 'discriminator': None,
 'discriminator_choice': 'none',
 'dtype': 'bf16',
 'dynamo_backend': 'no',
 'ema_decay': 0.9999,
 'epochs': 100000,
 'eval_batch_size': 1,
 'eval_every': 1000,
 'eval_milestones': [10, 100, 500],
 'eval_num_samples': 0,
 'eval_use_ema': True,
 'experiment_name': 'res_sweep_8frames_512px__job3960503_t4',
 'final_eval': True,
 'final_eval_num_samples': 0,
 'fixed_seq_eval_every_epochs': 0,
 'full_eval_every': 5000,
 'gan_log_adaptive_grad_metrics': False,
 'gen_disc_weight': None,
 'grad_checkpoint': True,
 'grad_clip': 2.0,
 'keep_n_latest': 3,
 'kl_loss_weight': 1e-06,
 'learning_rate': 0.0001,
 'log_bottleneck_every': 0,
 'log_every': 1000,
 'log_latent_shapes_every': 0,
 'log_memory': True,
 'log_milestones': [10, 100, 500],
 'log_step_time': True,
 'log_training_design_summary': True,
 'log_training_param_overview': True,
 'logvar_init': 0.0,
 'lr_scheduler': {'decay_factor': 0.5,
                  'decay_steps': 5000,
                  'min_lr': 5e-06,
                  'use_exponential_decay': True,
                  'warmup_steps': 100},
 'mixed_image_ratio': 0.0,
 'mixed_strategy': None,
 'model': {'freeze_temporal': True,
           'from_pretrained': '/home/piado/scratch/Wan2.1_VAE.pth',
           'from_scratch': False,
           'full_finetune_decoder': False,
           'fusion_mode': 'cross_attention',
           'lora_rank': 32,
           'train_spatial': True,
           'type': 'multiview_wan_video_vae',
           'use_crossview_encoder': True,
           'use_lora': True,
           'use_lora_after': True,
           'use_lora_before': False,
           'use_view_embedding': False,
           'use_view_group_fusion': False,
           'use_viewwise_decoder_lora': False,
           'view_compression': 2,
           'view_in': 0,
           'view_mixing_strategy': 'embedding',
           'z_dim': 16},
 'nersemble_processed_base': '/datasets/lindell-proj/neumayr/nersemble_v2/processed/8-frames',
 'num_bucket_build_workers': 1,
 'num_reconstruction_vis_samples': 3,
 'num_workers': 8,
 'optim': {'betas': (0.9, 0.98),
           'cls': 'AdamW',
           'eps': 1e-08,
           'lr': 0.0001,
           'weight_decay': 0.0},
 'optimization': True,
 'optimization_compile_mode': 'reduce-overhead',
 'outputs': 'outputs',
 'perceptual_loss_weight': 1.5,
 'persistent_workers': True,
 'pin_memory_cache_pre_alloc_numels': None,
 'plugin': 'none',
 'plugin_config': {'overlap_allgather': False, 'reduce_bucket_size_in_m': 128},
 'prefetch_factor': 4,
 'profile_step': False,
 'profile_timing': False,
 'profile_timing_step': 50,
 'save_ckpt': True,
 'seed': 42,
 'sweep_gen_disc_weight': None,
 'train_psnr_guard': False,
 'train_psnr_guard_consecutive': 5,
 'train_psnr_guard_min_epochs': 0,
 'train_psnr_guard_start_epoch': 0,
 'train_psnr_guard_threshold': 15.0,
 'train_target_frames': 9,
 'train_target_hw': (512, 512),
 'update_warmup_steps': False,
 'vae_loss_config': {'kl_loss_weight': 1e-06,
                     'logvar_init': 0.0,
                     'perceptual_loss_weight': 1.5,
                     'view_consistency_weight': 0.0},
 'vae_loss_preset': 'default',
 'vae_target_range': '[-1,1]',
 'val_dataset': {'data_path': '/datasets/lindell-proj/neumayr/nersemble_v2/processed/8-frames/128-res',
                 'expression_sequence': 'EMO-1-shout+laugh',
                 'participants': [97, 175, 226, 18, 30, 38, 85, 124, 227, 240],
                 'repeat': 1,
                 'scan_subdirs': True,
                 'skip_mismatched_views': True,
                 'type': 'pt_video'},
 'val_dataset_presets': {'__default__': None,
                         'all_people': {'data_path': '/datasets/lindell-proj/neumayr/nersemble_v2/processed/8-frames/128-res',
                                        'expected_views': 2,
                                        'participants': [97,
                                                         175,
                                                         226,
                                                         18,
                                                         30,
                                                         38,
                                                         85,
                                                         124,
                                                         227,
                                                         240],
                                        'repeat': 1,
                                        'scan_subdirs': True,
                                        'skip_mismatched_views': True,
                                        'type': 'pt_video'},
                         'all_people_one_expression': {'data_path': '/datasets/lindell-proj/neumayr/nersemble_v2/processed/8-frames/128-res',
                                                       'expression_sequence': 'EMO-1-shout+laugh',
                                                       'participants': [97,
                                                                        175,
                                                                        226,
                                                                        18,
                                                                        30,
                                                                        38,
                                                                        85,
                                                                        124,
                                                                        227,
                                                                        240],
                                                       'repeat': 1,
                                                       'scan_subdirs': True,
                                                       'skip_mismatched_views': True,
                                                       'type': 'pt_video'},
                         'one_person': {'data_path': '/datasets/lindell-proj/neumayr/nersemble_v2/processed/8-frames/128-res',
                                        'include_only_sequences': ['EMO-4-disgust+happy',
                                                                   'SEN-10-port_strong_smokey'],
                                        'participants': [17],
                                        'repeat': 1,
                                        'scan_subdirs': True,
                                        'type': 'pt_video'},
                         'single_sequence': None,
                         'some_people': {'data_path': '/datasets/lindell-proj/neumayr/nersemble_v2/processed/8-frames/128-res',
                                         'participants': [18, 30],
                                         'repeat': 1,
                                         'scan_subdirs': True,
                                         'type': 'pt_video'}},
 'view_consistency_weight': 0.0,
 'view_flatten_in_disc': False,
 'view_flatten_in_loss': False,
 'wandb': True,
 'wandb_expr_name': 'res_sweep_8frames_512px',
 'wandb_min_steps_before_init': 10,
 'wandb_project': 'wan_multiview_vae'}
[[34m2026-06-15 07:56:25[0m] Building dataset...
[[34m2026-06-15 07:56:25[0m] Dataset contains 400 samples.
[[34m2026-06-15 07:56:25[0m] Val (held-out) dataset contains 9 samples.
[[34m2026-06-15 07:56:25[0m] Fixed per-frame eval sequence name: EMO-1-shout+laugh (train idx=0, val idx=0)
[[34m2026-06-15 07:56:25[0m] Building models...
[[34m2026-06-15 07:56:25[0m] Auto-detected model.view_in=8 from first dataset sample
[[34m2026-06-15 07:56:27[0m] [MultiviewWanVideoVAE] Number of parameters: 180.50 M
[[34m2026-06-15 07:56:27[0m] [MultiviewWanVideoVAE] Number of trainable parameters: 94.40 M
[[34m2026-06-15 07:56:28[0m] EMA model created.
[[34m2026-06-15 07:56:28[0m] [optimization] channels_last_3d: disabled (fragile with view() ops and compile cache)
[[34m2026-06-15 07:56:28[0m] VAE trainable params (optimizer): 98,985,776
[[34m2026-06-15 07:56:28[0m] [optimization] torch.compile: mode=reduce-overhead (first step will be slow)
[[34m2026-06-15 07:56:28[0m] Preparing for distributed training...
[[34m2026-06-15 07:56:28[0m] Optimizer AdamW has no `.backward`; using booster.backward(loss=...) compatibility path.
[[34m2026-06-15 07:56:28[0m] Boosted model for distributed training
[[34m2026-06-15 07:56:28[0m] Training for 100000 epochs with 400 steps per epoch
[[34m2026-06-15 07:56:28[0m] [optimization] Warming up torch.compile eval graph (one-time, before training loop)...
[[34m2026-06-15 07:56:45[0m] [AttentionMultiViewVideoVan] latent shape: (1, 16, 9, 64, 64)  (B=1, z_dim=16, T'=9, H'=64, W'=64)
[[34m2026-06-15 07:58:06[0m] [optimization] Eval graph warm-up done.
[rank0]:[W615 07:58:06.688654564 ProcessGroupNCCL.cpp:5138] Guessing device ID based on global rank. This can cause a hang if rank to GPU mapping is heterogeneous. You can specify device_id in init_process_group()
train:   0%|          | 0/400 [00:00<?, ?it/s]train:   0%|          | 0/400 [00:00<?, ?it/s, epoch=0][[34m2026-06-15 07:58:07[0m] ======== Wan multiview / crossview design summary (one-time) ========
[[34m2026-06-15 07:58:07[0m] use_crossview_encoder=True
[[34m2026-06-15 07:58:07[0m] fusion_mode='cross_attention'
[[34m2026-06-15 07:58:07[0m]   -> Bidirectional cross-attention between views: each view attends to the other view’s tokens, then features are combined for the rest of the encoder/decoder. Strong when views are aligned but not identical.
[[34m2026-06-15 07:58:07[0m] view_in=8, view_mixing_strategy=embedding
[[34m2026-06-15 07:58:07[0m] use_view_embedding vs use_viewwise_decoder_lora: per-view additive embeddings bias early (or latent) features with a small vector per view; viewwise_decoder_lora adds low-rank adapters on the decoder side conditioned by view index—typically more flexible than a single embedding per view for reconstruction, at the cost of more trainable parameters.
[[34m2026-06-15 07:58:07[0m]   use_view_embedding=False
[[34m2026-06-15 07:58:07[0m]   use_viewwise_decoder_lora=False
[[34m2026-06-15 07:58:07[0m] use_lora=True, use_lora_before=False, use_lora_after=True, lora_rank=32. Before = LoRA on the encoder stem / early downsampling; after = bottleneck and later decoder. Both can be enabled for two complementary adaptation regions.
[[34m2026-06-15 07:58:07[0m] LoRA rank: all listed adapters in this stack typically share this rank. Larger rank increases adapter capacity and parameter count roughly linearly in rank; too high can overfit small datasets, too low can underfit cross-view cues.
[[34m2026-06-15 07:58:07[0m] freeze_temporal=True, train_spatial=True
[[34m2026-06-15 07:58:07[0m] ======== end design summary ========
[[34m2026-06-15 07:58:07[0m] [VAE] param overview: total=180.50 M trainable=94.40 M (52.30% of weights) frozen=86.10 M
[[34m2026-06-15 07:58:07[0m] [VAE] LoRA trainable: 998.59 K (1.0% of trainable); heuristic attention/cross-fusion LoRA: 998.59 K (100.0% of LoRA); other LoRA: 0
[[34m2026-06-15 07:58:07[0m] [VAE] base trainable (non-LoRA): 93.43 M (99.0% of trainable)
[[34m2026-06-15 07:58:07[0m] [VAE] LoRA heuristic buckets (buckets overlap if a name matches multiple hints): encoder/stem-ish=275.50 K, decoder-ish=723.09 K, viewwise-ish=0
train:   0%|          | 0/400 [07:02<?, ?it/s, epoch=0]
[rank0]: Traceback (most recent call last):
[rank0]:   File "/home/piado/projects/aip-lindell/piado/vae/Open-Sora/scripts/vae/train.py", line 3503, in <module>
[rank0]:     main()
[rank0]:   File "/home/piado/projects/aip-lindell/piado/vae/Open-Sora/scripts/vae/train.py", line 2321, in main
[rank0]:     x_rec, posterior, z = model(x)
[rank0]:                           ^^^^^^^^
[rank0]:   File "/project/6101839/piado/vae/snth/lib/python3.11/site-packages/torch/_dynamo/eval_frame.py", line 465, in __call__
[rank0]:     return super().__call__(*args, **kwargs)
[rank0]:            ^^^^^^^^^^^^^^^^^^^^^^^^^^^^^^^^^
[rank0]:   File "/project/6101839/piado/vae/snth/lib/python3.11/site-packages/torch/nn/modules/module.py", line 1776, in _wrapped_call_impl
[rank0]:     return self._call_impl(*args, **kwargs)
[rank0]:            ^^^^^^^^^^^^^^^^^^^^^^^^^^^^^^^^
[rank0]:   File "/project/6101839/piado/vae/snth/lib/python3.11/site-packages/torch/nn/modules/module.py", line 1787, in _call_impl
[rank0]:     return forward_call(*args, **kwargs)
[rank0]:            ^^^^^^^^^^^^^^^^^^^^^^^^^^^^^
[rank0]:   File "/project/6101839/piado/vae/snth/lib/python3.11/site-packages/torch/_dynamo/eval_frame.py", line 953, in compile_wrapper
[rank0]:     return fn(*args, **kwargs)
[rank0]:            ^^^^^^^^^^^^^^^^^^^
[rank0]:   File "/project/6101839/piado/vae/snth/lib/python3.11/site-packages/torch/nn/modules/module.py", line 1776, in _wrapped_call_impl
[rank0]:     return self._call_impl(*args, **kwargs)
[rank0]:            ^^^^^^^^^^^^^^^^^^^^^^^^^^^^^^^^
[rank0]:   File "/project/6101839/piado/vae/snth/lib/python3.11/site-packages/torch/nn/modules/module.py", line 1787, in _call_impl
[rank0]:     return forward_call(*args, **kwargs)
[rank0]:            ^^^^^^^^^^^^^^^^^^^^^^^^^^^^^
[rank0]:   File "/project/6101839/piado/vae/Open-Sora/opensora/models/vae/wan_video_vae.py", line 561, in forward
[rank0]:     def forward(self, x):
[rank0]:   File "/project/6101839/piado/vae/snth/lib/python3.11/site-packages/torch/_dynamo/eval_frame.py", line 1181, in _fn
[rank0]:     return fn(*args, **kwargs)
[rank0]:            ^^^^^^^^^^^^^^^^^^^
[rank0]:   File "/project/6101839/piado/vae/snth/lib/python3.11/site-packages/torch/_functorch/aot_autograd.py", line 1148, in forward
[rank0]:     return compiled_fn(full_args)
[rank0]:            ^^^^^^^^^^^^^^^^^^^^^^
[rank0]:   File "/project/6101839/piado/vae/snth/lib/python3.11/site-packages/torch/_functorch/_aot_autograd/runtime_wrappers.py", line 343, in runtime_wrapper
[rank0]:     all_outs = call_func_at_runtime_with_args(
[rank0]:                ^^^^^^^^^^^^^^^^^^^^^^^^^^^^^^^
[rank0]:   File "/project/6101839/piado/vae/snth/lib/python3.11/site-packages/torch/_functorch/_aot_autograd/utils.py", line 134, in call_func_at_runtime_with_args
[rank0]:     out = normalize_as_list(f(args))
[rank0]:                             ^^^^^^^
[rank0]:   File "/project/6101839/piado/vae/snth/lib/python3.11/site-packages/torch/_functorch/_aot_autograd/utils.py", line 108, in g
[rank0]:     return f(*args)
[rank0]:            ^^^^^^^^
[rank0]:   File "/project/6101839/piado/vae/snth/lib/python3.11/site-packages/torch/autograd/function.py", line 583, in apply
[rank0]:     return super().apply(*args, **kwargs)  # type: ignore[misc]
[rank0]:            ^^^^^^^^^^^^^^^^^^^^^^^^^^^^^^
[rank0]:   File "/project/6101839/piado/vae/snth/lib/python3.11/site-packages/torch/_functorch/_aot_autograd/runtime_wrappers.py", line 2152, in forward
[rank0]:     fw_outs = call_func_at_runtime_with_args(
[rank0]:               ^^^^^^^^^^^^^^^^^^^^^^^^^^^^^^^
[rank0]:   File "/project/6101839/piado/vae/snth/lib/python3.11/site-packages/torch/_functorch/_aot_autograd/utils.py", line 134, in call_func_at_runtime_with_args
[rank0]:     out = normalize_as_list(f(args))
[rank0]:                             ^^^^^^^
[rank0]:   File "/project/6101839/piado/vae/snth/lib/python3.11/site-packages/torch/_functorch/_aot_autograd/runtime_wrappers.py", line 531, in wrapper
[rank0]:     return compiled_fn(runtime_args)
[rank0]:            ^^^^^^^^^^^^^^^^^^^^^^^^^
[rank0]:   File "/project/6101839/piado/vae/snth/lib/python3.11/site-packages/torch/_functorch/_aot_autograd/runtime_wrappers.py", line 729, in inner_fn
[rank0]:     outs = compiled_fn(args)
[rank0]:            ^^^^^^^^^^^^^^^^^
[rank0]:   File "/project/6101839/piado/vae/snth/lib/python3.11/site-packages/torch/_inductor/output_code.py", line 638, in __call__
[rank0]:     return self.current_callable(inputs)
[rank0]:            ^^^^^^^^^^^^^^^^^^^^^^^^^^^^^
[rank0]:   File "/tmp/.torchinductor/3i/c3idafdz2gbieb44amlplr6acful4la3khur54k7kls6nozjg477.py", line 70036, in call
[rank0]:     (buf0, buf3, buf5, buf6, buf9, buf11, buf12, buf15, buf17, buf18, buf21, buf23, buf24, buf27, buf30, buf34, buf35, buf38, buf40, buf41, buf44, buf46, buf47, buf50, buf52, buf53, buf56, buf59, buf63, buf64, buf67, buf69, buf70, buf73, buf75, buf76, buf79, buf81, buf82, buf85, buf88, buf90, buf91, buf94, buf96, buf97, buf100, buf102, buf103, buf106, buf108, buf109, buf112, buf115, buf117, buf118, buf121, buf123, buf124, buf127, buf129, buf130, buf133, buf135, buf136, buf139, buf142, buf146, buf147, buf150, buf152, buf153, buf156, buf158, buf159, buf162, buf164, buf165, buf168, buf171, buf175, buf176, buf179, buf181, buf182, buf185, buf187, buf188, buf191, buf193, buf194, buf197, buf200, buf202, buf203, buf206, buf208, buf209, buf212, buf214, buf215, buf218, buf220, buf221, buf224, buf227, buf229, buf230, buf233, buf235, buf236, buf239, buf241, buf242, buf245, buf247, buf248, buf251, buf254, buf258, buf259, buf262, buf264, buf265, buf268, buf270, buf271, buf274, buf276, buf277, buf280, buf283, buf287, buf288, buf291, buf293, buf294, buf297, buf299, buf300, buf303, buf305, buf306, buf309, buf312, buf314, buf315, buf318, buf320, buf321, buf324, buf326, buf327, buf330, buf332, buf333, buf336, buf339, buf341, buf342, buf345, buf347, buf348, buf351, buf353, buf354, buf357, buf359, buf360, buf363, buf366, buf370, buf371, buf374, buf376, buf377, buf380, buf382, buf383, buf386, buf388, buf389, buf392, buf395, buf399, buf400, buf403, buf405, buf406, buf409, buf411, buf412, buf415, buf417, buf418, buf421, buf424, buf426, buf427, buf430, buf432, buf433, buf436, buf438, buf439, buf442, buf444, buf445, buf448, buf451, buf453, buf454, buf457, buf459, buf460, buf463, buf465, buf466, buf469, buf471, buf472, buf475, buf478, buf482, buf483, buf486, buf488, buf489, buf492, buf494, buf495, buf498, buf500, buf501, buf504, buf507, buf511, buf512, buf515, buf517, buf518, buf521, buf523, buf524, buf527, buf529, buf530, buf533, buf536, buf538, buf539, buf542, buf544, buf545, buf548, buf550, buf551, buf554, buf556, buf557, buf560, buf563, buf565, buf566, buf569, buf571, buf572, buf575, buf577, buf578, buf581, buf583, buf584, buf587, buf590, buf594, buf595, buf598, buf600, buf601, buf604, buf606, buf607, buf610, buf612, buf613, buf616, buf619, buf623, buf624, buf627, buf629, buf630, buf633, buf635, buf636, buf639, buf641, buf642, buf645, buf648, buf650, buf651, buf654, buf656, buf657, buf660, buf662, buf663, buf666, buf668, buf669, buf672, buf675, buf677, buf678, buf681, buf683, buf684, buf687, buf689, buf690, buf693, buf695, buf696, buf699, buf702, buf706, buf707, buf710, buf712, buf713, buf716, buf718, buf719, buf722, buf724, buf725, buf728, buf731, buf735, buf736, buf739, buf741, buf742, buf745, buf747, buf748, buf751, buf753, buf754, buf757, buf760, buf762, buf763, buf766, buf768, buf769, buf772, buf774, buf775, buf778, buf780, buf781, buf784, buf787, buf789, buf790, buf793, buf795, buf796, buf799, buf801, buf802, buf805, buf807, buf808, buf811, buf814, buf818, buf819, buf822, buf824, buf825, buf828, buf830, buf831, buf834, buf836, buf837, buf840, buf843, buf847, buf848, buf851, buf853, buf854, buf857, buf859, buf860, buf863, buf865, buf866, buf869, buf872, buf874, buf875, buf878, buf880, buf881, buf884, buf886, buf887, buf890, buf892, buf893, buf896, buf898, buf899, buf901, buf903, buf904, buf905, buf906, buf908, buf911, buf933, buf936, buf958, buf961, buf912, buf937, buf962, buf915, buf917, buf940, buf942, buf965, buf967, buf918, buf943, buf968, buf921, buf923, buf946, buf948, buf971, buf973, buf924, buf949, buf974, buf927, buf929, buf952, buf954, buf977, buf979, buf930, buf955, buf980, buf983, buf986, buf987, buf990, buf992, buf993, buf996, buf998, buf999, buf1002, buf1004, buf1005, buf1008, buf1011, buf1033, buf1036, buf1012, buf1037, buf1015, buf1017, buf1040, buf1042, buf1018, buf1043, buf1021, buf1023, buf1046, buf1048, buf1024, buf1049, buf1027, buf1029, buf1052, buf1054, buf1030, buf1055, buf1058, buf1061, buf1062, buf1065, buf1067, buf1068, buf1071, buf1073, buf1074, buf1077, buf1079, buf1080, buf1083, buf1085, buf1086, buf1087, buf1090, buf1092, buf1094, buf1095, buf1096, buf1099, buf1101, buf1103, buf1104, buf1105, buf1106, buf1109, buf1110, buf1113, buf1114, buf1115, buf1118, buf1120, buf1121, buf1122, buf1123, buf1124, buf1125, buf1128, buf1129, buf1132, buf1133, buf1134, buf1137, buf1139, buf1140, buf1141, buf1144, buf1146, buf1148, buf1149, buf1150, buf1153, buf1155, buf1157, buf1158, buf1159, buf1162, buf1164, buf1166, buf1167, buf1170, buf1171, buf1173, buf3823, buf6470, buf9117, buf11764, buf14411, buf17058, buf19705, buf1172, buf1175, buf1176, buf1181, buf1183, buf1185, buf1186, buf1187, buf1190, buf1192, buf1194, buf1195, buf1196, buf1199, buf1201, buf1203, buf1204, buf1205, buf1206, buf1209, buf1211, buf1213, buf1214, buf1215, buf1216, buf1219, buf1220, buf1226, buf1228, buf1230, buf1231, buf1232, buf1235, buf1237, buf1240, buf1241, buf1242, buf1244, buf1246, buf1249, buf1250, buf1251, buf1253, buf1255, buf1258, buf1259, buf1260, buf1262, buf1264, buf1267, buf1268, buf1269, buf1271, buf1273, buf1276, buf1277, buf1278, buf1280, buf1282, buf1285, buf1286, buf1287, buf1289, buf1291, buf1294, buf1295, buf1296, buf1298, buf1300, buf1301, buf1302, buf1303, buf1306, buf1311, buf1312, buf1313, buf1308, buf1314, buf1316, buf1318, buf1320, buf1321, buf1322, buf1324, buf1326, buf1328, buf1329, buf1330, buf1332, buf1334, buf1336, buf1337, buf1338, buf1340, buf1342, buf1344, buf1345, buf1346, buf1348, buf1350, buf1352, buf1353, buf1354, buf1356, buf1358, buf1359, buf1360, buf1361, buf1364, buf1366, buf1367, buf1368, buf1370, buf1372, buf1374, buf1375, buf1376, buf1378, buf1380, buf1382, buf1383, buf1384, buf1386, buf1388, buf1390, buf1391, buf1392, buf1394, buf1396, buf1398, buf1399, buf1400, buf1402, buf1404, buf1406, buf1407, buf1408, buf1410, buf1412, buf1413, buf1414, buf1415, buf1418, buf1420, buf1421, buf1422, buf1424, buf1426, buf1428, buf1429, buf1430, buf1432, buf1434, buf1436, buf1437, buf1438, buf1440, buf1442, buf1444, buf1445, buf1446, buf1448, buf1450, buf1452, buf1453, buf1454, buf1456, buf1458, buf1460, buf1461, buf1462, buf1464, buf1466, buf1468, buf1469, buf1470, buf1472, buf1474, buf1477, buf1479, buf1481, buf1482, buf1483, buf1486, buf1488, buf1490, buf1491, buf1492, buf1495, buf1497, buf1499, buf1500, buf1501, buf1502, buf1505, buf1507, buf1509, buf1510, buf1511, buf1512, buf1515, buf1516, buf1522, buf1524, buf1526, buf1527, buf1528, buf1531, buf1533, buf1536, buf1537, buf1538, buf1540, buf1542, buf1545, buf1546, buf1547, buf1549, buf1551, buf1554, buf1555, buf1556, buf1558, buf1560, buf1563, buf1564, buf1565, buf1567, buf1569, buf1572, buf1573, buf1574, buf1576, buf1578, buf1581, buf1582, buf1583, buf1585, buf1587, buf1590, buf1591, buf1592, buf1594, buf1596, buf1597, buf1598, buf1601, buf1606, buf1607, buf1608, buf1603, buf1609, buf1611, buf1613, buf1615, buf1616, buf1617, buf1619, buf1621, buf1623, buf1624, buf1625, buf1627, buf1629, buf1631, buf1632, buf1633, buf1635, buf1637, buf1639, buf1640, buf1641, buf1643, buf1645, buf1647, buf1648, buf1649, buf1651, buf1653, buf1654, buf1655, buf1658, buf1660, buf1661, buf1662, buf1664, buf1666, buf1668, buf1669, buf1670, buf1672, buf1674, buf1676, buf1677, buf1678, buf1680, buf1682, buf1684, buf1685, buf1686, buf1688, buf1690, buf1692, buf1693, buf1694, buf1696, buf1698, buf1700, buf1701, buf1702, buf1704, buf1706, buf1707, buf1708, buf1711, buf1713, buf1714, buf1715, buf1717, buf1719, buf1721, buf1722, buf1723, buf1725, buf1727, buf1729, buf1730, buf1731, buf1733, buf1735, buf1737, buf1738, buf1739, buf1741, buf1743, buf1745, buf1746, buf1747, buf1749, buf1751, buf1753, buf1754, buf1755, buf1757, buf1759, buf1761, buf1762, buf1763, buf1765, buf1767, buf1770, buf1772, buf1774, buf1775, buf1776, buf1779, buf1781, buf1783, buf1784, buf1785, buf1788, buf1790, buf1792, buf1793, buf1794, buf1795, buf1798, buf1800, buf1802, buf1803, buf1804, buf1805, buf1808, buf1809, buf1815, buf1817, buf1819, buf1820, buf1821, buf1824, buf1826, buf1829, buf1830, buf1831, buf1833, buf1835, buf1838, buf1839, buf1840, buf1842, buf1844, buf1847, buf1848, buf1849, buf1851, buf1853, buf1856, buf1857, buf1858, buf1860, buf1862, buf1865, buf1866, buf1867, buf1869, buf1871, buf1874, buf1875, buf1876, buf1878, buf1880, buf1883, buf1884, buf1885, buf1887, buf1889, buf1890, buf1891, buf1894, buf1899, buf1900, buf1901, buf1896, buf1902, buf1904, buf1906, buf1908, buf1909, buf1910, buf1912, buf1914, buf1916, buf1917, buf1918, buf1920, buf1922, buf1924, buf1925, buf1926, buf1928, buf1930, buf1932, buf1933, buf1934, buf1936, buf1938, buf1940, buf1941, buf1942, buf1944, buf1946, buf1947, buf1948, buf1951, buf1953, buf1954, buf1955, buf1957, buf1959, buf1961, buf1962, buf1963, buf1965, buf1967, buf1969, buf1970, buf1971, buf1973, buf1975, buf1977, buf1978, buf1979, buf1981, buf1983, buf1985, buf1986, buf1987, buf1989, buf1991, buf1993, buf1994, buf1995, buf1997, buf1999, buf2000, buf2001, buf2004, buf2006, buf2007, buf2008, buf2010, buf2012, buf2014, buf2015, buf2016, buf2018, buf2020, buf2022, buf2023, buf2024, buf2026, buf2028, buf2030, buf2031, buf2032, buf2034, buf2036, buf2038, buf2039, buf2040, buf2042, buf2044, buf2046, buf2047, buf2048, buf2050, buf2052, buf2054, buf2055, buf2056, buf2058, buf2061, buf2064, buf2066, buf2068, buf2069, buf2070, buf2073, buf2075, buf2077, buf2078, buf2079, buf2082, buf2084, buf2086, buf2087, buf2088, buf2089, buf2092, buf2094, buf2096, buf2097, buf2098, buf2099, buf2102, buf2103, buf2109, buf2111, buf2113, buf2114, buf2115, buf2118, buf2120, buf2123, buf2124, buf2125, buf2127, buf2129, buf2132, buf2133, buf2134, buf2136, buf2138, buf2141, buf2142, buf2143, buf2145, buf2147, buf2150, buf2151, buf2152, buf2154, buf2156, buf2159, buf2160, buf2161, buf2163, buf2165, buf2168, buf2169, buf2170, buf2172, buf2174, buf2177, buf2178, buf2179, buf2181, buf2183, buf2184, buf2185, buf2188, buf2193, buf2194, buf2195, buf2190, buf2196, buf2198, buf2200, buf2202, buf2203, buf2204, buf2206, buf2208, buf2210, buf2211, buf2212, buf2214, buf2216, buf2218, buf2219, buf2220, buf2222, buf2224, buf2226, buf2227, buf2228, buf2230, buf2232, buf2234, buf2235, buf2236, buf2238, buf2240, buf2241, buf2242, buf2245, buf2247, buf2248, buf2249, buf2251, buf2253, buf2255, buf2256, buf2257, buf2259, buf2261, buf2263, buf2264, buf2265, buf2267, buf2269, buf2271, buf2272, buf2273, buf2275, buf2277, buf2279, buf2280, buf2281, buf2283, buf2285, buf2287, buf2288, buf2289, buf2291, buf2293, buf2294, buf2295, buf2298, buf2300, buf2301, buf2302, buf2304, buf2306, buf2308, buf2309, buf2310, buf2312, buf2314, buf2316, buf2317, buf2318, buf2320, buf2322, buf2324, buf2325, buf2326, buf2328, buf2330, buf2332, buf2333, buf2334, buf2336, buf2338, buf2340, buf2341, buf2342, buf2344, buf2346, buf2348, buf2349, buf2350, buf2352, buf2354, buf2357, buf2359, buf2361, buf2362, buf2363, buf2366, buf2368, buf2370, buf2371, buf2372, buf2375, buf2377, buf2379, buf2380, buf2381, buf2382, buf2385, buf2387, buf2389, buf2390, buf2391, buf2392, buf2395, buf2396, buf2402, buf2404, buf2406, buf2407, buf2408, buf2411, buf2413, buf2416, buf2417, buf2418, buf2420, buf2422, buf2425, buf2426, buf2427, buf2429, buf2431, buf2434, buf2435, buf2436, buf2438, buf2440, buf2443, buf2444, buf2445, buf2447, buf2449, buf2452, buf2453, buf2454, buf2456, buf2458, buf2461, buf2462, buf2463, buf2465, buf2467, buf2470, buf2471, buf2472, buf2474, buf2476, buf2477, buf2478, buf2481, buf2486, buf2487, buf2488, buf2483, buf2489, buf2491, buf2493, buf2495, buf2496, buf2497, buf2499, buf2501, buf2503, buf2504, buf2505, buf2507, buf2509, buf2511, buf2512, buf2513, buf2515, buf2517, buf2519, buf2520, buf2521, buf2523, buf2525, buf2527, buf2528, buf2529, buf2531, buf2533, buf2534, buf2535, buf2538, buf2540, buf2541, buf2542, buf2544, buf2546, buf2548, buf2549, buf2550, buf2552, buf2554, buf2556, buf2557, buf2558, buf2560, buf2562, buf2564, buf2565, buf2566, buf2568, buf2570, buf2572, buf2573, buf2574, buf2576, buf2578, buf2580, buf2581, buf2582, buf2584, buf2586, buf2587, buf2588, buf2591, buf2593, buf2594, buf2595, buf2597, buf2599, buf2601, buf2602, buf2603, buf2605, buf2607, buf2609, buf2610, buf2611, buf2613, buf2615, buf2617, buf2618, buf2619, buf2621, buf2623, buf2625, buf2626, buf2627, buf2629, buf2631, buf2633, buf2634, buf2635, buf2637, buf2639, buf2641, buf2642, buf2643, buf2645, buf2648, buf2651, buf2653, buf2655, buf2656, buf2657, buf2660, buf2662, buf2664, buf2665, buf2666, buf2669, buf2671, buf2673, buf2674, buf2675, buf2676, buf2679, buf2681, buf2683, buf2684, buf2685, buf2686, buf2689, buf2690, buf2696, buf2698, buf2700, buf2701, buf2702, buf2705, buf2707, buf2710, buf2711, buf2712, buf2714, buf2716, buf2719, buf2720, buf2721, buf2723, buf2725, buf2728, buf2729, buf2730, buf2732, buf2734, buf2737, buf2738, buf2739, buf2741, buf2743, buf2746, buf2747, buf2748, buf2750, buf2752, buf2755, buf2756, buf2757, buf2759, buf2761, buf2764, buf2765, buf2766, buf2768, buf2770, buf2771, buf2772, buf2775, buf2780, buf2781, buf2782, buf2777, buf2783, buf2785, buf2787, buf2789, buf2790, buf2791, buf2793, buf2795, buf2797, buf2798, buf2799, buf2801, buf2803, buf2805, buf2806, buf2807, buf2809, buf2811, buf2813, buf2814, buf2815, buf2817, buf2819, buf2821, buf2822, buf2823, buf2825, buf2827, buf2828, buf2829, buf2832, buf2834, buf2835, buf2836, buf2838, buf2840, buf2842, buf2843, buf2844, buf2846, buf2848, buf2850, buf2851, buf2852, buf2854, buf2856, buf2858, buf2859, buf2860, buf2862, buf2864, buf2866, buf2867, buf2868, buf2870, buf2872, buf2874, buf2875, buf2876, buf2878, buf2880, buf2881, buf2882, buf2885, buf2887, buf2888, buf2889, buf2891, buf2893, buf2895, buf2896, buf2897, buf2899, buf2901, buf2903, buf2904, buf2905, buf2907, buf2909, buf2911, buf2912, buf2913, buf2915, buf2917, buf2919, buf2920, buf2921, buf2923, buf2925, buf2927, buf2928, buf2929, buf2931, buf2933, buf2935, buf2936, buf2937, buf2939, buf2941, buf2944, buf2946, buf2948, buf2949, buf2950, buf2953, buf2955, buf2957, buf2958, buf2959, buf2962, buf2964, buf2966, buf2967, buf2968, buf2969, buf2972, buf2974, buf2976, buf2977, buf2978, buf2979, buf2982, buf2983, buf2989, buf2991, buf2993, buf2994, buf2995, buf2998, buf3000, buf3003, buf3004, buf3005, buf3007, buf3009, buf3012, buf3013, buf3014, buf3016, buf3018, buf3021, buf3022, buf3023, buf3025, buf3027, buf3030, buf3031, buf3032, buf3034, buf3036, buf3039, buf3040, buf3041, buf3043, buf3045, buf3048, buf3049, buf3050, buf3052, buf3054, buf3057, buf3058, buf3059, buf3061, buf3063, buf3064, buf3065, buf3068, buf3073, buf3074, buf3075, buf3070, buf3076, buf3078, buf3080, buf3082, buf3083, buf3084, buf3086, buf3088, buf3090, buf3091, buf3092, buf3094, buf3096, buf3098, buf3099, buf3100, buf3102, buf3104, buf3106, buf3107, buf3108, buf3110, buf3112, buf3114, buf3115, buf3116, buf3118, buf3120, buf3121, buf3122, buf3125, buf3127, buf3128, buf3129, buf3131, buf3133, buf3135, buf3136, buf3137, buf3139, buf3141, buf3143, buf3144, buf3145, buf3147, buf3149, buf3151, buf3152, buf3153, buf3155, buf3157, buf3159, buf3160, buf3161, buf3163, buf3165, buf3167, buf3168, buf3169, buf3171, buf3173, buf3174, buf3175, buf3178, buf3180, buf3181, buf3182, buf3184, buf3186, buf3188, buf3189, buf3190, buf3192, buf3194, buf3196, buf3197, buf3198, buf3200, buf3202, buf3204, buf3205, buf3206, buf3208, buf3210, buf3212, buf3213, buf3214, buf3216, buf3218, buf3220, buf3221, buf3222, buf3224, buf3226, buf3228, buf3229, buf3230, buf3232, buf3235, buf3238, buf3240, buf3242, buf3243, buf3244, buf3247, buf3249, buf3251, buf3252, buf3253, buf3256, buf3258, buf3260, buf3261, buf3262, buf3263, buf3266, buf3268, buf3270, buf3271, buf3272, buf3273, buf3276, buf3277, buf3283, buf3285, buf3287, buf3288, buf3289, buf3292, buf3294, buf3297, buf3298, buf3299, buf3301, buf3303, buf3306, buf3307, buf3308, buf3310, buf3312, buf3315, buf3316, buf3317, buf3319, buf3321, buf3324, buf3325, buf3326, buf3328, buf3330, buf3333, buf3334, buf3335, buf3337, buf3339, buf3342, buf3343, buf3344, buf3346, buf3348, buf3351, buf3352, buf3353, buf3355, buf3357, buf3358, buf3359, buf3362, buf3367, buf3368, buf3369, buf3364, buf3370, buf3372, buf3374, buf3376, buf3377, buf3378, buf3380, buf3382, buf3384, buf3385, buf3386, buf3388, buf3390, buf3392, buf3393, buf3394, buf3396, buf3398, buf3400, buf3401, buf3402, buf3404, buf3406, buf3408, buf3409, buf3410, buf3412, buf3414, buf3415, buf3416, buf3419, buf3421, buf3422, buf3423, buf3425, buf3427, buf3429, buf3430, buf3431, buf3433, buf3435, buf3437, buf3438, buf3439, buf3441, buf3443, buf3445, buf3446, buf3447, buf3449, buf3451, buf3453, buf3454, buf3455, buf3457, buf3459, buf3461, buf3462, buf3463, buf3465, buf3467, buf3468, buf3469, buf3472, buf3474, buf3475, buf3476, buf3478, buf3480, buf3482, buf3483, buf3484, buf3486, buf3488, buf3490, buf3491, buf3492, buf3494, buf3496, buf3498, buf3499, buf3500, buf3502, buf3504, buf3506, buf3507, buf3508, buf3510, buf3512, buf3514, buf3515, buf3516, buf3518, buf3520, buf3522, buf3523, buf3524, buf3526, buf3528, buf3531, buf3533, buf3535, buf3536, buf3537, buf3540, buf3542, buf3544, buf3545, buf3546, buf3549, buf3551, buf3553, buf3554, buf3555, buf3556, buf3559, buf3561, buf3563, buf3564, buf3565, buf3566, buf3569, buf3570, buf3576, buf3578, buf3580, buf3581, buf3582, buf3585, buf3587, buf3590, buf3591, buf3592, buf3594, buf3596, buf3599, buf3600, buf3601, buf3603, buf3605, buf3608, buf3609, buf3610, buf3612, buf3614, buf3617, buf3618, buf3619, buf3621, buf3623, buf3626, buf3627, buf3628, buf3630, buf3632, buf3635, buf3636, buf3637, buf3639, buf3641, buf3644, buf3645, buf3646, buf3648, buf3650, buf3651, buf3652, buf3655, buf3660, buf3661, buf3662, buf3657, buf3663, buf3665, buf3667, buf3669, buf3670, buf3671, buf3673, buf3675, buf3677, buf3678, buf3679, buf3681, buf3683, buf3685, buf3686, buf3687, buf3689, buf3691, buf3693, buf3694, buf3695, buf3697, buf3699, buf3701, buf3702, buf3703, buf3705, buf3707, buf3708, buf3709, buf3712, buf3714, buf3715, buf3716, buf3718, buf3720, buf3722, buf3723, buf3724, buf3726, buf3728, buf3730, buf3731, buf3732, buf3734, buf3736, buf3738, buf3739, buf3740, buf3742, buf3744, buf3746, buf3747, buf3748, buf3750, buf3752, buf3754, buf3755, buf3756, buf3758, buf3760, buf3761, buf3762, buf3765, buf3767, buf3768, buf3769, buf3771, buf3773, buf3775, buf3776, buf3777, buf3779, buf3781, buf3783, buf3784, buf3785, buf3787, buf3789, buf3791, buf3792, buf3793, buf3795, buf3797, buf3799, buf3800, buf3801, buf3803, buf3805, buf3807, buf3808, buf3809, buf3811, buf3813, buf3815, buf3816, buf3817, buf3819, buf3822, buf3825, buf3826, buf3831, buf3833, buf3835, buf3836, buf3837, buf3840, buf3842, buf3844, buf3845, buf3846, buf3849, buf3851, buf3853, buf3854, buf3855, buf3856, buf3859, buf3861, buf3863, buf3864, buf3865, buf3866, buf3869, buf3870, buf3876, buf3878, buf3880, buf3881, buf3882, buf3885, buf3887, buf3890, buf3891, buf3892, buf3894, buf3896, buf3899, buf3900, buf3901, buf3903, buf3905, buf3908, buf3909, buf3910, buf3912, buf3914, buf3917, buf3918, buf3919, buf3921, buf3923, buf3926, buf3927, buf3928, buf3930, buf3932, buf3935, buf3936, buf3937, buf3939, buf3941, buf3944, buf3945, buf3946, buf3948, buf3950, buf3951, buf3952, buf3955, buf3960, buf3961, buf3962, buf3957, buf3963, buf3965, buf3967, buf3969, buf3970, buf3971, buf3973, buf3975, buf3977, buf3978, buf3979, buf3981, buf3983, buf3985, buf3986, buf3987, buf3989, buf3991, buf3993, buf3994, buf3995, buf3997, buf3999, buf4001, buf4002, buf4003, buf4005, buf4007, buf4008, buf4009, buf4012, buf4014, buf4015, buf4016, buf4018, buf4020, buf4022, buf4023, buf4024, buf4026, buf4028, buf4030, buf4031, buf4032, buf4034, buf4036, buf4038, buf4039, buf4040, buf4042, buf4044, buf4046, buf4047, buf4048, buf4050, buf4052, buf4054, buf4055, buf4056, buf4058, buf4060, buf4061, buf4062, buf4065, buf4067, buf4068, buf4069, buf4071, buf4073, buf4075, buf4076, buf4077, buf4079, buf4081, buf4083, buf4084, buf4085, buf4087, buf4089, buf4091, buf4092, buf4093, buf4095, buf4097, buf4099, buf4100, buf4101, buf4103, buf4105, buf4107, buf4108, buf4109, buf4111, buf4113, buf4115, buf4116, buf4117, buf4119, buf4121, buf4124, buf4126, buf4128, buf4129, buf4130, buf4133, buf4135, buf4137, buf4138, buf4139, buf4142, buf4144, buf4146, buf4147, buf4148, buf4149, buf4152, buf4154, buf4156, buf4157, buf4158, buf4159, buf4162, buf4163, buf4169, buf4171, buf4173, buf4174, buf4175, buf4178, buf4180, buf4183, buf4184, buf4185, buf4187, buf4189, buf4192, buf4193, buf4194, buf4196, buf4198, buf4201, buf4202, buf4203, buf4205, buf4207, buf4210, buf4211, buf4212, buf4214, buf4216, buf4219, buf4220, buf4221, buf4223, buf4225, buf4228, buf4229, buf4230, buf4232, buf4234, buf4237, buf4238, buf4239, buf4241, buf4243, buf4244, buf4245, buf4248, buf4253, buf4254, buf4255, buf4250, buf4256, buf4258, buf4260, buf4262, buf4263, buf4264, buf4266, buf4268, buf4270, buf4271, buf4272, buf4274, buf4276, buf4278, buf4279, buf4280, buf4282, buf4284, buf4286, buf4287, buf4288, buf4290, buf4292, buf4294, buf4295, buf4296, buf4298, buf4300, buf4301, buf4302, buf4305, buf4307, buf4308, buf4309, buf4311, buf4313, buf4315, buf4316, buf4317, buf4319, buf4321, buf4323, buf4324, buf4325, buf4327, buf4329, buf4331, buf4332, buf4333, buf4335, buf4337, buf4339, buf4340, buf4341, buf4343, buf4345, buf4347, buf4348, buf4349, buf4351, buf4353, buf4354, buf4355, buf4358, buf4360, buf4361, buf4362, buf4364, buf4366, buf4368, buf4369, buf4370, buf4372, buf4374, buf4376, buf4377, buf4378, buf4380, buf4382, buf4384, buf4385, buf4386, buf4388, buf4390, buf4392, buf4393, buf4394, buf4396, buf4398, buf4400, buf4401, buf4402, buf4404, buf4406, buf4408, buf4409, buf4410, buf4412, buf4414, buf4417, buf4419, buf4421, buf4422, buf4423, buf4426, buf4428, buf4430, buf4431, buf4432, buf4435, buf4437, buf4439, buf4440, buf4441, buf4442, buf4445, buf4447, buf4449, buf4450, buf4451, buf4452, buf4455, buf4456, buf4462, buf4464, buf4466, buf4467, buf4468, buf4471, buf4473, buf4476, buf4477, buf4478, buf4480, buf4482, buf4485, buf4486, buf4487, buf4489, buf4491, buf4494, buf4495, buf4496, buf4498, buf4500, buf4503, buf4504, buf4505, buf4507, buf4509, buf4512, buf4513, buf4514, buf4516, buf4518, buf4521, buf4522, buf4523, buf4525, buf4527, buf4530, buf4531, buf4532, buf4534, buf4536, buf4537, buf4538, buf4541, buf4546, buf4547, buf4548, buf4543, buf4549, buf4551, buf4553, buf4555, buf4556, buf4557, buf4559, buf4561, buf4563, buf4564, buf4565, buf4567, buf4569, buf4571, buf4572, buf4573, buf4575, buf4577, buf4579, buf4580, buf4581, buf4583, buf4585, buf4587, buf4588, buf4589, buf4591, buf4593, buf4594, buf4595, buf4598, buf4600, buf4601, buf4602, buf4604, buf4606, buf4608, buf4609, buf4610, buf4612, buf4614, buf4616, buf4617, buf4618, buf4620, buf4622, buf4624, buf4625, buf4626, buf4628, buf4630, buf4632, buf4633, buf4634, buf4636, buf4638, buf4640, buf4641, buf4642, buf4644, buf4646, buf4647, buf4648, buf4651, buf4653, buf4654, buf4655, buf4657, buf4659, buf4661, buf4662, buf4663, buf4665, buf4667, buf4669, buf4670, buf4671, buf4673, buf4675, buf4677, buf4678, buf4679, buf4681, buf4683, buf4685, buf4686, buf4687, buf4689, buf4691, buf4693, buf4694, buf4695, buf4697, buf4699, buf4701, buf4702, buf4703, buf4705, buf4708, buf4711, buf4713, buf4715, buf4716, buf4717, buf4720, buf4722, buf4724, buf4725, buf4726, buf4729, buf4731, buf4733, buf4734, buf4735, buf4736, buf4739, buf4741, buf4743, buf4744, buf4745, buf4746, buf4749, buf4750, buf4756, buf4758, buf4760, buf4761, buf4762, buf4765, buf4767, buf4770, buf4771, buf4772, buf4774, buf4776, buf4779, buf4780, buf4781, buf4783, buf4785, buf4788, buf4789, buf4790, buf4792, buf4794, buf4797, buf4798, buf4799, buf4801, buf4803, buf4806, buf4807, buf4808, buf4810, buf4812, buf4815, buf4816, buf4817, buf4819, buf4821, buf4824, buf4825, buf4826, buf4828, buf4830, buf4831, buf4832, buf4835, buf4840, buf4841, buf4842, buf4837, buf4843, buf4845, buf4847, buf4849, buf4850, buf4851, buf4853, buf4855, buf4857, buf4858, buf4859, buf4861, buf4863, buf4865, buf4866, buf4867, buf4869, buf4871, buf4873, buf4874, buf4875, buf4877, buf4879, buf4881, buf4882, buf4883, buf4885, buf4887, buf4888, buf4889, buf4892, buf4894, buf4895, buf4896, buf4898, buf4900, buf4902, buf4903, buf4904, buf4906, buf4908, buf4910, buf4911, buf4912, buf4914, buf4916, buf4918, buf4919, buf4920, buf4922, buf4924, buf4926, buf4927, buf4928, buf4930, buf4932, buf4934, buf4935, buf4936, buf4938, buf4940, buf4941, buf4942, buf4945, buf4947, buf4948, buf4949, buf4951, buf4953, buf4955, buf4956, buf4957, buf4959, buf4961, buf4963, buf4964, buf4965, buf4967, buf4969, buf4971, buf4972, buf4973, buf4975, buf4977, buf4979, buf4980, buf4981, buf4983, buf4985, buf4987, buf4988, buf4989, buf4991, buf4993, buf4995, buf4996, buf4997, buf4999, buf5001, buf5004, buf5006, buf5008, buf5009, buf5010, buf5013, buf5015, buf5017, buf5018, buf5019, buf5022, buf5024, buf5026, buf5027, buf5028, buf5029, buf5032, buf5034, buf5036, buf5037, buf5038, buf5039, buf5042, buf5043, buf5049, buf5051, buf5053, buf5054, buf5055, buf5058, buf5060, buf5063, buf5064, buf5065, buf5067, buf5069, buf5072, buf5073, buf5074, buf5076, buf5078, buf5081, buf5082, buf5083, buf5085, buf5087, buf5090, buf5091, buf5092, buf5094, buf5096, buf5099, buf5100, buf5101, buf5103, buf5105, buf5108, buf5109, buf5110, buf5112, buf5114, buf5117, buf5118, buf5119, buf5121, buf5123, buf5124, buf5125, buf5128, buf5133, buf5134, buf5135, buf5130, buf5136, buf5138, buf5140, buf5142, buf5143, buf5144, buf5146, buf5148, buf5150, buf5151, buf5152, buf5154, buf5156, buf5158, buf5159, buf5160, buf5162, buf5164, buf5166, buf5167, buf5168, buf5170, buf5172, buf5174, buf5175, buf5176, buf5178, buf5180, buf5181, buf5182, buf5185, buf5187, buf5188, buf5189, buf5191, buf5193, buf5195, buf5196, buf5197, buf5199, buf5201, buf5203, buf5204, buf5205, buf5207, buf5209, buf5211, buf5212, buf5213, buf5215, buf5217, buf5219, buf5220, buf5221, buf5223, buf5225, buf5227, buf5228, buf5229, buf5231, buf5233, buf5234, buf5235, buf5238, buf5240, buf5241, buf5242, buf5244, buf5246, buf5248, buf5249, buf5250, buf5252, buf5254, buf5256, buf5257, buf5258, buf5260, buf5262, buf5264, buf5265, buf5266, buf5268, buf5270, buf5272, buf5273, buf5274, buf5276, buf5278, buf5280, buf5281, buf5282, buf5284, buf5286, buf5288, buf5289, buf5290, buf5292, buf5295, buf5298, buf5300, buf5302, buf5303, buf5304, buf5307, buf5309, buf5311, buf5312, buf5313, buf5316, buf5318, buf5320, buf5321, buf5322, buf5323, buf5326, buf5328, buf5330, buf5331, buf5332, buf5333, buf5336, buf5337, buf5343, buf5345, buf5347, buf5348, buf5349, buf5352, buf5354, buf5357, buf5358, buf5359, buf5361, buf5363, buf5366, buf5367, buf5368, buf5370, buf5372, buf5375, buf5376, buf5377, buf5379, buf5381, buf5384, buf5385, buf5386, buf5388, buf5390, buf5393, buf5394, buf5395, buf5397, buf5399, buf5402, buf5403, buf5404, buf5406, buf5408, buf5411, buf5412, buf5413, buf5415, buf5417, buf5418, buf5419, buf5422, buf5427, buf5428, buf5429, buf5424, buf5430, buf5432, buf5434, buf5436, buf5437, buf5438, buf5440, buf5442, buf5444, buf5445, buf5446, buf5448, buf5450, buf5452, buf5453, buf5454, buf5456, buf5458, buf5460, buf5461, buf5462, buf5464, buf5466, buf5468, buf5469, buf5470, buf5472, buf5474, buf5475, buf5476, buf5479, buf5481, buf5482, buf5483, buf5485, buf5487, buf5489, buf5490, buf5491, buf5493, buf5495, buf5497, buf5498, buf5499, buf5501, buf5503, buf5505, buf5506, buf5507, buf5509, buf5511, buf5513, buf5514, buf5515, buf5517, buf5519, buf5521, buf5522, buf5523, buf5525, buf5527, buf5528, buf5529, buf5532, buf5534, buf5535, buf5536, buf5538, buf5540, buf5542, buf5543, buf5544, buf5546, buf5548, buf5550, buf5551, buf5552, buf5554, buf5556, buf5558, buf5559, buf5560, buf5562, buf5564, buf5566, buf5567, buf5568, buf5570, buf5572, buf5574, buf5575, buf5576, buf5578, buf5580, buf5582, buf5583, buf5584, buf5586, buf5588, buf5591, buf5593, buf5595, buf5596, buf5597, buf5600, buf5602, buf5604, buf5605, buf5606, buf5609, buf5611, buf5613, buf5614, buf5615, buf5616, buf5619, buf5621, buf5623, buf5624, buf5625, buf5626, buf5629, buf5630, buf5636, buf5638, buf5640, buf5641, buf5642, buf5645, buf5647, buf5650, buf5651, buf5652, buf5654, buf5656, buf5659, buf5660, buf5661, buf5663, buf5665, buf5668, buf5669, buf5670, buf5672, buf5674, buf5677, buf5678, buf5679, buf5681, buf5683, buf5686, buf5687, buf5688, buf5690, buf5692, buf5695, buf5696, buf5697, buf5699, buf5701, buf5704, buf5705, buf5706, buf5708, buf5710, buf5711, buf5712, buf5715, buf5720, buf5721, buf5722, buf5717, buf5723, buf5725, buf5727, buf5729, buf5730, buf5731, buf5733, buf5735, buf5737, buf5738, buf5739, buf5741, buf5743, buf5745, buf5746, buf5747, buf5749, buf5751, buf5753, buf5754, buf5755, buf5757, buf5759, buf5761, buf5762, buf5763, buf5765, buf5767, buf5768, buf5769, buf5772, buf5774, buf5775, buf5776, buf5778, buf5780, buf5782, buf5783, buf5784, buf5786, buf5788, buf5790, buf5791, buf5792, buf5794, buf5796, buf5798, buf5799, buf5800, buf5802, buf5804, buf5806, buf5807, buf5808, buf5810, buf5812, buf5814, buf5815, buf5816, buf5818, buf5820, buf5821, buf5822, buf5825, buf5827, buf5828, buf5829, buf5831, buf5833, buf5835, buf5836, buf5837, buf5839, buf5841, buf5843, buf5844, buf5845, buf5847, buf5849, buf5851, buf5852, buf5853, buf5855, buf5857, buf5859, buf5860, buf5861, buf5863, buf5865, buf5867, buf5868, buf5869, buf5871, buf5873, buf5875, buf5876, buf5877, buf5879, buf5882, buf5885, buf5887, buf5889, buf5890, buf5891, buf5894, buf5896, buf5898, buf5899, buf5900, buf5903, buf5905, buf5907, buf5908, buf5909, buf5910, buf5913, buf5915, buf5917, buf5918, buf5919, buf5920, buf5923, buf5924, buf5930, buf5932, buf5934, buf5935, buf5936, buf5939, buf5941, buf5944, buf5945, buf5946, buf5948, buf5950, buf5953, buf5954, buf5955, buf5957, buf5959, buf5962, buf5963, buf5964, buf5966, buf5968, buf5971, buf5972, buf5973, buf5975, buf5977, buf5980, buf5981, buf5982, buf5984, buf5986, buf5989, buf5990, buf5991, buf5993, buf5995, buf5998, buf5999, buf6000, buf6002, buf6004, buf6005, buf6006, buf6009, buf6014, buf6015, buf6016, buf6011, buf6017, buf6019, buf6021, buf6023, buf6024, buf6025, buf6027, buf6029, buf6031, buf6032, buf6033, buf6035, buf6037, buf6039, buf6040, buf6041, buf6043, buf6045, buf6047, buf6048, buf6049, buf6051, buf6053, buf6055, buf6056, buf6057, buf6059, buf6061, buf6062, buf6063, buf6066, buf6068, buf6069, buf6070, buf6072, buf6074, buf6076, buf6077, buf6078, buf6080, buf6082, buf6084, buf6085, buf6086, buf6088, buf6090, buf6092, buf6093, buf6094, buf6096, buf6098, buf6100, buf6101, buf6102, buf6104, buf6106, buf6108, buf6109, buf6110, buf6112, buf6114, buf6115, buf6116, buf6119, buf6121, buf6122, buf6123, buf6125, buf6127, buf6129, buf6130, buf6131, buf6133, buf6135, buf6137, buf6138, buf6139, buf6141, buf6143, buf6145, buf6146, buf6147, buf6149, buf6151, buf6153, buf6154, buf6155, buf6157, buf6159, buf6161, buf6162, buf6163, buf6165, buf6167, buf6169, buf6170, buf6171, buf6173, buf6175, buf6178, buf6180, buf6182, buf6183, buf6184, buf6187, buf6189, buf6191, buf6192, buf6193, buf6196, buf6198, buf6200, buf6201, buf6202, buf6203, buf6206, buf6208, buf6210, buf6211, buf6212, buf6213, buf6216, buf6217, buf6223, buf6225, buf6227, buf6228, buf6229, buf6232, buf6234, buf6237, buf6238, buf6239, buf6241, buf6243, buf6246, buf6247, buf6248, buf6250, buf6252, buf6255, buf6256, buf6257, buf6259, buf6261, buf6264, buf6265, buf6266, buf6268, buf6270, buf6273, buf6274, buf6275, buf6277, buf6279, buf6282, buf6283, buf6284, buf6286, buf6288, buf6291, buf6292, buf6293, buf6295, buf6297, buf6298, buf6299, buf6302, buf6307, buf6308, buf6309, buf6304, buf6310, buf6312, buf6314, buf6316, buf6317, buf6318, buf6320, buf6322, buf6324, buf6325, buf6326, buf6328, buf6330, buf6332, buf6333, buf6334, buf6336, buf6338, buf6340, buf6341, buf6342, buf6344, buf6346, buf6348, buf6349, buf6350, buf6352, buf6354, buf6355, buf6356, buf6359, buf6361, buf6362, buf6363, buf6365, buf6367, buf6369, buf6370, buf6371, buf6373, buf6375, buf6377, buf6378, buf6379, buf6381, buf6383, buf6385, buf6386, buf6387, buf6389, buf6391, buf6393, buf6394, buf6395, buf6397, buf6399, buf6401, buf6402, buf6403, buf6405, buf6407, buf6408, buf6409, buf6412, buf6414, buf6415, buf6416, buf6418, buf6420, buf6422, buf6423, buf6424, buf6426, buf6428, buf6430, buf6431, buf6432, buf6434, buf6436, buf6438, buf6439, buf6440, buf6442, buf6444, buf6446, buf6447, buf6448, buf6450, buf6452, buf6454, buf6455, buf6456, buf6458, buf6460, buf6462, buf6463, buf6464, buf6466, buf6469, buf6472, buf6473, buf6478, buf6480, buf6482, buf6483, buf6484, buf6487, buf6489, buf6491, buf6492, buf6493, buf6496, buf6498, buf6500, buf6501, buf6502, buf6503, buf6506, buf6508, buf6510, buf6511, buf6512, buf6513, buf6516, buf6517, buf6523, buf6525, buf6527, buf6528, buf6529, buf6532, buf6534, buf6537, buf6538, buf6539, buf6541, buf6543, buf6546, buf6547, buf6548, buf6550, buf6552, buf6555, buf6556, buf6557, buf6559, buf6561, buf6564, buf6565, buf6566, buf6568, buf6570, buf6573, buf6574, buf6575, buf6577, buf6579, buf6582, buf6583, buf6584, buf6586, buf6588, buf6591, buf6592, buf6593, buf6595, buf6597, buf6598, buf6599, buf6602, buf6607, buf6608, buf6609, buf6604, buf6610, buf6612, buf6614, buf6616, buf6617, buf6618, buf6620, buf6622, buf6624, buf6625, buf6626, buf6628, buf6630, buf6632, buf6633, buf6634, buf6636, buf6638, buf6640, buf6641, buf6642, buf6644, buf6646, buf6648, buf6649, buf6650, buf6652, buf6654, buf6655, buf6656, buf6659, buf6661, buf6662, buf6663, buf6665, buf6667, buf6669, buf6670, buf6671, buf6673, buf6675, buf6677, buf6678, buf6679, buf6681, buf6683, buf6685, buf6686, buf6687, buf6689, buf6691, buf6693, buf6694, buf6695, buf6697, buf6699, buf6701, buf6702, buf6703, buf6705, buf6707, buf6708, buf6709, buf6712, buf6714, buf6715, buf6716, buf6718, buf6720, buf6722, buf6723, buf6724, buf6726, buf6728, buf6730, buf6731, buf6732, buf6734, buf6736, buf6738, buf6739, buf6740, buf6742, buf6744, buf6746, buf6747, buf6748, buf6750, buf6752, buf6754, buf6755, buf6756, buf6758, buf6760, buf6762, buf6763, buf6764, buf6766, buf6768, buf6771, buf6773, buf6775, buf6776, buf6777, buf6780, buf6782, buf6784, buf6785, buf6786, buf6789, buf6791, buf6793, buf6794, buf6795, buf6796, buf6799, buf6801, buf6803, buf6804, buf6805, buf6806, buf6809, buf6810, buf6816, buf6818, buf6820, buf6821, buf6822, buf6825, buf6827, buf6830, buf6831, buf6832, buf6834, buf6836, buf6839, buf6840, buf6841, buf6843, buf6845, buf6848, buf6849, buf6850, buf6852, buf6854, buf6857, buf6858, buf6859, buf6861, buf6863, buf6866, buf6867, buf6868, buf6870, buf6872, buf6875, buf6876, buf6877, buf6879, buf6881, buf6884, buf6885, buf6886, buf6888, buf6890, buf6891, buf6892, buf6895, buf6900, buf6901, buf6902, buf6897, buf6903, buf6905, buf6907, buf6909, buf6910, buf6911, buf6913, buf6915, buf6917, buf6918, buf6919, buf6921, buf6923, buf6925, buf6926, buf6927, buf6929, buf6931, buf6933, buf6934, buf6935, buf6937, buf6939, buf6941, buf6942, buf6943, buf6945, buf6947, buf6948, buf6949, buf6952, buf6954, buf6955, buf6956, buf6958, buf6960, buf6962, buf6963, buf6964, buf6966, buf6968, buf6970, buf6971, buf6972, buf6974, buf6976, buf6978, buf6979, buf6980, buf6982, buf6984, buf6986, buf6987, buf6988, buf6990, buf6992, buf6994, buf6995, buf6996, buf6998, buf7000, buf7001, buf7002, buf7005, buf7007, buf7008, buf7009, buf7011, buf7013, buf7015, buf7016, buf7017, buf7019, buf7021, buf7023, buf7024, buf7025, buf7027, buf7029, buf7031, buf7032, buf7033, buf7035, buf7037, buf7039, buf7040, buf7041, buf7043, buf7045, buf7047, buf7048, buf7049, buf7051, buf7053, buf7055, buf7056, buf7057, buf7059, buf7061, buf7064, buf7066, buf7068, buf7069, buf7070, buf7073, buf7075, buf7077, buf7078, buf7079, buf7082, buf7084, buf7086, buf7087, buf7088, buf7089, buf7092, buf7094, buf7096, buf7097, buf7098, buf7099, buf7102, buf7103, buf7109, buf7111, buf7113, buf7114, buf7115, buf7118, buf7120, buf7123, buf7124, buf7125, buf7127, buf7129, buf7132, buf7133, buf7134, buf7136, buf7138, buf7141, buf7142, buf7143, buf7145, buf7147, buf7150, buf7151, buf7152, buf7154, buf7156, buf7159, buf7160, buf7161, buf7163, buf7165, buf7168, buf7169, buf7170, buf7172, buf7174, buf7177, buf7178, buf7179, buf7181, buf7183, buf7184, buf7185, buf7188, buf7193, buf7194, buf7195, buf7190, buf7196, buf7198, buf7200, buf7202, buf7203, buf7204, buf7206, buf7208, buf7210, buf7211, buf7212, buf7214, buf7216, buf7218, buf7219, buf7220, buf7222, buf7224, buf7226, buf7227, buf7228, buf7230, buf7232, buf7234, buf7235, buf7236, buf7238, buf7240, buf7241, buf7242, buf7245, buf7247, buf7248, buf7249, buf7251, buf7253, buf7255, buf7256, buf7257, buf7259, buf7261, buf7263, buf7264, buf7265, buf7267, buf7269, buf7271, buf7272, buf7273, buf7275, buf7277, buf7279, buf7280, buf7281, buf7283, buf7285, buf7287, buf7288, buf7289, buf7291, buf7293, buf7294, buf7295, buf7298, buf7300, buf7301, buf7302, buf7304, buf7306, buf7308, buf7309, buf7310, buf7312, buf7314, buf7316, buf7317, buf7318, buf7320, buf7322, buf7324, buf7325, buf7326, buf7328, buf7330, buf7332, buf7333, buf7334, buf7336, buf7338, buf7340, buf7341, buf7342, buf7344, buf7346, buf7348, buf7349, buf7350, buf7352, buf7355, buf7358, buf7360, buf7362, buf7363, buf7364, buf7367, buf7369, buf7371, buf7372, buf7373, buf7376, buf7378, buf7380, buf7381, buf7382, buf7383, buf7386, buf7388, buf7390, buf7391, buf7392, buf7393, buf7396, buf7397, buf7403, buf7405, buf7407, buf7408, buf7409, buf7412, buf7414, buf7417, buf7418, buf7419, buf7421, buf7423, buf7426, buf7427, buf7428, buf7430, buf7432, buf7435, buf7436, buf7437, buf7439, buf7441, buf7444, buf7445, buf7446, buf7448, buf7450, buf7453, buf7454, buf7455, buf7457, buf7459, buf7462, buf7463, buf7464, buf7466, buf7468, buf7471, buf7472, buf7473, buf7475, buf7477, buf7478, buf7479, buf7482, buf7487, buf7488, buf7489, buf7484, buf7490, buf7492, buf7494, buf7496, buf7497, buf7498, buf7500, buf7502, buf7504, buf7505, buf7506, buf7508, buf7510, buf7512, buf7513, buf7514, buf7516, buf7518, buf7520, buf7521, buf7522, buf7524, buf7526, buf7528, buf7529, buf7530, buf7532, buf7534, buf7535, buf7536, buf7539, buf7541, buf7542, buf7543, buf7545, buf7547, buf7549, buf7550, buf7551, buf7553, buf7555, buf7557, buf7558, buf7559, buf7561, buf7563, buf7565, buf7566, buf7567, buf7569, buf7571, buf7573, buf7574, buf7575, buf7577, buf7579, buf7581, buf7582, buf7583, buf7585, buf7587, buf7588, buf7589, buf7592, buf7594, buf7595, buf7596, buf7598, buf7600, buf7602, buf7603, buf7604, buf7606, buf7608, buf7610, buf7611, buf7612, buf7614, buf7616, buf7618, buf7619, buf7620, buf7622, buf7624, buf7626, buf7627, buf7628, buf7630, buf7632, buf7634, buf7635, buf7636, buf7638, buf7640, buf7642, buf7643, buf7644, buf7646, buf7648, buf7651, buf7653, buf7655, buf7656, buf7657, buf7660, buf7662, buf7664, buf7665, buf7666, buf7669, buf7671, buf7673, buf7674, buf7675, buf7676, buf7679, buf7681, buf7683, buf7684, buf7685, buf7686, buf7689, buf7690, buf7696, buf7698, buf7700, buf7701, buf7702, buf7705, buf7707, buf7710, buf7711, buf7712, buf7714, buf7716, buf7719, buf7720, buf7721, buf7723, buf7725, buf7728, buf7729, buf7730, buf7732, buf7734, buf7737, buf7738, buf7739, buf7741, buf7743, buf7746, buf7747, buf7748, buf7750, buf7752, buf7755, buf7756, buf7757, buf7759, buf7761, buf7764, buf7765, buf7766, buf7768, buf7770, buf7771, buf7772, buf7775, buf7780, buf7781, buf7782, buf7777, buf7783, buf7785, buf7787, buf7789, buf7790, buf7791, buf7793, buf7795, buf7797, buf7798, buf7799, buf7801, buf7803, buf7805, buf7806, buf7807, buf7809, buf7811, buf7813, buf7814, buf7815, buf7817, buf7819, buf7821, buf7822, buf7823, buf7825, buf7827, buf7828, buf7829, buf7832, buf7834, buf7835, buf7836, buf7838, buf7840, buf7842, buf7843, buf7844, buf7846, buf7848, buf7850, buf7851, buf7852, buf7854, buf7856, buf7858, buf7859, buf7860, buf7862, buf7864, buf7866, buf7867, buf7868, buf7870, buf7872, buf7874, buf7875, buf7876, buf7878, buf7880, buf7881, buf7882, buf7885, buf7887, buf7888, buf7889, buf7891, buf7893, buf7895, buf7896, buf7897, buf7899, buf7901, buf7903, buf7904, buf7905, buf7907, buf7909, buf7911, buf7912, buf7913, buf7915, buf7917, buf7919, buf7920, buf7921, buf7923, buf7925, buf7927, buf7928, buf7929, buf7931, buf7933, buf7935, buf7936, buf7937, buf7939, buf7942, buf7945, buf7947, buf7949, buf7950, buf7951, buf7954, buf7956, buf7958, buf7959, buf7960, buf7963, buf7965, buf7967, buf7968, buf7969, buf7970, buf7973, buf7975, buf7977, buf7978, buf7979, buf7980, buf7983, buf7984, buf7990, buf7992, buf7994, buf7995, buf7996, buf7999, buf8001, buf8004, buf8005, buf8006, buf8008, buf8010, buf8013, buf8014, buf8015, buf8017, buf8019, buf8022, buf8023, buf8024, buf8026, buf8028, buf8031, buf8032, buf8033, buf8035, buf8037, buf8040, buf8041, buf8042, buf8044, buf8046, buf8049, buf8050, buf8051, buf8053, buf8055, buf8058, buf8059, buf8060, buf8062, buf8064, buf8065, buf8066, buf8069, buf8074, buf8075, buf8076, buf8071, buf8077, buf8079, buf8081, buf8083, buf8084, buf8085, buf8087, buf8089, buf8091, buf8092, buf8093, buf8095, buf8097, buf8099, buf8100, buf8101, buf8103, buf8105, buf8107, buf8108, buf8109, buf8111, buf8113, buf8115, buf8116, buf8117, buf8119, buf8121, buf8122, buf8123, buf8126, buf8128, buf8129, buf8130, buf8132, buf8134, buf8136, buf8137, buf8138, buf8140, buf8142, buf8144, buf8145, buf8146, buf8148, buf8150, buf8152, buf8153, buf8154, buf8156, buf8158, buf8160, buf8161, buf8162, buf8164, buf8166, buf8168, buf8169, buf8170, buf8172, buf8174, buf8175, buf8176, buf8179, buf8181, buf8182, buf8183, buf8185, buf8187, buf8189, buf8190, buf8191, buf8193, buf8195, buf8197, buf8198, buf8199, buf8201, buf8203, buf8205, buf8206, buf8207, buf8209, buf8211, buf8213, buf8214, buf8215, buf8217, buf8219, buf8221, buf8222, buf8223, buf8225, buf8227, buf8229, buf8230, buf8231, buf8233, buf8235, buf8238, buf8240, buf8242, buf8243, buf8244, buf8247, buf8249, buf8251, buf8252, buf8253, buf8256, buf8258, buf8260, buf8261, buf8262, buf8263, buf8266, buf8268, buf8270, buf8271, buf8272, buf8273, buf8276, buf8277, buf8283, buf8285, buf8287, buf8288, buf8289, buf8292, buf8294, buf8297, buf8298, buf8299, buf8301, buf8303, buf8306, buf8307, buf8308, buf8310, buf8312, buf8315, buf8316, buf8317, buf8319, buf8321, buf8324, buf8325, buf8326, buf8328, buf8330, buf8333, buf8334, buf8335, buf8337, buf8339, buf8342, buf8343, buf8344, buf8346, buf8348, buf8351, buf8352, buf8353, buf8355, buf8357, buf8358, buf8359, buf8362, buf8367, buf8368, buf8369, buf8364, buf8370, buf8372, buf8374, buf8376, buf8377, buf8378, buf8380, buf8382, buf8384, buf8385, buf8386, buf8388, buf8390, buf8392, buf8393, buf8394, buf8396, buf8398, buf8400, buf8401, buf8402, buf8404, buf8406, buf8408, buf8409, buf8410, buf8412, buf8414, buf8415, buf8416, buf8419, buf8421, buf8422, buf8423, buf8425, buf8427, buf8429, buf8430, buf8431, buf8433, buf8435, buf8437, buf8438, buf8439, buf8441, buf8443, buf8445, buf8446, buf8447, buf8449, buf8451, buf8453, buf8454, buf8455, buf8457, buf8459, buf8461, buf8462, buf8463, buf8465, buf8467, buf8468, buf8469, buf8472, buf8474, buf8475, buf8476, buf8478, buf8480, buf8482, buf8483, buf8484, buf8486, buf8488, buf8490, buf8491, buf8492, buf8494, buf8496, buf8498, buf8499, buf8500, buf8502, buf8504, buf8506, buf8507, buf8508, buf8510, buf8512, buf8514, buf8515, buf8516, buf8518, buf8520, buf8522, buf8523, buf8524, buf8526, buf8529, buf8532, buf8534, buf8536, buf8537, buf8538, buf8541, buf8543, buf8545, buf8546, buf8547, buf8550, buf8552, buf8554, buf8555, buf8556, buf8557, buf8560, buf8562, buf8564, buf8565, buf8566, buf8567, buf8570, buf8571, buf8577, buf8579, buf8581, buf8582, buf8583, buf8586, buf8588, buf8591, buf8592, buf8593, buf8595, buf8597, buf8600, buf8601, buf8602, buf8604, buf8606, buf8609, buf8610, buf8611, buf8613, buf8615, buf8618, buf8619, buf8620, buf8622, buf8624, buf8627, buf8628, buf8629, buf8631, buf8633, buf8636, buf8637, buf8638, buf8640, buf8642, buf8645, buf8646, buf8647, buf8649, buf8651, buf8652, buf8653, buf8656, buf8661, buf8662, buf8663, buf8658, buf8664, buf8666, buf8668, buf8670, buf8671, buf8672, buf8674, buf8676, buf8678, buf8679, buf8680, buf8682, buf8684, buf8686, buf8687, buf8688, buf8690, buf8692, buf8694, buf8695, buf8696, buf8698, buf8700, buf8702, buf8703, buf8704, buf8706, buf8708, buf8709, buf8710, buf8713, buf8715, buf8716, buf8717, buf8719, buf8721, buf8723, buf8724, buf8725, buf8727, buf8729, buf8731, buf8732, buf8733, buf8735, buf8737, buf8739, buf8740, buf8741, buf8743, buf8745, buf8747, buf8748, buf8749, buf8751, buf8753, buf8755, buf8756, buf8757, buf8759, buf8761, buf8762, buf8763, buf8766, buf8768, buf8769, buf8770, buf8772, buf8774, buf8776, buf8777, buf8778, buf8780, buf8782, buf8784, buf8785, buf8786, buf8788, buf8790, buf8792, buf8793, buf8794, buf8796, buf8798, buf8800, buf8801, buf8802, buf8804, buf8806, buf8808, buf8809, buf8810, buf8812, buf8814, buf8816, buf8817, buf8818, buf8820, buf8822, buf8825, buf8827, buf8829, buf8830, buf8831, buf8834, buf8836, buf8838, buf8839, buf8840, buf8843, buf8845, buf8847, buf8848, buf8849, buf8850, buf8853, buf8855, buf8857, buf8858, buf8859, buf8860, buf8863, buf8864, buf8870, buf8872, buf8874, buf8875, buf8876, buf8879, buf8881, buf8884, buf8885, buf8886, buf8888, buf8890, buf8893, buf8894, buf8895, buf8897, buf8899, buf8902, buf8903, buf8904, buf8906, buf8908, buf8911, buf8912, buf8913, buf8915, buf8917, buf8920, buf8921, buf8922, buf8924, buf8926, buf8929, buf8930, buf8931, buf8933, buf8935, buf8938, buf8939, buf8940, buf8942, buf8944, buf8945, buf8946, buf8949, buf8954, buf8955, buf8956, buf8951, buf8957, buf8959, buf8961, buf8963, buf8964, buf8965, buf8967, buf8969, buf8971, buf8972, buf8973, buf8975, buf8977, buf8979, buf8980, buf8981, buf8983, buf8985, buf8987, buf8988, buf8989, buf8991, buf8993, buf8995, buf8996, buf8997, buf8999, buf9001, buf9002, buf9003, buf9006, buf9008, buf9009, buf9010, buf9012, buf9014, buf9016, buf9017, buf9018, buf9020, buf9022, buf9024, buf9025, buf9026, buf9028, buf9030, buf9032, buf9033, buf9034, buf9036, buf9038, buf9040, buf9041, buf9042, buf9044, buf9046, buf9048, buf9049, buf9050, buf9052, buf9054, buf9055, buf9056, buf9059, buf9061, buf9062, buf9063, buf9065, buf9067, buf9069, buf9070, buf9071, buf9073, buf9075, buf9077, buf9078, buf9079, buf9081, buf9083, buf9085, buf9086, buf9087, buf9089, buf9091, buf9093, buf9094, buf9095, buf9097, buf9099, buf9101, buf9102, buf9103, buf9105, buf9107, buf9109, buf9110, buf9111, buf9113, buf9116, buf9119, buf9120, buf9125, buf9127, buf9129, buf9130, buf9131, buf9134, buf9136, buf9138, buf9139, buf9140, buf9143, buf9145, buf9147, buf9148, buf9149, buf9150, buf9153, buf9155, buf9157, buf9158, buf9159, buf9160, buf9163, buf9164, buf9170, buf9172, buf9174, buf9175, buf9176, buf9179, buf9181, buf9184, buf9185, buf9186, buf9188, buf9190, buf9193, buf9194, buf9195, buf9197, buf9199, buf9202, buf9203, buf9204, buf9206, buf9208, buf9211, buf9212, buf9213, buf9215, buf9217, buf9220, buf9221, buf9222, buf9224, buf9226, buf9229, buf9230, buf9231, buf9233, buf9235, buf9238, buf9239, buf9240, buf9242, buf9244, buf9245, buf9246, buf9249, buf9254, buf9255, buf9256, buf9251, buf9257, buf9259, buf9261, buf9263, buf9264, buf9265, buf9267, buf9269, buf9271, buf9272, buf9273, buf9275, buf9277, buf9279, buf9280, buf9281, buf9283, buf9285, buf9287, buf9288, buf9289, buf9291, buf9293, buf9295, buf9296, buf9297, buf9299, buf9301, buf9302, buf9303, buf9306, buf9308, buf9309, buf9310, buf9312, buf9314, buf9316, buf9317, buf9318, buf9320, buf9322, buf9324, buf9325, buf9326, buf9328, buf9330, buf9332, buf9333, buf9334, buf9336, buf9338, buf9340, buf9341, buf9342, buf9344, buf9346, buf9348, buf9349, buf9350, buf9352, buf9354, buf9355, buf9356, buf9359, buf9361, buf9362, buf9363, buf9365, buf9367, buf9369, buf9370, buf9371, buf9373, buf9375, buf9377, buf9378, buf9379, buf9381, buf9383, buf9385, buf9386, buf9387, buf9389, buf9391, buf9393, buf9394, buf9395, buf9397, buf9399, buf9401, buf9402, buf9403, buf9405, buf9407, buf9409, buf9410, buf9411, buf9413, buf9415, buf9418, buf9420, buf9422, buf9423, buf9424, buf9427, buf9429, buf9431, buf9432, buf9433, buf9436, buf9438, buf9440, buf9441, buf9442, buf9443, buf9446, buf9448, buf9450, buf9451, buf9452, buf9453, buf9456, buf9457, buf9463, buf9465, buf9467, buf9468, buf9469, buf9472, buf9474, buf9477, buf9478, buf9479, buf9481, buf9483, buf9486, buf9487, buf9488, buf9490, buf9492, buf9495, buf9496, buf9497, buf9499, buf9501, buf9504, buf9505, buf9506, buf9508, buf9510, buf9513, buf9514, buf9515, buf9517, buf9519, buf9522, buf9523, buf9524, buf9526, buf9528, buf9531, buf9532, buf9533, buf9535, buf9537, buf9538, buf9539, buf9542, buf9547, buf9548, buf9549, buf9544, buf9550, buf9552, buf9554, buf9556, buf9557, buf9558, buf9560, buf9562, buf9564, buf9565, buf9566, buf9568, buf9570, buf9572, buf9573, buf9574, buf9576, buf9578, buf9580, buf9581, buf9582, buf9584, buf9586, buf9588, buf9589, buf9590, buf9592, buf9594, buf9595, buf9596, buf9599, buf9601, buf9602, buf9603, buf9605, buf9607, buf9609, buf9610, buf9611, buf9613, buf9615, buf9617, buf9618, buf9619, buf9621, buf9623, buf9625, buf9626, buf9627, buf9629, buf9631, buf9633, buf9634, buf9635, buf9637, buf9639, buf9641, buf9642, buf9643, buf9645, buf9647, buf9648, buf9649, buf9652, buf9654, buf9655, buf9656, buf9658, buf9660, buf9662, buf9663, buf9664, buf9666, buf9668, buf9670, buf9671, buf9672, buf9674, buf9676, buf9678, buf9679, buf9680, buf9682, buf9684, buf9686, buf9687, buf9688, buf9690, buf9692, buf9694, buf9695, buf9696, buf9698, buf9700, buf9702, buf9703, buf9704, buf9706, buf9708, buf9711, buf9713, buf9715, buf9716, buf9717, buf9720, buf9722, buf9724, buf9725, buf9726, buf9729, buf9731, buf9733, buf9734, buf9735, buf9736, buf9739, buf9741, buf9743, buf9744, buf9745, buf9746, buf9749, buf9750, buf9756, buf9758, buf9760, buf9761, buf9762, buf9765, buf9767, buf9770, buf9771, buf9772, buf9774, buf9776, buf9779, buf9780, buf9781, buf9783, buf9785, buf9788, buf9789, buf9790, buf9792, buf9794, buf9797, buf9798, buf9799, buf9801, buf9803, buf9806, buf9807, buf9808, buf9810, buf9812, buf9815, buf9816, buf9817, buf9819, buf9821, buf9824, buf9825, buf9826, buf9828, buf9830, buf9831, buf9832, buf9835, buf9840, buf9841, buf9842, buf9837, buf9843, buf9845, buf9847, buf9849, buf9850, buf9851, buf9853, buf9855, buf9857, buf9858, buf9859, buf9861, buf9863, buf9865, buf9866, buf9867, buf9869, buf9871, buf9873, buf9874, buf9875, buf9877, buf9879, buf9881, buf9882, buf9883, buf9885, buf9887, buf9888, buf9889, buf9892, buf9894, buf9895, buf9896, buf9898, buf9900, buf9902, buf9903, buf9904, buf9906, buf9908, buf9910, buf9911, buf9912, buf9914, buf9916, buf9918, buf9919, buf9920, buf9922, buf9924, buf9926, buf9927, buf9928, buf9930, buf9932, buf9934, buf9935, buf9936, buf9938, buf9940, buf9941, buf9942, buf9945, buf9947, buf9948, buf9949, buf9951, buf9953, buf9955, buf9956, buf9957, buf9959, buf9961, buf9963, buf9964, buf9965, buf9967, buf9969, buf9971, buf9972, buf9973, buf9975, buf9977, buf9979, buf9980, buf9981, buf9983, buf9985, buf9987, buf9988, buf9989, buf9991, buf9993, buf9995, buf9996, buf9997, buf9999, buf10002, buf10005, buf10007, buf10009, buf10010, buf10011, buf10014, buf10016, buf10018, buf10019, buf10020, buf10023, buf10025, buf10027, buf10028, buf10029, buf10030, buf10033, buf10035, buf10037, buf10038, buf10039, buf10040, buf10043, buf10044, buf10050, buf10052, buf10054, buf10055, buf10056, buf10059, buf10061, buf10064, buf10065, buf10066, buf10068, buf10070, buf10073, buf10074, buf10075, buf10077, buf10079, buf10082, buf10083, buf10084, buf10086, buf10088, buf10091, buf10092, buf10093, buf10095, buf10097, buf10100, buf10101, buf10102, buf10104, buf10106, buf10109, buf10110, buf10111, buf10113, buf10115, buf10118, buf10119, buf10120, buf10122, buf10124, buf10125, buf10126, buf10129, buf10134, buf10135, buf10136, buf10131, buf10137, buf10139, buf10141, buf10143, buf10144, buf10145, buf10147, buf10149, buf10151, buf10152, buf10153, buf10155, buf10157, buf10159, buf10160, buf10161, buf10163, buf10165, buf10167, buf10168, buf10169, buf10171, buf10173, buf10175, buf10176, buf10177, buf10179, buf10181, buf10182, buf10183, buf10186, buf10188, buf10189, buf10190, buf10192, buf10194, buf10196, buf10197, buf10198, buf10200, buf10202, buf10204, buf10205, buf10206, buf10208, buf10210, buf10212, buf10213, buf10214, buf10216, buf10218, buf10220, buf10221, buf10222, buf10224, buf10226, buf10228, buf10229, buf10230, buf10232, buf10234, buf10235, buf10236, buf10239, buf10241, buf10242, buf10243, buf10245, buf10247, buf10249, buf10250, buf10251, buf10253, buf10255, buf10257, buf10258, buf10259, buf10261, buf10263, buf10265, buf10266, buf10267, buf10269, buf10271, buf10273, buf10274, buf10275, buf10277, buf10279, buf10281, buf10282, buf10283, buf10285, buf10287, buf10289, buf10290, buf10291, buf10293, buf10295, buf10298, buf10300, buf10302, buf10303, buf10304, buf10307, buf10309, buf10311, buf10312, buf10313, buf10316, buf10318, buf10320, buf10321, buf10322, buf10323, buf10326, buf10328, buf10330, buf10331, buf10332, buf10333, buf10336, buf10337, buf10343, buf10345, buf10347, buf10348, buf10349, buf10352, buf10354, buf10357, buf10358, buf10359, buf10361, buf10363, buf10366, buf10367, buf10368, buf10370, buf10372, buf10375, buf10376, buf10377, buf10379, buf10381, buf10384, buf10385, buf10386, buf10388, buf10390, buf10393, buf10394, buf10395, buf10397, buf10399, buf10402, buf10403, buf10404, buf10406, buf10408, buf10411, buf10412, buf10413, buf10415, buf10417, buf10418, buf10419, buf10422, buf10427, buf10428, buf10429, buf10424, buf10430, buf10432, buf10434, buf10436, buf10437, buf10438, buf10440, buf10442, buf10444, buf10445, buf10446, buf10448, buf10450, buf10452, buf10453, buf10454, buf10456, buf10458, buf10460, buf10461, buf10462, buf10464, buf10466, buf10468, buf10469, buf10470, buf10472, buf10474, buf10475, buf10476, buf10479, buf10481, buf10482, buf10483, buf10485, buf10487, buf10489, buf10490, buf10491, buf10493, buf10495, buf10497, buf10498, buf10499, buf10501, buf10503, buf10505, buf10506, buf10507, buf10509, buf10511, buf10513, buf10514, buf10515, buf10517, buf10519, buf10521, buf10522, buf10523, buf10525, buf10527, buf10528, buf10529, buf10532, buf10534, buf10535, buf10536, buf10538, buf10540, buf10542, buf10543, buf10544, buf10546, buf10548, buf10550, buf10551, buf10552, buf10554, buf10556, buf10558, buf10559, buf10560, buf10562, buf10564, buf10566, buf10567, buf10568, buf10570, buf10572, buf10574, buf10575, buf10576, buf10578, buf10580, buf10582, buf10583, buf10584, buf10586, buf10589, buf10592, buf10594, buf10596, buf10597, buf10598, buf10601, buf10603, buf10605, buf10606, buf10607, buf10610, buf10612, buf10614, buf10615, buf10616, buf10617, buf10620, buf10622, buf10624, buf10625, buf10626, buf10627, buf10630, buf10631, buf10637, buf10639, buf10641, buf10642, buf10643, buf10646, buf10648, buf10651, buf10652, buf10653, buf10655, buf10657, buf10660, buf10661, buf10662, buf10664, buf10666, buf10669, buf10670, buf10671, buf10673, buf10675, buf10678, buf10679, buf10680, buf10682, buf10684, buf10687, buf10688, buf10689, buf10691, buf10693, buf10696, buf10697, buf10698, buf10700, buf10702, buf10705, buf10706, buf10707, buf10709, buf10711, buf10712, buf10713, buf10716, buf10721, buf10722, buf10723, buf10718, buf10724, buf10726, buf10728, buf10730, buf10731, buf10732, buf10734, buf10736, buf10738, buf10739, buf10740, buf10742, buf10744, buf10746, buf10747, buf10748, buf10750, buf10752, buf10754, buf10755, buf10756, buf10758, buf10760, buf10762, buf10763, buf10764, buf10766, buf10768, buf10769, buf10770, buf10773, buf10775, buf10776, buf10777, buf10779, buf10781, buf10783, buf10784, buf10785, buf10787, buf10789, buf10791, buf10792, buf10793, buf10795, buf10797, buf10799, buf10800, buf10801, buf10803, buf10805, buf10807, buf10808, buf10809, buf10811, buf10813, buf10815, buf10816, buf10817, buf10819, buf10821, buf10822, buf10823, buf10826, buf10828, buf10829, buf10830, buf10832, buf10834, buf10836, buf10837, buf10838, buf10840, buf10842, buf10844, buf10845, buf10846, buf10848, buf10850, buf10852, buf10853, buf10854, buf10856, buf10858, buf10860, buf10861, buf10862, buf10864, buf10866, buf10868, buf10869, buf10870, buf10872, buf10874, buf10876, buf10877, buf10878, buf10880, buf10882, buf10885, buf10887, buf10889, buf10890, buf10891, buf10894, buf10896, buf10898, buf10899, buf10900, buf10903, buf10905, buf10907, buf10908, buf10909, buf10910, buf10913, buf10915, buf10917, buf10918, buf10919, buf10920, buf10923, buf10924, buf10930, buf10932, buf10934, buf10935, buf10936, buf10939, buf10941, buf10944, buf10945, buf10946, buf10948, buf10950, buf10953, buf10954, buf10955, buf10957, buf10959, buf10962, buf10963, buf10964, buf10966, buf10968, buf10971, buf10972, buf10973, buf10975, buf10977, buf10980, buf10981, buf10982, buf10984, buf10986, buf10989, buf10990, buf10991, buf10993, buf10995, buf10998, buf10999, buf11000, buf11002, buf11004, buf11005, buf11006, buf11009, buf11014, buf11015, buf11016, buf11011, buf11017, buf11019, buf11021, buf11023, buf11024, buf11025, buf11027, buf11029, buf11031, buf11032, buf11033, buf11035, buf11037, buf11039, buf11040, buf11041, buf11043, buf11045, buf11047, buf11048, buf11049, buf11051, buf11053, buf11055, buf11056, buf11057, buf11059, buf11061, buf11062, buf11063, buf11066, buf11068, buf11069, buf11070, buf11072, buf11074, buf11076, buf11077, buf11078, buf11080, buf11082, buf11084, buf11085, buf11086, buf11088, buf11090, buf11092, buf11093, buf11094, buf11096, buf11098, buf11100, buf11101, buf11102, buf11104, buf11106, buf11108, buf11109, buf11110, buf11112, buf11114, buf11115, buf11116, buf11119, buf11121, buf11122, buf11123, buf11125, buf11127, buf11129, buf11130, buf11131, buf11133, buf11135, buf11137, buf11138, buf11139, buf11141, buf11143, buf11145, buf11146, buf11147, buf11149, buf11151, buf11153, buf11154, buf11155, buf11157, buf11159, buf11161, buf11162, buf11163, buf11165, buf11167, buf11169, buf11170, buf11171, buf11173, buf11176, buf11179, buf11181, buf11183, buf11184, buf11185, buf11188, buf11190, buf11192, buf11193, buf11194, buf11197, buf11199, buf11201, buf11202, buf11203, buf11204, buf11207, buf11209, buf11211, buf11212, buf11213, buf11214, buf11217, buf11218, buf11224, buf11226, buf11228, buf11229, buf11230, buf11233, buf11235, buf11238, buf11239, buf11240, buf11242, buf11244, buf11247, buf11248, buf11249, buf11251, buf11253, buf11256, buf11257, buf11258, buf11260, buf11262, buf11265, buf11266, buf11267, buf11269, buf11271, buf11274, buf11275, buf11276, buf11278, buf11280, buf11283, buf11284, buf11285, buf11287, buf11289, buf11292, buf11293, buf11294, buf11296, buf11298, buf11299, buf11300, buf11303, buf11308, buf11309, buf11310, buf11305, buf11311, buf11313, buf11315, buf11317, buf11318, buf11319, buf11321, buf11323, buf11325, buf11326, buf11327, buf11329, buf11331, buf11333, buf11334, buf11335, buf11337, buf11339, buf11341, buf11342, buf11343, buf11345, buf11347, buf11349, buf11350, buf11351, buf11353, buf11355, buf11356, buf11357, buf11360, buf11362, buf11363, buf11364, buf11366, buf11368, buf11370, buf11371, buf11372, buf11374, buf11376, buf11378, buf11379, buf11380, buf11382, buf11384, buf11386, buf11387, buf11388, buf11390, buf11392, buf11394, buf11395, buf11396, buf11398, buf11400, buf11402, buf11403, buf11404, buf11406, buf11408, buf11409, buf11410, buf11413, buf11415, buf11416, buf11417, buf11419, buf11421, buf11423, buf11424, buf11425, buf11427, buf11429, buf11431, buf11432, buf11433, buf11435, buf11437, buf11439, buf11440, buf11441, buf11443, buf11445, buf11447, buf11448, buf11449, buf11451, buf11453, buf11455, buf11456, buf11457, buf11459, buf11461, buf11463, buf11464, buf11465, buf11467, buf11469, buf11472, buf11474, buf11476, buf11477, buf11478, buf11481, buf11483, buf11485, buf11486, buf11487, buf11490, buf11492, buf11494, buf11495, buf11496, buf11497, buf11500, buf11502, buf11504, buf11505, buf11506, buf11507, buf11510, buf11511, buf11517, buf11519, buf11521, buf11522, buf11523, buf11526, buf11528, buf11531, buf11532, buf11533, buf11535, buf11537, buf11540, buf11541, buf11542, buf11544, buf11546, buf11549, buf11550, buf11551, buf11553, buf11555, buf11558, buf11559, buf11560, buf11562, buf11564, buf11567, buf11568, buf11569, buf11571, buf11573, buf11576, buf11577, buf11578, buf11580, buf11582, buf11585, buf11586, buf11587, buf11589, buf11591, buf11592, buf11593, buf11596, buf11601, buf11602, buf11603, buf11598, buf11604, buf11606, buf11608, buf11610, buf11611, buf11612, buf11614, buf11616, buf11618, buf11619, buf11620, buf11622, buf11624, buf11626, buf11627, buf11628, buf11630, buf11632, buf11634, buf11635, buf11636, buf11638, buf11640, buf11642, buf11643, buf11644, buf11646, buf11648, buf11649, buf11650, buf11653, buf11655, buf11656, buf11657, buf11659, buf11661, buf11663, buf11664, buf11665, buf11667, buf11669, buf11671, buf11672, buf11673, buf11675, buf11677, buf11679, buf11680, buf11681, buf11683, buf11685, buf11687, buf11688, buf11689, buf11691, buf11693, buf11695, buf11696, buf11697, buf11699, buf11701, buf11702, buf11703, buf11706, buf11708, buf11709, buf11710, buf11712, buf11714, buf11716, buf11717, buf11718, buf11720, buf11722, buf11724, buf11725, buf11726, buf11728, buf11730, buf11732, buf11733, buf11734, buf11736, buf11738, buf11740, buf11741, buf11742, buf11744, buf11746, buf11748, buf11749, buf11750, buf11752, buf11754, buf11756, buf11757, buf11758, buf11760, buf11763, buf11766, buf11767, buf11772, buf11774, buf11776, buf11777, buf11778, buf11781, buf11783, buf11785, buf11786, buf11787, buf11790, buf11792, buf11794, buf11795, buf11796, buf11797, buf11800, buf11802, buf11804, buf11805, buf11806, buf11807, buf11810, buf11811, buf11817, buf11819, buf11821, buf11822, buf11823, buf11826, buf11828, buf11831, buf11832, buf11833, buf11835, buf11837, buf11840, buf11841, buf11842, buf11844, buf11846, buf11849, buf11850, buf11851, buf11853, buf11855, buf11858, buf11859, buf11860, buf11862, buf11864, buf11867, buf11868, buf11869, buf11871, buf11873, buf11876, buf11877, buf11878, buf11880, buf11882, buf11885, buf11886, buf11887, buf11889, buf11891, buf11892, buf11893, buf11896, buf11901, buf11902, buf11903, buf11898, buf11904, buf11906, buf11908, buf11910, buf11911, buf11912, buf11914, buf11916, buf11918, buf11919, buf11920, buf11922, buf11924, buf11926, buf11927, buf11928, buf11930, buf11932, buf11934, buf11935, buf11936, buf11938, buf11940, buf11942, buf11943, buf11944, buf11946, buf11948, buf11949, buf11950, buf11953, buf11955, buf11956, buf11957, buf11959, buf11961, buf11963, buf11964, buf11965, buf11967, buf11969, buf11971, buf11972, buf11973, buf11975, buf11977, buf11979, buf11980, buf11981, buf11983, buf11985, buf11987, buf11988, buf11989, buf11991, buf11993, buf11995, buf11996, buf11997, buf11999, buf12001, buf12002, buf12003, buf12006, buf12008, buf12009, buf12010, buf12012, buf12014, buf12016, buf12017, buf12018, buf12020, buf12022, buf12024, buf12025, buf12026, buf12028, buf12030, buf12032, buf12033, buf12034, buf12036, buf12038, buf12040, buf12041, buf12042, buf12044, buf12046, buf12048, buf12049, buf12050, buf12052, buf12054, buf12056, buf12057, buf12058, buf12060, buf12062, buf12065, buf12067, buf12069, buf12070, buf12071, buf12074, buf12076, buf12078, buf12079, buf12080, buf12083, buf12085, buf12087, buf12088, buf12089, buf12090, buf12093, buf12095, buf12097, buf12098, buf12099, buf12100, buf12103, buf12104, buf12110, buf12112, buf12114, buf12115, buf12116, buf12119, buf12121, buf12124, buf12125, buf12126, buf12128, buf12130, buf12133, buf12134, buf12135, buf12137, buf12139, buf12142, buf12143, buf12144, buf12146, buf12148, buf12151, buf12152, buf12153, buf12155, buf12157, buf12160, buf12161, buf12162, buf12164, buf12166, buf12169, buf12170, buf12171, buf12173, buf12175, buf12178, buf12179, buf12180, buf12182, buf12184, buf12185, buf12186, buf12189, buf12194, buf12195, buf12196, buf12191, buf12197, buf12199, buf12201, buf12203, buf12204, buf12205, buf12207, buf12209, buf12211, buf12212, buf12213, buf12215, buf12217, buf12219, buf12220, buf12221, buf12223, buf12225, buf12227, buf12228, buf12229, buf12231, buf12233, buf12235, buf12236, buf12237, buf12239, buf12241, buf12242, buf12243, buf12246, buf12248, buf12249, buf12250, buf12252, buf12254, buf12256, buf12257, buf12258, buf12260, buf12262, buf12264, buf12265, buf12266, buf12268, buf12270, buf12272, buf12273, buf12274, buf12276, buf12278, buf12280, buf12281, buf12282, buf12284, buf12286, buf12288, buf12289, buf12290, buf12292, buf12294, buf12295, buf12296, buf12299, buf12301, buf12302, buf12303, buf12305, buf12307, buf12309, buf12310, buf12311, buf12313, buf12315, buf12317, buf12318, buf12319, buf12321, buf12323, buf12325, buf12326, buf12327, buf12329, buf12331, buf12333, buf12334, buf12335, buf12337, buf12339, buf12341, buf12342, buf12343, buf12345, buf12347, buf12349, buf12350, buf12351, buf12353, buf12355, buf12358, buf12360, buf12362, buf12363, buf12364, buf12367, buf12369, buf12371, buf12372, buf12373, buf12376, buf12378, buf12380, buf12381, buf12382, buf12383, buf12386, buf12388, buf12390, buf12391, buf12392, buf12393, buf12396, buf12397, buf12403, buf12405, buf12407, buf12408, buf12409, buf12412, buf12414, buf12417, buf12418, buf12419, buf12421, buf12423, buf12426, buf12427, buf12428, buf12430, buf12432, buf12435, buf12436, buf12437, buf12439, buf12441, buf12444, buf12445, buf12446, buf12448, buf12450, buf12453, buf12454, buf12455, buf12457, buf12459, buf12462, buf12463, buf12464, buf12466, buf12468, buf12471, buf12472, buf12473, buf12475, buf12477, buf12478, buf12479, buf12482, buf12487, buf12488, buf12489, buf12484, buf12490, buf12492, buf12494, buf12496, buf12497, buf12498, buf12500, buf12502, buf12504, buf12505, buf12506, buf12508, buf12510, buf12512, buf12513, buf12514, buf12516, buf12518, buf12520, buf12521, buf12522, buf12524, buf12526, buf12528, buf12529, buf12530, buf12532, buf12534, buf12535, buf12536, buf12539, buf12541, buf12542, buf12543, buf12545, buf12547, buf12549, buf12550, buf12551, buf12553, buf12555, buf12557, buf12558, buf12559, buf12561, buf12563, buf12565, buf12566, buf12567, buf12569, buf12571, buf12573, buf12574, buf12575, buf12577, buf12579, buf12581, buf12582, buf12583, buf12585, buf12587, buf12588, buf12589, buf12592, buf12594, buf12595, buf12596, buf12598, buf12600, buf12602, buf12603, buf12604, buf12606, buf12608, buf12610, buf12611, buf12612, buf12614, buf12616, buf12618, buf12619, buf12620, buf12622, buf12624, buf12626, buf12627, buf12628, buf12630, buf12632, buf12634, buf12635, buf12636, buf12638, buf12640, buf12642, buf12643, buf12644, buf12646, buf12649, buf12652, buf12654, buf12656, buf12657, buf12658, buf12661, buf12663, buf12665, buf12666, buf12667, buf12670, buf12672, buf12674, buf12675, buf12676, buf12677, buf12680, buf12682, buf12684, buf12685, buf12686, buf12687, buf12690, buf12691, buf12697, buf12699, buf12701, buf12702, buf12703, buf12706, buf12708, buf12711, buf12712, buf12713, buf12715, buf12717, buf12720, buf12721, buf12722, buf12724, buf12726, buf12729, buf12730, buf12731, buf12733, buf12735, buf12738, buf12739, buf12740, buf12742, buf12744, buf12747, buf12748, buf12749, buf12751, buf12753, buf12756, buf12757, buf12758, buf12760, buf12762, buf12765, buf12766, buf12767, buf12769, buf12771, buf12772, buf12773, buf12776, buf12781, buf12782, buf12783, buf12778, buf12784, buf12786, buf12788, buf12790, buf12791, buf12792, buf12794, buf12796, buf12798, buf12799, buf12800, buf12802, buf12804, buf12806, buf12807, buf12808, buf12810, buf12812, buf12814, buf12815, buf12816, buf12818, buf12820, buf12822, buf12823, buf12824, buf12826, buf12828, buf12829, buf12830, buf12833, buf12835, buf12836, buf12837, buf12839, buf12841, buf12843, buf12844, buf12845, buf12847, buf12849, buf12851, buf12852, buf12853, buf12855, buf12857, buf12859, buf12860, buf12861, buf12863, buf12865, buf12867, buf12868, buf12869, buf12871, buf12873, buf12875, buf12876, buf12877, buf12879, buf12881, buf12882, buf12883, buf12886, buf12888, buf12889, buf12890, buf12892, buf12894, buf12896, buf12897, buf12898, buf12900, buf12902, buf12904, buf12905, buf12906, buf12908, buf12910, buf12912, buf12913, buf12914, buf12916, buf12918, buf12920, buf12921, buf12922, buf12924, buf12926, buf12928, buf12929, buf12930, buf12932, buf12934, buf12936, buf12937, buf12938, buf12940, buf12942, buf12945, buf12947, buf12949, buf12950, buf12951, buf12954, buf12956, buf12958, buf12959, buf12960, buf12963, buf12965, buf12967, buf12968, buf12969, buf12970, buf12973, buf12975, buf12977, buf12978, buf12979, buf12980, buf12983, buf12984, buf12990, buf12992, buf12994, buf12995, buf12996, buf12999, buf13001, buf13004, buf13005, buf13006, buf13008, buf13010, buf13013, buf13014, buf13015, buf13017, buf13019, buf13022, buf13023, buf13024, buf13026, buf13028, buf13031, buf13032, buf13033, buf13035, buf13037, buf13040, buf13041, buf13042, buf13044, buf13046, buf13049, buf13050, buf13051, buf13053, buf13055, buf13058, buf13059, buf13060, buf13062, buf13064, buf13065, buf13066, buf13069, buf13074, buf13075, buf13076, buf13071, buf13077, buf13079, buf13081, buf13083, buf13084, buf13085, buf13087, buf13089, buf13091, buf13092, buf13093, buf13095, buf13097, buf13099, buf13100, buf13101, buf13103, buf13105, buf13107, buf13108, buf13109, buf13111, buf13113, buf13115, buf13116, buf13117, buf13119, buf13121, buf13122, buf13123, buf13126, buf13128, buf13129, buf13130, buf13132, buf13134, buf13136, buf13137, buf13138, buf13140, buf13142, buf13144, buf13145, buf13146, buf13148, buf13150, buf13152, buf13153, buf13154, buf13156, buf13158, buf13160, buf13161, buf13162, buf13164, buf13166, buf13168, buf13169, buf13170, buf13172, buf13174, buf13175, buf13176, buf13179, buf13181, buf13182, buf13183, buf13185, buf13187, buf13189, buf13190, buf13191, buf13193, buf13195, buf13197, buf13198, buf13199, buf13201, buf13203, buf13205, buf13206, buf13207, buf13209, buf13211, buf13213, buf13214, buf13215, buf13217, buf13219, buf13221, buf13222, buf13223, buf13225, buf13227, buf13229, buf13230, buf13231, buf13233, buf13236, buf13239, buf13241, buf13243, buf13244, buf13245, buf13248, buf13250, buf13252, buf13253, buf13254, buf13257, buf13259, buf13261, buf13262, buf13263, buf13264, buf13267, buf13269, buf13271, buf13272, buf13273, buf13274, buf13277, buf13278, buf13284, buf13286, buf13288, buf13289, buf13290, buf13293, buf13295, buf13298, buf13299, buf13300, buf13302, buf13304, buf13307, buf13308, buf13309, buf13311, buf13313, buf13316, buf13317, buf13318, buf13320, buf13322, buf13325, buf13326, buf13327, buf13329, buf13331, buf13334, buf13335, buf13336, buf13338, buf13340, buf13343, buf13344, buf13345, buf13347, buf13349, buf13352, buf13353, buf13354, buf13356, buf13358, buf13359, buf13360, buf13363, buf13368, buf13369, buf13370, buf13365, buf13371, buf13373, buf13375, buf13377, buf13378, buf13379, buf13381, buf13383, buf13385, buf13386, buf13387, buf13389, buf13391, buf13393, buf13394, buf13395, buf13397, buf13399, buf13401, buf13402, buf13403, buf13405, buf13407, buf13409, buf13410, buf13411, buf13413, buf13415, buf13416, buf13417, buf13420, buf13422, buf13423, buf13424, buf13426, buf13428, buf13430, buf13431, buf13432, buf13434, buf13436, buf13438, buf13439, buf13440, buf13442, buf13444, buf13446, buf13447, buf13448, buf13450, buf13452, buf13454, buf13455, buf13456, buf13458, buf13460, buf13462, buf13463, buf13464, buf13466, buf13468, buf13469, buf13470, buf13473, buf13475, buf13476, buf13477, buf13479, buf13481, buf13483, buf13484, buf13485, buf13487, buf13489, buf13491, buf13492, buf13493, buf13495, buf13497, buf13499, buf13500, buf13501, buf13503, buf13505, buf13507, buf13508, buf13509, buf13511, buf13513, buf13515, buf13516, buf13517, buf13519, buf13521, buf13523, buf13524, buf13525, buf13527, buf13529, buf13532, buf13534, buf13536, buf13537, buf13538, buf13541, buf13543, buf13545, buf13546, buf13547, buf13550, buf13552, buf13554, buf13555, buf13556, buf13557, buf13560, buf13562, buf13564, buf13565, buf13566, buf13567, buf13570, buf13571, buf13577, buf13579, buf13581, buf13582, buf13583, buf13586, buf13588, buf13591, buf13592, buf13593, buf13595, buf13597, buf13600, buf13601, buf13602, buf13604, buf13606, buf13609, buf13610, buf13611, buf13613, buf13615, buf13618, buf13619, buf13620, buf13622, buf13624, buf13627, buf13628, buf13629, buf13631, buf13633, buf13636, buf13637, buf13638, buf13640, buf13642, buf13645, buf13646, buf13647, buf13649, buf13651, buf13652, buf13653, buf13656, buf13661, buf13662, buf13663, buf13658, buf13664, buf13666, buf13668, buf13670, buf13671, buf13672, buf13674, buf13676, buf13678, buf13679, buf13680, buf13682, buf13684, buf13686, buf13687, buf13688, buf13690, buf13692, buf13694, buf13695, buf13696, buf13698, buf13700, buf13702, buf13703, buf13704, buf13706, buf13708, buf13709, buf13710, buf13713, buf13715, buf13716, buf13717, buf13719, buf13721, buf13723, buf13724, buf13725, buf13727, buf13729, buf13731, buf13732, buf13733, buf13735, buf13737, buf13739, buf13740, buf13741, buf13743, buf13745, buf13747, buf13748, buf13749, buf13751, buf13753, buf13755, buf13756, buf13757, buf13759, buf13761, buf13762, buf13763, buf13766, buf13768, buf13769, buf13770, buf13772, buf13774, buf13776, buf13777, buf13778, buf13780, buf13782, buf13784, buf13785, buf13786, buf13788, buf13790, buf13792, buf13793, buf13794, buf13796, buf13798, buf13800, buf13801, buf13802, buf13804, buf13806, buf13808, buf13809, buf13810, buf13812, buf13814, buf13816, buf13817, buf13818, buf13820, buf13823, buf13826, buf13828, buf13830, buf13831, buf13832, buf13835, buf13837, buf13839, buf13840, buf13841, buf13844, buf13846, buf13848, buf13849, buf13850, buf13851, buf13854, buf13856, buf13858, buf13859, buf13860, buf13861, buf13864, buf13865, buf13871, buf13873, buf13875, buf13876, buf13877, buf13880, buf13882, buf13885, buf13886, buf13887, buf13889, buf13891, buf13894, buf13895, buf13896, buf13898, buf13900, buf13903, buf13904, buf13905, buf13907, buf13909, buf13912, buf13913, buf13914, buf13916, buf13918, buf13921, buf13922, buf13923, buf13925, buf13927, buf13930, buf13931, buf13932, buf13934, buf13936, buf13939, buf13940, buf13941, buf13943, buf13945, buf13946, buf13947, buf13950, buf13955, buf13956, buf13957, buf13952, buf13958, buf13960, buf13962, buf13964, buf13965, buf13966, buf13968, buf13970, buf13972, buf13973, buf13974, buf13976, buf13978, buf13980, buf13981, buf13982, buf13984, buf13986, buf13988, buf13989, buf13990, buf13992, buf13994, buf13996, buf13997, buf13998, buf14000, buf14002, buf14003, buf14004, buf14007, buf14009, buf14010, buf14011, buf14013, buf14015, buf14017, buf14018, buf14019, buf14021, buf14023, buf14025, buf14026, buf14027, buf14029, buf14031, buf14033, buf14034, buf14035, buf14037, buf14039, buf14041, buf14042, buf14043, buf14045, buf14047, buf14049, buf14050, buf14051, buf14053, buf14055, buf14056, buf14057, buf14060, buf14062, buf14063, buf14064, buf14066, buf14068, buf14070, buf14071, buf14072, buf14074, buf14076, buf14078, buf14079, buf14080, buf14082, buf14084, buf14086, buf14087, buf14088, buf14090, buf14092, buf14094, buf14095, buf14096, buf14098, buf14100, buf14102, buf14103, buf14104, buf14106, buf14108, buf14110, buf14111, buf14112, buf14114, buf14116, buf14119, buf14121, buf14123, buf14124, buf14125, buf14128, buf14130, buf14132, buf14133, buf14134, buf14137, buf14139, buf14141, buf14142, buf14143, buf14144, buf14147, buf14149, buf14151, buf14152, buf14153, buf14154, buf14157, buf14158, buf14164, buf14166, buf14168, buf14169, buf14170, buf14173, buf14175, buf14178, buf14179, buf14180, buf14182, buf14184, buf14187, buf14188, buf14189, buf14191, buf14193, buf14196, buf14197, buf14198, buf14200, buf14202, buf14205, buf14206, buf14207, buf14209, buf14211, buf14214, buf14215, buf14216, buf14218, buf14220, buf14223, buf14224, buf14225, buf14227, buf14229, buf14232, buf14233, buf14234, buf14236, buf14238, buf14239, buf14240, buf14243, buf14248, buf14249, buf14250, buf14245, buf14251, buf14253, buf14255, buf14257, buf14258, buf14259, buf14261, buf14263, buf14265, buf14266, buf14267, buf14269, buf14271, buf14273, buf14274, buf14275, buf14277, buf14279, buf14281, buf14282, buf14283, buf14285, buf14287, buf14289, buf14290, buf14291, buf14293, buf14295, buf14296, buf14297, buf14300, buf14302, buf14303, buf14304, buf14306, buf14308, buf14310, buf14311, buf14312, buf14314, buf14316, buf14318, buf14319, buf14320, buf14322, buf14324, buf14326, buf14327, buf14328, buf14330, buf14332, buf14334, buf14335, buf14336, buf14338, buf14340, buf14342, buf14343, buf14344, buf14346, buf14348, buf14349, buf14350, buf14353, buf14355, buf14356, buf14357, buf14359, buf14361, buf14363, buf14364, buf14365, buf14367, buf14369, buf14371, buf14372, buf14373, buf14375, buf14377, buf14379, buf14380, buf14381, buf14383, buf14385, buf14387, buf14388, buf14389, buf14391, buf14393, buf14395, buf14396, buf14397, buf14399, buf14401, buf14403, buf14404, buf14405, buf14407, buf14410, buf14413, buf14414, buf14419, buf14421, buf14423, buf14424, buf14425, buf14428, buf14430, buf14432, buf14433, buf14434, buf14437, buf14439, buf14441, buf14442, buf14443, buf14444, buf14447, buf14449, buf14451, buf14452, buf14453, buf14454, buf14457, buf14458, buf14464, buf14466, buf14468, buf14469, buf14470, buf14473, buf14475, buf14478, buf14479, buf14480, buf14482, buf14484, buf14487, buf14488, buf14489, buf14491, buf14493, buf14496, buf14497, buf14498, buf14500, buf14502, buf14505, buf14506, buf14507, buf14509, buf14511, buf14514, buf14515, buf14516, buf14518, buf14520, buf14523, buf14524, buf14525, buf14527, buf14529, buf14532, buf14533, buf14534, buf14536, buf14538, buf14539, buf14540, buf14543, buf14548, buf14549, buf14550, buf14545, buf14551, buf14553, buf14555, buf14557, buf14558, buf14559, buf14561, buf14563, buf14565, buf14566, buf14567, buf14569, buf14571, buf14573, buf14574, buf14575, buf14577, buf14579, buf14581, buf14582, buf14583, buf14585, buf14587, buf14589, buf14590, buf14591, buf14593, buf14595, buf14596, buf14597, buf14600, buf14602, buf14603, buf14604, buf14606, buf14608, buf14610, buf14611, buf14612, buf14614, buf14616, buf14618, buf14619, buf14620, buf14622, buf14624, buf14626, buf14627, buf14628, buf14630, buf14632, buf14634, buf14635, buf14636, buf14638, buf14640, buf14642, buf14643, buf14644, buf14646, buf14648, buf14649, buf14650, buf14653, buf14655, buf14656, buf14657, buf14659, buf14661, buf14663, buf14664, buf14665, buf14667, buf14669, buf14671, buf14672, buf14673, buf14675, buf14677, buf14679, buf14680, buf14681, buf14683, buf14685, buf14687, buf14688, buf14689, buf14691, buf14693, buf14695, buf14696, buf14697, buf14699, buf14701, buf14703, buf14704, buf14705, buf14707, buf14709, buf14712, buf14714, buf14716, buf14717, buf14718, buf14721, buf14723, buf14725, buf14726, buf14727, buf14730, buf14732, buf14734, buf14735, buf14736, buf14737, buf14740, buf14742, buf14744, buf14745, buf14746, buf14747, buf14750, buf14751, buf14757, buf14759, buf14761, buf14762, buf14763, buf14766, buf14768, buf14771, buf14772, buf14773, buf14775, buf14777, buf14780, buf14781, buf14782, buf14784, buf14786, buf14789, buf14790, buf14791, buf14793, buf14795, buf14798, buf14799, buf14800, buf14802, buf14804, buf14807, buf14808, buf14809, buf14811, buf14813, buf14816, buf14817, buf14818, buf14820, buf14822, buf14825, buf14826, buf14827, buf14829, buf14831, buf14832, buf14833, buf14836, buf14841, buf14842, buf14843, buf14838, buf14844, buf14846, buf14848, buf14850, buf14851, buf14852, buf14854, buf14856, buf14858, buf14859, buf14860, buf14862, buf14864, buf14866, buf14867, buf14868, buf14870, buf14872, buf14874, buf14875, buf14876, buf14878, buf14880, buf14882, buf14883, buf14884, buf14886, buf14888, buf14889, buf14890, buf14893, buf14895, buf14896, buf14897, buf14899, buf14901, buf14903, buf14904, buf14905, buf14907, buf14909, buf14911, buf14912, buf14913, buf14915, buf14917, buf14919, buf14920, buf14921, buf14923, buf14925, buf14927, buf14928, buf14929, buf14931, buf14933, buf14935, buf14936, buf14937, buf14939, buf14941, buf14942, buf14943, buf14946, buf14948, buf14949, buf14950, buf14952, buf14954, buf14956, buf14957, buf14958, buf14960, buf14962, buf14964, buf14965, buf14966, buf14968, buf14970, buf14972, buf14973, buf14974, buf14976, buf14978, buf14980, buf14981, buf14982, buf14984, buf14986, buf14988, buf14989, buf14990, buf14992, buf14994, buf14996, buf14997, buf14998, buf15000, buf15002, buf15005, buf15007, buf15009, buf15010, buf15011, buf15014, buf15016, buf15018, buf15019, buf15020, buf15023, buf15025, buf15027, buf15028, buf15029, buf15030, buf15033, buf15035, buf15037, buf15038, buf15039, buf15040, buf15043, buf15044, buf15050, buf15052, buf15054, buf15055, buf15056, buf15059, buf15061, buf15064, buf15065, buf15066, buf15068, buf15070, buf15073, buf15074, buf15075, buf15077, buf15079, buf15082, buf15083, buf15084, buf15086, buf15088, buf15091, buf15092, buf15093, buf15095, buf15097, buf15100, buf15101, buf15102, buf15104, buf15106, buf15109, buf15110, buf15111, buf15113, buf15115, buf15118, buf15119, buf15120, buf15122, buf15124, buf15125, buf15126, buf15129, buf15134, buf15135, buf15136, buf15131, buf15137, buf15139, buf15141, buf15143, buf15144, buf15145, buf15147, buf15149, buf15151, buf15152, buf15153, buf15155, buf15157, buf15159, buf15160, buf15161, buf15163, buf15165, buf15167, buf15168, buf15169, buf15171, buf15173, buf15175, buf15176, buf15177, buf15179, buf15181, buf15182, buf15183, buf15186, buf15188, buf15189, buf15190, buf15192, buf15194, buf15196, buf15197, buf15198, buf15200, buf15202, buf15204, buf15205, buf15206, buf15208, buf15210, buf15212, buf15213, buf15214, buf15216, buf15218, buf15220, buf15221, buf15222, buf15224, buf15226, buf15228, buf15229, buf15230, buf15232, buf15234, buf15235, buf15236, buf15239, buf15241, buf15242, buf15243, buf15245, buf15247, buf15249, buf15250, buf15251, buf15253, buf15255, buf15257, buf15258, buf15259, buf15261, buf15263, buf15265, buf15266, buf15267, buf15269, buf15271, buf15273, buf15274, buf15275, buf15277, buf15279, buf15281, buf15282, buf15283, buf15285, buf15287, buf15289, buf15290, buf15291, buf15293, buf15296, buf15299, buf15301, buf15303, buf15304, buf15305, buf15308, buf15310, buf15312, buf15313, buf15314, buf15317, buf15319, buf15321, buf15322, buf15323, buf15324, buf15327, buf15329, buf15331, buf15332, buf15333, buf15334, buf15337, buf15338, buf15344, buf15346, buf15348, buf15349, buf15350, buf15353, buf15355, buf15358, buf15359, buf15360, buf15362, buf15364, buf15367, buf15368, buf15369, buf15371, buf15373, buf15376, buf15377, buf15378, buf15380, buf15382, buf15385, buf15386, buf15387, buf15389, buf15391, buf15394, buf15395, buf15396, buf15398, buf15400, buf15403, buf15404, buf15405, buf15407, buf15409, buf15412, buf15413, buf15414, buf15416, buf15418, buf15419, buf15420, buf15423, buf15428, buf15429, buf15430, buf15425, buf15431, buf15433, buf15435, buf15437, buf15438, buf15439, buf15441, buf15443, buf15445, buf15446, buf15447, buf15449, buf15451, buf15453, buf15454, buf15455, buf15457, buf15459, buf15461, buf15462, buf15463, buf15465, buf15467, buf15469, buf15470, buf15471, buf15473, buf15475, buf15476, buf15477, buf15480, buf15482, buf15483, buf15484, buf15486, buf15488, buf15490, buf15491, buf15492, buf15494, buf15496, buf15498, buf15499, buf15500, buf15502, buf15504, buf15506, buf15507, buf15508, buf15510, buf15512, buf15514, buf15515, buf15516, buf15518, buf15520, buf15522, buf15523, buf15524, buf15526, buf15528, buf15529, buf15530, buf15533, buf15535, buf15536, buf15537, buf15539, buf15541, buf15543, buf15544, buf15545, buf15547, buf15549, buf15551, buf15552, buf15553, buf15555, buf15557, buf15559, buf15560, buf15561, buf15563, buf15565, buf15567, buf15568, buf15569, buf15571, buf15573, buf15575, buf15576, buf15577, buf15579, buf15581, buf15583, buf15584, buf15585, buf15587, buf15589, buf15592, buf15594, buf15596, buf15597, buf15598, buf15601, buf15603, buf15605, buf15606, buf15607, buf15610, buf15612, buf15614, buf15615, buf15616, buf15617, buf15620, buf15622, buf15624, buf15625, buf15626, buf15627, buf15630, buf15631, buf15637, buf15639, buf15641, buf15642, buf15643, buf15646, buf15648, buf15651, buf15652, buf15653, buf15655, buf15657, buf15660, buf15661, buf15662, buf15664, buf15666, buf15669, buf15670, buf15671, buf15673, buf15675, buf15678, buf15679, buf15680, buf15682, buf15684, buf15687, buf15688, buf15689, buf15691, buf15693, buf15696, buf15697, buf15698, buf15700, buf15702, buf15705, buf15706, buf15707, buf15709, buf15711, buf15712, buf15713, buf15716, buf15721, buf15722, buf15723, buf15718, buf15724, buf15726, buf15728, buf15730, buf15731, buf15732, buf15734, buf15736, buf15738, buf15739, buf15740, buf15742, buf15744, buf15746, buf15747, buf15748, buf15750, buf15752, buf15754, buf15755, buf15756, buf15758, buf15760, buf15762, buf15763, buf15764, buf15766, buf15768, buf15769, buf15770, buf15773, buf15775, buf15776, buf15777, buf15779, buf15781, buf15783, buf15784, buf15785, buf15787, buf15789, buf15791, buf15792, buf15793, buf15795, buf15797, buf15799, buf15800, buf15801, buf15803, buf15805, buf15807, buf15808, buf15809, buf15811, buf15813, buf15815, buf15816, buf15817, buf15819, buf15821, buf15822, buf15823, buf15826, buf15828, buf15829, buf15830, buf15832, buf15834, buf15836, buf15837, buf15838, buf15840, buf15842, buf15844, buf15845, buf15846, buf15848, buf15850, buf15852, buf15853, buf15854, buf15856, buf15858, buf15860, buf15861, buf15862, buf15864, buf15866, buf15868, buf15869, buf15870, buf15872, buf15874, buf15876, buf15877, buf15878, buf15880, buf15883, buf15886, buf15888, buf15890, buf15891, buf15892, buf15895, buf15897, buf15899, buf15900, buf15901, buf15904, buf15906, buf15908, buf15909, buf15910, buf15911, buf15914, buf15916, buf15918, buf15919, buf15920, buf15921, buf15924, buf15925, buf15931, buf15933, buf15935, buf15936, buf15937, buf15940, buf15942, buf15945, buf15946, buf15947, buf15949, buf15951, buf15954, buf15955, buf15956, buf15958, buf15960, buf15963, buf15964, buf15965, buf15967, buf15969, buf15972, buf15973, buf15974, buf15976, buf15978, buf15981, buf15982, buf15983, buf15985, buf15987, buf15990, buf15991, buf15992, buf15994, buf15996, buf15999, buf16000, buf16001, buf16003, buf16005, buf16006, buf16007, buf16010, buf16015, buf16016, buf16017, buf16012, buf16018, buf16020, buf16022, buf16024, buf16025, buf16026, buf16028, buf16030, buf16032, buf16033, buf16034, buf16036, buf16038, buf16040, buf16041, buf16042, buf16044, buf16046, buf16048, buf16049, buf16050, buf16052, buf16054, buf16056, buf16057, buf16058, buf16060, buf16062, buf16063, buf16064, buf16067, buf16069, buf16070, buf16071, buf16073, buf16075, buf16077, buf16078, buf16079, buf16081, buf16083, buf16085, buf16086, buf16087, buf16089, buf16091, buf16093, buf16094, buf16095, buf16097, buf16099, buf16101, buf16102, buf16103, buf16105, buf16107, buf16109, buf16110, buf16111, buf16113, buf16115, buf16116, buf16117, buf16120, buf16122, buf16123, buf16124, buf16126, buf16128, buf16130, buf16131, buf16132, buf16134, buf16136, buf16138, buf16139, buf16140, buf16142, buf16144, buf16146, buf16147, buf16148, buf16150, buf16152, buf16154, buf16155, buf16156, buf16158, buf16160, buf16162, buf16163, buf16164, buf16166, buf16168, buf16170, buf16171, buf16172, buf16174, buf16176, buf16179, buf16181, buf16183, buf16184, buf16185, buf16188, buf16190, buf16192, buf16193, buf16194, buf16197, buf16199, buf16201, buf16202, buf16203, buf16204, buf16207, buf16209, buf16211, buf16212, buf16213, buf16214, buf16217, buf16218, buf16224, buf16226, buf16228, buf16229, buf16230, buf16233, buf16235, buf16238, buf16239, buf16240, buf16242, buf16244, buf16247, buf16248, buf16249, buf16251, buf16253, buf16256, buf16257, buf16258, buf16260, buf16262, buf16265, buf16266, buf16267, buf16269, buf16271, buf16274, buf16275, buf16276, buf16278, buf16280, buf16283, buf16284, buf16285, buf16287, buf16289, buf16292, buf16293, buf16294, buf16296, buf16298, buf16299, buf16300, buf16303, buf16308, buf16309, buf16310, buf16305, buf16311, buf16313, buf16315, buf16317, buf16318, buf16319, buf16321, buf16323, buf16325, buf16326, buf16327, buf16329, buf16331, buf16333, buf16334, buf16335, buf16337, buf16339, buf16341, buf16342, buf16343, buf16345, buf16347, buf16349, buf16350, buf16351, buf16353, buf16355, buf16356, buf16357, buf16360, buf16362, buf16363, buf16364, buf16366, buf16368, buf16370, buf16371, buf16372, buf16374, buf16376, buf16378, buf16379, buf16380, buf16382, buf16384, buf16386, buf16387, buf16388, buf16390, buf16392, buf16394, buf16395, buf16396, buf16398, buf16400, buf16402, buf16403, buf16404, buf16406, buf16408, buf16409, buf16410, buf16413, buf16415, buf16416, buf16417, buf16419, buf16421, buf16423, buf16424, buf16425, buf16427, buf16429, buf16431, buf16432, buf16433, buf16435, buf16437, buf16439, buf16440, buf16441, buf16443, buf16445, buf16447, buf16448, buf16449, buf16451, buf16453, buf16455, buf16456, buf16457, buf16459, buf16461, buf16463, buf16464, buf16465, buf16467, buf16470, buf16473, buf16475, buf16477, buf16478, buf16479, buf16482, buf16484, buf16486, buf16487, buf16488, buf16491, buf16493, buf16495, buf16496, buf16497, buf16498, buf16501, buf16503, buf16505, buf16506, buf16507, buf16508, buf16511, buf16512, buf16518, buf16520, buf16522, buf16523, buf16524, buf16527, buf16529, buf16532, buf16533, buf16534, buf16536, buf16538, buf16541, buf16542, buf16543, buf16545, buf16547, buf16550, buf16551, buf16552, buf16554, buf16556, buf16559, buf16560, buf16561, buf16563, buf16565, buf16568, buf16569, buf16570, buf16572, buf16574, buf16577, buf16578, buf16579, buf16581, buf16583, buf16586, buf16587, buf16588, buf16590, buf16592, buf16593, buf16594, buf16597, buf16602, buf16603, buf16604, buf16599, buf16605, buf16607, buf16609, buf16611, buf16612, buf16613, buf16615, buf16617, buf16619, buf16620, buf16621, buf16623, buf16625, buf16627, buf16628, buf16629, buf16631, buf16633, buf16635, buf16636, buf16637, buf16639, buf16641, buf16643, buf16644, buf16645, buf16647, buf16649, buf16650, buf16651, buf16654, buf16656, buf16657, buf16658, buf16660, buf16662, buf16664, buf16665, buf16666, buf16668, buf16670, buf16672, buf16673, buf16674, buf16676, buf16678, buf16680, buf16681, buf16682, buf16684, buf16686, buf16688, buf16689, buf16690, buf16692, buf16694, buf16696, buf16697, buf16698, buf16700, buf16702, buf16703, buf16704, buf16707, buf16709, buf16710, buf16711, buf16713, buf16715, buf16717, buf16718, buf16719, buf16721, buf16723, buf16725, buf16726, buf16727, buf16729, buf16731, buf16733, buf16734, buf16735, buf16737, buf16739, buf16741, buf16742, buf16743, buf16745, buf16747, buf16749, buf16750, buf16751, buf16753, buf16755, buf16757, buf16758, buf16759, buf16761, buf16763, buf16766, buf16768, buf16770, buf16771, buf16772, buf16775, buf16777, buf16779, buf16780, buf16781, buf16784, buf16786, buf16788, buf16789, buf16790, buf16791, buf16794, buf16796, buf16798, buf16799, buf16800, buf16801, buf16804, buf16805, buf16811, buf16813, buf16815, buf16816, buf16817, buf16820, buf16822, buf16825, buf16826, buf16827, buf16829, buf16831, buf16834, buf16835, buf16836, buf16838, buf16840, buf16843, buf16844, buf16845, buf16847, buf16849, buf16852, buf16853, buf16854, buf16856, buf16858, buf16861, buf16862, buf16863, buf16865, buf16867, buf16870, buf16871, buf16872, buf16874, buf16876, buf16879, buf16880, buf16881, buf16883, buf16885, buf16886, buf16887, buf16890, buf16895, buf16896, buf16897, buf16892, buf16898, buf16900, buf16902, buf16904, buf16905, buf16906, buf16908, buf16910, buf16912, buf16913, buf16914, buf16916, buf16918, buf16920, buf16921, buf16922, buf16924, buf16926, buf16928, buf16929, buf16930, buf16932, buf16934, buf16936, buf16937, buf16938, buf16940, buf16942, buf16943, buf16944, buf16947, buf16949, buf16950, buf16951, buf16953, buf16955, buf16957, buf16958, buf16959, buf16961, buf16963, buf16965, buf16966, buf16967, buf16969, buf16971, buf16973, buf16974, buf16975, buf16977, buf16979, buf16981, buf16982, buf16983, buf16985, buf16987, buf16989, buf16990, buf16991, buf16993, buf16995, buf16996, buf16997, buf17000, buf17002, buf17003, buf17004, buf17006, buf17008, buf17010, buf17011, buf17012, buf17014, buf17016, buf17018, buf17019, buf17020, buf17022, buf17024, buf17026, buf17027, buf17028, buf17030, buf17032, buf17034, buf17035, buf17036, buf17038, buf17040, buf17042, buf17043, buf17044, buf17046, buf17048, buf17050, buf17051, buf17052, buf17054, buf17057, buf17060, buf17061, buf17066, buf17068, buf17070, buf17071, buf17072, buf17075, buf17077, buf17079, buf17080, buf17081, buf17084, buf17086, buf17088, buf17089, buf17090, buf17091, buf17094, buf17096, buf17098, buf17099, buf17100, buf17101, buf17104, buf17105, buf17111, buf17113, buf17115, buf17116, buf17117, buf17120, buf17122, buf17125, buf17126, buf17127, buf17129, buf17131, buf17134, buf17135, buf17136, buf17138, buf17140, buf17143, buf17144, buf17145, buf17147, buf17149, buf17152, buf17153, buf17154, buf17156, buf17158, buf17161, buf17162, buf17163, buf17165, buf17167, buf17170, buf17171, buf17172, buf17174, buf17176, buf17179, buf17180, buf17181, buf17183, buf17185, buf17186, buf17187, buf17190, buf17195, buf17196, buf17197, buf17192, buf17198, buf17200, buf17202, buf17204, buf17205, buf17206, buf17208, buf17210, buf17212, buf17213, buf17214, buf17216, buf17218, buf17220, buf17221, buf17222, buf17224, buf17226, buf17228, buf17229, buf17230, buf17232, buf17234, buf17236, buf17237, buf17238, buf17240, buf17242, buf17243, buf17244, buf17247, buf17249, buf17250, buf17251, buf17253, buf17255, buf17257, buf17258, buf17259, buf17261, buf17263, buf17265, buf17266, buf17267, buf17269, buf17271, buf17273, buf17274, buf17275, buf17277, buf17279, buf17281, buf17282, buf17283, buf17285, buf17287, buf17289, buf17290, buf17291, buf17293, buf17295, buf17296, buf17297, buf17300, buf17302, buf17303, buf17304, buf17306, buf17308, buf17310, buf17311, buf17312, buf17314, buf17316, buf17318, buf17319, buf17320, buf17322, buf17324, buf17326, buf17327, buf17328, buf17330, buf17332, buf17334, buf17335, buf17336, buf17338, buf17340, buf17342, buf17343, buf17344, buf17346, buf17348, buf17350, buf17351, buf17352, buf17354, buf17356, buf17359, buf17361, buf17363, buf17364, buf17365, buf17368, buf17370, buf17372, buf17373, buf17374, buf17377, buf17379, buf17381, buf17382, buf17383, buf17384, buf17387, buf17389, buf17391, buf17392, buf17393, buf17394, buf17397, buf17398, buf17404, buf17406, buf17408, buf17409, buf17410, buf17413, buf17415, buf17418, buf17419, buf17420, buf17422, buf17424, buf17427, buf17428, buf17429, buf17431, buf17433, buf17436, buf17437, buf17438, buf17440, buf17442, buf17445, buf17446, buf17447, buf17449, buf17451, buf17454, buf17455, buf17456, buf17458, buf17460, buf17463, buf17464, buf17465, buf17467, buf17469, buf17472, buf17473, buf17474, buf17476, buf17478, buf17479, buf17480, buf17483, buf17488, buf17489, buf17490, buf17485, buf17491, buf17493, buf17495, buf17497, buf17498, buf17499, buf17501, buf17503, buf17505, buf17506, buf17507, buf17509, buf17511, buf17513, buf17514, buf17515, buf17517, buf17519, buf17521, buf17522, buf17523, buf17525, buf17527, buf17529, buf17530, buf17531, buf17533, buf17535, buf17536, buf17537, buf17540, buf17542, buf17543, buf17544, buf17546, buf17548, buf17550, buf17551, buf17552, buf17554, buf17556, buf17558, buf17559, buf17560, buf17562, buf17564, buf17566, buf17567, buf17568, buf17570, buf17572, buf17574, buf17575, buf17576, buf17578, buf17580, buf17582, buf17583, buf17584, buf17586, buf17588, buf17589, buf17590, buf17593, buf17595, buf17596, buf17597, buf17599, buf17601, buf17603, buf17604, buf17605, buf17607, buf17609, buf17611, buf17612, buf17613, buf17615, buf17617, buf17619, buf17620, buf17621, buf17623, buf17625, buf17627, buf17628, buf17629, buf17631, buf17633, buf17635, buf17636, buf17637, buf17639, buf17641, buf17643, buf17644, buf17645, buf17647, buf17649, buf17652, buf17654, buf17656, buf17657, buf17658, buf17661, buf17663, buf17665, buf17666, buf17667, buf17670, buf17672, buf17674, buf17675, buf17676, buf17677, buf17680, buf17682, buf17684, buf17685, buf17686, buf17687, buf17690, buf17691, buf17697, buf17699, buf17701, buf17702, buf17703, buf17706, buf17708, buf17711, buf17712, buf17713, buf17715, buf17717, buf17720, buf17721, buf17722, buf17724, buf17726, buf17729, buf17730, buf17731, buf17733, buf17735, buf17738, buf17739, buf17740, buf17742, buf17744, buf17747, buf17748, buf17749, buf17751, buf17753, buf17756, buf17757, buf17758, buf17760, buf17762, buf17765, buf17766, buf17767, buf17769, buf17771, buf17772, buf17773, buf17776, buf17781, buf17782, buf17783, buf17778, buf17784, buf17786, buf17788, buf17790, buf17791, buf17792, buf17794, buf17796, buf17798, buf17799, buf17800, buf17802, buf17804, buf17806, buf17807, buf17808, buf17810, buf17812, buf17814, buf17815, buf17816, buf17818, buf17820, buf17822, buf17823, buf17824, buf17826, buf17828, buf17829, buf17830, buf17833, buf17835, buf17836, buf17837, buf17839, buf17841, buf17843, buf17844, buf17845, buf17847, buf17849, buf17851, buf17852, buf17853, buf17855, buf17857, buf17859, buf17860, buf17861, buf17863, buf17865, buf17867, buf17868, buf17869, buf17871, buf17873, buf17875, buf17876, buf17877, buf17879, buf17881, buf17882, buf17883, buf17886, buf17888, buf17889, buf17890, buf17892, buf17894, buf17896, buf17897, buf17898, buf17900, buf17902, buf17904, buf17905, buf17906, buf17908, buf17910, buf17912, buf17913, buf17914, buf17916, buf17918, buf17920, buf17921, buf17922, buf17924, buf17926, buf17928, buf17929, buf17930, buf17932, buf17934, buf17936, buf17937, buf17938, buf17940, buf17943, buf17946, buf17948, buf17950, buf17951, buf17952, buf17955, buf17957, buf17959, buf17960, buf17961, buf17964, buf17966, buf17968, buf17969, buf17970, buf17971, buf17974, buf17976, buf17978, buf17979, buf17980, buf17981, buf17984, buf17985, buf17991, buf17993, buf17995, buf17996, buf17997, buf18000, buf18002, buf18005, buf18006, buf18007, buf18009, buf18011, buf18014, buf18015, buf18016, buf18018, buf18020, buf18023, buf18024, buf18025, buf18027, buf18029, buf18032, buf18033, buf18034, buf18036, buf18038, buf18041, buf18042, buf18043, buf18045, buf18047, buf18050, buf18051, buf18052, buf18054, buf18056, buf18059, buf18060, buf18061, buf18063, buf18065, buf18066, buf18067, buf18070, buf18075, buf18076, buf18077, buf18072, buf18078, buf18080, buf18082, buf18084, buf18085, buf18086, buf18088, buf18090, buf18092, buf18093, buf18094, buf18096, buf18098, buf18100, buf18101, buf18102, buf18104, buf18106, buf18108, buf18109, buf18110, buf18112, buf18114, buf18116, buf18117, buf18118, buf18120, buf18122, buf18123, buf18124, buf18127, buf18129, buf18130, buf18131, buf18133, buf18135, buf18137, buf18138, buf18139, buf18141, buf18143, buf18145, buf18146, buf18147, buf18149, buf18151, buf18153, buf18154, buf18155, buf18157, buf18159, buf18161, buf18162, buf18163, buf18165, buf18167, buf18169, buf18170, buf18171, buf18173, buf18175, buf18176, buf18177, buf18180, buf18182, buf18183, buf18184, buf18186, buf18188, buf18190, buf18191, buf18192, buf18194, buf18196, buf18198, buf18199, buf18200, buf18202, buf18204, buf18206, buf18207, buf18208, buf18210, buf18212, buf18214, buf18215, buf18216, buf18218, buf18220, buf18222, buf18223, buf18224, buf18226, buf18228, buf18230, buf18231, buf18232, buf18234, buf18236, buf18239, buf18241, buf18243, buf18244, buf18245, buf18248, buf18250, buf18252, buf18253, buf18254, buf18257, buf18259, buf18261, buf18262, buf18263, buf18264, buf18267, buf18269, buf18271, buf18272, buf18273, buf18274, buf18277, buf18278, buf18284, buf18286, buf18288, buf18289, buf18290, buf18293, buf18295, buf18298, buf18299, buf18300, buf18302, buf18304, buf18307, buf18308, buf18309, buf18311, buf18313, buf18316, buf18317, buf18318, buf18320, buf18322, buf18325, buf18326, buf18327, buf18329, buf18331, buf18334, buf18335, buf18336, buf18338, buf18340, buf18343, buf18344, buf18345, buf18347, buf18349, buf18352, buf18353, buf18354, buf18356, buf18358, buf18359, buf18360, buf18363, buf18368, buf18369, buf18370, buf18365, buf18371, buf18373, buf18375, buf18377, buf18378, buf18379, buf18381, buf18383, buf18385, buf18386, buf18387, buf18389, buf18391, buf18393, buf18394, buf18395, buf18397, buf18399, buf18401, buf18402, buf18403, buf18405, buf18407, buf18409, buf18410, buf18411, buf18413, buf18415, buf18416, buf18417, buf18420, buf18422, buf18423, buf18424, buf18426, buf18428, buf18430, buf18431, buf18432, buf18434, buf18436, buf18438, buf18439, buf18440, buf18442, buf18444, buf18446, buf18447, buf18448, buf18450, buf18452, buf18454, buf18455, buf18456, buf18458, buf18460, buf18462, buf18463, buf18464, buf18466, buf18468, buf18469, buf18470, buf18473, buf18475, buf18476, buf18477, buf18479, buf18481, buf18483, buf18484, buf18485, buf18487, buf18489, buf18491, buf18492, buf18493, buf18495, buf18497, buf18499, buf18500, buf18501, buf18503, buf18505, buf18507, buf18508, buf18509, buf18511, buf18513, buf18515, buf18516, buf18517, buf18519, buf18521, buf18523, buf18524, buf18525, buf18527, buf18530, buf18533, buf18535, buf18537, buf18538, buf18539, buf18542, buf18544, buf18546, buf18547, buf18548, buf18551, buf18553, buf18555, buf18556, buf18557, buf18558, buf18561, buf18563, buf18565, buf18566, buf18567, buf18568, buf18571, buf18572, buf18578, buf18580, buf18582, buf18583, buf18584, buf18587, buf18589, buf18592, buf18593, buf18594, buf18596, buf18598, buf18601, buf18602, buf18603, buf18605, buf18607, buf18610, buf18611, buf18612, buf18614, buf18616, buf18619, buf18620, buf18621, buf18623, buf18625, buf18628, buf18629, buf18630, buf18632, buf18634, buf18637, buf18638, buf18639, buf18641, buf18643, buf18646, buf18647, buf18648, buf18650, buf18652, buf18653, buf18654, buf18657, buf18662, buf18663, buf18664, buf18659, buf18665, buf18667, buf18669, buf18671, buf18672, buf18673, buf18675, buf18677, buf18679, buf18680, buf18681, buf18683, buf18685, buf18687, buf18688, buf18689, buf18691, buf18693, buf18695, buf18696, buf18697, buf18699, buf18701, buf18703, buf18704, buf18705, buf18707, buf18709, buf18710, buf18711, buf18714, buf18716, buf18717, buf18718, buf18720, buf18722, buf18724, buf18725, buf18726, buf18728, buf18730, buf18732, buf18733, buf18734, buf18736, buf18738, buf18740, buf18741, buf18742, buf18744, buf18746, buf18748, buf18749, buf18750, buf18752, buf18754, buf18756, buf18757, buf18758, buf18760, buf18762, buf18763, buf18764, buf18767, buf18769, buf18770, buf18771, buf18773, buf18775, buf18777, buf18778, buf18779, buf18781, buf18783, buf18785, buf18786, buf18787, buf18789, buf18791, buf18793, buf18794, buf18795, buf18797, buf18799, buf18801, buf18802, buf18803, buf18805, buf18807, buf18809, buf18810, buf18811, buf18813, buf18815, buf18817, buf18818, buf18819, buf18821, buf18823, buf18826, buf18828, buf18830, buf18831, buf18832, buf18835, buf18837, buf18839, buf18840, buf18841, buf18844, buf18846, buf18848, buf18849, buf18850, buf18851, buf18854, buf18856, buf18858, buf18859, buf18860, buf18861, buf18864, buf18865, buf18871, buf18873, buf18875, buf18876, buf18877, buf18880, buf18882, buf18885, buf18886, buf18887, buf18889, buf18891, buf18894, buf18895, buf18896, buf18898, buf18900, buf18903, buf18904, buf18905, buf18907, buf18909, buf18912, buf18913, buf18914, buf18916, buf18918, buf18921, buf18922, buf18923, buf18925, buf18927, buf18930, buf18931, buf18932, buf18934, buf18936, buf18939, buf18940, buf18941, buf18943, buf18945, buf18946, buf18947, buf18950, buf18955, buf18956, buf18957, buf18952, buf18958, buf18960, buf18962, buf18964, buf18965, buf18966, buf18968, buf18970, buf18972, buf18973, buf18974, buf18976, buf18978, buf18980, buf18981, buf18982, buf18984, buf18986, buf18988, buf18989, buf18990, buf18992, buf18994, buf18996, buf18997, buf18998, buf19000, buf19002, buf19003, buf19004, buf19007, buf19009, buf19010, buf19011, buf19013, buf19015, buf19017, buf19018, buf19019, buf19021, buf19023, buf19025, buf19026, buf19027, buf19029, buf19031, buf19033, buf19034, buf19035, buf19037, buf19039, buf19041, buf19042, buf19043, buf19045, buf19047, buf19049, buf19050, buf19051, buf19053, buf19055, buf19056, buf19057, buf19060, buf19062, buf19063, buf19064, buf19066, buf19068, buf19070, buf19071, buf19072, buf19074, buf19076, buf19078, buf19079, buf19080, buf19082, buf19084, buf19086, buf19087, buf19088, buf19090, buf19092, buf19094, buf19095, buf19096, buf19098, buf19100, buf19102, buf19103, buf19104, buf19106, buf19108, buf19110, buf19111, buf19112, buf19114, buf19117, buf19120, buf19122, buf19124, buf19125, buf19126, buf19129, buf19131, buf19133, buf19134, buf19135, buf19138, buf19140, buf19142, buf19143, buf19144, buf19145, buf19148, buf19150, buf19152, buf19153, buf19154, buf19155, buf19158, buf19159, buf19165, buf19167, buf19169, buf19170, buf19171, buf19174, buf19176, buf19179, buf19180, buf19181, buf19183, buf19185, buf19188, buf19189, buf19190, buf19192, buf19194, buf19197, buf19198, buf19199, buf19201, buf19203, buf19206, buf19207, buf19208, buf19210, buf19212, buf19215, buf19216, buf19217, buf19219, buf19221, buf19224, buf19225, buf19226, buf19228, buf19230, buf19233, buf19234, buf19235, buf19237, buf19239, buf19240, buf19241, buf19244, buf19249, buf19250, buf19251, buf19246, buf19252, buf19254, buf19256, buf19258, buf19259, buf19260, buf19262, buf19264, buf19266, buf19267, buf19268, buf19270, buf19272, buf19274, buf19275, buf19276, buf19278, buf19280, buf19282, buf19283, buf19284, buf19286, buf19288, buf19290, buf19291, buf19292, buf19294, buf19296, buf19297, buf19298, buf19301, buf19303, buf19304, buf19305, buf19307, buf19309, buf19311, buf19312, buf19313, buf19315, buf19317, buf19319, buf19320, buf19321, buf19323, buf19325, buf19327, buf19328, buf19329, buf19331, buf19333, buf19335, buf19336, buf19337, buf19339, buf19341, buf19343, buf19344, buf19345, buf19347, buf19349, buf19350, buf19351, buf19354, buf19356, buf19357, buf19358, buf19360, buf19362, buf19364, buf19365, buf19366, buf19368, buf19370, buf19372, buf19373, buf19374, buf19376, buf19378, buf19380, buf19381, buf19382, buf19384, buf19386, buf19388, buf19389, buf19390, buf19392, buf19394, buf19396, buf19397, buf19398, buf19400, buf19402, buf19404, buf19405, buf19406, buf19408, buf19410, buf19413, buf19415, buf19417, buf19418, buf19419, buf19422, buf19424, buf19426, buf19427, buf19428, buf19431, buf19433, buf19435, buf19436, buf19437, buf19438, buf19441, buf19443, buf19445, buf19446, buf19447, buf19448, buf19451, buf19452, buf19458, buf19460, buf19462, buf19463, buf19464, buf19467, buf19469, buf19472, buf19473, buf19474, buf19476, buf19478, buf19481, buf19482, buf19483, buf19485, buf19487, buf19490, buf19491, buf19492, buf19494, buf19496, buf19499, buf19500, buf19501, buf19503, buf19505, buf19508, buf19509, buf19510, buf19512, buf19514, buf19517, buf19518, buf19519, buf19521, buf19523, buf19526, buf19527, buf19528, buf19530, buf19532, buf19533, buf19534, buf19537, buf19542, buf19543, buf19544, buf19539, buf19545, buf19547, buf19549, buf19551, buf19552, buf19553, buf19555, buf19557, buf19559, buf19560, buf19561, buf19563, buf19565, buf19567, buf19568, buf19569, buf19571, buf19573, buf19575, buf19576, buf19577, buf19579, buf19581, buf19583, buf19584, buf19585, buf19587, buf19589, buf19590, buf19591, buf19594, buf19596, buf19597, buf19598, buf19600, buf19602, buf19604, buf19605, buf19606, buf19608, buf19610, buf19612, buf19613, buf19614, buf19616, buf19618, buf19620, buf19621, buf19622, buf19624, buf19626, buf19628, buf19629, buf19630, buf19632, buf19634, buf19636, buf19637, buf19638, buf19640, buf19642, buf19643, buf19644, buf19647, buf19649, buf19650, buf19651, buf19653, buf19655, buf19657, buf19658, buf19659, buf19661, buf19663, buf19665, buf19666, buf19667, buf19669, buf19671, buf19673, buf19674, buf19675, buf19677, buf19679, buf19681, buf19682, buf19683, buf19685, buf19687, buf19689, buf19690, buf19691, buf19693, buf19695, buf19697, buf19698, buf19699, buf19701, buf19704, buf19707, buf19708, buf19713, buf19715, buf19717, buf19718, buf19719, buf19722, buf19724, buf19726, buf19727, buf19728, buf19731, buf19733, buf19735, buf19736, buf19737, buf19738, buf19741, buf19743, buf19745, buf19746, buf19747, buf19748, buf19751, buf19752, buf19758, buf19760, buf19762, buf19763, buf19764, buf19767, buf19769, buf19772, buf19773, buf19774, buf19776, buf19778, buf19781, buf19782, buf19783, buf19785, buf19787, buf19790, buf19791, buf19792, buf19794, buf19796, buf19799, buf19800, buf19801, buf19803, buf19805, buf19808, buf19809, buf19810, buf19812, buf19814, buf19817, buf19818, buf19819, buf19821, buf19823, buf19826, buf19827, buf19828, buf19830, buf19832, buf19833, buf19834, buf19837, buf19842, buf19843, buf19844, buf19839, buf19845, buf19847, buf19849, buf19851, buf19852, buf19853, buf19855, buf19857, buf19859, buf19860, buf19861, buf19863, buf19865, buf19867, buf19868, buf19869, buf19871, buf19873, buf19875, buf19876, buf19877, buf19879, buf19881, buf19883, buf19884, buf19885, buf19887, buf19889, buf19890, buf19891, buf19894, buf19896, buf19897, buf19898, buf19900, buf19902, buf19904, buf19905, buf19906, buf19908, buf19910, buf19912, buf19913, buf19914, buf19916, buf19918, buf19920, buf19921, buf19922, buf19924, buf19926, buf19928, buf19929, buf19930, buf19932, buf19934, buf19936, buf19937, buf19938, buf19940, buf19942, buf19943, buf19944, buf19947, buf19949, buf19950, buf19951, buf19953, buf19955, buf19957, buf19958, buf19959, buf19961, buf19963, buf19965, buf19966, buf19967, buf19969, buf19971, buf19973, buf19974, buf19975, buf19977, buf19979, buf19981, buf19982, buf19983, buf19985, buf19987, buf19989, buf19990, buf19991, buf19993, buf19995, buf19997, buf19998, buf19999, buf20001, buf20003, buf20006, buf20008, buf20010, buf20011, buf20012, buf20015, buf20017, buf20019, buf20020, buf20021, buf20024, buf20026, buf20028, buf20029, buf20030, buf20031, buf20034, buf20036, buf20038, buf20039, buf20040, buf20041, buf20044, buf20045, buf20051, buf20053, buf20055, buf20056, buf20057, buf20060, buf20062, buf20065, buf20066, buf20067, buf20069, buf20071, buf20074, buf20075, buf20076, buf20078, buf20080, buf20083, buf20084, buf20085, buf20087, buf20089, buf20092, buf20093, buf20094, buf20096, buf20098, buf20101, buf20102, buf20103, buf20105, buf20107, buf20110, buf20111, buf20112, buf20114, buf20116, buf20119, buf20120, buf20121, buf20123, buf20125, buf20126, buf20127, buf20130, buf20135, buf20136, buf20137, buf20132, buf20138, buf20140, buf20142, buf20144, buf20145, buf20146, buf20148, buf20150, buf20152, buf20153, buf20154, buf20156, buf20158, buf20160, buf20161, buf20162, buf20164, buf20166, buf20168, buf20169, buf20170, buf20172, buf20174, buf20176, buf20177, buf20178, buf20180, buf20182, buf20183, buf20184, buf20187, buf20189, buf20190, buf20191, buf20193, buf20195, buf20197, buf20198, buf20199, buf20201, buf20203, buf20205, buf20206, buf20207, buf20209, buf20211, buf20213, buf20214, buf20215, buf20217, buf20219, buf20221, buf20222, buf20223, buf20225, buf20227, buf20229, buf20230, buf20231, buf20233, buf20235, buf20236, buf20237, buf20240, buf20242, buf20243, buf20244, buf20246, buf20248, buf20250, buf20251, buf20252, buf20254, buf20256, buf20258, buf20259, buf20260, buf20262, buf20264, buf20266, buf20267, buf20268, buf20270, buf20272, buf20274, buf20275, buf20276, buf20278, buf20280, buf20282, buf20283, buf20284, buf20286, buf20288, buf20290, buf20291, buf20292, buf20294, buf20296, buf20299, buf20301, buf20303, buf20304, buf20305, buf20308, buf20310, buf20312, buf20313, buf20314, buf20317, buf20319, buf20321, buf20322, buf20323, buf20324, buf20327, buf20329, buf20331, buf20332, buf20333, buf20334, buf20337, buf20338, buf20344, buf20346, buf20348, buf20349, buf20350, buf20353, buf20355, buf20358, buf20359, buf20360, buf20362, buf20364, buf20367, buf20368, buf20369, buf20371, buf20373, buf20376, buf20377, buf20378, buf20380, buf20382, buf20385, buf20386, buf20387, buf20389, buf20391, buf20394, buf20395, buf20396, buf20398, buf20400, buf20403, buf20404, buf20405, buf20407, buf20409, buf20412, buf20413, buf20414, buf20416, buf20418, buf20419, buf20420, buf20423, buf20428, buf20429, buf20430, buf20425, buf20431, buf20433, buf20435, buf20437, buf20438, buf20439, buf20441, buf20443, buf20445, buf20446, buf20447, buf20449, buf20451, buf20453, buf20454, buf20455, buf20457, buf20459, buf20461, buf20462, buf20463, buf20465, buf20467, buf20469, buf20470, buf20471, buf20473, buf20475, buf20476, buf20477, buf20480, buf20482, buf20483, buf20484, buf20486, buf20488, buf20490, buf20491, buf20492, buf20494, buf20496, buf20498, buf20499, buf20500, buf20502, buf20504, buf20506, buf20507, buf20508, buf20510, buf20512, buf20514, buf20515, buf20516, buf20518, buf20520, buf20522, buf20523, buf20524, buf20526, buf20528, buf20529, buf20530, buf20533, buf20535, buf20536, buf20537, buf20539, buf20541, buf20543, buf20544, buf20545, buf20547, buf20549, buf20551, buf20552, buf20553, buf20555, buf20557, buf20559, buf20560, buf20561, buf20563, buf20565, buf20567, buf20568, buf20569, buf20571, buf20573, buf20575, buf20576, buf20577, buf20579, buf20581, buf20583, buf20584, buf20585, buf20587, buf20590, buf20593, buf20595, buf20597, buf20598, buf20599, buf20602, buf20604, buf20606, buf20607, buf20608, buf20611, buf20613, buf20615, buf20616, buf20617, buf20618, buf20621, buf20623, buf20625, buf20626, buf20627, buf20628, buf20631, buf20632, buf20638, buf20640, buf20642, buf20643, buf20644, buf20647, buf20649, buf20652, buf20653, buf20654, buf20656, buf20658, buf20661, buf20662, buf20663, buf20665, buf20667, buf20670, buf20671, buf20672, buf20674, buf20676, buf20679, buf20680, buf20681, buf20683, buf20685, buf20688, buf20689, buf20690, buf20692, buf20694, buf20697, buf20698, buf20699, buf20701, buf20703, buf20706, buf20707, buf20708, buf20710, buf20712, buf20713, buf20714, buf20717, buf20722, buf20723, buf20724, buf20719, buf20725, buf20727, buf20729, buf20731, buf20732, buf20733, buf20735, buf20737, buf20739, buf20740, buf20741, buf20743, buf20745, buf20747, buf20748, buf20749, buf20751, buf20753, buf20755, buf20756, buf20757, buf20759, buf20761, buf20763, buf20764, buf20765, buf20767, buf20769, buf20770, buf20771, buf20774, buf20776, buf20777, buf20778, buf20780, buf20782, buf20784, buf20785, buf20786, buf20788, buf20790, buf20792, buf20793, buf20794, buf20796, buf20798, buf20800, buf20801, buf20802, buf20804, buf20806, buf20808, buf20809, buf20810, buf20812, buf20814, buf20816, buf20817, buf20818, buf20820, buf20822, buf20823, buf20824, buf20827, buf20829, buf20830, buf20831, buf20833, buf20835, buf20837, buf20838, buf20839, buf20841, buf20843, buf20845, buf20846, buf20847, buf20849, buf20851, buf20853, buf20854, buf20855, buf20857, buf20859, buf20861, buf20862, buf20863, buf20865, buf20867, buf20869, buf20870, buf20871, buf20873, buf20875, buf20877, buf20878, buf20879, buf20881, buf20883, buf20886, buf20888, buf20890, buf20891, buf20892, buf20895, buf20897, buf20899, buf20900, buf20901, buf20904, buf20906, buf20908, buf20909, buf20910, buf20911, buf20914, buf20916, buf20918, buf20919, buf20920, buf20921, buf20924, buf20925, buf20931, buf20933, buf20935, buf20936, buf20937, buf20940, buf20942, buf20945, buf20946, buf20947, buf20949, buf20951, buf20954, buf20955, buf20956, buf20958, buf20960, buf20963, buf20964, buf20965, buf20967, buf20969, buf20972, buf20973, buf20974, buf20976, buf20978, buf20981, buf20982, buf20983, buf20985, buf20987, buf20990, buf20991, buf20992, buf20994, buf20996, buf20999, buf21000, buf21001, buf21003, buf21005, buf21006, buf21007, buf21010, buf21015, buf21016, buf21017, buf21012, buf21018, buf21020, buf21022, buf21024, buf21025, buf21026, buf21028, buf21030, buf21032, buf21033, buf21034, buf21036, buf21038, buf21040, buf21041, buf21042, buf21044, buf21046, buf21048, buf21049, buf21050, buf21052, buf21054, buf21056, buf21057, buf21058, buf21060, buf21062, buf21063, buf21064, buf21067, buf21069, buf21070, buf21071, buf21073, buf21075, buf21077, buf21078, buf21079, buf21081, buf21083, buf21085, buf21086, buf21087, buf21089, buf21091, buf21093, buf21094, buf21095, buf21097, buf21099, buf21101, buf21102, buf21103, buf21105, buf21107, buf21109, buf21110, buf21111, buf21113, buf21115, buf21116, buf21117, buf21120, buf21122, buf21123, buf21124, buf21126, buf21128, buf21130, buf21131, buf21132, buf21134, buf21136, buf21138, buf21139, buf21140, buf21142, buf21144, buf21146, buf21147, buf21148, buf21150, buf21152, buf21154, buf21155, buf21156, buf21158, buf21160, buf21162, buf21163, buf21164, buf21166, buf21168, buf21170, buf21171, buf21172, buf21174, buf21177, buf21180, buf21182, buf21184, buf21185, buf21186, buf21189, buf21191, buf21193, buf21194, buf21195, buf21198, buf21200, buf21202, buf21203, buf21204, buf21205, buf21208, buf21210, buf21212, buf21213, buf21214, buf21215, buf21218, buf21219, buf21225, buf21227, buf21229, buf21230, buf21231, buf21234, buf21236, buf21239, buf21240, buf21241, buf21243, buf21245, buf21248, buf21249, buf21250, buf21252, buf21254, buf21257, buf21258, buf21259, buf21261, buf21263, buf21266, buf21267, buf21268, buf21270, buf21272, buf21275, buf21276, buf21277, buf21279, buf21281, buf21284, buf21285, buf21286, buf21288, buf21290, buf21293, buf21294, buf21295, buf21297, buf21299, buf21300, buf21301, buf21304, buf21309, buf21310, buf21311, buf21306, buf21312, buf21314, buf21316, buf21318, buf21319, buf21320, buf21322, buf21324, buf21326, buf21327, buf21328, buf21330, buf21332, buf21334, buf21335, buf21336, buf21338, buf21340, buf21342, buf21343, buf21344, buf21346, buf21348, buf21350, buf21351, buf21352, buf21354, buf21356, buf21357, buf21358, buf21361, buf21363, buf21364, buf21365, buf21367, buf21369, buf21371, buf21372, buf21373, buf21375, buf21377, buf21379, buf21380, buf21381, buf21383, buf21385, buf21387, buf21388, buf21389, buf21391, buf21393, buf21395, buf21396, buf21397, buf21399, buf21401, buf21403, buf21404, buf21405, buf21407, buf21409, buf21410, buf21411, buf21414, buf21416, buf21417, buf21418, buf21420, buf21422, buf21424, buf21425, buf21426, buf21428, buf21430, buf21432, buf21433, buf21434, buf21436, buf21438, buf21440, buf21441, buf21442, buf21444, buf21446, buf21448, buf21449, buf21450, buf21452, buf21454, buf21456, buf21457, buf21458, buf21460, buf21462, buf21464, buf21465, buf21466, buf21468, buf21470, buf21473, buf21475, buf21477, buf21478, buf21479, buf21482, buf21484, buf21486, buf21487, buf21488, buf21491, buf21493, buf21495, buf21496, buf21497, buf21498, buf21501, buf21503, buf21505, buf21506, buf21507, buf21508, buf21511, buf21512, buf21518, buf21520, buf21522, buf21523, buf21524, buf21527, buf21529, buf21532, buf21533, buf21534, buf21536, buf21538, buf21541, buf21542, buf21543, buf21545, buf21547, buf21550, buf21551, buf21552, buf21554, buf21556, buf21559, buf21560, buf21561, buf21563, buf21565, buf21568, buf21569, buf21570, buf21572, buf21574, buf21577, buf21578, buf21579, buf21581, buf21583, buf21586, buf21587, buf21588, buf21590, buf21592, buf21593, buf21594, buf21597, buf21602, buf21603, buf21604, buf21599, buf21605, buf21607, buf21609, buf21611, buf21612, buf21613, buf21615, buf21617, buf21619, buf21620, buf21621, buf21623, buf21625, buf21627, buf21628, buf21629, buf21631, buf21633, buf21635, buf21636, buf21637, buf21639, buf21641, buf21643, buf21644, buf21645, buf21647, buf21649, buf21650, buf21651, buf21654, buf21656, buf21657, buf21658, buf21660, buf21662, buf21664, buf21665, buf21666, buf21668, buf21670, buf21672, buf21673, buf21674, buf21676, buf21678, buf21680, buf21681, buf21682, buf21684, buf21686, buf21688, buf21689, buf21690, buf21692, buf21694, buf21696, buf21697, buf21698, buf21700, buf21702, buf21703, buf21704, buf21707, buf21709, buf21710, buf21711, buf21713, buf21715, buf21717, buf21718, buf21719, buf21721, buf21723, buf21725, buf21726, buf21727, buf21729, buf21731, buf21733, buf21734, buf21735, buf21737, buf21739, buf21741, buf21742, buf21743, buf21745, buf21747, buf21749, buf21750, buf21751, buf21753, buf21755, buf21757, buf21758, buf21759, buf21761, buf21764, buf21767, buf21769, buf21771, buf21772, buf21773, buf21776, buf21778, buf21780, buf21781, buf21782, buf21785, buf21787, buf21789, buf21790, buf21791, buf21792, buf21795, buf21797, buf21799, buf21800, buf21801, buf21802, buf21805, buf21806, buf21812, buf21814, buf21816, buf21817, buf21818, buf21821, buf21823, buf21826, buf21827, buf21828, buf21830, buf21832, buf21835, buf21836, buf21837, buf21839, buf21841, buf21844, buf21845, buf21846, buf21848, buf21850, buf21853, buf21854, buf21855, buf21857, buf21859, buf21862, buf21863, buf21864, buf21866, buf21868, buf21871, buf21872, buf21873, buf21875, buf21877, buf21880, buf21881, buf21882, buf21884, buf21886, buf21887, buf21888, buf21891, buf21896, buf21897, buf21898, buf21893, buf21899, buf21901, buf21903, buf21905, buf21906, buf21907, buf21909, buf21911, buf21913, buf21914, buf21915, buf21917, buf21919, buf21921, buf21922, buf21923, buf21925, buf21927, buf21929, buf21930, buf21931, buf21933, buf21935, buf21937, buf21938, buf21939, buf21941, buf21943, buf21944, buf21945, buf21948, buf21950, buf21951, buf21952, buf21954, buf21956, buf21958, buf21959, buf21960, buf21962, buf21964, buf21966, buf21967, buf21968, buf21970, buf21972, buf21974, buf21975, buf21976, buf21978, buf21980, buf21982, buf21983, buf21984, buf21986, buf21988, buf21990, buf21991, buf21992, buf21994, buf21996, buf21997, buf21998, buf22001, buf22003, buf22004, buf22005, buf22007, buf22009, buf22011, buf22012, buf22013, buf22015, buf22017, buf22019, buf22020, buf22021, buf22023, buf22025, buf22027, buf22028, buf22029, buf22031, buf22033, buf22035, buf22036, buf22037, buf22039, buf22041, buf22043, buf22044, buf22045, buf22047, buf22049, buf22051, buf22052, buf22053, buf22055, buf22057, buf22060, buf22062, buf22064, buf22065, buf22066, buf22069, buf22071, buf22073, buf22074, buf22075, buf22078, buf22080, buf22082, buf22083, buf22084, buf22085, buf22088, buf22090, buf22092, buf22093, buf22094, buf22095, buf22098, buf22099, buf22105, buf22107, buf22109, buf22110, buf22111, buf22114, buf22116, buf22119, buf22120, buf22121, buf22123, buf22125, buf22128, buf22129, buf22130, buf22132, buf22134, buf22137, buf22138, buf22139, buf22141, buf22143, buf22146, buf22147, buf22148, buf22150, buf22152, buf22155, buf22156, buf22157, buf22159, buf22161, buf22164, buf22165, buf22166, buf22168, buf22170, buf22173, buf22174, buf22175, buf22177, buf22179, buf22180, buf22181, buf22184, buf22189, buf22190, buf22191, buf22186, buf22192, buf22194, buf22196, buf22198, buf22199, buf22200, buf22202, buf22204, buf22206, buf22207, buf22208, buf22210, buf22212, buf22214, buf22215, buf22216, buf22218, buf22220, buf22222, buf22223, buf22224, buf22226, buf22228, buf22230, buf22231, buf22232, buf22234, buf22236, buf22237, buf22238, buf22241, buf22243, buf22244, buf22245, buf22247, buf22249, buf22251, buf22252, buf22253, buf22255, buf22257, buf22259, buf22260, buf22261, buf22263, buf22265, buf22267, buf22268, buf22269, buf22271, buf22273, buf22275, buf22276, buf22277, buf22279, buf22281, buf22283, buf22284, buf22285, buf22287, buf22289, buf22290, buf22291, buf22294, buf22296, buf22297, buf22298, buf22300, buf22302, buf22304, buf22305, buf22306, buf22308, buf22310, buf22312, buf22313, buf22314, buf22316, buf22318, buf22320, buf22321, buf22322, buf22324, buf22326, buf22328, buf22329, buf22330, buf22332, buf22334, buf22336, buf22337, buf22338, buf22340, buf22342, buf22344, buf22345, buf22346, buf22348, buf22351, primals_4, primals_6, primals_7, primals_9, primals_10, primals_12, primals_13, primals_15, primals_16, primals_18, primals_20, primals_22, primals_23, primals_25, primals_26, primals_28, primals_29, primals_31, primals_32, primals_34, primals_36, primals_38, primals_39, primals_41, primals_42, primals_44, primals_45, primals_47, primals_48, primals_50, primals_52, primals_53, primals_55, primals_56, primals_58, primals_59, primals_61, primals_62, primals_64, primals_65, primals_67, primals_69, primals_71, primals_72, primals_74, primals_75, primals_77, primals_78, primals_80, primals_81, primals_83, primals_85, primals_86, primals_88, primals_89, primals_91, primals_92, primals_94, primals_95, primals_97, primals_99, primals_100, primals_102, primals_103, primals_105, primals_106, primals_108, primals_109, primals_111, primals_112, primals_114, primals_115, primals_116, primals_117, primals_119, primals_120, primals_121, primals_122, primals_123, primals_124, primals_125, primals_127, primals_128, primals_129, primals_130, primals_131, primals_132, primals_133, primals_134, primals_135, primals_136, primals_137, primals_138, primals_140, primals_141, primals_142, primals_143, primals_144, primals_145, primals_146, primals_147, primals_148, primals_149, primals_151, primals_152, primals_153, primals_154, primals_156, primals_157, primals_158, primals_159, primals_161, primals_162, primals_163, primals_166, primals_168, primals_170, primals_171, primals_172, primals_173, primals_175, primals_176, primals_177, primals_178, primals_180, primals_181, primals_182, primals_183, primals_184, primals_185, primals_186, primals_188, primals_189, primals_190, primals_191, primals_192, primals_193, primals_195, primals_196, primals_197, primals_198, primals_200, primals_201, primals_202, primals_203, primals_205, primals_206, primals_207, primals_208, primals_210, primals_211, primals_212, primals_213, primals_215, primals_216, primals_217, primals_218, primals_220, primals_221, primals_222, primals_223, primals_225, primals_226, primals_227, primals_228, primals_230, primals_231, primals_232, primals_233, primals_235, primals_236, primals_237, primals_238, primals_239, primals_240, primals_246, primals_242, primals_244, primals_245, primals_247, primals_249, primals_250, primals_251, primals_252, primals_254, primals_255, primals_256, primals_257, primals_259, primals_260, primals_261, primals_262, primals_264, primals_265, primals_266, primals_267, primals_269, primals_270, primals_271, primals_272, primals_274, primals_275, primals_276, primals_277, primals_278, primals_279, primals_281, primals_282, primals_284, primals_285, primals_286, primals_287, primals_289, primals_290, primals_291, primals_292, primals_294, primals_295, primals_296, primals_297, primals_299, primals_300, primals_301, primals_302, primals_304, primals_305, primals_306, primals_307, primals_309, primals_310, primals_311, primals_312, primals_313, primals_314, primals_316, primals_317, primals_319, primals_320, primals_321, primals_322, primals_324, primals_325, primals_326, primals_327, primals_329, primals_330, primals_331, primals_332, primals_334, primals_335, primals_336, primals_337, primals_339, primals_340, primals_341, primals_342, primals_344, primals_345, primals_346, primals_347, primals_349, primals_350) = self.partitions[0](partition0_args)
[rank0]:                                                                                                                                                                                                                                                                                                                                                                                                                                                                                                                                                                                                                                                                                                                                                                                                                                                                                                                                                                                                                                                                                                                                                                                                                                                                                                                                                                                                                                                                                                                                                                                                                                                                                                                                                                                                                                                                                                                                                                                                                                                                                                                                                                                                                                                                                                                                                                                                                                                                                                                                                                                                                                                                                                                                                                                                                                                                                                                                                                                                                                                                                                                                                                                                                                                                                                                                                                                                                                                                                                                                                                                                                                                                                                                                                                                                                                                                                                                                                                                                                                                                                                                                                                                                                                                                                                                                                                                                                                                                                                                                                                                                                                                                                                                                                                                                                                                                                                                                                                                                                                                                                                                                                                                                                                                                                                                                                                                                                                                                                                                                                                                                                                                                                                                                                                                                                                                                                                                                                                                                                                                                                                                                                                                                                                                                                                                                                                                                                                                                                                                                                                                                                                                                                                                                                                                                                                                                                                                                                                                                                                                                                                                                                                                                                                                                                                                                                                                                                                                                                                                                                                                                                                                                                                                                                                                                                                                                                                                                                                                                                                                                                                                                                                                                                                                                                                                                                                                                                                                                                                                                                                                                                                                                                                                                                                                                                                                                                                                                                                                                                                                                                                                                                                                                                                                                                                                                                                                                                                                                                                                                                                                                                                                                                                                                                                                                                                                                                                                                                                                                                                                                                                                                                                                                                                                                                                                                                                                                                                                                                                                                                                                                                                                                                                                                                                                                                                                                                                                                                                                                                                                                                                                                                                                                                                                                                                                                                                                                                                                                                                                                                                                                                                                                                                                                                                                                                                                                                                                                                                                                                                                                                                                                                                                                                                                                                                                                                                                                                                                                                                                                                                                                                                                                                                                                                                                                                                                                                                                                                                                                                                                                                                                                                                                                                                                                                                                                                                                                                                                                                                                                                                                                                                                                                                                                                                                                                                                                                                                                                                                                                                                                                                                                                                                                                                                                                                                                                                                                                                                                                                                                                                                                                                                                                                                                                                                                                                                                                                                                                                                                                                                                                                                                                                                                                                                                                                                                                                                                                                                                                                                                                                                                                                                                                                                                                                                                                                                                                                                                                                                                                                                                                                                                                                                                                                                                                                                                                                                                                                                                                                                                                                                                                                                                                                                                                                                                                                                                                                                                                                                                                                                                                                                                                                                                                                                                                                                                                                                                                                                                                                                                                                                                                                                                                                                                                                                                                                                                                                                                                                                                                                                                                                                                                                                                                                                                                                                                                                                                                                                                                                                                                                                                                                                                                                                                                                                                                                                                                                                                                                                                                                                                                                                                                                                                                                                                                                                                                                                                                                                                                                                                                                                                                                                                                                                                                                                                                                                                                                                                                                                                                                                                                                                                                                                                                                                                                                                                                                                                                                                                                                                                                                                                                                                                                                                                                                                                                                                                                                                                                                                                                                                                                                                                                                                                                                                                                                                                                                                                                                                                                                                                                                                                                                                                                                                                                                                                                                                                                                                                                                                                                                                                                                                                                                                                                                                                                                                                                                                                                                                                                                                                                                                                                                                                                                                                                                                                                                                                                                                                                                                                                                                                                                                                                                                                                                                                                                                                                                                                                                                                                                                                                                                                                                                                                                                                                                                                                                                                                                                                                                                                                                                                                                                                                                                                                                                                                                                                                                                                                                                                                                                                                                                                                                                                                                                                                                                                                                                                                                                                                                                                                                                                                                                                                                                                                                                                                                                                                                                                                                                                                                                                                                                                                                                                                                                                                                                                                                                                                                                                                                                                                                                                                                                                                                                                                                                                                                                                                                                                                                                                                                                                                                                                                                                                                                                                                                                                                                                                                                                                                                                                                                                                                                                                                                                                                                                                                                                                                                                                                                                                                                                                                                                                                                                                                                                                                                                                                                                                                                                                                                                                                                                                                                                                                                                                                                                                                                                                                                                                                                                                                                                                                                                                                                                                                                                                                                                                                                                                                                                                                                                                                                                                                                                                                                                                                                                                                                                                                                                                                                                                                                                                                                                                                                                                                                                                                                                                                                                                                                                                                                                                                                                                                                                                                                                                                                                                                                                                                                                                                                                                                                                                                                                                                                                                                                                                                                                                                                                                                                                                                                                                                                                                                                                                                                                                                                                                                                                                                                                                                                                                                                                                                                                                                                                                                                                                                                                                                                                                                                                                                                                                                                                                                                                                                                                                                                                                                                                                                                                                                                                                                                                                                                                                                                                                                                                                                                                                                                                                                                                                                                                                                                                                                                                                                                                                                                                                                                                                                                                                                                                                                                                                                                                                                                                                                                                                                                                                                                                                                                                                                                                                                                                                                                                                                                                                                                                                                                                                                                                                                                                                                                                                                                                                                                                                                                                                                                                                                                                                                                                                                                                                                                                                                                                                                                                                                                                                                                                                                                                                                                                                                                                                                                                                                                                                                                                                                                                                                                                                                                                                                                                                                                                                                                                                                                                                                                                                                                                                                                                                                                                                                                                                                                                                                                                                                                                                                                                                                                                                                                                                                                                                                                                                                                                                                                                                                                                                                                                                                                                                                                                                                                                                                                                                                                                                                                                                                                                                                                                                                                                                                                                                                                                                                                                                                                                                                                                                                                                                                                                                                                                                                                                                                                                                                                                                                                                                                                                                                                                                                                                                                                                                                                                                                                                                                                                                                                                                                                                                                                                                                                                                                                                                                                                                                                                                                                                                                                                                                                                                                                                                                                                                                                                                                                                                                                                                                                                                                                                                                                                                                                                                                                                                                                                                                                                                                                                                                                                                                                                                                                                                                                                                                                                                                                                                                                                                                                                                                                                                                                                                                                                                                                                                                                                                                                                                                                                                                                                                                                                                                                                                                                                                                                                                                                                                                                                                                                                                                                                                                                                                                                                                                                                                                                                                                                                                                                                                                                                                                                                                                                                                                                                                                                                                                                                                                                                                                                                                                                                                                                                                                                                                                                                                                                                                                                                                                                                                                                                                                                                                                                                                                                                                                                                                                                                                                                                                                                                                                                                                                                                                                                                                                                                                                                                                                                                                                                                                                                                                                                                                                                                                                                                                                                                                                                                                                                                                                                                                                                                                                                                                                                                                                                                                                                                                                                                                                                                                                                                                                                                                                                                                                                                                                                                                                                                                                                                                                                                                                                                                                                                                                                                                                                                                                                                                                                                                                                                                                                                                                                                                                                                                                                                                                                                                                                                                                                                                                                                                                                                                                                                                                                                                                                                                                                                                                                                                                                                                                                                                                                                                                                                                                                                                                                                                                                                                                                                                                                                                                                                                                                                                                                                                                                                                                                                                                                                                                                                                                                                                                                                                                                                                                                                                                                                                                                                                                                                                                                                                                                                                                                                                                                                                                                                                                                                                                                                                                                                                                                                                                                                                                                                                                                                                                                                                                                                                                                                                                                                                                                                                                                                                                                                                                                                                                                                                                                                                                                                                                                                                                                                                                                                                                                                                                                                                                                                                                                                                                                                                                                                                                                                                                                                                                                                                                                                                                                                                                                                                                                                                                                                                                                                                                                                                                                                                                                                                                                                                                                                                                                                                                                                                                                                                                                                                                                                                                                                                                                                                                                                                                                                                                                                                                                                                                                                                                                                                                                                                                                                                                                                                                                                                                                                                                                                                                                                                                                                                                                                                                                                                                                                                                                                                                                                                                                                                                                                                                                                                                                                                                                                                                                                                                                                                                                                                                                                                                                                                                                                                                                                                                                                                                                                                                                                                                                                                                                                                                                                                                                                                                                                                                                                                                                                                                                                                                                                                                                                                                                                                                                                                                                                                                                                                                                                                                                                                                                                                                                                                                                                                                                                                                                                                                                                                                                                                                                                                                                                                                                                                                                                                                                                                                                                                                                                                                                                                                                                                                                                                                                                                                                                                                                                                                                                                                                                                                                                                                                                                                                                                                                                                                                                                                                                                                                                                                                                                                                                                                                                                                                                                                                                                                                                                                                                                                                                                                                                                                                                                                                                                                                                                                                                                                                                                                                                                                                                                                                                                                                                                                                                                                                                                                                                                                                                                                                                                                                                                                                                                                                                                                                                                                                                                                                                                                                                                                                                                                                                                                                                                                                                                                                                                                                                                                                                                                                                                                                                                                                                                                                                                                                                                                                                                                                                                                                                                                                                                                                                                                                                                                                                                                                                                                                                                                                                                                                                                                                                                                                                                                                                                                                                                                                                                                                                                                                                                                                                                                                                                                                                                                                                                                                                                                                                                                                                                                                                                                                                                                                                                                                                                                                                                                                                                                                                                                                                                                                                                                                                                                                                                                                                                                                                                                                                                                                                                                                                                                                                                                                                                                                                                                                                                                                                                                                                                                                                                                                                                                                                                                                                                                                                                                                                                                                                                                                                                                                                                                                                                                                                                                                                                                                                                                                                                                                                                                                                                                                                                                                                                                                                                                                                                                                                                                                                                                                                                                                                                                                                                                                                                                                                                                                                                                                                                                                                                                                                                                                                                                                                                                                                                                                                                                                                                                                                                                                                                                                                                                                                                                                                                                                                                                                                                                                                                                                                                                                                                                                                                                                                                                                                                                                                                                                                                                                                                                                                                                                                                                                                                                                                                                                                                                                                                                                                                                                                                                                                                                                                                                                                                                                                                                                                                                                                                                                                                                                                                                                                                                                                                                                                                                                                                                                                                                                                                                                                                                                                                                                                                                                                                                                                                                                                                                                                                                                                                                                                                                                                                                                                                                                                                                                                                                                                                                                                                                                                                                                                                                                                                                                                                                                                                                                                                                                                                                                                                                                                                                                                                                                                                                                                                                                                                                                                                                                                                                                                                                                                                                                                                                                                                                                                                                                                                                                                                                                                                                                                                                                                                                                                                                                                                                                                                                                                                                                                                                                                                                                                                                                                                                                                                                                                                                                                                                                                                                                                                                                                                                                                                                                                                                                                                                                                                                                                                                                                                                                                                                                                                                                                                                                                                                                                                                                                                                                                                                                                                                                                                                                                                                                                                                                                                                                                                                                                                                                                                                                                                                                                                                                                                                                                                                                                                                                                                                                                                                                                                                                                                                                                                                                                                                                                                                                                                                                                                                                                                                                                                                                                                                                                                                                                                                                                                                                                                                                                                                                                                                                                                                                                                                                                                                                                                                                                                                                                                                                                                                                                                                                                                                                                                                                                                                                                                                                                                                                                                                                                                                                                                                                                                                                                                                                                                                                                                                                                                                                                                                                                                                                                                                                                                                                                                                                                                                                                                                                                                                                                                                                                                                                                                                                                                                                                                                                                                                                                                                                                                                                                                                                                                                                                                                                                                                                                                                                                                                                                                                                                                                                                                                                                                                                                                                                                                                                                                                                                                                                                                                                                                                                                                                                                                                                                                                                                                                                                                                                                                                                                                                                                                                                                                                                                                                                                                                                                                                                                                                                                                                                                                                                                                                                                                                                                                                                                                                                                                                                                                                                                                                                                                                                                                                                                                                                                                                                                                                                                                                                                                                                                                                                                                                                                                                                                                                                                                                                                                                                                                                                                                                                                                                                                                                                                                                                                                                                                                                                                                                                                                                                                                                                                                                                                                                                                                                                                                                                                                                                                                                                                                                                                                                                                                                                                                                                                                                                                                                                                                                                                                                                                                                                                                                                                                                                                                                                                                                                                                                                                                                                                                                                                                                                                                                                                                                                                                                                                                                                                                                                                                                                                                                                                                                                                                                                                                                                                                                                                                                                                                                                                                                                                                                                                                                                                                                                                                                                                                                                                                                                                                                                                                                                                                                                                                                                                                                                                                                                                                                                                                                                                                                                                                                                                                                                                                                                                                                                                                                                                                                                                                                                                                                                                                                                                                                                                                                                                                                                                                                                                                                                                                                                                                                                                                                                                                                                                                                                                                                                                                                                                                                                                                                                                                                                                                                                                                                                                                                                                                                                                                                                                                                                                                                                                                                                                                                                                                                                                                                                                                                                                                                                                                                                                                                                                                                                                                                                                                                                                                                                                                                                                                                                                                                                                                                                                                                                                                                                                                                                                                                                                                                                                                                                                                                                                                                                                                                                                                                                                                                                                                                                                                                                                                                                                                                                                                                                                                                                                                                                                                                                                                                                                                                                                                                                                                                                                                                                                                                                                                                                                                                                                                                                                                                                                                                                                                                                                                                                                                                                                                                                                                                                                                                                                                                                                                                                                                                                                                                                                                                                                                                                                                                                                                                                                                                                                                                                                                                                                                                                                                                                                                                                                                                                                                                                                                                                                                                                                                                                                                                                                                                                                                                                                                                                                                                                                                                                                                                                                                                                                                                                                                                                                                                                                                                                                                                                                                                                                                                                                                                                                                                                                                                                                                                                                                                                                                                                                                                                                                                                                                                                                                                                                                                                                                                                                                                                                                                                                                                                                                                                                                                                                                                                                                                                                                                                                                                                                                                                                                                                                                                                                                                                                                                                                                                                                                                                                                                                                                                                                                                                                                                                                                                                                                                                                                                                                                                                                                                                                                                                                                                                                                                                                                                                                                                                                                                                                                                                                                                                                                                                                                                                                                                                                                                                                                                                                                                                                                                                                                                                                                                                                                                                                                                                                                                                                                                                                                                                                                                                                                                                                                                                                                                                                                                                                                                                                                                                                                                                                                                                                                                                                                                                                                                                                                                                                                                                                                                                                                                                                                                                                                                                                                                                                                                                                                                                                                                                                                                                                                                                                                                                                                                                                                                                                                                                                                                                                                                                                                                                                                                                                                                                                                                                                                                                                                                                                                                                                                                                                                                                                                                                                                                                                                                                                                                                                                                                                                                                                                                                                                                                                                                                                                                                                                                                                                                                                                                                                                                                                                                                                                                                                                                                                                                                                                                                                                                                                                                                                                                                                                                                                                                                                                                                                                                                                                                                                                                                                                                                                                                                                                                                                                                                                                                                                                                                                                                                                                                                                                                                                                                                                                                                                                                                                                                                                                                                                                                                                                                                                                                                                                                                                                                                                                                                                                                                                                                                                                                                                                                                                                                                                                                                                                                                                                                                                                                                                                                                                                                                                                                                                                                                                                                                                                                                                                                                                                                                                                                                                                                                                                                                                                                                                                                                                                                                                                                                                                                                                                                                                                                                                                                                                                                                                                                                                                                                                                                                                                                                                                                                                                                                                                                                                                                                                                                                                                                                                                                                                                                                                                                                                                                                                                                                                                                                                                                                                                                                                                                                                                                                                                                                                                                                                                                                                                                                                                                                                                                                                                                                                                                                                                                                                                                                                                                                                                                                                                                                                                                                                                                                                                                                                                                                                                                                                                                                                                                                                                                                                                                                                                                                                                                                                                                                                                                                                                                                                                                                                                                                                                                                                                                                                                                                                                                                                                                                                                                                                                                                                                                                                                                                                                                                                                                                                                                                                                                                                                                                                                                                                                                                                                                                                                                                                                                                                                                                                                                                                                                                                                                                                                                                                                                                                                                                                                                                                                                                                                                                                                                                                                                                                                                                                                                                                                                                                                                                                                                                                                                                                                                                                                                                                                                                                                                                                                                                                                                                                                                                                                                                                                                                                                                                                                                                                                                                                                                                                                                                                                                                                                                                                                                                                                                                                                                                                                                                                                                                                                                                                                                                                                                                                                                                                                                                                                                                                                                                                                                                                                                                                                                                                                                                                                                                                                                                                                                                                                                                                                                                                                                                                                                                                                                                                                                                                                                                                                                                                                                                                                                                                                                                                                                                                                                                                                                                                                                                                                                                                                                                                                                                                                                                                                                                                                                                                                                                                                                                                                                                                                                                                                                                                                                                                                                                                                                                                                                                                                                                                                                                                                                                                                                                                                                                                                                                                                                                                                                                                                                                                                                                                                                                                                                                                                                                                                                                                                                                                                                                                                                                                                                                                                                                                                                                                                                                                                                                                                                                                                                                                                                                                                                                                                                                                                                                                                                                                                                                                                                                                                                                                                                                                                                                                                                                                                                                                                                                                                                                                                                                                                                                                                                                                                                                                                                                                                                                                                                                                                                                                                                                                                                                                                                                                                                                                                                                                                                                                                                                                                                                                                                                                                                                                                                                                                                                                                                                                                                                                                                                                                                                                                                                                                                                                                                                                                                                                                                                                                                                                                                                                                                                                                                                                                                                                                                                                                                                                                                                                                                                                                                                                                                                                                                                                                                                                                                                                                                                                                                                                                                                                                                                                                                                                                                                                                                                                                                                                                                                                                                                                                                                                                                                                                                                                                                                                                                                                                                                                                                                                                                                                                                                                                                                                                                                                                                                                                                                                                                                                                                                                                                                                                                                                                                                                                                                                                                                                                                                                                                                                                                                                                                                                                                                                                                                                                                                                                                                                                                                                                                                                                                                                                                                                                                                                                                                                                                                                                                                                                                                                                                                                                                                                                                                                                                                                                                                                                                                                                                                                                                                                                                                                                                                                                                                                                                                                                                                                                                                                                                                                                                                                                                                                                                                                                                                                                                                                                                                                                                                                                                                                                                                                                                                                                                                                                                                                                                                                                                                                                                                                                                                                                                                                                                                                                                                                                                                                                                                                                                                                                                                                                                                                                                                                                                                                                                                                                                                                                                                                                                                                                                                                                                                                                                                                                                                                                                                                                                                                                                                                                                                                                                                                                                                                                                                                                                                                                                                                                                                                                                                                                                                                                                                                                                                                                                                                                                                                                                                                                                                                                                                                                                                                                                                                                                                                                                                                                                                                                                                                                                                                                                                                                                                                                                                                                                                                                                                                                                                                                                                                                                                                                                                                                                                                                                                                                                                                                                                                                                                                                                                                                                                                                                                                                                                                                                                                                                                                                                                                                                                                                                                                                                                                                                                                                                                                                                                                                                                                                                                                                                                                                                                                                                                                                                                                                                                                                                                                                                                                                                                                                                                                                                                                                                                                                                                                                                                                                                                                                                                                                                                                                                                                                                                                                                                                                                                                                                                                                                                                                                                                                                                                                                              ^^^^^^^^^^^^^^^^^^^^^^^^^^^^^^^^^^^
[rank0]:   File "/project/6101839/piado/vae/snth/lib/python3.11/site-packages/torch/_inductor/compile_fx.py", line 1843, in run
[rank0]:     return compiled_fn(new_inputs)  # type: ignore[arg-type]
[rank0]:            ^^^^^^^^^^^^^^^^^^^^^^^
[rank0]:   File "/project/6101839/piado/vae/snth/lib/python3.11/site-packages/torch/_inductor/cudagraph_trees.py", line 404, in deferred_cudagraphify
[rank0]:     fn, out = cudagraphify(model, inputs, new_static_input_idxs, *args, **kwargs)
[rank0]:               ^^^^^^^^^^^^^^^^^^^^^^^^^^^^^^^^^^^^^^^^^^^^^^^^^^^^^^^^^^^^^^^^^^^
[rank0]:   File "/project/6101839/piado/vae/snth/lib/python3.11/site-packages/torch/_inductor/cudagraph_trees.py", line 464, in cudagraphify
[rank0]:     return manager.add_function(
[rank0]:            ^^^^^^^^^^^^^^^^^^^^^
[rank0]:   File "/project/6101839/piado/vae/snth/lib/python3.11/site-packages/torch/_inductor/cudagraph_trees.py", line 2337, in add_function
[rank0]:     return fn, fn(inputs)
[rank0]:                ^^^^^^^^^^
[rank0]:   File "/project/6101839/piado/vae/snth/lib/python3.11/site-packages/torch/_inductor/cudagraph_trees.py", line 2033, in run
[rank0]:     out = self._run(new_inputs, function_id)
[rank0]:           ^^^^^^^^^^^^^^^^^^^^^^^^^^^^^^^^^^
[rank0]:   File "/project/6101839/piado/vae/snth/lib/python3.11/site-packages/torch/_inductor/cudagraph_trees.py", line 2137, in _run
[rank0]:     return self.run_eager(new_inputs, function_id)
[rank0]:            ^^^^^^^^^^^^^^^^^^^^^^^^^^^^^^^^^^^^^^^
[rank0]:   File "/project/6101839/piado/vae/snth/lib/python3.11/site-packages/torch/_inductor/cudagraph_trees.py", line 2298, in run_eager
[rank0]:     return node.run(new_inputs)
[rank0]:            ^^^^^^^^^^^^^^^^^^^^
[rank0]:   File "/project/6101839/piado/vae/snth/lib/python3.11/site-packages/torch/_inductor/cudagraph_trees.py", line 692, in run
[rank0]:     out = self.wrapped_function.model(new_inputs)
[rank0]:           ^^^^^^^^^^^^^^^^^^^^^^^^^^^^^^^^^^^^^^^
[rank0]:   File "/tmp/.torchinductor/3i/c3idafdz2gbieb44amlplr6acful4la3khur54k7kls6nozjg477.py", line 11017, in partition_0
[rank0]:     buf586 = extern_kernels.convolution(buf584, buf585, stride=(1, 1, 1), padding=(0, 0, 0), dilation=(1, 1, 1), transposed=False, output_padding=(0, 0, 0), groups=1, bias=None)
[rank0]:              ^^^^^^^^^^^^^^^^^^^^^^^^^^^^^^^^^^^^^^^^^^^^^^^^^^^^^^^^^^^^^^^^^^^^^^^^^^^^^^^^^^^^^^^^^^^^^^^^^^^^^^^^^^^^^^^^^^^^^^^^^^^^^^^^^^^^^^^^^^^^^^^^^^^^^^^^^^^^^^^^^^^^
[rank0]:   File "/project/6101839/piado/vae/snth/lib/python3.11/site-packages/torch/utils/_device.py", line 109, in __torch_function__
[rank0]:     return func(*args, **kwargs)
[rank0]:            ^^^^^^^^^^^^^^^^^^^^^
[rank0]: torch.OutOfMemoryError: CUDA out of memory. Tried to allocate 432.00 MiB. GPU 0 has a total capacity of 44.39 GiB of which 262.12 MiB is free. Including non-PyTorch memory, this process has 44.13 GiB memory in use. Of the allocated memory 41.55 GiB is allocated by PyTorch, with 110.12 MiB allocated in private pools (e.g., CUDA Graphs), and 1.58 GiB is reserved by PyTorch but unallocated. If reserved but unallocated memory is large try setting PYTORCH_ALLOC_CONF=expandable_segments:True to avoid fragmentation.  See documentation for Memory Management  (https://pytorch.org/docs/stable/notes/cuda.html#environment-variables)
[rank0]:[W615 08:05:54.673493004 ProcessGroupNCCL.cpp:1553] Warning: WARNING: destroy_process_group() was not called before program exit, which can leak resources. For more info, please see https://pytorch.org/docs/stable/distributed.html#shutdown (function operator())
Traceback (most recent call last):
  File "/project/6101839/piado/vae/snth/bin/accelerate", line 7, in <module>
    sys.exit(main())
             ^^^^^^
  File "/project/6101839/piado/vae/snth/lib/python3.11/site-packages/accelerate/commands/accelerate_cli.py", line 50, in main
    args.func(args)
  File "/project/6101839/piado/vae/snth/lib/python3.11/site-packages/accelerate/commands/launch.py", line 1281, in launch_command
    simple_launcher(args)
  File "/project/6101839/piado/vae/snth/lib/python3.11/site-packages/accelerate/commands/launch.py", line 869, in simple_launcher
    raise subprocess.CalledProcessError(returncode=process.returncode, cmd=cmd)
subprocess.CalledProcessError: Command '['/project/6101839/piado/vae/snth/bin/python', '/home/piado/projects/aip-lindell/piado/vae/Open-Sora/scripts/vae/train.py', '/home/piado/projects/aip-lindell/piado/vae/Open-Sora/configs/vae/train/wan_multiview_finetune.py', '--experiment_name', 'res_sweep_8frames_512px__job3960503_t4', '--wandb_expr_name', 'res_sweep_8frames_512px', '--data_preset', 'all_people_one_expression', '--profile_timing', 'False', '--profile_step', 'False', '--wandb', 'True', '--log_every', '1000', '--eval_every', '1000', '--full_eval_every', '5000', '--log_milestones', '[10,100,500]', '--eval_milestones', '[10,100,500]', '--debug_stats_every', '100', '--log_memory', 'True', '--optimization', 'True', '--optimization_compile_mode', 'reduce-overhead', '--save_ckpt', 'True', '--keep_n_latest', '3', '--epochs', '100000', '--nersemble_processed_base', '/datasets/lindell-proj/neumayr/nersemble_v2/processed/8-frames', '--bucket_config', "{'512px_ar1:1': {9: (1.0, 1)}}", '--batch_size', '4', '--accumulation_steps', '1']' returned non-zero exit status 1.
chgrp: changing group of 'outputs/res_sweep_8frames_512px__job3960503_t4/config.txt': Operation not permitted
chgrp: changing group of 'outputs/res_sweep_8frames_512px__job3960503_t4/eval_metrics.jsonl': Operation not permitted
chgrp: changing group of 'outputs/res_sweep_8frames_512px__job3960503_t4/log.txt': Operation not permitted
chgrp: changing group of 'outputs/res_sweep_8frames_512px__job3960503_t4/loss_config.json': Operation not permitted
chgrp: changing group of 'outputs/res_sweep_8frames_512px__job3960503_t4/train_debug_stats.jsonl': Operation not permitted
chgrp: changing group of 'outputs/res_sweep_8frames_512px__job3960503_t4': Operation not permitted
[[34m2026-06-15 08:06:09[0m] Experiment directory created at outputs/res_sweep_8frames_512px__job3960503_t4
[[34m2026-06-15 08:06:09[0m] Determinism mode: cuBLAS workspace, cudnn deterministic, TF32 disabled, torch.use_deterministic_algorithms(warn_only=True); data workers use seed+worker_id; epoch Python RNG uses seed+rank. Multi-GPU ZeRO and BF16 may still break bit-for-bit replay.
[[34m2026-06-15 08:06:09[0m] Using explicit global grad clipping (max_norm=2.0) with DP all-reduce; plugin-internal clipping disabled to avoid ZeRO shard-local clipping ambiguity.
[[34m2026-06-15 08:06:09[0m] Training configuration:
 {'DATA_ROOT': '/datasets/lindell-proj/neumayr/nersemble_v2/processed/8-frames/128-res',
 '_gen_loss_config': None,
 '_optim_discriminator': None,
 '_resolved': {'bucket_key': '128px_ar1:1',
               'data_root': '/datasets/lindell-proj/neumayr/nersemble_v2/processed/8-frames/128-res',
               'load_from_128_for_64_high_t': False,
               'load_res_fallback': None,
               'target_px': 128,
               'train_target_frames': 9,
               'train_target_hw': (128, 128)},
 '_val_participants': [97, 175, 226, 18, 30, 38, 85, 124, 227, 240],
 'accumulation_steps': 1,
 'all_people_expression_sequence': 'EMO-1-shout+laugh',
 'batch_size': 4,
 'bucket_config': {'512px_ar1:1': {9: (1.0, 1)}},
 'config_path': '/home/piado/projects/aip-lindell/piado/vae/Open-Sora/configs/vae/train/wan_multiview_finetune.py',
 'data_preset': 'all_people_one_expression',
 'dataset': {'data_path': '/datasets/lindell-proj/neumayr/nersemble_v2/processed/8-frames/128-res',
             'exclude_participants': [97,
                                      175,
                                      226,
                                      18,
                                      30,
                                      38,
                                      85,
                                      124,
                                      227,
                                      240],
             'expression_sequence': 'EMO-1-shout+laugh',
             'participants': None,
             'repeat': 1,
             'scan_subdirs': True,
             'skip_mismatched_views': True,
             'type': 'pt_video'},
 'dataset_presets': {'__default__': {'data_path': '/datasets/lindell-proj/neumayr/nersemble_v2/processed/8-frames/128-res',
                                     'participants': [17,
                                                      18,
                                                      30,
                                                      31,
                                                      32,
                                                      33,
                                                      35,
                                                      36,
                                                      37],
                                     'repeat': 1,
                                     'scan_subdirs': True,
                                     'type': 'pt_video'},
                     'all_people': {'data_path': '/datasets/lindell-proj/neumayr/nersemble_v2/processed/8-frames/128-res',
                                    'exclude_participants': [97,
                                                             175,
                                                             226,
                                                             18,
                                                             30,
                                                             38,
                                                             85,
                                                             124,
                                                             227,
                                                             240],
                                    'expected_views': 2,
                                    'participants': None,
                                    'repeat': 1,
                                    'scan_subdirs': True,
                                    'skip_mismatched_views': True,
                                    'type': 'pt_video'},
                     'all_people_one_expression': {'data_path': '/datasets/lindell-proj/neumayr/nersemble_v2/processed/8-frames/128-res',
                                                   'exclude_participants': [97,
                                                                            175,
                                                                            226,
                                                                            18,
                                                                            30,
                                                                            38,
                                                                            85,
                                                                            124,
                                                                            227,
                                                                            240],
                                                   'expression_sequence': 'EMO-1-shout+laugh',
                                                   'participants': None,
                                                   'repeat': 1,
                                                   'scan_subdirs': True,
                                                   'skip_mismatched_views': True,
                                                   'type': 'pt_video'},
                     'one_person': {'data_path': '/datasets/lindell-proj/neumayr/nersemble_v2/processed/8-frames/128-res',
                                    'exclude_sequences': ['EMO-4-disgust+happy',
                                                          'SEN-10-port_strong_smokey'],
                                    'participants': [18],
                                    'repeat': 1,
                                    'scan_subdirs': True,
                                    'type': 'pt_video'},
                     'single_sequence': {'data_path': '/datasets/lindell-proj/neumayr/nersemble_v2/processed/8-frames/128-res/p017/EMO-1-shout+laugh/frames.pt',
                                         'repeat': 1,
                                         'type': 'pt_video'},
                     'some_people': {'data_path': '/datasets/lindell-proj/neumayr/nersemble_v2/processed/8-frames/128-res',
                                     'participants': [17,
                                                      31,
                                                      32,
                                                      33,
                                                      35,
                                                      36,
                                                      37],
                                     'repeat': 1,
                                     'scan_subdirs': True,
                                     'type': 'pt_video'}},
 'debug_stats_every': 100,
 'debug_stats_start_step': 0,
 'debug_stats_weight_every': 50,
 'deterministic': True,
 'disc_learning_rate': None,
 'disc_multiview_mode': 'joint_4d',
 'disc_per_frame_2d': False,
 'discriminator': None,
 'discriminator_choice': 'none',
 'dtype': 'bf16',
 'dynamo_backend': 'no',
 'ema_decay': 0.9999,
 'epochs': 100000,
 'eval_batch_size': 1,
 'eval_every': 1000,
 'eval_milestones': [10, 100, 500],
 'eval_num_samples': 0,
 'eval_use_ema': True,
 'experiment_name': 'res_sweep_8frames_512px__job3960503_t4',
 'final_eval': True,
 'final_eval_num_samples': 0,
 'fixed_seq_eval_every_epochs': 0,
 'full_eval_every': 5000,
 'gan_log_adaptive_grad_metrics': False,
 'gen_disc_weight': None,
 'grad_checkpoint': True,
 'grad_clip': 2.0,
 'keep_n_latest': 3,
 'kl_loss_weight': 1e-06,
 'learning_rate': 0.0001,
 'log_bottleneck_every': 0,
 'log_every': 1000,
 'log_latent_shapes_every': 0,
 'log_memory': True,
 'log_milestones': [10, 100, 500],
 'log_step_time': True,
 'log_training_design_summary': True,
 'log_training_param_overview': True,
 'logvar_init': 0.0,
 'lr_scheduler': {'decay_factor': 0.5,
                  'decay_steps': 5000,
                  'min_lr': 5e-06,
                  'use_exponential_decay': True,
                  'warmup_steps': 100},
 'mixed_image_ratio': 0.0,
 'mixed_strategy': None,
 'model': {'freeze_temporal': True,
           'from_pretrained': '/home/piado/scratch/Wan2.1_VAE.pth',
           'from_scratch': False,
           'full_finetune_decoder': False,
           'fusion_mode': 'cross_attention',
           'lora_rank': 32,
           'train_spatial': True,
           'type': 'multiview_wan_video_vae',
           'use_crossview_encoder': True,
           'use_lora': True,
           'use_lora_after': True,
           'use_lora_before': False,
           'use_view_embedding': False,
           'use_view_group_fusion': False,
           'use_viewwise_decoder_lora': False,
           'view_compression': 2,
           'view_in': 0,
           'view_mixing_strategy': 'embedding',
           'z_dim': 16},
 'nersemble_processed_base': '/datasets/lindell-proj/neumayr/nersemble_v2/processed/8-frames',
 'num_bucket_build_workers': 1,
 'num_reconstruction_vis_samples': 3,
 'num_workers': 8,
 'optim': {'betas': (0.9, 0.98),
           'cls': 'AdamW',
           'eps': 1e-08,
           'lr': 0.0001,
           'weight_decay': 0.0},
 'optimization': True,
 'optimization_compile_mode': 'reduce-overhead',
 'outputs': 'outputs',
 'perceptual_loss_weight': 1.5,
 'persistent_workers': True,
 'pin_memory_cache_pre_alloc_numels': None,
 'plugin': 'none',
 'plugin_config': {'overlap_allgather': False, 'reduce_bucket_size_in_m': 128},
 'prefetch_factor': 4,
 'profile_step': False,
 'profile_timing': False,
 'profile_timing_step': 50,
 'save_ckpt': True,
 'seed': 42,
 'sweep_gen_disc_weight': None,
 'train_psnr_guard': False,
 'train_psnr_guard_consecutive': 5,
 'train_psnr_guard_min_epochs': 0,
 'train_psnr_guard_start_epoch': 0,
 'train_psnr_guard_threshold': 15.0,
 'train_target_frames': 9,
 'train_target_hw': (512, 512),
 'update_warmup_steps': False,
 'vae_loss_config': {'kl_loss_weight': 1e-06,
                     'logvar_init': 0.0,
                     'perceptual_loss_weight': 1.5,
                     'view_consistency_weight': 0.0},
 'vae_loss_preset': 'default',
 'vae_target_range': '[-1,1]',
 'val_dataset': {'data_path': '/datasets/lindell-proj/neumayr/nersemble_v2/processed/8-frames/128-res',
                 'expression_sequence': 'EMO-1-shout+laugh',
                 'participants': [97, 175, 226, 18, 30, 38, 85, 124, 227, 240],
                 'repeat': 1,
                 'scan_subdirs': True,
                 'skip_mismatched_views': True,
                 'type': 'pt_video'},
 'val_dataset_presets': {'__default__': None,
                         'all_people': {'data_path': '/datasets/lindell-proj/neumayr/nersemble_v2/processed/8-frames/128-res',
                                        'expected_views': 2,
                                        'participants': [97,
                                                         175,
                                                         226,
                                                         18,
                                                         30,
                                                         38,
                                                         85,
                                                         124,
                                                         227,
                                                         240],
                                        'repeat': 1,
                                        'scan_subdirs': True,
                                        'skip_mismatched_views': True,
                                        'type': 'pt_video'},
                         'all_people_one_expression': {'data_path': '/datasets/lindell-proj/neumayr/nersemble_v2/processed/8-frames/128-res',
                                                       'expression_sequence': 'EMO-1-shout+laugh',
                                                       'participants': [97,
                                                                        175,
                                                                        226,
                                                                        18,
                                                                        30,
                                                                        38,
                                                                        85,
                                                                        124,
                                                                        227,
                                                                        240],
                                                       'repeat': 1,
                                                       'scan_subdirs': True,
                                                       'skip_mismatched_views': True,
                                                       'type': 'pt_video'},
                         'one_person': {'data_path': '/datasets/lindell-proj/neumayr/nersemble_v2/processed/8-frames/128-res',
                                        'include_only_sequences': ['EMO-4-disgust+happy',
                                                                   'SEN-10-port_strong_smokey'],
                                        'participants': [17],
                                        'repeat': 1,
                                        'scan_subdirs': True,
                                        'type': 'pt_video'},
                         'single_sequence': None,
                         'some_people': {'data_path': '/datasets/lindell-proj/neumayr/nersemble_v2/processed/8-frames/128-res',
                                         'participants': [18, 30],
                                         'repeat': 1,
                                         'scan_subdirs': True,
                                         'type': 'pt_video'}},
 'view_consistency_weight': 0.0,
 'view_flatten_in_disc': False,
 'view_flatten_in_loss': False,
 'wandb': True,
 'wandb_expr_name': 'res_sweep_8frames_512px',
 'wandb_min_steps_before_init': 10,
 'wandb_project': 'wan_multiview_vae'}
[[34m2026-06-15 08:06:09[0m] Building dataset...
[[34m2026-06-15 08:06:09[0m] Dataset contains 400 samples.
[[34m2026-06-15 08:06:09[0m] Val (held-out) dataset contains 9 samples.
[[34m2026-06-15 08:06:09[0m] Fixed per-frame eval sequence name: EMO-1-shout+laugh (train idx=0, val idx=0)
[[34m2026-06-15 08:06:09[0m] Building models...
[[34m2026-06-15 08:06:09[0m] Auto-detected model.view_in=8 from first dataset sample
[[34m2026-06-15 08:06:11[0m] [MultiviewWanVideoVAE] Number of parameters: 180.50 M
[[34m2026-06-15 08:06:11[0m] [MultiviewWanVideoVAE] Number of trainable parameters: 94.40 M
[[34m2026-06-15 08:06:13[0m] EMA model created.
[[34m2026-06-15 08:06:13[0m] [optimization] channels_last_3d: disabled (fragile with view() ops and compile cache)
[[34m2026-06-15 08:06:13[0m] VAE trainable params (optimizer): 98,985,776
[[34m2026-06-15 08:06:13[0m] [optimization] torch.compile: mode=reduce-overhead (first step will be slow)
[[34m2026-06-15 08:06:13[0m] Preparing for distributed training...
[[34m2026-06-15 08:06:13[0m] Optimizer AdamW has no `.backward`; using booster.backward(loss=...) compatibility path.
[[34m2026-06-15 08:06:13[0m] Boosted model for distributed training
[[34m2026-06-15 08:06:13[0m] Training for 100000 epochs with 400 steps per epoch
[[34m2026-06-15 08:06:13[0m] [optimization] Warming up torch.compile eval graph (one-time, before training loop)...
[[34m2026-06-15 08:06:30[0m] [AttentionMultiViewVideoVan] latent shape: (1, 16, 9, 64, 64)  (B=1, z_dim=16, T'=9, H'=64, W'=64)
[[34m2026-06-15 08:07:51[0m] [optimization] Eval graph warm-up done.
[rank0]:[W615 08:07:51.167169550 ProcessGroupNCCL.cpp:5138] Guessing device ID based on global rank. This can cause a hang if rank to GPU mapping is heterogeneous. You can specify device_id in init_process_group()
train:   0%|          | 0/400 [00:00<?, ?it/s]train:   0%|          | 0/400 [00:00<?, ?it/s, epoch=0][[34m2026-06-15 08:07:51[0m] ======== Wan multiview / crossview design summary (one-time) ========
[[34m2026-06-15 08:07:51[0m] use_crossview_encoder=True
[[34m2026-06-15 08:07:51[0m] fusion_mode='cross_attention'
[[34m2026-06-15 08:07:51[0m]   -> Bidirectional cross-attention between views: each view attends to the other view’s tokens, then features are combined for the rest of the encoder/decoder. Strong when views are aligned but not identical.
[[34m2026-06-15 08:07:51[0m] view_in=8, view_mixing_strategy=embedding
[[34m2026-06-15 08:07:51[0m] use_view_embedding vs use_viewwise_decoder_lora: per-view additive embeddings bias early (or latent) features with a small vector per view; viewwise_decoder_lora adds low-rank adapters on the decoder side conditioned by view index—typically more flexible than a single embedding per view for reconstruction, at the cost of more trainable parameters.
[[34m2026-06-15 08:07:51[0m]   use_view_embedding=False
[[34m2026-06-15 08:07:51[0m]   use_viewwise_decoder_lora=False
[[34m2026-06-15 08:07:51[0m] use_lora=True, use_lora_before=False, use_lora_after=True, lora_rank=32. Before = LoRA on the encoder stem / early downsampling; after = bottleneck and later decoder. Both can be enabled for two complementary adaptation regions.
[[34m2026-06-15 08:07:51[0m] LoRA rank: all listed adapters in this stack typically share this rank. Larger rank increases adapter capacity and parameter count roughly linearly in rank; too high can overfit small datasets, too low can underfit cross-view cues.
[[34m2026-06-15 08:07:51[0m] freeze_temporal=True, train_spatial=True
[[34m2026-06-15 08:07:51[0m] ======== end design summary ========
[[34m2026-06-15 08:07:51[0m] [VAE] param overview: total=180.50 M trainable=94.40 M (52.30% of weights) frozen=86.10 M
[[34m2026-06-15 08:07:51[0m] [VAE] LoRA trainable: 998.59 K (1.0% of trainable); heuristic attention/cross-fusion LoRA: 998.59 K (100.0% of LoRA); other LoRA: 0
[[34m2026-06-15 08:07:51[0m] [VAE] base trainable (non-LoRA): 93.43 M (99.0% of trainable)
[[34m2026-06-15 08:07:51[0m] [VAE] LoRA heuristic buckets (buckets overlap if a name matches multiple hints): encoder/stem-ish=275.50 K, decoder-ish=723.09 K, viewwise-ish=0
train:   0%|          | 0/400 [07:00<?, ?it/s, epoch=0]
[rank0]: Traceback (most recent call last):
[rank0]:   File "/home/piado/projects/aip-lindell/piado/vae/Open-Sora/scripts/vae/train.py", line 3503, in <module>
[rank0]:     main()
[rank0]:   File "/home/piado/projects/aip-lindell/piado/vae/Open-Sora/scripts/vae/train.py", line 2321, in main
[rank0]:     x_rec, posterior, z = model(x)
[rank0]:                           ^^^^^^^^
[rank0]:   File "/project/6101839/piado/vae/snth/lib/python3.11/site-packages/torch/_dynamo/eval_frame.py", line 465, in __call__
[rank0]:     return super().__call__(*args, **kwargs)
[rank0]:            ^^^^^^^^^^^^^^^^^^^^^^^^^^^^^^^^^
[rank0]:   File "/project/6101839/piado/vae/snth/lib/python3.11/site-packages/torch/nn/modules/module.py", line 1776, in _wrapped_call_impl
[rank0]:     return self._call_impl(*args, **kwargs)
[rank0]:            ^^^^^^^^^^^^^^^^^^^^^^^^^^^^^^^^
[rank0]:   File "/project/6101839/piado/vae/snth/lib/python3.11/site-packages/torch/nn/modules/module.py", line 1787, in _call_impl
[rank0]:     return forward_call(*args, **kwargs)
[rank0]:            ^^^^^^^^^^^^^^^^^^^^^^^^^^^^^
[rank0]:   File "/project/6101839/piado/vae/snth/lib/python3.11/site-packages/torch/_dynamo/eval_frame.py", line 953, in compile_wrapper
[rank0]:     return fn(*args, **kwargs)
[rank0]:            ^^^^^^^^^^^^^^^^^^^
[rank0]:   File "/project/6101839/piado/vae/snth/lib/python3.11/site-packages/torch/nn/modules/module.py", line 1776, in _wrapped_call_impl
[rank0]:     return self._call_impl(*args, **kwargs)
[rank0]:            ^^^^^^^^^^^^^^^^^^^^^^^^^^^^^^^^
[rank0]:   File "/project/6101839/piado/vae/snth/lib/python3.11/site-packages/torch/nn/modules/module.py", line 1787, in _call_impl
[rank0]:     return forward_call(*args, **kwargs)
[rank0]:            ^^^^^^^^^^^^^^^^^^^^^^^^^^^^^
[rank0]:   File "/project/6101839/piado/vae/Open-Sora/opensora/models/vae/wan_video_vae.py", line 561, in forward
[rank0]:     def forward(self, x):
[rank0]:   File "/project/6101839/piado/vae/snth/lib/python3.11/site-packages/torch/_dynamo/eval_frame.py", line 1181, in _fn
[rank0]:     return fn(*args, **kwargs)
[rank0]:            ^^^^^^^^^^^^^^^^^^^
[rank0]:   File "/project/6101839/piado/vae/snth/lib/python3.11/site-packages/torch/_functorch/aot_autograd.py", line 1148, in forward
[rank0]:     return compiled_fn(full_args)
[rank0]:            ^^^^^^^^^^^^^^^^^^^^^^
[rank0]:   File "/project/6101839/piado/vae/snth/lib/python3.11/site-packages/torch/_functorch/_aot_autograd/runtime_wrappers.py", line 343, in runtime_wrapper
[rank0]:     all_outs = call_func_at_runtime_with_args(
[rank0]:                ^^^^^^^^^^^^^^^^^^^^^^^^^^^^^^^
[rank0]:   File "/project/6101839/piado/vae/snth/lib/python3.11/site-packages/torch/_functorch/_aot_autograd/utils.py", line 134, in call_func_at_runtime_with_args
[rank0]:     out = normalize_as_list(f(args))
[rank0]:                             ^^^^^^^
[rank0]:   File "/project/6101839/piado/vae/snth/lib/python3.11/site-packages/torch/_functorch/_aot_autograd/utils.py", line 108, in g
[rank0]:     return f(*args)
[rank0]:            ^^^^^^^^
[rank0]:   File "/project/6101839/piado/vae/snth/lib/python3.11/site-packages/torch/autograd/function.py", line 583, in apply
[rank0]:     return super().apply(*args, **kwargs)  # type: ignore[misc]
[rank0]:            ^^^^^^^^^^^^^^^^^^^^^^^^^^^^^^
[rank0]:   File "/project/6101839/piado/vae/snth/lib/python3.11/site-packages/torch/_functorch/_aot_autograd/runtime_wrappers.py", line 2152, in forward
[rank0]:     fw_outs = call_func_at_runtime_with_args(
[rank0]:               ^^^^^^^^^^^^^^^^^^^^^^^^^^^^^^^
[rank0]:   File "/project/6101839/piado/vae/snth/lib/python3.11/site-packages/torch/_functorch/_aot_autograd/utils.py", line 134, in call_func_at_runtime_with_args
[rank0]:     out = normalize_as_list(f(args))
[rank0]:                             ^^^^^^^
[rank0]:   File "/project/6101839/piado/vae/snth/lib/python3.11/site-packages/torch/_functorch/_aot_autograd/runtime_wrappers.py", line 531, in wrapper
[rank0]:     return compiled_fn(runtime_args)
[rank0]:            ^^^^^^^^^^^^^^^^^^^^^^^^^
[rank0]:   File "/project/6101839/piado/vae/snth/lib/python3.11/site-packages/torch/_functorch/_aot_autograd/runtime_wrappers.py", line 729, in inner_fn
[rank0]:     outs = compiled_fn(args)
[rank0]:            ^^^^^^^^^^^^^^^^^
[rank0]:   File "/project/6101839/piado/vae/snth/lib/python3.11/site-packages/torch/_inductor/output_code.py", line 638, in __call__
[rank0]:     return self.current_callable(inputs)
[rank0]:            ^^^^^^^^^^^^^^^^^^^^^^^^^^^^^
[rank0]:   File "/tmp/.torchinductor/3i/c3idafdz2gbieb44amlplr6acful4la3khur54k7kls6nozjg477.py", line 70036, in call
[rank0]:     (buf0, buf3, buf5, buf6, buf9, buf11, buf12, buf15, buf17, buf18, buf21, buf23, buf24, buf27, buf30, buf34, buf35, buf38, buf40, buf41, buf44, buf46, buf47, buf50, buf52, buf53, buf56, buf59, buf63, buf64, buf67, buf69, buf70, buf73, buf75, buf76, buf79, buf81, buf82, buf85, buf88, buf90, buf91, buf94, buf96, buf97, buf100, buf102, buf103, buf106, buf108, buf109, buf112, buf115, buf117, buf118, buf121, buf123, buf124, buf127, buf129, buf130, buf133, buf135, buf136, buf139, buf142, buf146, buf147, buf150, buf152, buf153, buf156, buf158, buf159, buf162, buf164, buf165, buf168, buf171, buf175, buf176, buf179, buf181, buf182, buf185, buf187, buf188, buf191, buf193, buf194, buf197, buf200, buf202, buf203, buf206, buf208, buf209, buf212, buf214, buf215, buf218, buf220, buf221, buf224, buf227, buf229, buf230, buf233, buf235, buf236, buf239, buf241, buf242, buf245, buf247, buf248, buf251, buf254, buf258, buf259, buf262, buf264, buf265, buf268, buf270, buf271, buf274, buf276, buf277, buf280, buf283, buf287, buf288, buf291, buf293, buf294, buf297, buf299, buf300, buf303, buf305, buf306, buf309, buf312, buf314, buf315, buf318, buf320, buf321, buf324, buf326, buf327, buf330, buf332, buf333, buf336, buf339, buf341, buf342, buf345, buf347, buf348, buf351, buf353, buf354, buf357, buf359, buf360, buf363, buf366, buf370, buf371, buf374, buf376, buf377, buf380, buf382, buf383, buf386, buf388, buf389, buf392, buf395, buf399, buf400, buf403, buf405, buf406, buf409, buf411, buf412, buf415, buf417, buf418, buf421, buf424, buf426, buf427, buf430, buf432, buf433, buf436, buf438, buf439, buf442, buf444, buf445, buf448, buf451, buf453, buf454, buf457, buf459, buf460, buf463, buf465, buf466, buf469, buf471, buf472, buf475, buf478, buf482, buf483, buf486, buf488, buf489, buf492, buf494, buf495, buf498, buf500, buf501, buf504, buf507, buf511, buf512, buf515, buf517, buf518, buf521, buf523, buf524, buf527, buf529, buf530, buf533, buf536, buf538, buf539, buf542, buf544, buf545, buf548, buf550, buf551, buf554, buf556, buf557, buf560, buf563, buf565, buf566, buf569, buf571, buf572, buf575, buf577, buf578, buf581, buf583, buf584, buf587, buf590, buf594, buf595, buf598, buf600, buf601, buf604, buf606, buf607, buf610, buf612, buf613, buf616, buf619, buf623, buf624, buf627, buf629, buf630, buf633, buf635, buf636, buf639, buf641, buf642, buf645, buf648, buf650, buf651, buf654, buf656, buf657, buf660, buf662, buf663, buf666, buf668, buf669, buf672, buf675, buf677, buf678, buf681, buf683, buf684, buf687, buf689, buf690, buf693, buf695, buf696, buf699, buf702, buf706, buf707, buf710, buf712, buf713, buf716, buf718, buf719, buf722, buf724, buf725, buf728, buf731, buf735, buf736, buf739, buf741, buf742, buf745, buf747, buf748, buf751, buf753, buf754, buf757, buf760, buf762, buf763, buf766, buf768, buf769, buf772, buf774, buf775, buf778, buf780, buf781, buf784, buf787, buf789, buf790, buf793, buf795, buf796, buf799, buf801, buf802, buf805, buf807, buf808, buf811, buf814, buf818, buf819, buf822, buf824, buf825, buf828, buf830, buf831, buf834, buf836, buf837, buf840, buf843, buf847, buf848, buf851, buf853, buf854, buf857, buf859, buf860, buf863, buf865, buf866, buf869, buf872, buf874, buf875, buf878, buf880, buf881, buf884, buf886, buf887, buf890, buf892, buf893, buf896, buf898, buf899, buf901, buf903, buf904, buf905, buf906, buf908, buf911, buf933, buf936, buf958, buf961, buf912, buf937, buf962, buf915, buf917, buf940, buf942, buf965, buf967, buf918, buf943, buf968, buf921, buf923, buf946, buf948, buf971, buf973, buf924, buf949, buf974, buf927, buf929, buf952, buf954, buf977, buf979, buf930, buf955, buf980, buf983, buf986, buf987, buf990, buf992, buf993, buf996, buf998, buf999, buf1002, buf1004, buf1005, buf1008, buf1011, buf1033, buf1036, buf1012, buf1037, buf1015, buf1017, buf1040, buf1042, buf1018, buf1043, buf1021, buf1023, buf1046, buf1048, buf1024, buf1049, buf1027, buf1029, buf1052, buf1054, buf1030, buf1055, buf1058, buf1061, buf1062, buf1065, buf1067, buf1068, buf1071, buf1073, buf1074, buf1077, buf1079, buf1080, buf1083, buf1085, buf1086, buf1087, buf1090, buf1092, buf1094, buf1095, buf1096, buf1099, buf1101, buf1103, buf1104, buf1105, buf1106, buf1109, buf1110, buf1113, buf1114, buf1115, buf1118, buf1120, buf1121, buf1122, buf1123, buf1124, buf1125, buf1128, buf1129, buf1132, buf1133, buf1134, buf1137, buf1139, buf1140, buf1141, buf1144, buf1146, buf1148, buf1149, buf1150, buf1153, buf1155, buf1157, buf1158, buf1159, buf1162, buf1164, buf1166, buf1167, buf1170, buf1171, buf1173, buf3823, buf6470, buf9117, buf11764, buf14411, buf17058, buf19705, buf1172, buf1175, buf1176, buf1181, buf1183, buf1185, buf1186, buf1187, buf1190, buf1192, buf1194, buf1195, buf1196, buf1199, buf1201, buf1203, buf1204, buf1205, buf1206, buf1209, buf1211, buf1213, buf1214, buf1215, buf1216, buf1219, buf1220, buf1226, buf1228, buf1230, buf1231, buf1232, buf1235, buf1237, buf1240, buf1241, buf1242, buf1244, buf1246, buf1249, buf1250, buf1251, buf1253, buf1255, buf1258, buf1259, buf1260, buf1262, buf1264, buf1267, buf1268, buf1269, buf1271, buf1273, buf1276, buf1277, buf1278, buf1280, buf1282, buf1285, buf1286, buf1287, buf1289, buf1291, buf1294, buf1295, buf1296, buf1298, buf1300, buf1301, buf1302, buf1303, buf1306, buf1311, buf1312, buf1313, buf1308, buf1314, buf1316, buf1318, buf1320, buf1321, buf1322, buf1324, buf1326, buf1328, buf1329, buf1330, buf1332, buf1334, buf1336, buf1337, buf1338, buf1340, buf1342, buf1344, buf1345, buf1346, buf1348, buf1350, buf1352, buf1353, buf1354, buf1356, buf1358, buf1359, buf1360, buf1361, buf1364, buf1366, buf1367, buf1368, buf1370, buf1372, buf1374, buf1375, buf1376, buf1378, buf1380, buf1382, buf1383, buf1384, buf1386, buf1388, buf1390, buf1391, buf1392, buf1394, buf1396, buf1398, buf1399, buf1400, buf1402, buf1404, buf1406, buf1407, buf1408, buf1410, buf1412, buf1413, buf1414, buf1415, buf1418, buf1420, buf1421, buf1422, buf1424, buf1426, buf1428, buf1429, buf1430, buf1432, buf1434, buf1436, buf1437, buf1438, buf1440, buf1442, buf1444, buf1445, buf1446, buf1448, buf1450, buf1452, buf1453, buf1454, buf1456, buf1458, buf1460, buf1461, buf1462, buf1464, buf1466, buf1468, buf1469, buf1470, buf1472, buf1474, buf1477, buf1479, buf1481, buf1482, buf1483, buf1486, buf1488, buf1490, buf1491, buf1492, buf1495, buf1497, buf1499, buf1500, buf1501, buf1502, buf1505, buf1507, buf1509, buf1510, buf1511, buf1512, buf1515, buf1516, buf1522, buf1524, buf1526, buf1527, buf1528, buf1531, buf1533, buf1536, buf1537, buf1538, buf1540, buf1542, buf1545, buf1546, buf1547, buf1549, buf1551, buf1554, buf1555, buf1556, buf1558, buf1560, buf1563, buf1564, buf1565, buf1567, buf1569, buf1572, buf1573, buf1574, buf1576, buf1578, buf1581, buf1582, buf1583, buf1585, buf1587, buf1590, buf1591, buf1592, buf1594, buf1596, buf1597, buf1598, buf1601, buf1606, buf1607, buf1608, buf1603, buf1609, buf1611, buf1613, buf1615, buf1616, buf1617, buf1619, buf1621, buf1623, buf1624, buf1625, buf1627, buf1629, buf1631, buf1632, buf1633, buf1635, buf1637, buf1639, buf1640, buf1641, buf1643, buf1645, buf1647, buf1648, buf1649, buf1651, buf1653, buf1654, buf1655, buf1658, buf1660, buf1661, buf1662, buf1664, buf1666, buf1668, buf1669, buf1670, buf1672, buf1674, buf1676, buf1677, buf1678, buf1680, buf1682, buf1684, buf1685, buf1686, buf1688, buf1690, buf1692, buf1693, buf1694, buf1696, buf1698, buf1700, buf1701, buf1702, buf1704, buf1706, buf1707, buf1708, buf1711, buf1713, buf1714, buf1715, buf1717, buf1719, buf1721, buf1722, buf1723, buf1725, buf1727, buf1729, buf1730, buf1731, buf1733, buf1735, buf1737, buf1738, buf1739, buf1741, buf1743, buf1745, buf1746, buf1747, buf1749, buf1751, buf1753, buf1754, buf1755, buf1757, buf1759, buf1761, buf1762, buf1763, buf1765, buf1767, buf1770, buf1772, buf1774, buf1775, buf1776, buf1779, buf1781, buf1783, buf1784, buf1785, buf1788, buf1790, buf1792, buf1793, buf1794, buf1795, buf1798, buf1800, buf1802, buf1803, buf1804, buf1805, buf1808, buf1809, buf1815, buf1817, buf1819, buf1820, buf1821, buf1824, buf1826, buf1829, buf1830, buf1831, buf1833, buf1835, buf1838, buf1839, buf1840, buf1842, buf1844, buf1847, buf1848, buf1849, buf1851, buf1853, buf1856, buf1857, buf1858, buf1860, buf1862, buf1865, buf1866, buf1867, buf1869, buf1871, buf1874, buf1875, buf1876, buf1878, buf1880, buf1883, buf1884, buf1885, buf1887, buf1889, buf1890, buf1891, buf1894, buf1899, buf1900, buf1901, buf1896, buf1902, buf1904, buf1906, buf1908, buf1909, buf1910, buf1912, buf1914, buf1916, buf1917, buf1918, buf1920, buf1922, buf1924, buf1925, buf1926, buf1928, buf1930, buf1932, buf1933, buf1934, buf1936, buf1938, buf1940, buf1941, buf1942, buf1944, buf1946, buf1947, buf1948, buf1951, buf1953, buf1954, buf1955, buf1957, buf1959, buf1961, buf1962, buf1963, buf1965, buf1967, buf1969, buf1970, buf1971, buf1973, buf1975, buf1977, buf1978, buf1979, buf1981, buf1983, buf1985, buf1986, buf1987, buf1989, buf1991, buf1993, buf1994, buf1995, buf1997, buf1999, buf2000, buf2001, buf2004, buf2006, buf2007, buf2008, buf2010, buf2012, buf2014, buf2015, buf2016, buf2018, buf2020, buf2022, buf2023, buf2024, buf2026, buf2028, buf2030, buf2031, buf2032, buf2034, buf2036, buf2038, buf2039, buf2040, buf2042, buf2044, buf2046, buf2047, buf2048, buf2050, buf2052, buf2054, buf2055, buf2056, buf2058, buf2061, buf2064, buf2066, buf2068, buf2069, buf2070, buf2073, buf2075, buf2077, buf2078, buf2079, buf2082, buf2084, buf2086, buf2087, buf2088, buf2089, buf2092, buf2094, buf2096, buf2097, buf2098, buf2099, buf2102, buf2103, buf2109, buf2111, buf2113, buf2114, buf2115, buf2118, buf2120, buf2123, buf2124, buf2125, buf2127, buf2129, buf2132, buf2133, buf2134, buf2136, buf2138, buf2141, buf2142, buf2143, buf2145, buf2147, buf2150, buf2151, buf2152, buf2154, buf2156, buf2159, buf2160, buf2161, buf2163, buf2165, buf2168, buf2169, buf2170, buf2172, buf2174, buf2177, buf2178, buf2179, buf2181, buf2183, buf2184, buf2185, buf2188, buf2193, buf2194, buf2195, buf2190, buf2196, buf2198, buf2200, buf2202, buf2203, buf2204, buf2206, buf2208, buf2210, buf2211, buf2212, buf2214, buf2216, buf2218, buf2219, buf2220, buf2222, buf2224, buf2226, buf2227, buf2228, buf2230, buf2232, buf2234, buf2235, buf2236, buf2238, buf2240, buf2241, buf2242, buf2245, buf2247, buf2248, buf2249, buf2251, buf2253, buf2255, buf2256, buf2257, buf2259, buf2261, buf2263, buf2264, buf2265, buf2267, buf2269, buf2271, buf2272, buf2273, buf2275, buf2277, buf2279, buf2280, buf2281, buf2283, buf2285, buf2287, buf2288, buf2289, buf2291, buf2293, buf2294, buf2295, buf2298, buf2300, buf2301, buf2302, buf2304, buf2306, buf2308, buf2309, buf2310, buf2312, buf2314, buf2316, buf2317, buf2318, buf2320, buf2322, buf2324, buf2325, buf2326, buf2328, buf2330, buf2332, buf2333, buf2334, buf2336, buf2338, buf2340, buf2341, buf2342, buf2344, buf2346, buf2348, buf2349, buf2350, buf2352, buf2354, buf2357, buf2359, buf2361, buf2362, buf2363, buf2366, buf2368, buf2370, buf2371, buf2372, buf2375, buf2377, buf2379, buf2380, buf2381, buf2382, buf2385, buf2387, buf2389, buf2390, buf2391, buf2392, buf2395, buf2396, buf2402, buf2404, buf2406, buf2407, buf2408, buf2411, buf2413, buf2416, buf2417, buf2418, buf2420, buf2422, buf2425, buf2426, buf2427, buf2429, buf2431, buf2434, buf2435, buf2436, buf2438, buf2440, buf2443, buf2444, buf2445, buf2447, buf2449, buf2452, buf2453, buf2454, buf2456, buf2458, buf2461, buf2462, buf2463, buf2465, buf2467, buf2470, buf2471, buf2472, buf2474, buf2476, buf2477, buf2478, buf2481, buf2486, buf2487, buf2488, buf2483, buf2489, buf2491, buf2493, buf2495, buf2496, buf2497, buf2499, buf2501, buf2503, buf2504, buf2505, buf2507, buf2509, buf2511, buf2512, buf2513, buf2515, buf2517, buf2519, buf2520, buf2521, buf2523, buf2525, buf2527, buf2528, buf2529, buf2531, buf2533, buf2534, buf2535, buf2538, buf2540, buf2541, buf2542, buf2544, buf2546, buf2548, buf2549, buf2550, buf2552, buf2554, buf2556, buf2557, buf2558, buf2560, buf2562, buf2564, buf2565, buf2566, buf2568, buf2570, buf2572, buf2573, buf2574, buf2576, buf2578, buf2580, buf2581, buf2582, buf2584, buf2586, buf2587, buf2588, buf2591, buf2593, buf2594, buf2595, buf2597, buf2599, buf2601, buf2602, buf2603, buf2605, buf2607, buf2609, buf2610, buf2611, buf2613, buf2615, buf2617, buf2618, buf2619, buf2621, buf2623, buf2625, buf2626, buf2627, buf2629, buf2631, buf2633, buf2634, buf2635, buf2637, buf2639, buf2641, buf2642, buf2643, buf2645, buf2648, buf2651, buf2653, buf2655, buf2656, buf2657, buf2660, buf2662, buf2664, buf2665, buf2666, buf2669, buf2671, buf2673, buf2674, buf2675, buf2676, buf2679, buf2681, buf2683, buf2684, buf2685, buf2686, buf2689, buf2690, buf2696, buf2698, buf2700, buf2701, buf2702, buf2705, buf2707, buf2710, buf2711, buf2712, buf2714, buf2716, buf2719, buf2720, buf2721, buf2723, buf2725, buf2728, buf2729, buf2730, buf2732, buf2734, buf2737, buf2738, buf2739, buf2741, buf2743, buf2746, buf2747, buf2748, buf2750, buf2752, buf2755, buf2756, buf2757, buf2759, buf2761, buf2764, buf2765, buf2766, buf2768, buf2770, buf2771, buf2772, buf2775, buf2780, buf2781, buf2782, buf2777, buf2783, buf2785, buf2787, buf2789, buf2790, buf2791, buf2793, buf2795, buf2797, buf2798, buf2799, buf2801, buf2803, buf2805, buf2806, buf2807, buf2809, buf2811, buf2813, buf2814, buf2815, buf2817, buf2819, buf2821, buf2822, buf2823, buf2825, buf2827, buf2828, buf2829, buf2832, buf2834, buf2835, buf2836, buf2838, buf2840, buf2842, buf2843, buf2844, buf2846, buf2848, buf2850, buf2851, buf2852, buf2854, buf2856, buf2858, buf2859, buf2860, buf2862, buf2864, buf2866, buf2867, buf2868, buf2870, buf2872, buf2874, buf2875, buf2876, buf2878, buf2880, buf2881, buf2882, buf2885, buf2887, buf2888, buf2889, buf2891, buf2893, buf2895, buf2896, buf2897, buf2899, buf2901, buf2903, buf2904, buf2905, buf2907, buf2909, buf2911, buf2912, buf2913, buf2915, buf2917, buf2919, buf2920, buf2921, buf2923, buf2925, buf2927, buf2928, buf2929, buf2931, buf2933, buf2935, buf2936, buf2937, buf2939, buf2941, buf2944, buf2946, buf2948, buf2949, buf2950, buf2953, buf2955, buf2957, buf2958, buf2959, buf2962, buf2964, buf2966, buf2967, buf2968, buf2969, buf2972, buf2974, buf2976, buf2977, buf2978, buf2979, buf2982, buf2983, buf2989, buf2991, buf2993, buf2994, buf2995, buf2998, buf3000, buf3003, buf3004, buf3005, buf3007, buf3009, buf3012, buf3013, buf3014, buf3016, buf3018, buf3021, buf3022, buf3023, buf3025, buf3027, buf3030, buf3031, buf3032, buf3034, buf3036, buf3039, buf3040, buf3041, buf3043, buf3045, buf3048, buf3049, buf3050, buf3052, buf3054, buf3057, buf3058, buf3059, buf3061, buf3063, buf3064, buf3065, buf3068, buf3073, buf3074, buf3075, buf3070, buf3076, buf3078, buf3080, buf3082, buf3083, buf3084, buf3086, buf3088, buf3090, buf3091, buf3092, buf3094, buf3096, buf3098, buf3099, buf3100, buf3102, buf3104, buf3106, buf3107, buf3108, buf3110, buf3112, buf3114, buf3115, buf3116, buf3118, buf3120, buf3121, buf3122, buf3125, buf3127, buf3128, buf3129, buf3131, buf3133, buf3135, buf3136, buf3137, buf3139, buf3141, buf3143, buf3144, buf3145, buf3147, buf3149, buf3151, buf3152, buf3153, buf3155, buf3157, buf3159, buf3160, buf3161, buf3163, buf3165, buf3167, buf3168, buf3169, buf3171, buf3173, buf3174, buf3175, buf3178, buf3180, buf3181, buf3182, buf3184, buf3186, buf3188, buf3189, buf3190, buf3192, buf3194, buf3196, buf3197, buf3198, buf3200, buf3202, buf3204, buf3205, buf3206, buf3208, buf3210, buf3212, buf3213, buf3214, buf3216, buf3218, buf3220, buf3221, buf3222, buf3224, buf3226, buf3228, buf3229, buf3230, buf3232, buf3235, buf3238, buf3240, buf3242, buf3243, buf3244, buf3247, buf3249, buf3251, buf3252, buf3253, buf3256, buf3258, buf3260, buf3261, buf3262, buf3263, buf3266, buf3268, buf3270, buf3271, buf3272, buf3273, buf3276, buf3277, buf3283, buf3285, buf3287, buf3288, buf3289, buf3292, buf3294, buf3297, buf3298, buf3299, buf3301, buf3303, buf3306, buf3307, buf3308, buf3310, buf3312, buf3315, buf3316, buf3317, buf3319, buf3321, buf3324, buf3325, buf3326, buf3328, buf3330, buf3333, buf3334, buf3335, buf3337, buf3339, buf3342, buf3343, buf3344, buf3346, buf3348, buf3351, buf3352, buf3353, buf3355, buf3357, buf3358, buf3359, buf3362, buf3367, buf3368, buf3369, buf3364, buf3370, buf3372, buf3374, buf3376, buf3377, buf3378, buf3380, buf3382, buf3384, buf3385, buf3386, buf3388, buf3390, buf3392, buf3393, buf3394, buf3396, buf3398, buf3400, buf3401, buf3402, buf3404, buf3406, buf3408, buf3409, buf3410, buf3412, buf3414, buf3415, buf3416, buf3419, buf3421, buf3422, buf3423, buf3425, buf3427, buf3429, buf3430, buf3431, buf3433, buf3435, buf3437, buf3438, buf3439, buf3441, buf3443, buf3445, buf3446, buf3447, buf3449, buf3451, buf3453, buf3454, buf3455, buf3457, buf3459, buf3461, buf3462, buf3463, buf3465, buf3467, buf3468, buf3469, buf3472, buf3474, buf3475, buf3476, buf3478, buf3480, buf3482, buf3483, buf3484, buf3486, buf3488, buf3490, buf3491, buf3492, buf3494, buf3496, buf3498, buf3499, buf3500, buf3502, buf3504, buf3506, buf3507, buf3508, buf3510, buf3512, buf3514, buf3515, buf3516, buf3518, buf3520, buf3522, buf3523, buf3524, buf3526, buf3528, buf3531, buf3533, buf3535, buf3536, buf3537, buf3540, buf3542, buf3544, buf3545, buf3546, buf3549, buf3551, buf3553, buf3554, buf3555, buf3556, buf3559, buf3561, buf3563, buf3564, buf3565, buf3566, buf3569, buf3570, buf3576, buf3578, buf3580, buf3581, buf3582, buf3585, buf3587, buf3590, buf3591, buf3592, buf3594, buf3596, buf3599, buf3600, buf3601, buf3603, buf3605, buf3608, buf3609, buf3610, buf3612, buf3614, buf3617, buf3618, buf3619, buf3621, buf3623, buf3626, buf3627, buf3628, buf3630, buf3632, buf3635, buf3636, buf3637, buf3639, buf3641, buf3644, buf3645, buf3646, buf3648, buf3650, buf3651, buf3652, buf3655, buf3660, buf3661, buf3662, buf3657, buf3663, buf3665, buf3667, buf3669, buf3670, buf3671, buf3673, buf3675, buf3677, buf3678, buf3679, buf3681, buf3683, buf3685, buf3686, buf3687, buf3689, buf3691, buf3693, buf3694, buf3695, buf3697, buf3699, buf3701, buf3702, buf3703, buf3705, buf3707, buf3708, buf3709, buf3712, buf3714, buf3715, buf3716, buf3718, buf3720, buf3722, buf3723, buf3724, buf3726, buf3728, buf3730, buf3731, buf3732, buf3734, buf3736, buf3738, buf3739, buf3740, buf3742, buf3744, buf3746, buf3747, buf3748, buf3750, buf3752, buf3754, buf3755, buf3756, buf3758, buf3760, buf3761, buf3762, buf3765, buf3767, buf3768, buf3769, buf3771, buf3773, buf3775, buf3776, buf3777, buf3779, buf3781, buf3783, buf3784, buf3785, buf3787, buf3789, buf3791, buf3792, buf3793, buf3795, buf3797, buf3799, buf3800, buf3801, buf3803, buf3805, buf3807, buf3808, buf3809, buf3811, buf3813, buf3815, buf3816, buf3817, buf3819, buf3822, buf3825, buf3826, buf3831, buf3833, buf3835, buf3836, buf3837, buf3840, buf3842, buf3844, buf3845, buf3846, buf3849, buf3851, buf3853, buf3854, buf3855, buf3856, buf3859, buf3861, buf3863, buf3864, buf3865, buf3866, buf3869, buf3870, buf3876, buf3878, buf3880, buf3881, buf3882, buf3885, buf3887, buf3890, buf3891, buf3892, buf3894, buf3896, buf3899, buf3900, buf3901, buf3903, buf3905, buf3908, buf3909, buf3910, buf3912, buf3914, buf3917, buf3918, buf3919, buf3921, buf3923, buf3926, buf3927, buf3928, buf3930, buf3932, buf3935, buf3936, buf3937, buf3939, buf3941, buf3944, buf3945, buf3946, buf3948, buf3950, buf3951, buf3952, buf3955, buf3960, buf3961, buf3962, buf3957, buf3963, buf3965, buf3967, buf3969, buf3970, buf3971, buf3973, buf3975, buf3977, buf3978, buf3979, buf3981, buf3983, buf3985, buf3986, buf3987, buf3989, buf3991, buf3993, buf3994, buf3995, buf3997, buf3999, buf4001, buf4002, buf4003, buf4005, buf4007, buf4008, buf4009, buf4012, buf4014, buf4015, buf4016, buf4018, buf4020, buf4022, buf4023, buf4024, buf4026, buf4028, buf4030, buf4031, buf4032, buf4034, buf4036, buf4038, buf4039, buf4040, buf4042, buf4044, buf4046, buf4047, buf4048, buf4050, buf4052, buf4054, buf4055, buf4056, buf4058, buf4060, buf4061, buf4062, buf4065, buf4067, buf4068, buf4069, buf4071, buf4073, buf4075, buf4076, buf4077, buf4079, buf4081, buf4083, buf4084, buf4085, buf4087, buf4089, buf4091, buf4092, buf4093, buf4095, buf4097, buf4099, buf4100, buf4101, buf4103, buf4105, buf4107, buf4108, buf4109, buf4111, buf4113, buf4115, buf4116, buf4117, buf4119, buf4121, buf4124, buf4126, buf4128, buf4129, buf4130, buf4133, buf4135, buf4137, buf4138, buf4139, buf4142, buf4144, buf4146, buf4147, buf4148, buf4149, buf4152, buf4154, buf4156, buf4157, buf4158, buf4159, buf4162, buf4163, buf4169, buf4171, buf4173, buf4174, buf4175, buf4178, buf4180, buf4183, buf4184, buf4185, buf4187, buf4189, buf4192, buf4193, buf4194, buf4196, buf4198, buf4201, buf4202, buf4203, buf4205, buf4207, buf4210, buf4211, buf4212, buf4214, buf4216, buf4219, buf4220, buf4221, buf4223, buf4225, buf4228, buf4229, buf4230, buf4232, buf4234, buf4237, buf4238, buf4239, buf4241, buf4243, buf4244, buf4245, buf4248, buf4253, buf4254, buf4255, buf4250, buf4256, buf4258, buf4260, buf4262, buf4263, buf4264, buf4266, buf4268, buf4270, buf4271, buf4272, buf4274, buf4276, buf4278, buf4279, buf4280, buf4282, buf4284, buf4286, buf4287, buf4288, buf4290, buf4292, buf4294, buf4295, buf4296, buf4298, buf4300, buf4301, buf4302, buf4305, buf4307, buf4308, buf4309, buf4311, buf4313, buf4315, buf4316, buf4317, buf4319, buf4321, buf4323, buf4324, buf4325, buf4327, buf4329, buf4331, buf4332, buf4333, buf4335, buf4337, buf4339, buf4340, buf4341, buf4343, buf4345, buf4347, buf4348, buf4349, buf4351, buf4353, buf4354, buf4355, buf4358, buf4360, buf4361, buf4362, buf4364, buf4366, buf4368, buf4369, buf4370, buf4372, buf4374, buf4376, buf4377, buf4378, buf4380, buf4382, buf4384, buf4385, buf4386, buf4388, buf4390, buf4392, buf4393, buf4394, buf4396, buf4398, buf4400, buf4401, buf4402, buf4404, buf4406, buf4408, buf4409, buf4410, buf4412, buf4414, buf4417, buf4419, buf4421, buf4422, buf4423, buf4426, buf4428, buf4430, buf4431, buf4432, buf4435, buf4437, buf4439, buf4440, buf4441, buf4442, buf4445, buf4447, buf4449, buf4450, buf4451, buf4452, buf4455, buf4456, buf4462, buf4464, buf4466, buf4467, buf4468, buf4471, buf4473, buf4476, buf4477, buf4478, buf4480, buf4482, buf4485, buf4486, buf4487, buf4489, buf4491, buf4494, buf4495, buf4496, buf4498, buf4500, buf4503, buf4504, buf4505, buf4507, buf4509, buf4512, buf4513, buf4514, buf4516, buf4518, buf4521, buf4522, buf4523, buf4525, buf4527, buf4530, buf4531, buf4532, buf4534, buf4536, buf4537, buf4538, buf4541, buf4546, buf4547, buf4548, buf4543, buf4549, buf4551, buf4553, buf4555, buf4556, buf4557, buf4559, buf4561, buf4563, buf4564, buf4565, buf4567, buf4569, buf4571, buf4572, buf4573, buf4575, buf4577, buf4579, buf4580, buf4581, buf4583, buf4585, buf4587, buf4588, buf4589, buf4591, buf4593, buf4594, buf4595, buf4598, buf4600, buf4601, buf4602, buf4604, buf4606, buf4608, buf4609, buf4610, buf4612, buf4614, buf4616, buf4617, buf4618, buf4620, buf4622, buf4624, buf4625, buf4626, buf4628, buf4630, buf4632, buf4633, buf4634, buf4636, buf4638, buf4640, buf4641, buf4642, buf4644, buf4646, buf4647, buf4648, buf4651, buf4653, buf4654, buf4655, buf4657, buf4659, buf4661, buf4662, buf4663, buf4665, buf4667, buf4669, buf4670, buf4671, buf4673, buf4675, buf4677, buf4678, buf4679, buf4681, buf4683, buf4685, buf4686, buf4687, buf4689, buf4691, buf4693, buf4694, buf4695, buf4697, buf4699, buf4701, buf4702, buf4703, buf4705, buf4708, buf4711, buf4713, buf4715, buf4716, buf4717, buf4720, buf4722, buf4724, buf4725, buf4726, buf4729, buf4731, buf4733, buf4734, buf4735, buf4736, buf4739, buf4741, buf4743, buf4744, buf4745, buf4746, buf4749, buf4750, buf4756, buf4758, buf4760, buf4761, buf4762, buf4765, buf4767, buf4770, buf4771, buf4772, buf4774, buf4776, buf4779, buf4780, buf4781, buf4783, buf4785, buf4788, buf4789, buf4790, buf4792, buf4794, buf4797, buf4798, buf4799, buf4801, buf4803, buf4806, buf4807, buf4808, buf4810, buf4812, buf4815, buf4816, buf4817, buf4819, buf4821, buf4824, buf4825, buf4826, buf4828, buf4830, buf4831, buf4832, buf4835, buf4840, buf4841, buf4842, buf4837, buf4843, buf4845, buf4847, buf4849, buf4850, buf4851, buf4853, buf4855, buf4857, buf4858, buf4859, buf4861, buf4863, buf4865, buf4866, buf4867, buf4869, buf4871, buf4873, buf4874, buf4875, buf4877, buf4879, buf4881, buf4882, buf4883, buf4885, buf4887, buf4888, buf4889, buf4892, buf4894, buf4895, buf4896, buf4898, buf4900, buf4902, buf4903, buf4904, buf4906, buf4908, buf4910, buf4911, buf4912, buf4914, buf4916, buf4918, buf4919, buf4920, buf4922, buf4924, buf4926, buf4927, buf4928, buf4930, buf4932, buf4934, buf4935, buf4936, buf4938, buf4940, buf4941, buf4942, buf4945, buf4947, buf4948, buf4949, buf4951, buf4953, buf4955, buf4956, buf4957, buf4959, buf4961, buf4963, buf4964, buf4965, buf4967, buf4969, buf4971, buf4972, buf4973, buf4975, buf4977, buf4979, buf4980, buf4981, buf4983, buf4985, buf4987, buf4988, buf4989, buf4991, buf4993, buf4995, buf4996, buf4997, buf4999, buf5001, buf5004, buf5006, buf5008, buf5009, buf5010, buf5013, buf5015, buf5017, buf5018, buf5019, buf5022, buf5024, buf5026, buf5027, buf5028, buf5029, buf5032, buf5034, buf5036, buf5037, buf5038, buf5039, buf5042, buf5043, buf5049, buf5051, buf5053, buf5054, buf5055, buf5058, buf5060, buf5063, buf5064, buf5065, buf5067, buf5069, buf5072, buf5073, buf5074, buf5076, buf5078, buf5081, buf5082, buf5083, buf5085, buf5087, buf5090, buf5091, buf5092, buf5094, buf5096, buf5099, buf5100, buf5101, buf5103, buf5105, buf5108, buf5109, buf5110, buf5112, buf5114, buf5117, buf5118, buf5119, buf5121, buf5123, buf5124, buf5125, buf5128, buf5133, buf5134, buf5135, buf5130, buf5136, buf5138, buf5140, buf5142, buf5143, buf5144, buf5146, buf5148, buf5150, buf5151, buf5152, buf5154, buf5156, buf5158, buf5159, buf5160, buf5162, buf5164, buf5166, buf5167, buf5168, buf5170, buf5172, buf5174, buf5175, buf5176, buf5178, buf5180, buf5181, buf5182, buf5185, buf5187, buf5188, buf5189, buf5191, buf5193, buf5195, buf5196, buf5197, buf5199, buf5201, buf5203, buf5204, buf5205, buf5207, buf5209, buf5211, buf5212, buf5213, buf5215, buf5217, buf5219, buf5220, buf5221, buf5223, buf5225, buf5227, buf5228, buf5229, buf5231, buf5233, buf5234, buf5235, buf5238, buf5240, buf5241, buf5242, buf5244, buf5246, buf5248, buf5249, buf5250, buf5252, buf5254, buf5256, buf5257, buf5258, buf5260, buf5262, buf5264, buf5265, buf5266, buf5268, buf5270, buf5272, buf5273, buf5274, buf5276, buf5278, buf5280, buf5281, buf5282, buf5284, buf5286, buf5288, buf5289, buf5290, buf5292, buf5295, buf5298, buf5300, buf5302, buf5303, buf5304, buf5307, buf5309, buf5311, buf5312, buf5313, buf5316, buf5318, buf5320, buf5321, buf5322, buf5323, buf5326, buf5328, buf5330, buf5331, buf5332, buf5333, buf5336, buf5337, buf5343, buf5345, buf5347, buf5348, buf5349, buf5352, buf5354, buf5357, buf5358, buf5359, buf5361, buf5363, buf5366, buf5367, buf5368, buf5370, buf5372, buf5375, buf5376, buf5377, buf5379, buf5381, buf5384, buf5385, buf5386, buf5388, buf5390, buf5393, buf5394, buf5395, buf5397, buf5399, buf5402, buf5403, buf5404, buf5406, buf5408, buf5411, buf5412, buf5413, buf5415, buf5417, buf5418, buf5419, buf5422, buf5427, buf5428, buf5429, buf5424, buf5430, buf5432, buf5434, buf5436, buf5437, buf5438, buf5440, buf5442, buf5444, buf5445, buf5446, buf5448, buf5450, buf5452, buf5453, buf5454, buf5456, buf5458, buf5460, buf5461, buf5462, buf5464, buf5466, buf5468, buf5469, buf5470, buf5472, buf5474, buf5475, buf5476, buf5479, buf5481, buf5482, buf5483, buf5485, buf5487, buf5489, buf5490, buf5491, buf5493, buf5495, buf5497, buf5498, buf5499, buf5501, buf5503, buf5505, buf5506, buf5507, buf5509, buf5511, buf5513, buf5514, buf5515, buf5517, buf5519, buf5521, buf5522, buf5523, buf5525, buf5527, buf5528, buf5529, buf5532, buf5534, buf5535, buf5536, buf5538, buf5540, buf5542, buf5543, buf5544, buf5546, buf5548, buf5550, buf5551, buf5552, buf5554, buf5556, buf5558, buf5559, buf5560, buf5562, buf5564, buf5566, buf5567, buf5568, buf5570, buf5572, buf5574, buf5575, buf5576, buf5578, buf5580, buf5582, buf5583, buf5584, buf5586, buf5588, buf5591, buf5593, buf5595, buf5596, buf5597, buf5600, buf5602, buf5604, buf5605, buf5606, buf5609, buf5611, buf5613, buf5614, buf5615, buf5616, buf5619, buf5621, buf5623, buf5624, buf5625, buf5626, buf5629, buf5630, buf5636, buf5638, buf5640, buf5641, buf5642, buf5645, buf5647, buf5650, buf5651, buf5652, buf5654, buf5656, buf5659, buf5660, buf5661, buf5663, buf5665, buf5668, buf5669, buf5670, buf5672, buf5674, buf5677, buf5678, buf5679, buf5681, buf5683, buf5686, buf5687, buf5688, buf5690, buf5692, buf5695, buf5696, buf5697, buf5699, buf5701, buf5704, buf5705, buf5706, buf5708, buf5710, buf5711, buf5712, buf5715, buf5720, buf5721, buf5722, buf5717, buf5723, buf5725, buf5727, buf5729, buf5730, buf5731, buf5733, buf5735, buf5737, buf5738, buf5739, buf5741, buf5743, buf5745, buf5746, buf5747, buf5749, buf5751, buf5753, buf5754, buf5755, buf5757, buf5759, buf5761, buf5762, buf5763, buf5765, buf5767, buf5768, buf5769, buf5772, buf5774, buf5775, buf5776, buf5778, buf5780, buf5782, buf5783, buf5784, buf5786, buf5788, buf5790, buf5791, buf5792, buf5794, buf5796, buf5798, buf5799, buf5800, buf5802, buf5804, buf5806, buf5807, buf5808, buf5810, buf5812, buf5814, buf5815, buf5816, buf5818, buf5820, buf5821, buf5822, buf5825, buf5827, buf5828, buf5829, buf5831, buf5833, buf5835, buf5836, buf5837, buf5839, buf5841, buf5843, buf5844, buf5845, buf5847, buf5849, buf5851, buf5852, buf5853, buf5855, buf5857, buf5859, buf5860, buf5861, buf5863, buf5865, buf5867, buf5868, buf5869, buf5871, buf5873, buf5875, buf5876, buf5877, buf5879, buf5882, buf5885, buf5887, buf5889, buf5890, buf5891, buf5894, buf5896, buf5898, buf5899, buf5900, buf5903, buf5905, buf5907, buf5908, buf5909, buf5910, buf5913, buf5915, buf5917, buf5918, buf5919, buf5920, buf5923, buf5924, buf5930, buf5932, buf5934, buf5935, buf5936, buf5939, buf5941, buf5944, buf5945, buf5946, buf5948, buf5950, buf5953, buf5954, buf5955, buf5957, buf5959, buf5962, buf5963, buf5964, buf5966, buf5968, buf5971, buf5972, buf5973, buf5975, buf5977, buf5980, buf5981, buf5982, buf5984, buf5986, buf5989, buf5990, buf5991, buf5993, buf5995, buf5998, buf5999, buf6000, buf6002, buf6004, buf6005, buf6006, buf6009, buf6014, buf6015, buf6016, buf6011, buf6017, buf6019, buf6021, buf6023, buf6024, buf6025, buf6027, buf6029, buf6031, buf6032, buf6033, buf6035, buf6037, buf6039, buf6040, buf6041, buf6043, buf6045, buf6047, buf6048, buf6049, buf6051, buf6053, buf6055, buf6056, buf6057, buf6059, buf6061, buf6062, buf6063, buf6066, buf6068, buf6069, buf6070, buf6072, buf6074, buf6076, buf6077, buf6078, buf6080, buf6082, buf6084, buf6085, buf6086, buf6088, buf6090, buf6092, buf6093, buf6094, buf6096, buf6098, buf6100, buf6101, buf6102, buf6104, buf6106, buf6108, buf6109, buf6110, buf6112, buf6114, buf6115, buf6116, buf6119, buf6121, buf6122, buf6123, buf6125, buf6127, buf6129, buf6130, buf6131, buf6133, buf6135, buf6137, buf6138, buf6139, buf6141, buf6143, buf6145, buf6146, buf6147, buf6149, buf6151, buf6153, buf6154, buf6155, buf6157, buf6159, buf6161, buf6162, buf6163, buf6165, buf6167, buf6169, buf6170, buf6171, buf6173, buf6175, buf6178, buf6180, buf6182, buf6183, buf6184, buf6187, buf6189, buf6191, buf6192, buf6193, buf6196, buf6198, buf6200, buf6201, buf6202, buf6203, buf6206, buf6208, buf6210, buf6211, buf6212, buf6213, buf6216, buf6217, buf6223, buf6225, buf6227, buf6228, buf6229, buf6232, buf6234, buf6237, buf6238, buf6239, buf6241, buf6243, buf6246, buf6247, buf6248, buf6250, buf6252, buf6255, buf6256, buf6257, buf6259, buf6261, buf6264, buf6265, buf6266, buf6268, buf6270, buf6273, buf6274, buf6275, buf6277, buf6279, buf6282, buf6283, buf6284, buf6286, buf6288, buf6291, buf6292, buf6293, buf6295, buf6297, buf6298, buf6299, buf6302, buf6307, buf6308, buf6309, buf6304, buf6310, buf6312, buf6314, buf6316, buf6317, buf6318, buf6320, buf6322, buf6324, buf6325, buf6326, buf6328, buf6330, buf6332, buf6333, buf6334, buf6336, buf6338, buf6340, buf6341, buf6342, buf6344, buf6346, buf6348, buf6349, buf6350, buf6352, buf6354, buf6355, buf6356, buf6359, buf6361, buf6362, buf6363, buf6365, buf6367, buf6369, buf6370, buf6371, buf6373, buf6375, buf6377, buf6378, buf6379, buf6381, buf6383, buf6385, buf6386, buf6387, buf6389, buf6391, buf6393, buf6394, buf6395, buf6397, buf6399, buf6401, buf6402, buf6403, buf6405, buf6407, buf6408, buf6409, buf6412, buf6414, buf6415, buf6416, buf6418, buf6420, buf6422, buf6423, buf6424, buf6426, buf6428, buf6430, buf6431, buf6432, buf6434, buf6436, buf6438, buf6439, buf6440, buf6442, buf6444, buf6446, buf6447, buf6448, buf6450, buf6452, buf6454, buf6455, buf6456, buf6458, buf6460, buf6462, buf6463, buf6464, buf6466, buf6469, buf6472, buf6473, buf6478, buf6480, buf6482, buf6483, buf6484, buf6487, buf6489, buf6491, buf6492, buf6493, buf6496, buf6498, buf6500, buf6501, buf6502, buf6503, buf6506, buf6508, buf6510, buf6511, buf6512, buf6513, buf6516, buf6517, buf6523, buf6525, buf6527, buf6528, buf6529, buf6532, buf6534, buf6537, buf6538, buf6539, buf6541, buf6543, buf6546, buf6547, buf6548, buf6550, buf6552, buf6555, buf6556, buf6557, buf6559, buf6561, buf6564, buf6565, buf6566, buf6568, buf6570, buf6573, buf6574, buf6575, buf6577, buf6579, buf6582, buf6583, buf6584, buf6586, buf6588, buf6591, buf6592, buf6593, buf6595, buf6597, buf6598, buf6599, buf6602, buf6607, buf6608, buf6609, buf6604, buf6610, buf6612, buf6614, buf6616, buf6617, buf6618, buf6620, buf6622, buf6624, buf6625, buf6626, buf6628, buf6630, buf6632, buf6633, buf6634, buf6636, buf6638, buf6640, buf6641, buf6642, buf6644, buf6646, buf6648, buf6649, buf6650, buf6652, buf6654, buf6655, buf6656, buf6659, buf6661, buf6662, buf6663, buf6665, buf6667, buf6669, buf6670, buf6671, buf6673, buf6675, buf6677, buf6678, buf6679, buf6681, buf6683, buf6685, buf6686, buf6687, buf6689, buf6691, buf6693, buf6694, buf6695, buf6697, buf6699, buf6701, buf6702, buf6703, buf6705, buf6707, buf6708, buf6709, buf6712, buf6714, buf6715, buf6716, buf6718, buf6720, buf6722, buf6723, buf6724, buf6726, buf6728, buf6730, buf6731, buf6732, buf6734, buf6736, buf6738, buf6739, buf6740, buf6742, buf6744, buf6746, buf6747, buf6748, buf6750, buf6752, buf6754, buf6755, buf6756, buf6758, buf6760, buf6762, buf6763, buf6764, buf6766, buf6768, buf6771, buf6773, buf6775, buf6776, buf6777, buf6780, buf6782, buf6784, buf6785, buf6786, buf6789, buf6791, buf6793, buf6794, buf6795, buf6796, buf6799, buf6801, buf6803, buf6804, buf6805, buf6806, buf6809, buf6810, buf6816, buf6818, buf6820, buf6821, buf6822, buf6825, buf6827, buf6830, buf6831, buf6832, buf6834, buf6836, buf6839, buf6840, buf6841, buf6843, buf6845, buf6848, buf6849, buf6850, buf6852, buf6854, buf6857, buf6858, buf6859, buf6861, buf6863, buf6866, buf6867, buf6868, buf6870, buf6872, buf6875, buf6876, buf6877, buf6879, buf6881, buf6884, buf6885, buf6886, buf6888, buf6890, buf6891, buf6892, buf6895, buf6900, buf6901, buf6902, buf6897, buf6903, buf6905, buf6907, buf6909, buf6910, buf6911, buf6913, buf6915, buf6917, buf6918, buf6919, buf6921, buf6923, buf6925, buf6926, buf6927, buf6929, buf6931, buf6933, buf6934, buf6935, buf6937, buf6939, buf6941, buf6942, buf6943, buf6945, buf6947, buf6948, buf6949, buf6952, buf6954, buf6955, buf6956, buf6958, buf6960, buf6962, buf6963, buf6964, buf6966, buf6968, buf6970, buf6971, buf6972, buf6974, buf6976, buf6978, buf6979, buf6980, buf6982, buf6984, buf6986, buf6987, buf6988, buf6990, buf6992, buf6994, buf6995, buf6996, buf6998, buf7000, buf7001, buf7002, buf7005, buf7007, buf7008, buf7009, buf7011, buf7013, buf7015, buf7016, buf7017, buf7019, buf7021, buf7023, buf7024, buf7025, buf7027, buf7029, buf7031, buf7032, buf7033, buf7035, buf7037, buf7039, buf7040, buf7041, buf7043, buf7045, buf7047, buf7048, buf7049, buf7051, buf7053, buf7055, buf7056, buf7057, buf7059, buf7061, buf7064, buf7066, buf7068, buf7069, buf7070, buf7073, buf7075, buf7077, buf7078, buf7079, buf7082, buf7084, buf7086, buf7087, buf7088, buf7089, buf7092, buf7094, buf7096, buf7097, buf7098, buf7099, buf7102, buf7103, buf7109, buf7111, buf7113, buf7114, buf7115, buf7118, buf7120, buf7123, buf7124, buf7125, buf7127, buf7129, buf7132, buf7133, buf7134, buf7136, buf7138, buf7141, buf7142, buf7143, buf7145, buf7147, buf7150, buf7151, buf7152, buf7154, buf7156, buf7159, buf7160, buf7161, buf7163, buf7165, buf7168, buf7169, buf7170, buf7172, buf7174, buf7177, buf7178, buf7179, buf7181, buf7183, buf7184, buf7185, buf7188, buf7193, buf7194, buf7195, buf7190, buf7196, buf7198, buf7200, buf7202, buf7203, buf7204, buf7206, buf7208, buf7210, buf7211, buf7212, buf7214, buf7216, buf7218, buf7219, buf7220, buf7222, buf7224, buf7226, buf7227, buf7228, buf7230, buf7232, buf7234, buf7235, buf7236, buf7238, buf7240, buf7241, buf7242, buf7245, buf7247, buf7248, buf7249, buf7251, buf7253, buf7255, buf7256, buf7257, buf7259, buf7261, buf7263, buf7264, buf7265, buf7267, buf7269, buf7271, buf7272, buf7273, buf7275, buf7277, buf7279, buf7280, buf7281, buf7283, buf7285, buf7287, buf7288, buf7289, buf7291, buf7293, buf7294, buf7295, buf7298, buf7300, buf7301, buf7302, buf7304, buf7306, buf7308, buf7309, buf7310, buf7312, buf7314, buf7316, buf7317, buf7318, buf7320, buf7322, buf7324, buf7325, buf7326, buf7328, buf7330, buf7332, buf7333, buf7334, buf7336, buf7338, buf7340, buf7341, buf7342, buf7344, buf7346, buf7348, buf7349, buf7350, buf7352, buf7355, buf7358, buf7360, buf7362, buf7363, buf7364, buf7367, buf7369, buf7371, buf7372, buf7373, buf7376, buf7378, buf7380, buf7381, buf7382, buf7383, buf7386, buf7388, buf7390, buf7391, buf7392, buf7393, buf7396, buf7397, buf7403, buf7405, buf7407, buf7408, buf7409, buf7412, buf7414, buf7417, buf7418, buf7419, buf7421, buf7423, buf7426, buf7427, buf7428, buf7430, buf7432, buf7435, buf7436, buf7437, buf7439, buf7441, buf7444, buf7445, buf7446, buf7448, buf7450, buf7453, buf7454, buf7455, buf7457, buf7459, buf7462, buf7463, buf7464, buf7466, buf7468, buf7471, buf7472, buf7473, buf7475, buf7477, buf7478, buf7479, buf7482, buf7487, buf7488, buf7489, buf7484, buf7490, buf7492, buf7494, buf7496, buf7497, buf7498, buf7500, buf7502, buf7504, buf7505, buf7506, buf7508, buf7510, buf7512, buf7513, buf7514, buf7516, buf7518, buf7520, buf7521, buf7522, buf7524, buf7526, buf7528, buf7529, buf7530, buf7532, buf7534, buf7535, buf7536, buf7539, buf7541, buf7542, buf7543, buf7545, buf7547, buf7549, buf7550, buf7551, buf7553, buf7555, buf7557, buf7558, buf7559, buf7561, buf7563, buf7565, buf7566, buf7567, buf7569, buf7571, buf7573, buf7574, buf7575, buf7577, buf7579, buf7581, buf7582, buf7583, buf7585, buf7587, buf7588, buf7589, buf7592, buf7594, buf7595, buf7596, buf7598, buf7600, buf7602, buf7603, buf7604, buf7606, buf7608, buf7610, buf7611, buf7612, buf7614, buf7616, buf7618, buf7619, buf7620, buf7622, buf7624, buf7626, buf7627, buf7628, buf7630, buf7632, buf7634, buf7635, buf7636, buf7638, buf7640, buf7642, buf7643, buf7644, buf7646, buf7648, buf7651, buf7653, buf7655, buf7656, buf7657, buf7660, buf7662, buf7664, buf7665, buf7666, buf7669, buf7671, buf7673, buf7674, buf7675, buf7676, buf7679, buf7681, buf7683, buf7684, buf7685, buf7686, buf7689, buf7690, buf7696, buf7698, buf7700, buf7701, buf7702, buf7705, buf7707, buf7710, buf7711, buf7712, buf7714, buf7716, buf7719, buf7720, buf7721, buf7723, buf7725, buf7728, buf7729, buf7730, buf7732, buf7734, buf7737, buf7738, buf7739, buf7741, buf7743, buf7746, buf7747, buf7748, buf7750, buf7752, buf7755, buf7756, buf7757, buf7759, buf7761, buf7764, buf7765, buf7766, buf7768, buf7770, buf7771, buf7772, buf7775, buf7780, buf7781, buf7782, buf7777, buf7783, buf7785, buf7787, buf7789, buf7790, buf7791, buf7793, buf7795, buf7797, buf7798, buf7799, buf7801, buf7803, buf7805, buf7806, buf7807, buf7809, buf7811, buf7813, buf7814, buf7815, buf7817, buf7819, buf7821, buf7822, buf7823, buf7825, buf7827, buf7828, buf7829, buf7832, buf7834, buf7835, buf7836, buf7838, buf7840, buf7842, buf7843, buf7844, buf7846, buf7848, buf7850, buf7851, buf7852, buf7854, buf7856, buf7858, buf7859, buf7860, buf7862, buf7864, buf7866, buf7867, buf7868, buf7870, buf7872, buf7874, buf7875, buf7876, buf7878, buf7880, buf7881, buf7882, buf7885, buf7887, buf7888, buf7889, buf7891, buf7893, buf7895, buf7896, buf7897, buf7899, buf7901, buf7903, buf7904, buf7905, buf7907, buf7909, buf7911, buf7912, buf7913, buf7915, buf7917, buf7919, buf7920, buf7921, buf7923, buf7925, buf7927, buf7928, buf7929, buf7931, buf7933, buf7935, buf7936, buf7937, buf7939, buf7942, buf7945, buf7947, buf7949, buf7950, buf7951, buf7954, buf7956, buf7958, buf7959, buf7960, buf7963, buf7965, buf7967, buf7968, buf7969, buf7970, buf7973, buf7975, buf7977, buf7978, buf7979, buf7980, buf7983, buf7984, buf7990, buf7992, buf7994, buf7995, buf7996, buf7999, buf8001, buf8004, buf8005, buf8006, buf8008, buf8010, buf8013, buf8014, buf8015, buf8017, buf8019, buf8022, buf8023, buf8024, buf8026, buf8028, buf8031, buf8032, buf8033, buf8035, buf8037, buf8040, buf8041, buf8042, buf8044, buf8046, buf8049, buf8050, buf8051, buf8053, buf8055, buf8058, buf8059, buf8060, buf8062, buf8064, buf8065, buf8066, buf8069, buf8074, buf8075, buf8076, buf8071, buf8077, buf8079, buf8081, buf8083, buf8084, buf8085, buf8087, buf8089, buf8091, buf8092, buf8093, buf8095, buf8097, buf8099, buf8100, buf8101, buf8103, buf8105, buf8107, buf8108, buf8109, buf8111, buf8113, buf8115, buf8116, buf8117, buf8119, buf8121, buf8122, buf8123, buf8126, buf8128, buf8129, buf8130, buf8132, buf8134, buf8136, buf8137, buf8138, buf8140, buf8142, buf8144, buf8145, buf8146, buf8148, buf8150, buf8152, buf8153, buf8154, buf8156, buf8158, buf8160, buf8161, buf8162, buf8164, buf8166, buf8168, buf8169, buf8170, buf8172, buf8174, buf8175, buf8176, buf8179, buf8181, buf8182, buf8183, buf8185, buf8187, buf8189, buf8190, buf8191, buf8193, buf8195, buf8197, buf8198, buf8199, buf8201, buf8203, buf8205, buf8206, buf8207, buf8209, buf8211, buf8213, buf8214, buf8215, buf8217, buf8219, buf8221, buf8222, buf8223, buf8225, buf8227, buf8229, buf8230, buf8231, buf8233, buf8235, buf8238, buf8240, buf8242, buf8243, buf8244, buf8247, buf8249, buf8251, buf8252, buf8253, buf8256, buf8258, buf8260, buf8261, buf8262, buf8263, buf8266, buf8268, buf8270, buf8271, buf8272, buf8273, buf8276, buf8277, buf8283, buf8285, buf8287, buf8288, buf8289, buf8292, buf8294, buf8297, buf8298, buf8299, buf8301, buf8303, buf8306, buf8307, buf8308, buf8310, buf8312, buf8315, buf8316, buf8317, buf8319, buf8321, buf8324, buf8325, buf8326, buf8328, buf8330, buf8333, buf8334, buf8335, buf8337, buf8339, buf8342, buf8343, buf8344, buf8346, buf8348, buf8351, buf8352, buf8353, buf8355, buf8357, buf8358, buf8359, buf8362, buf8367, buf8368, buf8369, buf8364, buf8370, buf8372, buf8374, buf8376, buf8377, buf8378, buf8380, buf8382, buf8384, buf8385, buf8386, buf8388, buf8390, buf8392, buf8393, buf8394, buf8396, buf8398, buf8400, buf8401, buf8402, buf8404, buf8406, buf8408, buf8409, buf8410, buf8412, buf8414, buf8415, buf8416, buf8419, buf8421, buf8422, buf8423, buf8425, buf8427, buf8429, buf8430, buf8431, buf8433, buf8435, buf8437, buf8438, buf8439, buf8441, buf8443, buf8445, buf8446, buf8447, buf8449, buf8451, buf8453, buf8454, buf8455, buf8457, buf8459, buf8461, buf8462, buf8463, buf8465, buf8467, buf8468, buf8469, buf8472, buf8474, buf8475, buf8476, buf8478, buf8480, buf8482, buf8483, buf8484, buf8486, buf8488, buf8490, buf8491, buf8492, buf8494, buf8496, buf8498, buf8499, buf8500, buf8502, buf8504, buf8506, buf8507, buf8508, buf8510, buf8512, buf8514, buf8515, buf8516, buf8518, buf8520, buf8522, buf8523, buf8524, buf8526, buf8529, buf8532, buf8534, buf8536, buf8537, buf8538, buf8541, buf8543, buf8545, buf8546, buf8547, buf8550, buf8552, buf8554, buf8555, buf8556, buf8557, buf8560, buf8562, buf8564, buf8565, buf8566, buf8567, buf8570, buf8571, buf8577, buf8579, buf8581, buf8582, buf8583, buf8586, buf8588, buf8591, buf8592, buf8593, buf8595, buf8597, buf8600, buf8601, buf8602, buf8604, buf8606, buf8609, buf8610, buf8611, buf8613, buf8615, buf8618, buf8619, buf8620, buf8622, buf8624, buf8627, buf8628, buf8629, buf8631, buf8633, buf8636, buf8637, buf8638, buf8640, buf8642, buf8645, buf8646, buf8647, buf8649, buf8651, buf8652, buf8653, buf8656, buf8661, buf8662, buf8663, buf8658, buf8664, buf8666, buf8668, buf8670, buf8671, buf8672, buf8674, buf8676, buf8678, buf8679, buf8680, buf8682, buf8684, buf8686, buf8687, buf8688, buf8690, buf8692, buf8694, buf8695, buf8696, buf8698, buf8700, buf8702, buf8703, buf8704, buf8706, buf8708, buf8709, buf8710, buf8713, buf8715, buf8716, buf8717, buf8719, buf8721, buf8723, buf8724, buf8725, buf8727, buf8729, buf8731, buf8732, buf8733, buf8735, buf8737, buf8739, buf8740, buf8741, buf8743, buf8745, buf8747, buf8748, buf8749, buf8751, buf8753, buf8755, buf8756, buf8757, buf8759, buf8761, buf8762, buf8763, buf8766, buf8768, buf8769, buf8770, buf8772, buf8774, buf8776, buf8777, buf8778, buf8780, buf8782, buf8784, buf8785, buf8786, buf8788, buf8790, buf8792, buf8793, buf8794, buf8796, buf8798, buf8800, buf8801, buf8802, buf8804, buf8806, buf8808, buf8809, buf8810, buf8812, buf8814, buf8816, buf8817, buf8818, buf8820, buf8822, buf8825, buf8827, buf8829, buf8830, buf8831, buf8834, buf8836, buf8838, buf8839, buf8840, buf8843, buf8845, buf8847, buf8848, buf8849, buf8850, buf8853, buf8855, buf8857, buf8858, buf8859, buf8860, buf8863, buf8864, buf8870, buf8872, buf8874, buf8875, buf8876, buf8879, buf8881, buf8884, buf8885, buf8886, buf8888, buf8890, buf8893, buf8894, buf8895, buf8897, buf8899, buf8902, buf8903, buf8904, buf8906, buf8908, buf8911, buf8912, buf8913, buf8915, buf8917, buf8920, buf8921, buf8922, buf8924, buf8926, buf8929, buf8930, buf8931, buf8933, buf8935, buf8938, buf8939, buf8940, buf8942, buf8944, buf8945, buf8946, buf8949, buf8954, buf8955, buf8956, buf8951, buf8957, buf8959, buf8961, buf8963, buf8964, buf8965, buf8967, buf8969, buf8971, buf8972, buf8973, buf8975, buf8977, buf8979, buf8980, buf8981, buf8983, buf8985, buf8987, buf8988, buf8989, buf8991, buf8993, buf8995, buf8996, buf8997, buf8999, buf9001, buf9002, buf9003, buf9006, buf9008, buf9009, buf9010, buf9012, buf9014, buf9016, buf9017, buf9018, buf9020, buf9022, buf9024, buf9025, buf9026, buf9028, buf9030, buf9032, buf9033, buf9034, buf9036, buf9038, buf9040, buf9041, buf9042, buf9044, buf9046, buf9048, buf9049, buf9050, buf9052, buf9054, buf9055, buf9056, buf9059, buf9061, buf9062, buf9063, buf9065, buf9067, buf9069, buf9070, buf9071, buf9073, buf9075, buf9077, buf9078, buf9079, buf9081, buf9083, buf9085, buf9086, buf9087, buf9089, buf9091, buf9093, buf9094, buf9095, buf9097, buf9099, buf9101, buf9102, buf9103, buf9105, buf9107, buf9109, buf9110, buf9111, buf9113, buf9116, buf9119, buf9120, buf9125, buf9127, buf9129, buf9130, buf9131, buf9134, buf9136, buf9138, buf9139, buf9140, buf9143, buf9145, buf9147, buf9148, buf9149, buf9150, buf9153, buf9155, buf9157, buf9158, buf9159, buf9160, buf9163, buf9164, buf9170, buf9172, buf9174, buf9175, buf9176, buf9179, buf9181, buf9184, buf9185, buf9186, buf9188, buf9190, buf9193, buf9194, buf9195, buf9197, buf9199, buf9202, buf9203, buf9204, buf9206, buf9208, buf9211, buf9212, buf9213, buf9215, buf9217, buf9220, buf9221, buf9222, buf9224, buf9226, buf9229, buf9230, buf9231, buf9233, buf9235, buf9238, buf9239, buf9240, buf9242, buf9244, buf9245, buf9246, buf9249, buf9254, buf9255, buf9256, buf9251, buf9257, buf9259, buf9261, buf9263, buf9264, buf9265, buf9267, buf9269, buf9271, buf9272, buf9273, buf9275, buf9277, buf9279, buf9280, buf9281, buf9283, buf9285, buf9287, buf9288, buf9289, buf9291, buf9293, buf9295, buf9296, buf9297, buf9299, buf9301, buf9302, buf9303, buf9306, buf9308, buf9309, buf9310, buf9312, buf9314, buf9316, buf9317, buf9318, buf9320, buf9322, buf9324, buf9325, buf9326, buf9328, buf9330, buf9332, buf9333, buf9334, buf9336, buf9338, buf9340, buf9341, buf9342, buf9344, buf9346, buf9348, buf9349, buf9350, buf9352, buf9354, buf9355, buf9356, buf9359, buf9361, buf9362, buf9363, buf9365, buf9367, buf9369, buf9370, buf9371, buf9373, buf9375, buf9377, buf9378, buf9379, buf9381, buf9383, buf9385, buf9386, buf9387, buf9389, buf9391, buf9393, buf9394, buf9395, buf9397, buf9399, buf9401, buf9402, buf9403, buf9405, buf9407, buf9409, buf9410, buf9411, buf9413, buf9415, buf9418, buf9420, buf9422, buf9423, buf9424, buf9427, buf9429, buf9431, buf9432, buf9433, buf9436, buf9438, buf9440, buf9441, buf9442, buf9443, buf9446, buf9448, buf9450, buf9451, buf9452, buf9453, buf9456, buf9457, buf9463, buf9465, buf9467, buf9468, buf9469, buf9472, buf9474, buf9477, buf9478, buf9479, buf9481, buf9483, buf9486, buf9487, buf9488, buf9490, buf9492, buf9495, buf9496, buf9497, buf9499, buf9501, buf9504, buf9505, buf9506, buf9508, buf9510, buf9513, buf9514, buf9515, buf9517, buf9519, buf9522, buf9523, buf9524, buf9526, buf9528, buf9531, buf9532, buf9533, buf9535, buf9537, buf9538, buf9539, buf9542, buf9547, buf9548, buf9549, buf9544, buf9550, buf9552, buf9554, buf9556, buf9557, buf9558, buf9560, buf9562, buf9564, buf9565, buf9566, buf9568, buf9570, buf9572, buf9573, buf9574, buf9576, buf9578, buf9580, buf9581, buf9582, buf9584, buf9586, buf9588, buf9589, buf9590, buf9592, buf9594, buf9595, buf9596, buf9599, buf9601, buf9602, buf9603, buf9605, buf9607, buf9609, buf9610, buf9611, buf9613, buf9615, buf9617, buf9618, buf9619, buf9621, buf9623, buf9625, buf9626, buf9627, buf9629, buf9631, buf9633, buf9634, buf9635, buf9637, buf9639, buf9641, buf9642, buf9643, buf9645, buf9647, buf9648, buf9649, buf9652, buf9654, buf9655, buf9656, buf9658, buf9660, buf9662, buf9663, buf9664, buf9666, buf9668, buf9670, buf9671, buf9672, buf9674, buf9676, buf9678, buf9679, buf9680, buf9682, buf9684, buf9686, buf9687, buf9688, buf9690, buf9692, buf9694, buf9695, buf9696, buf9698, buf9700, buf9702, buf9703, buf9704, buf9706, buf9708, buf9711, buf9713, buf9715, buf9716, buf9717, buf9720, buf9722, buf9724, buf9725, buf9726, buf9729, buf9731, buf9733, buf9734, buf9735, buf9736, buf9739, buf9741, buf9743, buf9744, buf9745, buf9746, buf9749, buf9750, buf9756, buf9758, buf9760, buf9761, buf9762, buf9765, buf9767, buf9770, buf9771, buf9772, buf9774, buf9776, buf9779, buf9780, buf9781, buf9783, buf9785, buf9788, buf9789, buf9790, buf9792, buf9794, buf9797, buf9798, buf9799, buf9801, buf9803, buf9806, buf9807, buf9808, buf9810, buf9812, buf9815, buf9816, buf9817, buf9819, buf9821, buf9824, buf9825, buf9826, buf9828, buf9830, buf9831, buf9832, buf9835, buf9840, buf9841, buf9842, buf9837, buf9843, buf9845, buf9847, buf9849, buf9850, buf9851, buf9853, buf9855, buf9857, buf9858, buf9859, buf9861, buf9863, buf9865, buf9866, buf9867, buf9869, buf9871, buf9873, buf9874, buf9875, buf9877, buf9879, buf9881, buf9882, buf9883, buf9885, buf9887, buf9888, buf9889, buf9892, buf9894, buf9895, buf9896, buf9898, buf9900, buf9902, buf9903, buf9904, buf9906, buf9908, buf9910, buf9911, buf9912, buf9914, buf9916, buf9918, buf9919, buf9920, buf9922, buf9924, buf9926, buf9927, buf9928, buf9930, buf9932, buf9934, buf9935, buf9936, buf9938, buf9940, buf9941, buf9942, buf9945, buf9947, buf9948, buf9949, buf9951, buf9953, buf9955, buf9956, buf9957, buf9959, buf9961, buf9963, buf9964, buf9965, buf9967, buf9969, buf9971, buf9972, buf9973, buf9975, buf9977, buf9979, buf9980, buf9981, buf9983, buf9985, buf9987, buf9988, buf9989, buf9991, buf9993, buf9995, buf9996, buf9997, buf9999, buf10002, buf10005, buf10007, buf10009, buf10010, buf10011, buf10014, buf10016, buf10018, buf10019, buf10020, buf10023, buf10025, buf10027, buf10028, buf10029, buf10030, buf10033, buf10035, buf10037, buf10038, buf10039, buf10040, buf10043, buf10044, buf10050, buf10052, buf10054, buf10055, buf10056, buf10059, buf10061, buf10064, buf10065, buf10066, buf10068, buf10070, buf10073, buf10074, buf10075, buf10077, buf10079, buf10082, buf10083, buf10084, buf10086, buf10088, buf10091, buf10092, buf10093, buf10095, buf10097, buf10100, buf10101, buf10102, buf10104, buf10106, buf10109, buf10110, buf10111, buf10113, buf10115, buf10118, buf10119, buf10120, buf10122, buf10124, buf10125, buf10126, buf10129, buf10134, buf10135, buf10136, buf10131, buf10137, buf10139, buf10141, buf10143, buf10144, buf10145, buf10147, buf10149, buf10151, buf10152, buf10153, buf10155, buf10157, buf10159, buf10160, buf10161, buf10163, buf10165, buf10167, buf10168, buf10169, buf10171, buf10173, buf10175, buf10176, buf10177, buf10179, buf10181, buf10182, buf10183, buf10186, buf10188, buf10189, buf10190, buf10192, buf10194, buf10196, buf10197, buf10198, buf10200, buf10202, buf10204, buf10205, buf10206, buf10208, buf10210, buf10212, buf10213, buf10214, buf10216, buf10218, buf10220, buf10221, buf10222, buf10224, buf10226, buf10228, buf10229, buf10230, buf10232, buf10234, buf10235, buf10236, buf10239, buf10241, buf10242, buf10243, buf10245, buf10247, buf10249, buf10250, buf10251, buf10253, buf10255, buf10257, buf10258, buf10259, buf10261, buf10263, buf10265, buf10266, buf10267, buf10269, buf10271, buf10273, buf10274, buf10275, buf10277, buf10279, buf10281, buf10282, buf10283, buf10285, buf10287, buf10289, buf10290, buf10291, buf10293, buf10295, buf10298, buf10300, buf10302, buf10303, buf10304, buf10307, buf10309, buf10311, buf10312, buf10313, buf10316, buf10318, buf10320, buf10321, buf10322, buf10323, buf10326, buf10328, buf10330, buf10331, buf10332, buf10333, buf10336, buf10337, buf10343, buf10345, buf10347, buf10348, buf10349, buf10352, buf10354, buf10357, buf10358, buf10359, buf10361, buf10363, buf10366, buf10367, buf10368, buf10370, buf10372, buf10375, buf10376, buf10377, buf10379, buf10381, buf10384, buf10385, buf10386, buf10388, buf10390, buf10393, buf10394, buf10395, buf10397, buf10399, buf10402, buf10403, buf10404, buf10406, buf10408, buf10411, buf10412, buf10413, buf10415, buf10417, buf10418, buf10419, buf10422, buf10427, buf10428, buf10429, buf10424, buf10430, buf10432, buf10434, buf10436, buf10437, buf10438, buf10440, buf10442, buf10444, buf10445, buf10446, buf10448, buf10450, buf10452, buf10453, buf10454, buf10456, buf10458, buf10460, buf10461, buf10462, buf10464, buf10466, buf10468, buf10469, buf10470, buf10472, buf10474, buf10475, buf10476, buf10479, buf10481, buf10482, buf10483, buf10485, buf10487, buf10489, buf10490, buf10491, buf10493, buf10495, buf10497, buf10498, buf10499, buf10501, buf10503, buf10505, buf10506, buf10507, buf10509, buf10511, buf10513, buf10514, buf10515, buf10517, buf10519, buf10521, buf10522, buf10523, buf10525, buf10527, buf10528, buf10529, buf10532, buf10534, buf10535, buf10536, buf10538, buf10540, buf10542, buf10543, buf10544, buf10546, buf10548, buf10550, buf10551, buf10552, buf10554, buf10556, buf10558, buf10559, buf10560, buf10562, buf10564, buf10566, buf10567, buf10568, buf10570, buf10572, buf10574, buf10575, buf10576, buf10578, buf10580, buf10582, buf10583, buf10584, buf10586, buf10589, buf10592, buf10594, buf10596, buf10597, buf10598, buf10601, buf10603, buf10605, buf10606, buf10607, buf10610, buf10612, buf10614, buf10615, buf10616, buf10617, buf10620, buf10622, buf10624, buf10625, buf10626, buf10627, buf10630, buf10631, buf10637, buf10639, buf10641, buf10642, buf10643, buf10646, buf10648, buf10651, buf10652, buf10653, buf10655, buf10657, buf10660, buf10661, buf10662, buf10664, buf10666, buf10669, buf10670, buf10671, buf10673, buf10675, buf10678, buf10679, buf10680, buf10682, buf10684, buf10687, buf10688, buf10689, buf10691, buf10693, buf10696, buf10697, buf10698, buf10700, buf10702, buf10705, buf10706, buf10707, buf10709, buf10711, buf10712, buf10713, buf10716, buf10721, buf10722, buf10723, buf10718, buf10724, buf10726, buf10728, buf10730, buf10731, buf10732, buf10734, buf10736, buf10738, buf10739, buf10740, buf10742, buf10744, buf10746, buf10747, buf10748, buf10750, buf10752, buf10754, buf10755, buf10756, buf10758, buf10760, buf10762, buf10763, buf10764, buf10766, buf10768, buf10769, buf10770, buf10773, buf10775, buf10776, buf10777, buf10779, buf10781, buf10783, buf10784, buf10785, buf10787, buf10789, buf10791, buf10792, buf10793, buf10795, buf10797, buf10799, buf10800, buf10801, buf10803, buf10805, buf10807, buf10808, buf10809, buf10811, buf10813, buf10815, buf10816, buf10817, buf10819, buf10821, buf10822, buf10823, buf10826, buf10828, buf10829, buf10830, buf10832, buf10834, buf10836, buf10837, buf10838, buf10840, buf10842, buf10844, buf10845, buf10846, buf10848, buf10850, buf10852, buf10853, buf10854, buf10856, buf10858, buf10860, buf10861, buf10862, buf10864, buf10866, buf10868, buf10869, buf10870, buf10872, buf10874, buf10876, buf10877, buf10878, buf10880, buf10882, buf10885, buf10887, buf10889, buf10890, buf10891, buf10894, buf10896, buf10898, buf10899, buf10900, buf10903, buf10905, buf10907, buf10908, buf10909, buf10910, buf10913, buf10915, buf10917, buf10918, buf10919, buf10920, buf10923, buf10924, buf10930, buf10932, buf10934, buf10935, buf10936, buf10939, buf10941, buf10944, buf10945, buf10946, buf10948, buf10950, buf10953, buf10954, buf10955, buf10957, buf10959, buf10962, buf10963, buf10964, buf10966, buf10968, buf10971, buf10972, buf10973, buf10975, buf10977, buf10980, buf10981, buf10982, buf10984, buf10986, buf10989, buf10990, buf10991, buf10993, buf10995, buf10998, buf10999, buf11000, buf11002, buf11004, buf11005, buf11006, buf11009, buf11014, buf11015, buf11016, buf11011, buf11017, buf11019, buf11021, buf11023, buf11024, buf11025, buf11027, buf11029, buf11031, buf11032, buf11033, buf11035, buf11037, buf11039, buf11040, buf11041, buf11043, buf11045, buf11047, buf11048, buf11049, buf11051, buf11053, buf11055, buf11056, buf11057, buf11059, buf11061, buf11062, buf11063, buf11066, buf11068, buf11069, buf11070, buf11072, buf11074, buf11076, buf11077, buf11078, buf11080, buf11082, buf11084, buf11085, buf11086, buf11088, buf11090, buf11092, buf11093, buf11094, buf11096, buf11098, buf11100, buf11101, buf11102, buf11104, buf11106, buf11108, buf11109, buf11110, buf11112, buf11114, buf11115, buf11116, buf11119, buf11121, buf11122, buf11123, buf11125, buf11127, buf11129, buf11130, buf11131, buf11133, buf11135, buf11137, buf11138, buf11139, buf11141, buf11143, buf11145, buf11146, buf11147, buf11149, buf11151, buf11153, buf11154, buf11155, buf11157, buf11159, buf11161, buf11162, buf11163, buf11165, buf11167, buf11169, buf11170, buf11171, buf11173, buf11176, buf11179, buf11181, buf11183, buf11184, buf11185, buf11188, buf11190, buf11192, buf11193, buf11194, buf11197, buf11199, buf11201, buf11202, buf11203, buf11204, buf11207, buf11209, buf11211, buf11212, buf11213, buf11214, buf11217, buf11218, buf11224, buf11226, buf11228, buf11229, buf11230, buf11233, buf11235, buf11238, buf11239, buf11240, buf11242, buf11244, buf11247, buf11248, buf11249, buf11251, buf11253, buf11256, buf11257, buf11258, buf11260, buf11262, buf11265, buf11266, buf11267, buf11269, buf11271, buf11274, buf11275, buf11276, buf11278, buf11280, buf11283, buf11284, buf11285, buf11287, buf11289, buf11292, buf11293, buf11294, buf11296, buf11298, buf11299, buf11300, buf11303, buf11308, buf11309, buf11310, buf11305, buf11311, buf11313, buf11315, buf11317, buf11318, buf11319, buf11321, buf11323, buf11325, buf11326, buf11327, buf11329, buf11331, buf11333, buf11334, buf11335, buf11337, buf11339, buf11341, buf11342, buf11343, buf11345, buf11347, buf11349, buf11350, buf11351, buf11353, buf11355, buf11356, buf11357, buf11360, buf11362, buf11363, buf11364, buf11366, buf11368, buf11370, buf11371, buf11372, buf11374, buf11376, buf11378, buf11379, buf11380, buf11382, buf11384, buf11386, buf11387, buf11388, buf11390, buf11392, buf11394, buf11395, buf11396, buf11398, buf11400, buf11402, buf11403, buf11404, buf11406, buf11408, buf11409, buf11410, buf11413, buf11415, buf11416, buf11417, buf11419, buf11421, buf11423, buf11424, buf11425, buf11427, buf11429, buf11431, buf11432, buf11433, buf11435, buf11437, buf11439, buf11440, buf11441, buf11443, buf11445, buf11447, buf11448, buf11449, buf11451, buf11453, buf11455, buf11456, buf11457, buf11459, buf11461, buf11463, buf11464, buf11465, buf11467, buf11469, buf11472, buf11474, buf11476, buf11477, buf11478, buf11481, buf11483, buf11485, buf11486, buf11487, buf11490, buf11492, buf11494, buf11495, buf11496, buf11497, buf11500, buf11502, buf11504, buf11505, buf11506, buf11507, buf11510, buf11511, buf11517, buf11519, buf11521, buf11522, buf11523, buf11526, buf11528, buf11531, buf11532, buf11533, buf11535, buf11537, buf11540, buf11541, buf11542, buf11544, buf11546, buf11549, buf11550, buf11551, buf11553, buf11555, buf11558, buf11559, buf11560, buf11562, buf11564, buf11567, buf11568, buf11569, buf11571, buf11573, buf11576, buf11577, buf11578, buf11580, buf11582, buf11585, buf11586, buf11587, buf11589, buf11591, buf11592, buf11593, buf11596, buf11601, buf11602, buf11603, buf11598, buf11604, buf11606, buf11608, buf11610, buf11611, buf11612, buf11614, buf11616, buf11618, buf11619, buf11620, buf11622, buf11624, buf11626, buf11627, buf11628, buf11630, buf11632, buf11634, buf11635, buf11636, buf11638, buf11640, buf11642, buf11643, buf11644, buf11646, buf11648, buf11649, buf11650, buf11653, buf11655, buf11656, buf11657, buf11659, buf11661, buf11663, buf11664, buf11665, buf11667, buf11669, buf11671, buf11672, buf11673, buf11675, buf11677, buf11679, buf11680, buf11681, buf11683, buf11685, buf11687, buf11688, buf11689, buf11691, buf11693, buf11695, buf11696, buf11697, buf11699, buf11701, buf11702, buf11703, buf11706, buf11708, buf11709, buf11710, buf11712, buf11714, buf11716, buf11717, buf11718, buf11720, buf11722, buf11724, buf11725, buf11726, buf11728, buf11730, buf11732, buf11733, buf11734, buf11736, buf11738, buf11740, buf11741, buf11742, buf11744, buf11746, buf11748, buf11749, buf11750, buf11752, buf11754, buf11756, buf11757, buf11758, buf11760, buf11763, buf11766, buf11767, buf11772, buf11774, buf11776, buf11777, buf11778, buf11781, buf11783, buf11785, buf11786, buf11787, buf11790, buf11792, buf11794, buf11795, buf11796, buf11797, buf11800, buf11802, buf11804, buf11805, buf11806, buf11807, buf11810, buf11811, buf11817, buf11819, buf11821, buf11822, buf11823, buf11826, buf11828, buf11831, buf11832, buf11833, buf11835, buf11837, buf11840, buf11841, buf11842, buf11844, buf11846, buf11849, buf11850, buf11851, buf11853, buf11855, buf11858, buf11859, buf11860, buf11862, buf11864, buf11867, buf11868, buf11869, buf11871, buf11873, buf11876, buf11877, buf11878, buf11880, buf11882, buf11885, buf11886, buf11887, buf11889, buf11891, buf11892, buf11893, buf11896, buf11901, buf11902, buf11903, buf11898, buf11904, buf11906, buf11908, buf11910, buf11911, buf11912, buf11914, buf11916, buf11918, buf11919, buf11920, buf11922, buf11924, buf11926, buf11927, buf11928, buf11930, buf11932, buf11934, buf11935, buf11936, buf11938, buf11940, buf11942, buf11943, buf11944, buf11946, buf11948, buf11949, buf11950, buf11953, buf11955, buf11956, buf11957, buf11959, buf11961, buf11963, buf11964, buf11965, buf11967, buf11969, buf11971, buf11972, buf11973, buf11975, buf11977, buf11979, buf11980, buf11981, buf11983, buf11985, buf11987, buf11988, buf11989, buf11991, buf11993, buf11995, buf11996, buf11997, buf11999, buf12001, buf12002, buf12003, buf12006, buf12008, buf12009, buf12010, buf12012, buf12014, buf12016, buf12017, buf12018, buf12020, buf12022, buf12024, buf12025, buf12026, buf12028, buf12030, buf12032, buf12033, buf12034, buf12036, buf12038, buf12040, buf12041, buf12042, buf12044, buf12046, buf12048, buf12049, buf12050, buf12052, buf12054, buf12056, buf12057, buf12058, buf12060, buf12062, buf12065, buf12067, buf12069, buf12070, buf12071, buf12074, buf12076, buf12078, buf12079, buf12080, buf12083, buf12085, buf12087, buf12088, buf12089, buf12090, buf12093, buf12095, buf12097, buf12098, buf12099, buf12100, buf12103, buf12104, buf12110, buf12112, buf12114, buf12115, buf12116, buf12119, buf12121, buf12124, buf12125, buf12126, buf12128, buf12130, buf12133, buf12134, buf12135, buf12137, buf12139, buf12142, buf12143, buf12144, buf12146, buf12148, buf12151, buf12152, buf12153, buf12155, buf12157, buf12160, buf12161, buf12162, buf12164, buf12166, buf12169, buf12170, buf12171, buf12173, buf12175, buf12178, buf12179, buf12180, buf12182, buf12184, buf12185, buf12186, buf12189, buf12194, buf12195, buf12196, buf12191, buf12197, buf12199, buf12201, buf12203, buf12204, buf12205, buf12207, buf12209, buf12211, buf12212, buf12213, buf12215, buf12217, buf12219, buf12220, buf12221, buf12223, buf12225, buf12227, buf12228, buf12229, buf12231, buf12233, buf12235, buf12236, buf12237, buf12239, buf12241, buf12242, buf12243, buf12246, buf12248, buf12249, buf12250, buf12252, buf12254, buf12256, buf12257, buf12258, buf12260, buf12262, buf12264, buf12265, buf12266, buf12268, buf12270, buf12272, buf12273, buf12274, buf12276, buf12278, buf12280, buf12281, buf12282, buf12284, buf12286, buf12288, buf12289, buf12290, buf12292, buf12294, buf12295, buf12296, buf12299, buf12301, buf12302, buf12303, buf12305, buf12307, buf12309, buf12310, buf12311, buf12313, buf12315, buf12317, buf12318, buf12319, buf12321, buf12323, buf12325, buf12326, buf12327, buf12329, buf12331, buf12333, buf12334, buf12335, buf12337, buf12339, buf12341, buf12342, buf12343, buf12345, buf12347, buf12349, buf12350, buf12351, buf12353, buf12355, buf12358, buf12360, buf12362, buf12363, buf12364, buf12367, buf12369, buf12371, buf12372, buf12373, buf12376, buf12378, buf12380, buf12381, buf12382, buf12383, buf12386, buf12388, buf12390, buf12391, buf12392, buf12393, buf12396, buf12397, buf12403, buf12405, buf12407, buf12408, buf12409, buf12412, buf12414, buf12417, buf12418, buf12419, buf12421, buf12423, buf12426, buf12427, buf12428, buf12430, buf12432, buf12435, buf12436, buf12437, buf12439, buf12441, buf12444, buf12445, buf12446, buf12448, buf12450, buf12453, buf12454, buf12455, buf12457, buf12459, buf12462, buf12463, buf12464, buf12466, buf12468, buf12471, buf12472, buf12473, buf12475, buf12477, buf12478, buf12479, buf12482, buf12487, buf12488, buf12489, buf12484, buf12490, buf12492, buf12494, buf12496, buf12497, buf12498, buf12500, buf12502, buf12504, buf12505, buf12506, buf12508, buf12510, buf12512, buf12513, buf12514, buf12516, buf12518, buf12520, buf12521, buf12522, buf12524, buf12526, buf12528, buf12529, buf12530, buf12532, buf12534, buf12535, buf12536, buf12539, buf12541, buf12542, buf12543, buf12545, buf12547, buf12549, buf12550, buf12551, buf12553, buf12555, buf12557, buf12558, buf12559, buf12561, buf12563, buf12565, buf12566, buf12567, buf12569, buf12571, buf12573, buf12574, buf12575, buf12577, buf12579, buf12581, buf12582, buf12583, buf12585, buf12587, buf12588, buf12589, buf12592, buf12594, buf12595, buf12596, buf12598, buf12600, buf12602, buf12603, buf12604, buf12606, buf12608, buf12610, buf12611, buf12612, buf12614, buf12616, buf12618, buf12619, buf12620, buf12622, buf12624, buf12626, buf12627, buf12628, buf12630, buf12632, buf12634, buf12635, buf12636, buf12638, buf12640, buf12642, buf12643, buf12644, buf12646, buf12649, buf12652, buf12654, buf12656, buf12657, buf12658, buf12661, buf12663, buf12665, buf12666, buf12667, buf12670, buf12672, buf12674, buf12675, buf12676, buf12677, buf12680, buf12682, buf12684, buf12685, buf12686, buf12687, buf12690, buf12691, buf12697, buf12699, buf12701, buf12702, buf12703, buf12706, buf12708, buf12711, buf12712, buf12713, buf12715, buf12717, buf12720, buf12721, buf12722, buf12724, buf12726, buf12729, buf12730, buf12731, buf12733, buf12735, buf12738, buf12739, buf12740, buf12742, buf12744, buf12747, buf12748, buf12749, buf12751, buf12753, buf12756, buf12757, buf12758, buf12760, buf12762, buf12765, buf12766, buf12767, buf12769, buf12771, buf12772, buf12773, buf12776, buf12781, buf12782, buf12783, buf12778, buf12784, buf12786, buf12788, buf12790, buf12791, buf12792, buf12794, buf12796, buf12798, buf12799, buf12800, buf12802, buf12804, buf12806, buf12807, buf12808, buf12810, buf12812, buf12814, buf12815, buf12816, buf12818, buf12820, buf12822, buf12823, buf12824, buf12826, buf12828, buf12829, buf12830, buf12833, buf12835, buf12836, buf12837, buf12839, buf12841, buf12843, buf12844, buf12845, buf12847, buf12849, buf12851, buf12852, buf12853, buf12855, buf12857, buf12859, buf12860, buf12861, buf12863, buf12865, buf12867, buf12868, buf12869, buf12871, buf12873, buf12875, buf12876, buf12877, buf12879, buf12881, buf12882, buf12883, buf12886, buf12888, buf12889, buf12890, buf12892, buf12894, buf12896, buf12897, buf12898, buf12900, buf12902, buf12904, buf12905, buf12906, buf12908, buf12910, buf12912, buf12913, buf12914, buf12916, buf12918, buf12920, buf12921, buf12922, buf12924, buf12926, buf12928, buf12929, buf12930, buf12932, buf12934, buf12936, buf12937, buf12938, buf12940, buf12942, buf12945, buf12947, buf12949, buf12950, buf12951, buf12954, buf12956, buf12958, buf12959, buf12960, buf12963, buf12965, buf12967, buf12968, buf12969, buf12970, buf12973, buf12975, buf12977, buf12978, buf12979, buf12980, buf12983, buf12984, buf12990, buf12992, buf12994, buf12995, buf12996, buf12999, buf13001, buf13004, buf13005, buf13006, buf13008, buf13010, buf13013, buf13014, buf13015, buf13017, buf13019, buf13022, buf13023, buf13024, buf13026, buf13028, buf13031, buf13032, buf13033, buf13035, buf13037, buf13040, buf13041, buf13042, buf13044, buf13046, buf13049, buf13050, buf13051, buf13053, buf13055, buf13058, buf13059, buf13060, buf13062, buf13064, buf13065, buf13066, buf13069, buf13074, buf13075, buf13076, buf13071, buf13077, buf13079, buf13081, buf13083, buf13084, buf13085, buf13087, buf13089, buf13091, buf13092, buf13093, buf13095, buf13097, buf13099, buf13100, buf13101, buf13103, buf13105, buf13107, buf13108, buf13109, buf13111, buf13113, buf13115, buf13116, buf13117, buf13119, buf13121, buf13122, buf13123, buf13126, buf13128, buf13129, buf13130, buf13132, buf13134, buf13136, buf13137, buf13138, buf13140, buf13142, buf13144, buf13145, buf13146, buf13148, buf13150, buf13152, buf13153, buf13154, buf13156, buf13158, buf13160, buf13161, buf13162, buf13164, buf13166, buf13168, buf13169, buf13170, buf13172, buf13174, buf13175, buf13176, buf13179, buf13181, buf13182, buf13183, buf13185, buf13187, buf13189, buf13190, buf13191, buf13193, buf13195, buf13197, buf13198, buf13199, buf13201, buf13203, buf13205, buf13206, buf13207, buf13209, buf13211, buf13213, buf13214, buf13215, buf13217, buf13219, buf13221, buf13222, buf13223, buf13225, buf13227, buf13229, buf13230, buf13231, buf13233, buf13236, buf13239, buf13241, buf13243, buf13244, buf13245, buf13248, buf13250, buf13252, buf13253, buf13254, buf13257, buf13259, buf13261, buf13262, buf13263, buf13264, buf13267, buf13269, buf13271, buf13272, buf13273, buf13274, buf13277, buf13278, buf13284, buf13286, buf13288, buf13289, buf13290, buf13293, buf13295, buf13298, buf13299, buf13300, buf13302, buf13304, buf13307, buf13308, buf13309, buf13311, buf13313, buf13316, buf13317, buf13318, buf13320, buf13322, buf13325, buf13326, buf13327, buf13329, buf13331, buf13334, buf13335, buf13336, buf13338, buf13340, buf13343, buf13344, buf13345, buf13347, buf13349, buf13352, buf13353, buf13354, buf13356, buf13358, buf13359, buf13360, buf13363, buf13368, buf13369, buf13370, buf13365, buf13371, buf13373, buf13375, buf13377, buf13378, buf13379, buf13381, buf13383, buf13385, buf13386, buf13387, buf13389, buf13391, buf13393, buf13394, buf13395, buf13397, buf13399, buf13401, buf13402, buf13403, buf13405, buf13407, buf13409, buf13410, buf13411, buf13413, buf13415, buf13416, buf13417, buf13420, buf13422, buf13423, buf13424, buf13426, buf13428, buf13430, buf13431, buf13432, buf13434, buf13436, buf13438, buf13439, buf13440, buf13442, buf13444, buf13446, buf13447, buf13448, buf13450, buf13452, buf13454, buf13455, buf13456, buf13458, buf13460, buf13462, buf13463, buf13464, buf13466, buf13468, buf13469, buf13470, buf13473, buf13475, buf13476, buf13477, buf13479, buf13481, buf13483, buf13484, buf13485, buf13487, buf13489, buf13491, buf13492, buf13493, buf13495, buf13497, buf13499, buf13500, buf13501, buf13503, buf13505, buf13507, buf13508, buf13509, buf13511, buf13513, buf13515, buf13516, buf13517, buf13519, buf13521, buf13523, buf13524, buf13525, buf13527, buf13529, buf13532, buf13534, buf13536, buf13537, buf13538, buf13541, buf13543, buf13545, buf13546, buf13547, buf13550, buf13552, buf13554, buf13555, buf13556, buf13557, buf13560, buf13562, buf13564, buf13565, buf13566, buf13567, buf13570, buf13571, buf13577, buf13579, buf13581, buf13582, buf13583, buf13586, buf13588, buf13591, buf13592, buf13593, buf13595, buf13597, buf13600, buf13601, buf13602, buf13604, buf13606, buf13609, buf13610, buf13611, buf13613, buf13615, buf13618, buf13619, buf13620, buf13622, buf13624, buf13627, buf13628, buf13629, buf13631, buf13633, buf13636, buf13637, buf13638, buf13640, buf13642, buf13645, buf13646, buf13647, buf13649, buf13651, buf13652, buf13653, buf13656, buf13661, buf13662, buf13663, buf13658, buf13664, buf13666, buf13668, buf13670, buf13671, buf13672, buf13674, buf13676, buf13678, buf13679, buf13680, buf13682, buf13684, buf13686, buf13687, buf13688, buf13690, buf13692, buf13694, buf13695, buf13696, buf13698, buf13700, buf13702, buf13703, buf13704, buf13706, buf13708, buf13709, buf13710, buf13713, buf13715, buf13716, buf13717, buf13719, buf13721, buf13723, buf13724, buf13725, buf13727, buf13729, buf13731, buf13732, buf13733, buf13735, buf13737, buf13739, buf13740, buf13741, buf13743, buf13745, buf13747, buf13748, buf13749, buf13751, buf13753, buf13755, buf13756, buf13757, buf13759, buf13761, buf13762, buf13763, buf13766, buf13768, buf13769, buf13770, buf13772, buf13774, buf13776, buf13777, buf13778, buf13780, buf13782, buf13784, buf13785, buf13786, buf13788, buf13790, buf13792, buf13793, buf13794, buf13796, buf13798, buf13800, buf13801, buf13802, buf13804, buf13806, buf13808, buf13809, buf13810, buf13812, buf13814, buf13816, buf13817, buf13818, buf13820, buf13823, buf13826, buf13828, buf13830, buf13831, buf13832, buf13835, buf13837, buf13839, buf13840, buf13841, buf13844, buf13846, buf13848, buf13849, buf13850, buf13851, buf13854, buf13856, buf13858, buf13859, buf13860, buf13861, buf13864, buf13865, buf13871, buf13873, buf13875, buf13876, buf13877, buf13880, buf13882, buf13885, buf13886, buf13887, buf13889, buf13891, buf13894, buf13895, buf13896, buf13898, buf13900, buf13903, buf13904, buf13905, buf13907, buf13909, buf13912, buf13913, buf13914, buf13916, buf13918, buf13921, buf13922, buf13923, buf13925, buf13927, buf13930, buf13931, buf13932, buf13934, buf13936, buf13939, buf13940, buf13941, buf13943, buf13945, buf13946, buf13947, buf13950, buf13955, buf13956, buf13957, buf13952, buf13958, buf13960, buf13962, buf13964, buf13965, buf13966, buf13968, buf13970, buf13972, buf13973, buf13974, buf13976, buf13978, buf13980, buf13981, buf13982, buf13984, buf13986, buf13988, buf13989, buf13990, buf13992, buf13994, buf13996, buf13997, buf13998, buf14000, buf14002, buf14003, buf14004, buf14007, buf14009, buf14010, buf14011, buf14013, buf14015, buf14017, buf14018, buf14019, buf14021, buf14023, buf14025, buf14026, buf14027, buf14029, buf14031, buf14033, buf14034, buf14035, buf14037, buf14039, buf14041, buf14042, buf14043, buf14045, buf14047, buf14049, buf14050, buf14051, buf14053, buf14055, buf14056, buf14057, buf14060, buf14062, buf14063, buf14064, buf14066, buf14068, buf14070, buf14071, buf14072, buf14074, buf14076, buf14078, buf14079, buf14080, buf14082, buf14084, buf14086, buf14087, buf14088, buf14090, buf14092, buf14094, buf14095, buf14096, buf14098, buf14100, buf14102, buf14103, buf14104, buf14106, buf14108, buf14110, buf14111, buf14112, buf14114, buf14116, buf14119, buf14121, buf14123, buf14124, buf14125, buf14128, buf14130, buf14132, buf14133, buf14134, buf14137, buf14139, buf14141, buf14142, buf14143, buf14144, buf14147, buf14149, buf14151, buf14152, buf14153, buf14154, buf14157, buf14158, buf14164, buf14166, buf14168, buf14169, buf14170, buf14173, buf14175, buf14178, buf14179, buf14180, buf14182, buf14184, buf14187, buf14188, buf14189, buf14191, buf14193, buf14196, buf14197, buf14198, buf14200, buf14202, buf14205, buf14206, buf14207, buf14209, buf14211, buf14214, buf14215, buf14216, buf14218, buf14220, buf14223, buf14224, buf14225, buf14227, buf14229, buf14232, buf14233, buf14234, buf14236, buf14238, buf14239, buf14240, buf14243, buf14248, buf14249, buf14250, buf14245, buf14251, buf14253, buf14255, buf14257, buf14258, buf14259, buf14261, buf14263, buf14265, buf14266, buf14267, buf14269, buf14271, buf14273, buf14274, buf14275, buf14277, buf14279, buf14281, buf14282, buf14283, buf14285, buf14287, buf14289, buf14290, buf14291, buf14293, buf14295, buf14296, buf14297, buf14300, buf14302, buf14303, buf14304, buf14306, buf14308, buf14310, buf14311, buf14312, buf14314, buf14316, buf14318, buf14319, buf14320, buf14322, buf14324, buf14326, buf14327, buf14328, buf14330, buf14332, buf14334, buf14335, buf14336, buf14338, buf14340, buf14342, buf14343, buf14344, buf14346, buf14348, buf14349, buf14350, buf14353, buf14355, buf14356, buf14357, buf14359, buf14361, buf14363, buf14364, buf14365, buf14367, buf14369, buf14371, buf14372, buf14373, buf14375, buf14377, buf14379, buf14380, buf14381, buf14383, buf14385, buf14387, buf14388, buf14389, buf14391, buf14393, buf14395, buf14396, buf14397, buf14399, buf14401, buf14403, buf14404, buf14405, buf14407, buf14410, buf14413, buf14414, buf14419, buf14421, buf14423, buf14424, buf14425, buf14428, buf14430, buf14432, buf14433, buf14434, buf14437, buf14439, buf14441, buf14442, buf14443, buf14444, buf14447, buf14449, buf14451, buf14452, buf14453, buf14454, buf14457, buf14458, buf14464, buf14466, buf14468, buf14469, buf14470, buf14473, buf14475, buf14478, buf14479, buf14480, buf14482, buf14484, buf14487, buf14488, buf14489, buf14491, buf14493, buf14496, buf14497, buf14498, buf14500, buf14502, buf14505, buf14506, buf14507, buf14509, buf14511, buf14514, buf14515, buf14516, buf14518, buf14520, buf14523, buf14524, buf14525, buf14527, buf14529, buf14532, buf14533, buf14534, buf14536, buf14538, buf14539, buf14540, buf14543, buf14548, buf14549, buf14550, buf14545, buf14551, buf14553, buf14555, buf14557, buf14558, buf14559, buf14561, buf14563, buf14565, buf14566, buf14567, buf14569, buf14571, buf14573, buf14574, buf14575, buf14577, buf14579, buf14581, buf14582, buf14583, buf14585, buf14587, buf14589, buf14590, buf14591, buf14593, buf14595, buf14596, buf14597, buf14600, buf14602, buf14603, buf14604, buf14606, buf14608, buf14610, buf14611, buf14612, buf14614, buf14616, buf14618, buf14619, buf14620, buf14622, buf14624, buf14626, buf14627, buf14628, buf14630, buf14632, buf14634, buf14635, buf14636, buf14638, buf14640, buf14642, buf14643, buf14644, buf14646, buf14648, buf14649, buf14650, buf14653, buf14655, buf14656, buf14657, buf14659, buf14661, buf14663, buf14664, buf14665, buf14667, buf14669, buf14671, buf14672, buf14673, buf14675, buf14677, buf14679, buf14680, buf14681, buf14683, buf14685, buf14687, buf14688, buf14689, buf14691, buf14693, buf14695, buf14696, buf14697, buf14699, buf14701, buf14703, buf14704, buf14705, buf14707, buf14709, buf14712, buf14714, buf14716, buf14717, buf14718, buf14721, buf14723, buf14725, buf14726, buf14727, buf14730, buf14732, buf14734, buf14735, buf14736, buf14737, buf14740, buf14742, buf14744, buf14745, buf14746, buf14747, buf14750, buf14751, buf14757, buf14759, buf14761, buf14762, buf14763, buf14766, buf14768, buf14771, buf14772, buf14773, buf14775, buf14777, buf14780, buf14781, buf14782, buf14784, buf14786, buf14789, buf14790, buf14791, buf14793, buf14795, buf14798, buf14799, buf14800, buf14802, buf14804, buf14807, buf14808, buf14809, buf14811, buf14813, buf14816, buf14817, buf14818, buf14820, buf14822, buf14825, buf14826, buf14827, buf14829, buf14831, buf14832, buf14833, buf14836, buf14841, buf14842, buf14843, buf14838, buf14844, buf14846, buf14848, buf14850, buf14851, buf14852, buf14854, buf14856, buf14858, buf14859, buf14860, buf14862, buf14864, buf14866, buf14867, buf14868, buf14870, buf14872, buf14874, buf14875, buf14876, buf14878, buf14880, buf14882, buf14883, buf14884, buf14886, buf14888, buf14889, buf14890, buf14893, buf14895, buf14896, buf14897, buf14899, buf14901, buf14903, buf14904, buf14905, buf14907, buf14909, buf14911, buf14912, buf14913, buf14915, buf14917, buf14919, buf14920, buf14921, buf14923, buf14925, buf14927, buf14928, buf14929, buf14931, buf14933, buf14935, buf14936, buf14937, buf14939, buf14941, buf14942, buf14943, buf14946, buf14948, buf14949, buf14950, buf14952, buf14954, buf14956, buf14957, buf14958, buf14960, buf14962, buf14964, buf14965, buf14966, buf14968, buf14970, buf14972, buf14973, buf14974, buf14976, buf14978, buf14980, buf14981, buf14982, buf14984, buf14986, buf14988, buf14989, buf14990, buf14992, buf14994, buf14996, buf14997, buf14998, buf15000, buf15002, buf15005, buf15007, buf15009, buf15010, buf15011, buf15014, buf15016, buf15018, buf15019, buf15020, buf15023, buf15025, buf15027, buf15028, buf15029, buf15030, buf15033, buf15035, buf15037, buf15038, buf15039, buf15040, buf15043, buf15044, buf15050, buf15052, buf15054, buf15055, buf15056, buf15059, buf15061, buf15064, buf15065, buf15066, buf15068, buf15070, buf15073, buf15074, buf15075, buf15077, buf15079, buf15082, buf15083, buf15084, buf15086, buf15088, buf15091, buf15092, buf15093, buf15095, buf15097, buf15100, buf15101, buf15102, buf15104, buf15106, buf15109, buf15110, buf15111, buf15113, buf15115, buf15118, buf15119, buf15120, buf15122, buf15124, buf15125, buf15126, buf15129, buf15134, buf15135, buf15136, buf15131, buf15137, buf15139, buf15141, buf15143, buf15144, buf15145, buf15147, buf15149, buf15151, buf15152, buf15153, buf15155, buf15157, buf15159, buf15160, buf15161, buf15163, buf15165, buf15167, buf15168, buf15169, buf15171, buf15173, buf15175, buf15176, buf15177, buf15179, buf15181, buf15182, buf15183, buf15186, buf15188, buf15189, buf15190, buf15192, buf15194, buf15196, buf15197, buf15198, buf15200, buf15202, buf15204, buf15205, buf15206, buf15208, buf15210, buf15212, buf15213, buf15214, buf15216, buf15218, buf15220, buf15221, buf15222, buf15224, buf15226, buf15228, buf15229, buf15230, buf15232, buf15234, buf15235, buf15236, buf15239, buf15241, buf15242, buf15243, buf15245, buf15247, buf15249, buf15250, buf15251, buf15253, buf15255, buf15257, buf15258, buf15259, buf15261, buf15263, buf15265, buf15266, buf15267, buf15269, buf15271, buf15273, buf15274, buf15275, buf15277, buf15279, buf15281, buf15282, buf15283, buf15285, buf15287, buf15289, buf15290, buf15291, buf15293, buf15296, buf15299, buf15301, buf15303, buf15304, buf15305, buf15308, buf15310, buf15312, buf15313, buf15314, buf15317, buf15319, buf15321, buf15322, buf15323, buf15324, buf15327, buf15329, buf15331, buf15332, buf15333, buf15334, buf15337, buf15338, buf15344, buf15346, buf15348, buf15349, buf15350, buf15353, buf15355, buf15358, buf15359, buf15360, buf15362, buf15364, buf15367, buf15368, buf15369, buf15371, buf15373, buf15376, buf15377, buf15378, buf15380, buf15382, buf15385, buf15386, buf15387, buf15389, buf15391, buf15394, buf15395, buf15396, buf15398, buf15400, buf15403, buf15404, buf15405, buf15407, buf15409, buf15412, buf15413, buf15414, buf15416, buf15418, buf15419, buf15420, buf15423, buf15428, buf15429, buf15430, buf15425, buf15431, buf15433, buf15435, buf15437, buf15438, buf15439, buf15441, buf15443, buf15445, buf15446, buf15447, buf15449, buf15451, buf15453, buf15454, buf15455, buf15457, buf15459, buf15461, buf15462, buf15463, buf15465, buf15467, buf15469, buf15470, buf15471, buf15473, buf15475, buf15476, buf15477, buf15480, buf15482, buf15483, buf15484, buf15486, buf15488, buf15490, buf15491, buf15492, buf15494, buf15496, buf15498, buf15499, buf15500, buf15502, buf15504, buf15506, buf15507, buf15508, buf15510, buf15512, buf15514, buf15515, buf15516, buf15518, buf15520, buf15522, buf15523, buf15524, buf15526, buf15528, buf15529, buf15530, buf15533, buf15535, buf15536, buf15537, buf15539, buf15541, buf15543, buf15544, buf15545, buf15547, buf15549, buf15551, buf15552, buf15553, buf15555, buf15557, buf15559, buf15560, buf15561, buf15563, buf15565, buf15567, buf15568, buf15569, buf15571, buf15573, buf15575, buf15576, buf15577, buf15579, buf15581, buf15583, buf15584, buf15585, buf15587, buf15589, buf15592, buf15594, buf15596, buf15597, buf15598, buf15601, buf15603, buf15605, buf15606, buf15607, buf15610, buf15612, buf15614, buf15615, buf15616, buf15617, buf15620, buf15622, buf15624, buf15625, buf15626, buf15627, buf15630, buf15631, buf15637, buf15639, buf15641, buf15642, buf15643, buf15646, buf15648, buf15651, buf15652, buf15653, buf15655, buf15657, buf15660, buf15661, buf15662, buf15664, buf15666, buf15669, buf15670, buf15671, buf15673, buf15675, buf15678, buf15679, buf15680, buf15682, buf15684, buf15687, buf15688, buf15689, buf15691, buf15693, buf15696, buf15697, buf15698, buf15700, buf15702, buf15705, buf15706, buf15707, buf15709, buf15711, buf15712, buf15713, buf15716, buf15721, buf15722, buf15723, buf15718, buf15724, buf15726, buf15728, buf15730, buf15731, buf15732, buf15734, buf15736, buf15738, buf15739, buf15740, buf15742, buf15744, buf15746, buf15747, buf15748, buf15750, buf15752, buf15754, buf15755, buf15756, buf15758, buf15760, buf15762, buf15763, buf15764, buf15766, buf15768, buf15769, buf15770, buf15773, buf15775, buf15776, buf15777, buf15779, buf15781, buf15783, buf15784, buf15785, buf15787, buf15789, buf15791, buf15792, buf15793, buf15795, buf15797, buf15799, buf15800, buf15801, buf15803, buf15805, buf15807, buf15808, buf15809, buf15811, buf15813, buf15815, buf15816, buf15817, buf15819, buf15821, buf15822, buf15823, buf15826, buf15828, buf15829, buf15830, buf15832, buf15834, buf15836, buf15837, buf15838, buf15840, buf15842, buf15844, buf15845, buf15846, buf15848, buf15850, buf15852, buf15853, buf15854, buf15856, buf15858, buf15860, buf15861, buf15862, buf15864, buf15866, buf15868, buf15869, buf15870, buf15872, buf15874, buf15876, buf15877, buf15878, buf15880, buf15883, buf15886, buf15888, buf15890, buf15891, buf15892, buf15895, buf15897, buf15899, buf15900, buf15901, buf15904, buf15906, buf15908, buf15909, buf15910, buf15911, buf15914, buf15916, buf15918, buf15919, buf15920, buf15921, buf15924, buf15925, buf15931, buf15933, buf15935, buf15936, buf15937, buf15940, buf15942, buf15945, buf15946, buf15947, buf15949, buf15951, buf15954, buf15955, buf15956, buf15958, buf15960, buf15963, buf15964, buf15965, buf15967, buf15969, buf15972, buf15973, buf15974, buf15976, buf15978, buf15981, buf15982, buf15983, buf15985, buf15987, buf15990, buf15991, buf15992, buf15994, buf15996, buf15999, buf16000, buf16001, buf16003, buf16005, buf16006, buf16007, buf16010, buf16015, buf16016, buf16017, buf16012, buf16018, buf16020, buf16022, buf16024, buf16025, buf16026, buf16028, buf16030, buf16032, buf16033, buf16034, buf16036, buf16038, buf16040, buf16041, buf16042, buf16044, buf16046, buf16048, buf16049, buf16050, buf16052, buf16054, buf16056, buf16057, buf16058, buf16060, buf16062, buf16063, buf16064, buf16067, buf16069, buf16070, buf16071, buf16073, buf16075, buf16077, buf16078, buf16079, buf16081, buf16083, buf16085, buf16086, buf16087, buf16089, buf16091, buf16093, buf16094, buf16095, buf16097, buf16099, buf16101, buf16102, buf16103, buf16105, buf16107, buf16109, buf16110, buf16111, buf16113, buf16115, buf16116, buf16117, buf16120, buf16122, buf16123, buf16124, buf16126, buf16128, buf16130, buf16131, buf16132, buf16134, buf16136, buf16138, buf16139, buf16140, buf16142, buf16144, buf16146, buf16147, buf16148, buf16150, buf16152, buf16154, buf16155, buf16156, buf16158, buf16160, buf16162, buf16163, buf16164, buf16166, buf16168, buf16170, buf16171, buf16172, buf16174, buf16176, buf16179, buf16181, buf16183, buf16184, buf16185, buf16188, buf16190, buf16192, buf16193, buf16194, buf16197, buf16199, buf16201, buf16202, buf16203, buf16204, buf16207, buf16209, buf16211, buf16212, buf16213, buf16214, buf16217, buf16218, buf16224, buf16226, buf16228, buf16229, buf16230, buf16233, buf16235, buf16238, buf16239, buf16240, buf16242, buf16244, buf16247, buf16248, buf16249, buf16251, buf16253, buf16256, buf16257, buf16258, buf16260, buf16262, buf16265, buf16266, buf16267, buf16269, buf16271, buf16274, buf16275, buf16276, buf16278, buf16280, buf16283, buf16284, buf16285, buf16287, buf16289, buf16292, buf16293, buf16294, buf16296, buf16298, buf16299, buf16300, buf16303, buf16308, buf16309, buf16310, buf16305, buf16311, buf16313, buf16315, buf16317, buf16318, buf16319, buf16321, buf16323, buf16325, buf16326, buf16327, buf16329, buf16331, buf16333, buf16334, buf16335, buf16337, buf16339, buf16341, buf16342, buf16343, buf16345, buf16347, buf16349, buf16350, buf16351, buf16353, buf16355, buf16356, buf16357, buf16360, buf16362, buf16363, buf16364, buf16366, buf16368, buf16370, buf16371, buf16372, buf16374, buf16376, buf16378, buf16379, buf16380, buf16382, buf16384, buf16386, buf16387, buf16388, buf16390, buf16392, buf16394, buf16395, buf16396, buf16398, buf16400, buf16402, buf16403, buf16404, buf16406, buf16408, buf16409, buf16410, buf16413, buf16415, buf16416, buf16417, buf16419, buf16421, buf16423, buf16424, buf16425, buf16427, buf16429, buf16431, buf16432, buf16433, buf16435, buf16437, buf16439, buf16440, buf16441, buf16443, buf16445, buf16447, buf16448, buf16449, buf16451, buf16453, buf16455, buf16456, buf16457, buf16459, buf16461, buf16463, buf16464, buf16465, buf16467, buf16470, buf16473, buf16475, buf16477, buf16478, buf16479, buf16482, buf16484, buf16486, buf16487, buf16488, buf16491, buf16493, buf16495, buf16496, buf16497, buf16498, buf16501, buf16503, buf16505, buf16506, buf16507, buf16508, buf16511, buf16512, buf16518, buf16520, buf16522, buf16523, buf16524, buf16527, buf16529, buf16532, buf16533, buf16534, buf16536, buf16538, buf16541, buf16542, buf16543, buf16545, buf16547, buf16550, buf16551, buf16552, buf16554, buf16556, buf16559, buf16560, buf16561, buf16563, buf16565, buf16568, buf16569, buf16570, buf16572, buf16574, buf16577, buf16578, buf16579, buf16581, buf16583, buf16586, buf16587, buf16588, buf16590, buf16592, buf16593, buf16594, buf16597, buf16602, buf16603, buf16604, buf16599, buf16605, buf16607, buf16609, buf16611, buf16612, buf16613, buf16615, buf16617, buf16619, buf16620, buf16621, buf16623, buf16625, buf16627, buf16628, buf16629, buf16631, buf16633, buf16635, buf16636, buf16637, buf16639, buf16641, buf16643, buf16644, buf16645, buf16647, buf16649, buf16650, buf16651, buf16654, buf16656, buf16657, buf16658, buf16660, buf16662, buf16664, buf16665, buf16666, buf16668, buf16670, buf16672, buf16673, buf16674, buf16676, buf16678, buf16680, buf16681, buf16682, buf16684, buf16686, buf16688, buf16689, buf16690, buf16692, buf16694, buf16696, buf16697, buf16698, buf16700, buf16702, buf16703, buf16704, buf16707, buf16709, buf16710, buf16711, buf16713, buf16715, buf16717, buf16718, buf16719, buf16721, buf16723, buf16725, buf16726, buf16727, buf16729, buf16731, buf16733, buf16734, buf16735, buf16737, buf16739, buf16741, buf16742, buf16743, buf16745, buf16747, buf16749, buf16750, buf16751, buf16753, buf16755, buf16757, buf16758, buf16759, buf16761, buf16763, buf16766, buf16768, buf16770, buf16771, buf16772, buf16775, buf16777, buf16779, buf16780, buf16781, buf16784, buf16786, buf16788, buf16789, buf16790, buf16791, buf16794, buf16796, buf16798, buf16799, buf16800, buf16801, buf16804, buf16805, buf16811, buf16813, buf16815, buf16816, buf16817, buf16820, buf16822, buf16825, buf16826, buf16827, buf16829, buf16831, buf16834, buf16835, buf16836, buf16838, buf16840, buf16843, buf16844, buf16845, buf16847, buf16849, buf16852, buf16853, buf16854, buf16856, buf16858, buf16861, buf16862, buf16863, buf16865, buf16867, buf16870, buf16871, buf16872, buf16874, buf16876, buf16879, buf16880, buf16881, buf16883, buf16885, buf16886, buf16887, buf16890, buf16895, buf16896, buf16897, buf16892, buf16898, buf16900, buf16902, buf16904, buf16905, buf16906, buf16908, buf16910, buf16912, buf16913, buf16914, buf16916, buf16918, buf16920, buf16921, buf16922, buf16924, buf16926, buf16928, buf16929, buf16930, buf16932, buf16934, buf16936, buf16937, buf16938, buf16940, buf16942, buf16943, buf16944, buf16947, buf16949, buf16950, buf16951, buf16953, buf16955, buf16957, buf16958, buf16959, buf16961, buf16963, buf16965, buf16966, buf16967, buf16969, buf16971, buf16973, buf16974, buf16975, buf16977, buf16979, buf16981, buf16982, buf16983, buf16985, buf16987, buf16989, buf16990, buf16991, buf16993, buf16995, buf16996, buf16997, buf17000, buf17002, buf17003, buf17004, buf17006, buf17008, buf17010, buf17011, buf17012, buf17014, buf17016, buf17018, buf17019, buf17020, buf17022, buf17024, buf17026, buf17027, buf17028, buf17030, buf17032, buf17034, buf17035, buf17036, buf17038, buf17040, buf17042, buf17043, buf17044, buf17046, buf17048, buf17050, buf17051, buf17052, buf17054, buf17057, buf17060, buf17061, buf17066, buf17068, buf17070, buf17071, buf17072, buf17075, buf17077, buf17079, buf17080, buf17081, buf17084, buf17086, buf17088, buf17089, buf17090, buf17091, buf17094, buf17096, buf17098, buf17099, buf17100, buf17101, buf17104, buf17105, buf17111, buf17113, buf17115, buf17116, buf17117, buf17120, buf17122, buf17125, buf17126, buf17127, buf17129, buf17131, buf17134, buf17135, buf17136, buf17138, buf17140, buf17143, buf17144, buf17145, buf17147, buf17149, buf17152, buf17153, buf17154, buf17156, buf17158, buf17161, buf17162, buf17163, buf17165, buf17167, buf17170, buf17171, buf17172, buf17174, buf17176, buf17179, buf17180, buf17181, buf17183, buf17185, buf17186, buf17187, buf17190, buf17195, buf17196, buf17197, buf17192, buf17198, buf17200, buf17202, buf17204, buf17205, buf17206, buf17208, buf17210, buf17212, buf17213, buf17214, buf17216, buf17218, buf17220, buf17221, buf17222, buf17224, buf17226, buf17228, buf17229, buf17230, buf17232, buf17234, buf17236, buf17237, buf17238, buf17240, buf17242, buf17243, buf17244, buf17247, buf17249, buf17250, buf17251, buf17253, buf17255, buf17257, buf17258, buf17259, buf17261, buf17263, buf17265, buf17266, buf17267, buf17269, buf17271, buf17273, buf17274, buf17275, buf17277, buf17279, buf17281, buf17282, buf17283, buf17285, buf17287, buf17289, buf17290, buf17291, buf17293, buf17295, buf17296, buf17297, buf17300, buf17302, buf17303, buf17304, buf17306, buf17308, buf17310, buf17311, buf17312, buf17314, buf17316, buf17318, buf17319, buf17320, buf17322, buf17324, buf17326, buf17327, buf17328, buf17330, buf17332, buf17334, buf17335, buf17336, buf17338, buf17340, buf17342, buf17343, buf17344, buf17346, buf17348, buf17350, buf17351, buf17352, buf17354, buf17356, buf17359, buf17361, buf17363, buf17364, buf17365, buf17368, buf17370, buf17372, buf17373, buf17374, buf17377, buf17379, buf17381, buf17382, buf17383, buf17384, buf17387, buf17389, buf17391, buf17392, buf17393, buf17394, buf17397, buf17398, buf17404, buf17406, buf17408, buf17409, buf17410, buf17413, buf17415, buf17418, buf17419, buf17420, buf17422, buf17424, buf17427, buf17428, buf17429, buf17431, buf17433, buf17436, buf17437, buf17438, buf17440, buf17442, buf17445, buf17446, buf17447, buf17449, buf17451, buf17454, buf17455, buf17456, buf17458, buf17460, buf17463, buf17464, buf17465, buf17467, buf17469, buf17472, buf17473, buf17474, buf17476, buf17478, buf17479, buf17480, buf17483, buf17488, buf17489, buf17490, buf17485, buf17491, buf17493, buf17495, buf17497, buf17498, buf17499, buf17501, buf17503, buf17505, buf17506, buf17507, buf17509, buf17511, buf17513, buf17514, buf17515, buf17517, buf17519, buf17521, buf17522, buf17523, buf17525, buf17527, buf17529, buf17530, buf17531, buf17533, buf17535, buf17536, buf17537, buf17540, buf17542, buf17543, buf17544, buf17546, buf17548, buf17550, buf17551, buf17552, buf17554, buf17556, buf17558, buf17559, buf17560, buf17562, buf17564, buf17566, buf17567, buf17568, buf17570, buf17572, buf17574, buf17575, buf17576, buf17578, buf17580, buf17582, buf17583, buf17584, buf17586, buf17588, buf17589, buf17590, buf17593, buf17595, buf17596, buf17597, buf17599, buf17601, buf17603, buf17604, buf17605, buf17607, buf17609, buf17611, buf17612, buf17613, buf17615, buf17617, buf17619, buf17620, buf17621, buf17623, buf17625, buf17627, buf17628, buf17629, buf17631, buf17633, buf17635, buf17636, buf17637, buf17639, buf17641, buf17643, buf17644, buf17645, buf17647, buf17649, buf17652, buf17654, buf17656, buf17657, buf17658, buf17661, buf17663, buf17665, buf17666, buf17667, buf17670, buf17672, buf17674, buf17675, buf17676, buf17677, buf17680, buf17682, buf17684, buf17685, buf17686, buf17687, buf17690, buf17691, buf17697, buf17699, buf17701, buf17702, buf17703, buf17706, buf17708, buf17711, buf17712, buf17713, buf17715, buf17717, buf17720, buf17721, buf17722, buf17724, buf17726, buf17729, buf17730, buf17731, buf17733, buf17735, buf17738, buf17739, buf17740, buf17742, buf17744, buf17747, buf17748, buf17749, buf17751, buf17753, buf17756, buf17757, buf17758, buf17760, buf17762, buf17765, buf17766, buf17767, buf17769, buf17771, buf17772, buf17773, buf17776, buf17781, buf17782, buf17783, buf17778, buf17784, buf17786, buf17788, buf17790, buf17791, buf17792, buf17794, buf17796, buf17798, buf17799, buf17800, buf17802, buf17804, buf17806, buf17807, buf17808, buf17810, buf17812, buf17814, buf17815, buf17816, buf17818, buf17820, buf17822, buf17823, buf17824, buf17826, buf17828, buf17829, buf17830, buf17833, buf17835, buf17836, buf17837, buf17839, buf17841, buf17843, buf17844, buf17845, buf17847, buf17849, buf17851, buf17852, buf17853, buf17855, buf17857, buf17859, buf17860, buf17861, buf17863, buf17865, buf17867, buf17868, buf17869, buf17871, buf17873, buf17875, buf17876, buf17877, buf17879, buf17881, buf17882, buf17883, buf17886, buf17888, buf17889, buf17890, buf17892, buf17894, buf17896, buf17897, buf17898, buf17900, buf17902, buf17904, buf17905, buf17906, buf17908, buf17910, buf17912, buf17913, buf17914, buf17916, buf17918, buf17920, buf17921, buf17922, buf17924, buf17926, buf17928, buf17929, buf17930, buf17932, buf17934, buf17936, buf17937, buf17938, buf17940, buf17943, buf17946, buf17948, buf17950, buf17951, buf17952, buf17955, buf17957, buf17959, buf17960, buf17961, buf17964, buf17966, buf17968, buf17969, buf17970, buf17971, buf17974, buf17976, buf17978, buf17979, buf17980, buf17981, buf17984, buf17985, buf17991, buf17993, buf17995, buf17996, buf17997, buf18000, buf18002, buf18005, buf18006, buf18007, buf18009, buf18011, buf18014, buf18015, buf18016, buf18018, buf18020, buf18023, buf18024, buf18025, buf18027, buf18029, buf18032, buf18033, buf18034, buf18036, buf18038, buf18041, buf18042, buf18043, buf18045, buf18047, buf18050, buf18051, buf18052, buf18054, buf18056, buf18059, buf18060, buf18061, buf18063, buf18065, buf18066, buf18067, buf18070, buf18075, buf18076, buf18077, buf18072, buf18078, buf18080, buf18082, buf18084, buf18085, buf18086, buf18088, buf18090, buf18092, buf18093, buf18094, buf18096, buf18098, buf18100, buf18101, buf18102, buf18104, buf18106, buf18108, buf18109, buf18110, buf18112, buf18114, buf18116, buf18117, buf18118, buf18120, buf18122, buf18123, buf18124, buf18127, buf18129, buf18130, buf18131, buf18133, buf18135, buf18137, buf18138, buf18139, buf18141, buf18143, buf18145, buf18146, buf18147, buf18149, buf18151, buf18153, buf18154, buf18155, buf18157, buf18159, buf18161, buf18162, buf18163, buf18165, buf18167, buf18169, buf18170, buf18171, buf18173, buf18175, buf18176, buf18177, buf18180, buf18182, buf18183, buf18184, buf18186, buf18188, buf18190, buf18191, buf18192, buf18194, buf18196, buf18198, buf18199, buf18200, buf18202, buf18204, buf18206, buf18207, buf18208, buf18210, buf18212, buf18214, buf18215, buf18216, buf18218, buf18220, buf18222, buf18223, buf18224, buf18226, buf18228, buf18230, buf18231, buf18232, buf18234, buf18236, buf18239, buf18241, buf18243, buf18244, buf18245, buf18248, buf18250, buf18252, buf18253, buf18254, buf18257, buf18259, buf18261, buf18262, buf18263, buf18264, buf18267, buf18269, buf18271, buf18272, buf18273, buf18274, buf18277, buf18278, buf18284, buf18286, buf18288, buf18289, buf18290, buf18293, buf18295, buf18298, buf18299, buf18300, buf18302, buf18304, buf18307, buf18308, buf18309, buf18311, buf18313, buf18316, buf18317, buf18318, buf18320, buf18322, buf18325, buf18326, buf18327, buf18329, buf18331, buf18334, buf18335, buf18336, buf18338, buf18340, buf18343, buf18344, buf18345, buf18347, buf18349, buf18352, buf18353, buf18354, buf18356, buf18358, buf18359, buf18360, buf18363, buf18368, buf18369, buf18370, buf18365, buf18371, buf18373, buf18375, buf18377, buf18378, buf18379, buf18381, buf18383, buf18385, buf18386, buf18387, buf18389, buf18391, buf18393, buf18394, buf18395, buf18397, buf18399, buf18401, buf18402, buf18403, buf18405, buf18407, buf18409, buf18410, buf18411, buf18413, buf18415, buf18416, buf18417, buf18420, buf18422, buf18423, buf18424, buf18426, buf18428, buf18430, buf18431, buf18432, buf18434, buf18436, buf18438, buf18439, buf18440, buf18442, buf18444, buf18446, buf18447, buf18448, buf18450, buf18452, buf18454, buf18455, buf18456, buf18458, buf18460, buf18462, buf18463, buf18464, buf18466, buf18468, buf18469, buf18470, buf18473, buf18475, buf18476, buf18477, buf18479, buf18481, buf18483, buf18484, buf18485, buf18487, buf18489, buf18491, buf18492, buf18493, buf18495, buf18497, buf18499, buf18500, buf18501, buf18503, buf18505, buf18507, buf18508, buf18509, buf18511, buf18513, buf18515, buf18516, buf18517, buf18519, buf18521, buf18523, buf18524, buf18525, buf18527, buf18530, buf18533, buf18535, buf18537, buf18538, buf18539, buf18542, buf18544, buf18546, buf18547, buf18548, buf18551, buf18553, buf18555, buf18556, buf18557, buf18558, buf18561, buf18563, buf18565, buf18566, buf18567, buf18568, buf18571, buf18572, buf18578, buf18580, buf18582, buf18583, buf18584, buf18587, buf18589, buf18592, buf18593, buf18594, buf18596, buf18598, buf18601, buf18602, buf18603, buf18605, buf18607, buf18610, buf18611, buf18612, buf18614, buf18616, buf18619, buf18620, buf18621, buf18623, buf18625, buf18628, buf18629, buf18630, buf18632, buf18634, buf18637, buf18638, buf18639, buf18641, buf18643, buf18646, buf18647, buf18648, buf18650, buf18652, buf18653, buf18654, buf18657, buf18662, buf18663, buf18664, buf18659, buf18665, buf18667, buf18669, buf18671, buf18672, buf18673, buf18675, buf18677, buf18679, buf18680, buf18681, buf18683, buf18685, buf18687, buf18688, buf18689, buf18691, buf18693, buf18695, buf18696, buf18697, buf18699, buf18701, buf18703, buf18704, buf18705, buf18707, buf18709, buf18710, buf18711, buf18714, buf18716, buf18717, buf18718, buf18720, buf18722, buf18724, buf18725, buf18726, buf18728, buf18730, buf18732, buf18733, buf18734, buf18736, buf18738, buf18740, buf18741, buf18742, buf18744, buf18746, buf18748, buf18749, buf18750, buf18752, buf18754, buf18756, buf18757, buf18758, buf18760, buf18762, buf18763, buf18764, buf18767, buf18769, buf18770, buf18771, buf18773, buf18775, buf18777, buf18778, buf18779, buf18781, buf18783, buf18785, buf18786, buf18787, buf18789, buf18791, buf18793, buf18794, buf18795, buf18797, buf18799, buf18801, buf18802, buf18803, buf18805, buf18807, buf18809, buf18810, buf18811, buf18813, buf18815, buf18817, buf18818, buf18819, buf18821, buf18823, buf18826, buf18828, buf18830, buf18831, buf18832, buf18835, buf18837, buf18839, buf18840, buf18841, buf18844, buf18846, buf18848, buf18849, buf18850, buf18851, buf18854, buf18856, buf18858, buf18859, buf18860, buf18861, buf18864, buf18865, buf18871, buf18873, buf18875, buf18876, buf18877, buf18880, buf18882, buf18885, buf18886, buf18887, buf18889, buf18891, buf18894, buf18895, buf18896, buf18898, buf18900, buf18903, buf18904, buf18905, buf18907, buf18909, buf18912, buf18913, buf18914, buf18916, buf18918, buf18921, buf18922, buf18923, buf18925, buf18927, buf18930, buf18931, buf18932, buf18934, buf18936, buf18939, buf18940, buf18941, buf18943, buf18945, buf18946, buf18947, buf18950, buf18955, buf18956, buf18957, buf18952, buf18958, buf18960, buf18962, buf18964, buf18965, buf18966, buf18968, buf18970, buf18972, buf18973, buf18974, buf18976, buf18978, buf18980, buf18981, buf18982, buf18984, buf18986, buf18988, buf18989, buf18990, buf18992, buf18994, buf18996, buf18997, buf18998, buf19000, buf19002, buf19003, buf19004, buf19007, buf19009, buf19010, buf19011, buf19013, buf19015, buf19017, buf19018, buf19019, buf19021, buf19023, buf19025, buf19026, buf19027, buf19029, buf19031, buf19033, buf19034, buf19035, buf19037, buf19039, buf19041, buf19042, buf19043, buf19045, buf19047, buf19049, buf19050, buf19051, buf19053, buf19055, buf19056, buf19057, buf19060, buf19062, buf19063, buf19064, buf19066, buf19068, buf19070, buf19071, buf19072, buf19074, buf19076, buf19078, buf19079, buf19080, buf19082, buf19084, buf19086, buf19087, buf19088, buf19090, buf19092, buf19094, buf19095, buf19096, buf19098, buf19100, buf19102, buf19103, buf19104, buf19106, buf19108, buf19110, buf19111, buf19112, buf19114, buf19117, buf19120, buf19122, buf19124, buf19125, buf19126, buf19129, buf19131, buf19133, buf19134, buf19135, buf19138, buf19140, buf19142, buf19143, buf19144, buf19145, buf19148, buf19150, buf19152, buf19153, buf19154, buf19155, buf19158, buf19159, buf19165, buf19167, buf19169, buf19170, buf19171, buf19174, buf19176, buf19179, buf19180, buf19181, buf19183, buf19185, buf19188, buf19189, buf19190, buf19192, buf19194, buf19197, buf19198, buf19199, buf19201, buf19203, buf19206, buf19207, buf19208, buf19210, buf19212, buf19215, buf19216, buf19217, buf19219, buf19221, buf19224, buf19225, buf19226, buf19228, buf19230, buf19233, buf19234, buf19235, buf19237, buf19239, buf19240, buf19241, buf19244, buf19249, buf19250, buf19251, buf19246, buf19252, buf19254, buf19256, buf19258, buf19259, buf19260, buf19262, buf19264, buf19266, buf19267, buf19268, buf19270, buf19272, buf19274, buf19275, buf19276, buf19278, buf19280, buf19282, buf19283, buf19284, buf19286, buf19288, buf19290, buf19291, buf19292, buf19294, buf19296, buf19297, buf19298, buf19301, buf19303, buf19304, buf19305, buf19307, buf19309, buf19311, buf19312, buf19313, buf19315, buf19317, buf19319, buf19320, buf19321, buf19323, buf19325, buf19327, buf19328, buf19329, buf19331, buf19333, buf19335, buf19336, buf19337, buf19339, buf19341, buf19343, buf19344, buf19345, buf19347, buf19349, buf19350, buf19351, buf19354, buf19356, buf19357, buf19358, buf19360, buf19362, buf19364, buf19365, buf19366, buf19368, buf19370, buf19372, buf19373, buf19374, buf19376, buf19378, buf19380, buf19381, buf19382, buf19384, buf19386, buf19388, buf19389, buf19390, buf19392, buf19394, buf19396, buf19397, buf19398, buf19400, buf19402, buf19404, buf19405, buf19406, buf19408, buf19410, buf19413, buf19415, buf19417, buf19418, buf19419, buf19422, buf19424, buf19426, buf19427, buf19428, buf19431, buf19433, buf19435, buf19436, buf19437, buf19438, buf19441, buf19443, buf19445, buf19446, buf19447, buf19448, buf19451, buf19452, buf19458, buf19460, buf19462, buf19463, buf19464, buf19467, buf19469, buf19472, buf19473, buf19474, buf19476, buf19478, buf19481, buf19482, buf19483, buf19485, buf19487, buf19490, buf19491, buf19492, buf19494, buf19496, buf19499, buf19500, buf19501, buf19503, buf19505, buf19508, buf19509, buf19510, buf19512, buf19514, buf19517, buf19518, buf19519, buf19521, buf19523, buf19526, buf19527, buf19528, buf19530, buf19532, buf19533, buf19534, buf19537, buf19542, buf19543, buf19544, buf19539, buf19545, buf19547, buf19549, buf19551, buf19552, buf19553, buf19555, buf19557, buf19559, buf19560, buf19561, buf19563, buf19565, buf19567, buf19568, buf19569, buf19571, buf19573, buf19575, buf19576, buf19577, buf19579, buf19581, buf19583, buf19584, buf19585, buf19587, buf19589, buf19590, buf19591, buf19594, buf19596, buf19597, buf19598, buf19600, buf19602, buf19604, buf19605, buf19606, buf19608, buf19610, buf19612, buf19613, buf19614, buf19616, buf19618, buf19620, buf19621, buf19622, buf19624, buf19626, buf19628, buf19629, buf19630, buf19632, buf19634, buf19636, buf19637, buf19638, buf19640, buf19642, buf19643, buf19644, buf19647, buf19649, buf19650, buf19651, buf19653, buf19655, buf19657, buf19658, buf19659, buf19661, buf19663, buf19665, buf19666, buf19667, buf19669, buf19671, buf19673, buf19674, buf19675, buf19677, buf19679, buf19681, buf19682, buf19683, buf19685, buf19687, buf19689, buf19690, buf19691, buf19693, buf19695, buf19697, buf19698, buf19699, buf19701, buf19704, buf19707, buf19708, buf19713, buf19715, buf19717, buf19718, buf19719, buf19722, buf19724, buf19726, buf19727, buf19728, buf19731, buf19733, buf19735, buf19736, buf19737, buf19738, buf19741, buf19743, buf19745, buf19746, buf19747, buf19748, buf19751, buf19752, buf19758, buf19760, buf19762, buf19763, buf19764, buf19767, buf19769, buf19772, buf19773, buf19774, buf19776, buf19778, buf19781, buf19782, buf19783, buf19785, buf19787, buf19790, buf19791, buf19792, buf19794, buf19796, buf19799, buf19800, buf19801, buf19803, buf19805, buf19808, buf19809, buf19810, buf19812, buf19814, buf19817, buf19818, buf19819, buf19821, buf19823, buf19826, buf19827, buf19828, buf19830, buf19832, buf19833, buf19834, buf19837, buf19842, buf19843, buf19844, buf19839, buf19845, buf19847, buf19849, buf19851, buf19852, buf19853, buf19855, buf19857, buf19859, buf19860, buf19861, buf19863, buf19865, buf19867, buf19868, buf19869, buf19871, buf19873, buf19875, buf19876, buf19877, buf19879, buf19881, buf19883, buf19884, buf19885, buf19887, buf19889, buf19890, buf19891, buf19894, buf19896, buf19897, buf19898, buf19900, buf19902, buf19904, buf19905, buf19906, buf19908, buf19910, buf19912, buf19913, buf19914, buf19916, buf19918, buf19920, buf19921, buf19922, buf19924, buf19926, buf19928, buf19929, buf19930, buf19932, buf19934, buf19936, buf19937, buf19938, buf19940, buf19942, buf19943, buf19944, buf19947, buf19949, buf19950, buf19951, buf19953, buf19955, buf19957, buf19958, buf19959, buf19961, buf19963, buf19965, buf19966, buf19967, buf19969, buf19971, buf19973, buf19974, buf19975, buf19977, buf19979, buf19981, buf19982, buf19983, buf19985, buf19987, buf19989, buf19990, buf19991, buf19993, buf19995, buf19997, buf19998, buf19999, buf20001, buf20003, buf20006, buf20008, buf20010, buf20011, buf20012, buf20015, buf20017, buf20019, buf20020, buf20021, buf20024, buf20026, buf20028, buf20029, buf20030, buf20031, buf20034, buf20036, buf20038, buf20039, buf20040, buf20041, buf20044, buf20045, buf20051, buf20053, buf20055, buf20056, buf20057, buf20060, buf20062, buf20065, buf20066, buf20067, buf20069, buf20071, buf20074, buf20075, buf20076, buf20078, buf20080, buf20083, buf20084, buf20085, buf20087, buf20089, buf20092, buf20093, buf20094, buf20096, buf20098, buf20101, buf20102, buf20103, buf20105, buf20107, buf20110, buf20111, buf20112, buf20114, buf20116, buf20119, buf20120, buf20121, buf20123, buf20125, buf20126, buf20127, buf20130, buf20135, buf20136, buf20137, buf20132, buf20138, buf20140, buf20142, buf20144, buf20145, buf20146, buf20148, buf20150, buf20152, buf20153, buf20154, buf20156, buf20158, buf20160, buf20161, buf20162, buf20164, buf20166, buf20168, buf20169, buf20170, buf20172, buf20174, buf20176, buf20177, buf20178, buf20180, buf20182, buf20183, buf20184, buf20187, buf20189, buf20190, buf20191, buf20193, buf20195, buf20197, buf20198, buf20199, buf20201, buf20203, buf20205, buf20206, buf20207, buf20209, buf20211, buf20213, buf20214, buf20215, buf20217, buf20219, buf20221, buf20222, buf20223, buf20225, buf20227, buf20229, buf20230, buf20231, buf20233, buf20235, buf20236, buf20237, buf20240, buf20242, buf20243, buf20244, buf20246, buf20248, buf20250, buf20251, buf20252, buf20254, buf20256, buf20258, buf20259, buf20260, buf20262, buf20264, buf20266, buf20267, buf20268, buf20270, buf20272, buf20274, buf20275, buf20276, buf20278, buf20280, buf20282, buf20283, buf20284, buf20286, buf20288, buf20290, buf20291, buf20292, buf20294, buf20296, buf20299, buf20301, buf20303, buf20304, buf20305, buf20308, buf20310, buf20312, buf20313, buf20314, buf20317, buf20319, buf20321, buf20322, buf20323, buf20324, buf20327, buf20329, buf20331, buf20332, buf20333, buf20334, buf20337, buf20338, buf20344, buf20346, buf20348, buf20349, buf20350, buf20353, buf20355, buf20358, buf20359, buf20360, buf20362, buf20364, buf20367, buf20368, buf20369, buf20371, buf20373, buf20376, buf20377, buf20378, buf20380, buf20382, buf20385, buf20386, buf20387, buf20389, buf20391, buf20394, buf20395, buf20396, buf20398, buf20400, buf20403, buf20404, buf20405, buf20407, buf20409, buf20412, buf20413, buf20414, buf20416, buf20418, buf20419, buf20420, buf20423, buf20428, buf20429, buf20430, buf20425, buf20431, buf20433, buf20435, buf20437, buf20438, buf20439, buf20441, buf20443, buf20445, buf20446, buf20447, buf20449, buf20451, buf20453, buf20454, buf20455, buf20457, buf20459, buf20461, buf20462, buf20463, buf20465, buf20467, buf20469, buf20470, buf20471, buf20473, buf20475, buf20476, buf20477, buf20480, buf20482, buf20483, buf20484, buf20486, buf20488, buf20490, buf20491, buf20492, buf20494, buf20496, buf20498, buf20499, buf20500, buf20502, buf20504, buf20506, buf20507, buf20508, buf20510, buf20512, buf20514, buf20515, buf20516, buf20518, buf20520, buf20522, buf20523, buf20524, buf20526, buf20528, buf20529, buf20530, buf20533, buf20535, buf20536, buf20537, buf20539, buf20541, buf20543, buf20544, buf20545, buf20547, buf20549, buf20551, buf20552, buf20553, buf20555, buf20557, buf20559, buf20560, buf20561, buf20563, buf20565, buf20567, buf20568, buf20569, buf20571, buf20573, buf20575, buf20576, buf20577, buf20579, buf20581, buf20583, buf20584, buf20585, buf20587, buf20590, buf20593, buf20595, buf20597, buf20598, buf20599, buf20602, buf20604, buf20606, buf20607, buf20608, buf20611, buf20613, buf20615, buf20616, buf20617, buf20618, buf20621, buf20623, buf20625, buf20626, buf20627, buf20628, buf20631, buf20632, buf20638, buf20640, buf20642, buf20643, buf20644, buf20647, buf20649, buf20652, buf20653, buf20654, buf20656, buf20658, buf20661, buf20662, buf20663, buf20665, buf20667, buf20670, buf20671, buf20672, buf20674, buf20676, buf20679, buf20680, buf20681, buf20683, buf20685, buf20688, buf20689, buf20690, buf20692, buf20694, buf20697, buf20698, buf20699, buf20701, buf20703, buf20706, buf20707, buf20708, buf20710, buf20712, buf20713, buf20714, buf20717, buf20722, buf20723, buf20724, buf20719, buf20725, buf20727, buf20729, buf20731, buf20732, buf20733, buf20735, buf20737, buf20739, buf20740, buf20741, buf20743, buf20745, buf20747, buf20748, buf20749, buf20751, buf20753, buf20755, buf20756, buf20757, buf20759, buf20761, buf20763, buf20764, buf20765, buf20767, buf20769, buf20770, buf20771, buf20774, buf20776, buf20777, buf20778, buf20780, buf20782, buf20784, buf20785, buf20786, buf20788, buf20790, buf20792, buf20793, buf20794, buf20796, buf20798, buf20800, buf20801, buf20802, buf20804, buf20806, buf20808, buf20809, buf20810, buf20812, buf20814, buf20816, buf20817, buf20818, buf20820, buf20822, buf20823, buf20824, buf20827, buf20829, buf20830, buf20831, buf20833, buf20835, buf20837, buf20838, buf20839, buf20841, buf20843, buf20845, buf20846, buf20847, buf20849, buf20851, buf20853, buf20854, buf20855, buf20857, buf20859, buf20861, buf20862, buf20863, buf20865, buf20867, buf20869, buf20870, buf20871, buf20873, buf20875, buf20877, buf20878, buf20879, buf20881, buf20883, buf20886, buf20888, buf20890, buf20891, buf20892, buf20895, buf20897, buf20899, buf20900, buf20901, buf20904, buf20906, buf20908, buf20909, buf20910, buf20911, buf20914, buf20916, buf20918, buf20919, buf20920, buf20921, buf20924, buf20925, buf20931, buf20933, buf20935, buf20936, buf20937, buf20940, buf20942, buf20945, buf20946, buf20947, buf20949, buf20951, buf20954, buf20955, buf20956, buf20958, buf20960, buf20963, buf20964, buf20965, buf20967, buf20969, buf20972, buf20973, buf20974, buf20976, buf20978, buf20981, buf20982, buf20983, buf20985, buf20987, buf20990, buf20991, buf20992, buf20994, buf20996, buf20999, buf21000, buf21001, buf21003, buf21005, buf21006, buf21007, buf21010, buf21015, buf21016, buf21017, buf21012, buf21018, buf21020, buf21022, buf21024, buf21025, buf21026, buf21028, buf21030, buf21032, buf21033, buf21034, buf21036, buf21038, buf21040, buf21041, buf21042, buf21044, buf21046, buf21048, buf21049, buf21050, buf21052, buf21054, buf21056, buf21057, buf21058, buf21060, buf21062, buf21063, buf21064, buf21067, buf21069, buf21070, buf21071, buf21073, buf21075, buf21077, buf21078, buf21079, buf21081, buf21083, buf21085, buf21086, buf21087, buf21089, buf21091, buf21093, buf21094, buf21095, buf21097, buf21099, buf21101, buf21102, buf21103, buf21105, buf21107, buf21109, buf21110, buf21111, buf21113, buf21115, buf21116, buf21117, buf21120, buf21122, buf21123, buf21124, buf21126, buf21128, buf21130, buf21131, buf21132, buf21134, buf21136, buf21138, buf21139, buf21140, buf21142, buf21144, buf21146, buf21147, buf21148, buf21150, buf21152, buf21154, buf21155, buf21156, buf21158, buf21160, buf21162, buf21163, buf21164, buf21166, buf21168, buf21170, buf21171, buf21172, buf21174, buf21177, buf21180, buf21182, buf21184, buf21185, buf21186, buf21189, buf21191, buf21193, buf21194, buf21195, buf21198, buf21200, buf21202, buf21203, buf21204, buf21205, buf21208, buf21210, buf21212, buf21213, buf21214, buf21215, buf21218, buf21219, buf21225, buf21227, buf21229, buf21230, buf21231, buf21234, buf21236, buf21239, buf21240, buf21241, buf21243, buf21245, buf21248, buf21249, buf21250, buf21252, buf21254, buf21257, buf21258, buf21259, buf21261, buf21263, buf21266, buf21267, buf21268, buf21270, buf21272, buf21275, buf21276, buf21277, buf21279, buf21281, buf21284, buf21285, buf21286, buf21288, buf21290, buf21293, buf21294, buf21295, buf21297, buf21299, buf21300, buf21301, buf21304, buf21309, buf21310, buf21311, buf21306, buf21312, buf21314, buf21316, buf21318, buf21319, buf21320, buf21322, buf21324, buf21326, buf21327, buf21328, buf21330, buf21332, buf21334, buf21335, buf21336, buf21338, buf21340, buf21342, buf21343, buf21344, buf21346, buf21348, buf21350, buf21351, buf21352, buf21354, buf21356, buf21357, buf21358, buf21361, buf21363, buf21364, buf21365, buf21367, buf21369, buf21371, buf21372, buf21373, buf21375, buf21377, buf21379, buf21380, buf21381, buf21383, buf21385, buf21387, buf21388, buf21389, buf21391, buf21393, buf21395, buf21396, buf21397, buf21399, buf21401, buf21403, buf21404, buf21405, buf21407, buf21409, buf21410, buf21411, buf21414, buf21416, buf21417, buf21418, buf21420, buf21422, buf21424, buf21425, buf21426, buf21428, buf21430, buf21432, buf21433, buf21434, buf21436, buf21438, buf21440, buf21441, buf21442, buf21444, buf21446, buf21448, buf21449, buf21450, buf21452, buf21454, buf21456, buf21457, buf21458, buf21460, buf21462, buf21464, buf21465, buf21466, buf21468, buf21470, buf21473, buf21475, buf21477, buf21478, buf21479, buf21482, buf21484, buf21486, buf21487, buf21488, buf21491, buf21493, buf21495, buf21496, buf21497, buf21498, buf21501, buf21503, buf21505, buf21506, buf21507, buf21508, buf21511, buf21512, buf21518, buf21520, buf21522, buf21523, buf21524, buf21527, buf21529, buf21532, buf21533, buf21534, buf21536, buf21538, buf21541, buf21542, buf21543, buf21545, buf21547, buf21550, buf21551, buf21552, buf21554, buf21556, buf21559, buf21560, buf21561, buf21563, buf21565, buf21568, buf21569, buf21570, buf21572, buf21574, buf21577, buf21578, buf21579, buf21581, buf21583, buf21586, buf21587, buf21588, buf21590, buf21592, buf21593, buf21594, buf21597, buf21602, buf21603, buf21604, buf21599, buf21605, buf21607, buf21609, buf21611, buf21612, buf21613, buf21615, buf21617, buf21619, buf21620, buf21621, buf21623, buf21625, buf21627, buf21628, buf21629, buf21631, buf21633, buf21635, buf21636, buf21637, buf21639, buf21641, buf21643, buf21644, buf21645, buf21647, buf21649, buf21650, buf21651, buf21654, buf21656, buf21657, buf21658, buf21660, buf21662, buf21664, buf21665, buf21666, buf21668, buf21670, buf21672, buf21673, buf21674, buf21676, buf21678, buf21680, buf21681, buf21682, buf21684, buf21686, buf21688, buf21689, buf21690, buf21692, buf21694, buf21696, buf21697, buf21698, buf21700, buf21702, buf21703, buf21704, buf21707, buf21709, buf21710, buf21711, buf21713, buf21715, buf21717, buf21718, buf21719, buf21721, buf21723, buf21725, buf21726, buf21727, buf21729, buf21731, buf21733, buf21734, buf21735, buf21737, buf21739, buf21741, buf21742, buf21743, buf21745, buf21747, buf21749, buf21750, buf21751, buf21753, buf21755, buf21757, buf21758, buf21759, buf21761, buf21764, buf21767, buf21769, buf21771, buf21772, buf21773, buf21776, buf21778, buf21780, buf21781, buf21782, buf21785, buf21787, buf21789, buf21790, buf21791, buf21792, buf21795, buf21797, buf21799, buf21800, buf21801, buf21802, buf21805, buf21806, buf21812, buf21814, buf21816, buf21817, buf21818, buf21821, buf21823, buf21826, buf21827, buf21828, buf21830, buf21832, buf21835, buf21836, buf21837, buf21839, buf21841, buf21844, buf21845, buf21846, buf21848, buf21850, buf21853, buf21854, buf21855, buf21857, buf21859, buf21862, buf21863, buf21864, buf21866, buf21868, buf21871, buf21872, buf21873, buf21875, buf21877, buf21880, buf21881, buf21882, buf21884, buf21886, buf21887, buf21888, buf21891, buf21896, buf21897, buf21898, buf21893, buf21899, buf21901, buf21903, buf21905, buf21906, buf21907, buf21909, buf21911, buf21913, buf21914, buf21915, buf21917, buf21919, buf21921, buf21922, buf21923, buf21925, buf21927, buf21929, buf21930, buf21931, buf21933, buf21935, buf21937, buf21938, buf21939, buf21941, buf21943, buf21944, buf21945, buf21948, buf21950, buf21951, buf21952, buf21954, buf21956, buf21958, buf21959, buf21960, buf21962, buf21964, buf21966, buf21967, buf21968, buf21970, buf21972, buf21974, buf21975, buf21976, buf21978, buf21980, buf21982, buf21983, buf21984, buf21986, buf21988, buf21990, buf21991, buf21992, buf21994, buf21996, buf21997, buf21998, buf22001, buf22003, buf22004, buf22005, buf22007, buf22009, buf22011, buf22012, buf22013, buf22015, buf22017, buf22019, buf22020, buf22021, buf22023, buf22025, buf22027, buf22028, buf22029, buf22031, buf22033, buf22035, buf22036, buf22037, buf22039, buf22041, buf22043, buf22044, buf22045, buf22047, buf22049, buf22051, buf22052, buf22053, buf22055, buf22057, buf22060, buf22062, buf22064, buf22065, buf22066, buf22069, buf22071, buf22073, buf22074, buf22075, buf22078, buf22080, buf22082, buf22083, buf22084, buf22085, buf22088, buf22090, buf22092, buf22093, buf22094, buf22095, buf22098, buf22099, buf22105, buf22107, buf22109, buf22110, buf22111, buf22114, buf22116, buf22119, buf22120, buf22121, buf22123, buf22125, buf22128, buf22129, buf22130, buf22132, buf22134, buf22137, buf22138, buf22139, buf22141, buf22143, buf22146, buf22147, buf22148, buf22150, buf22152, buf22155, buf22156, buf22157, buf22159, buf22161, buf22164, buf22165, buf22166, buf22168, buf22170, buf22173, buf22174, buf22175, buf22177, buf22179, buf22180, buf22181, buf22184, buf22189, buf22190, buf22191, buf22186, buf22192, buf22194, buf22196, buf22198, buf22199, buf22200, buf22202, buf22204, buf22206, buf22207, buf22208, buf22210, buf22212, buf22214, buf22215, buf22216, buf22218, buf22220, buf22222, buf22223, buf22224, buf22226, buf22228, buf22230, buf22231, buf22232, buf22234, buf22236, buf22237, buf22238, buf22241, buf22243, buf22244, buf22245, buf22247, buf22249, buf22251, buf22252, buf22253, buf22255, buf22257, buf22259, buf22260, buf22261, buf22263, buf22265, buf22267, buf22268, buf22269, buf22271, buf22273, buf22275, buf22276, buf22277, buf22279, buf22281, buf22283, buf22284, buf22285, buf22287, buf22289, buf22290, buf22291, buf22294, buf22296, buf22297, buf22298, buf22300, buf22302, buf22304, buf22305, buf22306, buf22308, buf22310, buf22312, buf22313, buf22314, buf22316, buf22318, buf22320, buf22321, buf22322, buf22324, buf22326, buf22328, buf22329, buf22330, buf22332, buf22334, buf22336, buf22337, buf22338, buf22340, buf22342, buf22344, buf22345, buf22346, buf22348, buf22351, primals_4, primals_6, primals_7, primals_9, primals_10, primals_12, primals_13, primals_15, primals_16, primals_18, primals_20, primals_22, primals_23, primals_25, primals_26, primals_28, primals_29, primals_31, primals_32, primals_34, primals_36, primals_38, primals_39, primals_41, primals_42, primals_44, primals_45, primals_47, primals_48, primals_50, primals_52, primals_53, primals_55, primals_56, primals_58, primals_59, primals_61, primals_62, primals_64, primals_65, primals_67, primals_69, primals_71, primals_72, primals_74, primals_75, primals_77, primals_78, primals_80, primals_81, primals_83, primals_85, primals_86, primals_88, primals_89, primals_91, primals_92, primals_94, primals_95, primals_97, primals_99, primals_100, primals_102, primals_103, primals_105, primals_106, primals_108, primals_109, primals_111, primals_112, primals_114, primals_115, primals_116, primals_117, primals_119, primals_120, primals_121, primals_122, primals_123, primals_124, primals_125, primals_127, primals_128, primals_129, primals_130, primals_131, primals_132, primals_133, primals_134, primals_135, primals_136, primals_137, primals_138, primals_140, primals_141, primals_142, primals_143, primals_144, primals_145, primals_146, primals_147, primals_148, primals_149, primals_151, primals_152, primals_153, primals_154, primals_156, primals_157, primals_158, primals_159, primals_161, primals_162, primals_163, primals_166, primals_168, primals_170, primals_171, primals_172, primals_173, primals_175, primals_176, primals_177, primals_178, primals_180, primals_181, primals_182, primals_183, primals_184, primals_185, primals_186, primals_188, primals_189, primals_190, primals_191, primals_192, primals_193, primals_195, primals_196, primals_197, primals_198, primals_200, primals_201, primals_202, primals_203, primals_205, primals_206, primals_207, primals_208, primals_210, primals_211, primals_212, primals_213, primals_215, primals_216, primals_217, primals_218, primals_220, primals_221, primals_222, primals_223, primals_225, primals_226, primals_227, primals_228, primals_230, primals_231, primals_232, primals_233, primals_235, primals_236, primals_237, primals_238, primals_239, primals_240, primals_246, primals_242, primals_244, primals_245, primals_247, primals_249, primals_250, primals_251, primals_252, primals_254, primals_255, primals_256, primals_257, primals_259, primals_260, primals_261, primals_262, primals_264, primals_265, primals_266, primals_267, primals_269, primals_270, primals_271, primals_272, primals_274, primals_275, primals_276, primals_277, primals_278, primals_279, primals_281, primals_282, primals_284, primals_285, primals_286, primals_287, primals_289, primals_290, primals_291, primals_292, primals_294, primals_295, primals_296, primals_297, primals_299, primals_300, primals_301, primals_302, primals_304, primals_305, primals_306, primals_307, primals_309, primals_310, primals_311, primals_312, primals_313, primals_314, primals_316, primals_317, primals_319, primals_320, primals_321, primals_322, primals_324, primals_325, primals_326, primals_327, primals_329, primals_330, primals_331, primals_332, primals_334, primals_335, primals_336, primals_337, primals_339, primals_340, primals_341, primals_342, primals_344, primals_345, primals_346, primals_347, primals_349, primals_350) = self.partitions[0](partition0_args)
[rank0]:                                                                                                                                                                                                                                                                                                                                                                                                                                                                                                                                                                                                                                                                                                                                                                                                                                                                                                                                                                                                                                                                                                                                                                                                                                                                                                                                                                                                                                                                                                                                                                                                                                                                                                                                                                                                                                                                                                                                                                                                                                                                                                                                                                                                                                                                                                                                                                                                                                                                                                                                                                                                                                                                                                                                                                                                                                                                                                                                                                                                                                                                                                                                                                                                                                                                                                                                                                                                                                                                                                                                                                                                                                                                                                                                                                                                                                                                                                                                                                                                                                                                                                                                                                                                                                                                                                                                                                                                                                                                                                                                                                                                                                                                                                                                                                                                                                                                                                                                                                                                                                                                                                                                                                                                                                                                                                                                                                                                                                                                                                                                                                                                                                                                                                                                                                                                                                                                                                                                                                                                                                                                                                                                                                                                                                                                                                                                                                                                                                                                                                                                                                                                                                                                                                                                                                                                                                                                                                                                                                                                                                                                                                                                                                                                                                                                                                                                                                                                                                                                                                                                                                                                                                                                                                                                                                                                                                                                                                                                                                                                                                                                                                                                                                                                                                                                                                                                                                                                                                                                                                                                                                                                                                                                                                                                                                                                                                                                                                                                                                                                                                                                                                                                                                                                                                                                                                                                                                                                                                                                                                                                                                                                                                                                                                                                                                                                                                                                                                                                                                                                                                                                                                                                                                                                                                                                                                                                                                                                                                                                                                                                                                                                                                                                                                                                                                                                                                                                                                                                                                                                                                                                                                                                                                                                                                                                                                                                                                                                                                                                                                                                                                                                                                                                                                                                                                                                                                                                                                                                                                                                                                                                                                                                                                                                                                                                                                                                                                                                                                                                                                                                                                                                                                                                                                                                                                                                                                                                                                                                                                                                                                                                                                                                                                                                                                                                                                                                                                                                                                                                                                                                                                                                                                                                                                                                                                                                                                                                                                                                                                                                                                                                                                                                                                                                                                                                                                                                                                                                                                                                                                                                                                                                                                                                                                                                                                                                                                                                                                                                                                                                                                                                                                                                                                                                                                                                                                                                                                                                                                                                                                                                                                                                                                                                                                                                                                                                                                                                                                                                                                                                                                                                                                                                                                                                                                                                                                                                                                                                                                                                                                                                                                                                                                                                                                                                                                                                                                                                                                                                                                                                                                                                                                                                                                                                                                                                                                                                                                                                                                                                                                                                                                                                                                                                                                                                                                                                                                                                                                                                                                                                                                                                                                                                                                                                                                                                                                                                                                                                                                                                                                                                                                                                                                                                                                                                                                                                                                                                                                                                                                                                                                                                                                                                                                                                                                                                                                                                                                                                                                                                                                                                                                                                                                                                                                                                                                                                                                                                                                                                                                                                                                                                                                                                                                                                                                                                                                                                                                                                                                                                                                                                                                                                                                                                                                                                                                                                                                                                                                                                                                                                                                                                                                                                                                                                                                                                                                                                                                                                                                                                                                                                                                                                                                                                                                                                                                                                                                                                                                                                                                                                                                                                                                                                                                                                                                                                                                                                                                                                                                                                                                                                                                                                                                                                                                                                                                                                                                                                                                                                                                                                                                                                                                                                                                                                                                                                                                                                                                                                                                                                                                                                                                                                                                                                                                                                                                                                                                                                                                                                                                                                                                                                                                                                                                                                                                                                                                                                                                                                                                                                                                                                                                                                                                                                                                                                                                                                                                                                                                                                                                                                                                                                                                                                                                                                                                                                                                                                                                                                                                                                                                                                                                                                                                                                                                                                                                                                                                                                                                                                                                                                                                                                                                                                                                                                                                                                                                                                                                                                                                                                                                                                                                                                                                                                                                                                                                                                                                                                                                                                                                                                                                                                                                                                                                                                                                                                                                                                                                                                                                                                                                                                                                                                                                                                                                                                                                                                                                                                                                                                                                                                                                                                                                                                                                                                                                                                                                                                                                                                                                                                                                                                                                                                                                                                                                                                                                                                                                                                                                                                                                                                                                                                                                                                                                                                                                                                                                                                                                                                                                                                                                                                                                                                                                                                                                                                                                                                                                                                                                                                                                                                                                                                                                                                                                                                                                                                                                                                                                                                                                                                                                                                                                                                                                                                                                                                                                                                                                                                                                                                                                                                                                                                                                                                                                                                                                                                                                                                                                                                                                                                                                                                                                                                                                                                                                                                                                                                                                                                                                                                                                                                                                                                                                                                                                                                                                                                                                                                                                                                                                                                                                                                                                                                                                                                                                                                                                                                                                                                                                                                                                                                                                                                                                                                                                                                                                                                                                                                                                                                                                                                                                                                                                                                                                                                                                                                                                                                                                                                                                                                                                                                                                                                                                                                                                                                                                                                                                                                                                                                                                                                                                                                                                                                                                                                                                                                                                                                                                                                                                                                                                                                                                                                                                                                                                                                                                                                                                                                                                                                                                                                                                                                                                                                                                                                                                                                                                                                                                                                                                                                                                                                                                                                                                                                                                                                                                                                                                                                                                                                                                                                                                                                                                                                                                                                                                                                                                                                                                                                                                                                                                                                                                                                                                                                                                                                                                                                                                                                                                                                                                                                                                                                                                                                                                                                                                                                                                                                                                                                                                                                                                                                                                                                                                                                                                                                                                                                                                                                                                                                                                                                                                                                                                                                                                                                                                                                                                                                                                                                                                                                                                                                                                                                                                                                                                                                                                                                                                                                                                                                                                                                                                                                                                                                                                                                                                                                                                                                                                                                                                                                                                                                                                                                                                                                                                                                                                                                                                                                                                                                                                                                                                                                                                                                                                                                                                                                                                                                                                                                                                                                                                                                                                                                                                                                                                                                                                                                                                                                                                                                                                                                                                                                                                                                                                                                                                                                                                                                                                                                                                                                                                                                                                                                                                                                                                                                                                                                                                                                                                                                                                                                                                                                                                                                                                                                                                                                                                                                                                                                                                                                                                                                                                                                                                                                                                                                                                                                                                                                                                                                                                                                                                                                                                                                                                                                                                                                                                                                                                                                                                                                                                                                                                                                                                                                                                                                                                                                                                                                                                                                                                                                                                                                                                                                                                                                                                                                                                                                                                                                                                                                                                                                                                                                                                                                                                                                                                                                                                                                                                                                                                                                                                                                                                                                                                                                                                                                                                                                                                                                                                                                                                                                                                                                                                                                                                                                                                                                                                                                                                                                                                                                                                                                                                                                                                                                                                                                                                                                                                                                                                                                                                                                                                                                                                                                                                                                                                                                                                                                                                                                                                                                                                                                                                                                                                                                                                                                                                                                                                                                                                                                                                                                                                                                                                                                                                                                                                                                                                                                                                                                                                                                                                                                                                                                                                                                                                                                                                                                                                                                                                                                                                                                                                                                                                                                                                                                                                                                                                                                                                                                                                                                                                                                                                                                                                                                                                                                                                                                                                                                                                                                                                                                                                                                                                                                                                                                                                                                                                                                                                                                                                                                                                                                                                                                                                                                                                                                                                                                                                                                                                                                                                                                                                                                                                                                                                                                                                                                                                                                                                                                                                                                                                                                                                                                                                                                                                                                                                                                                                                                                                                                                                                                                                                                                                                                                                                                                                                                                                                                                                                                                                                                                                                                                                                                                                                                                                                                                                                                                                                                                                                                                                                                                                                                                                                                                                                                                                                                                                                                                                                                                                                                                                                                                                                                                                                                                                                                                                                                                                                                                                                                                                                                                                                                                                                                                                                                                                                                                                                                                                                                                                                                                                                                                                                                                                                                                                                                                                                                                                                                                                                                                                                                                                                                                                                                                                                                                                                                                                                                                                                                                                                                                                                                                                                                                                                                                                                                                                                                                                                                                                                                                                                                                                                                                                                                                                                                                                                                                                                                                                                                                                                                                                                                                                                                                                                                                                                                                                                                                                                                                                                                                                                                                                                                                                                                                                                                                                                                                                                                                                                                                                                                                                                                                                                                                                                                                                                                                                                                                                                                                                                                                                                                                                                                                                                                                                                                                                                                                                                                                                                                                                                                                                                                                                                                                                                                                                                                                                                                                                                                                                                                                                                                                                                                                                                                                                                                                                                                                                                                                                                                                                                                                                                                                                                                                                                                                                                                                                                                                                                                                                                                                                                                                                                                                                                                                                                                                                                                                                                                                                                                                                                                                                                                                                                                                                                                                                                                                                                                                                                                                                                                                                                                                                                                                                                                                                                                                                                                                                                                                                                                                                                                                                                                                                                                                                                                                                                                                                                                                                                                                                                                                                                                                                                                                                                                                                                                                                                                                                                                                                                                                                                                                                                                                                                                                                                                                                                                                                                                                                                                                                                                                                                                                                                                                                                                                                                                                                                                                                                                                                                                                                                                                                                                                                                                                                                                                                                                                                                                                                                                                                                                                                                                                                                                                                                                                                                                                                                                                                                                                                                                                                                                                                                                                                                                                                                                                                                                                                                                                                                                                                                                                                                                                                                                                                                                                                                                                                                                                                                                                                                                                                                                                                                                                                                                                                                                                                                                                                                                                                                                                                                                                                                                                                                                                                                                                                                                                                                                                                                                                                                                                                                                                                                                                                                                                                                                                                                                                                                                                                                                                                                                                                                                                                                                                                                                                                                                                                                                                                                                                                                                                                                                                                                                                                                                                                                                                                                                                                                                                                                                                                                                                                                                                                                                                                                                                                                                                                                                                                                                                                                                                                                                                                                                                                                                                                                                                                                                                                                                                                                                                                                                                                                                                                                                                                                                                                                                                                                                                                                                                                                                                                                                                                                                                                                                                                                                                                                                                                                                                                                                                                                                                                                                                                                                                                                                                                                                                                                                                                                                                                                                                                                                                                                                                                                                                                                                                                                                                                                                                                                                                                                                                                                                                                                                                                                                                                                                                                                                                                                                                                                                                                                                                                                                                                                                                                                                                                                                                                                                                                                                                                                                                                                                                                                                                                                                                                                                                                                                                                                                                                                                                                                                                                                                                                                                                                                                                                                                                                                                                                                                                                                                                                                                                                                                                                                                                                                                                                                                                                                                                                                                                                                                                                                                                                                                                                                                                                                                                                                                                                                                                                                                                                                                                                                                                                                                                                                                                                                                                                                                                                                                                                                                                                                                                                                                                                                                                                                                                                                                                                                                                                                                                                                                                                                                                                                                                                                                                                                                                                                                                                                                                                                                                                                                                                                                                                                                                                                                                                                                                                                                                                                                                                                                                                                                                                                                                                                                                                                                                                                                                                                                                                                                                                                                                                                                                                                                                                                                                                                                                                                                                                                                                                                                                                                                                                                                                                                                                                                                                                                                                                                                                                                                                                                                                                                                                                                                                                                                                                                                                                                                                                                                                                                                                                                                                                                                                                                                                                                                                                                                                                                                                                                                                                                                                                                                                                                                                                                                                                                                                                                                                                                                                                                                                                                                                                                                                                                                                                                                                                                                                                                                                                                                                                                                                                                                                                                                                                                                                                                                                                                                                                                                                                                                                                                                                                                                                                                                                                                                                                                                                                                                                                                                                                                                                                                                                                                                                                                                                                                                                                                                                                                                                                                                                                                                                                                                                                                                                                                                                                                                                                                                                                                                                                                                                                                                                                                                                                                                                                                                                                                                                                                                                                                                                                                                                                                                                                                                                                                                                                                                                                                                                                                                                                                                                                                                                                                                                                                                                                                                                                                                                                                                                                                                                                                                                                                                                                                                                                                                                                                                                                                                                                                                                                                                                                                                                                                                                                                                                                                                                                                                                                                                                                                                                                                                                                                                                                                                                                                                                                                                                                                                                                                                                                                                                                                                                                                                                                                                                                                                                                                                                                                                                                                                                                                                                                                                                                                                                                                                                                                                                                                                                                                                                                                                                                                                                                                                                                                                                                                                                                                                                                                                                                                                                                                                                                                                                                                                                                                                                                                                                                                                                                                                                                                                                                                                                                                                                                                                                                                                                                                                                                                                                                                                                                                                                                                                                                                                                                                                                                                                                                                                                                                                                                                                                                                                                                                                                                                                                                                                                                                                                                                                                                                                                                                                                                                                                                                                                                                                                                                                                                                                                                                                                                                                                                                                                                                                                                                                                                                                                                                                                                                                                                                                                                                                                                                                                                                                                                                                                                                                                                                                                                                                                                                                                                                                                                                                                                                                                                                                                                                                                                                                                                                                                                                                                                                                                                                                                                                                                                                                                                                                                                                                                                                                                                                                                                                                                                                                                                                                                                                                                                                                                                                                                                                                                                                                                                                                                                                                                                                                                                                                                                                                                                                                                                                                                                                                                                                                                                                                                                                                                                                                                                                                                                                                                                                                                                                                                                                                                                                                                                                                                                                                                                                                                                                                                                                                                                                                                                                                                                                                                                                                                                                                                                                                                                                                                                                                                                                                                                                                                                                                                                                                                                                                                                                                                                                                                                                                                                                                                                                                                                                                                                                                                                                                                                                                                                                                                                                                                                                                                                                                                                                                                                                                                                                                                                                                                                                                                                                                                                                                                                                                                                                                                                                                                                                                                                                                                                                                                                                                                                                                                                                                                                                                                                                                                                                                                                                                                                                                                                                                                                                                                                                                                                                                                                                                                                                                                                                                                                                                                                                                                                                                                                                                                                                                                                                                                                                                                                                                                                                                                                                                                                                                                                                                                                                                                                                                                                                                                                                                                                                                                                                                                                                                                                                                                                                                                                                                                                                                                                                                                                                                                                                                                                                                                                                                                                                                                                                                                                                                                                                                                                                                                                                                                                                                                                                                                                                                                                                                                                                                                                                                                                                                                                                                                                                                                                                                                                                                                                                                                                                                                                                                                                                                                                                                                                                                                                                                                                                                                                                                                                                                                                                                                                                                                                                                                                                                                                                                                                                                                                                                                                                                                                                                                                                                                                                                                                                                                                                                                                                                                                                                                                                                                                                                                                                                                                                                                                                                                                                                                                                                                                                                                                                                                                                                                                                                                                                                                                                                                                                                                                                                                                                                                                                                                                                                                                                                                                                                                                                                                                                                                                                                                                                                                                                                                                                                                                                                                                                                                                                                                                                                                                                                                                                                                                                                                                                                                                                                                                                                                                                                                                                                                                                                                                                                                                                                                                                                                                                                                                                                                                                                                                                                                                                                                                                                                                                                                                                                                                                                                                                                                                                                                                                                                                                                                                                                                                                                                                                                                                                                                                                                                                                                                                                                                                                                                                                                                                                                                                                                                                                                                                                                                                                                                                                                                                                                                                                                                                                                                                                                                                                                                                                                                                                                                                                                                                                                                                                                                                                                                                                                                                                                                                                                                                                                                                                                                                                                                                                                                                                                                                                                                                                                                                                                                                                                                                                                                                                                                                                                                                                                                                                                                                                                                                                                                                                                                                                                                                                                                                                                                                                                                                                                                                                                                                                                                                                                                                                                                                                                                                                                                                                                                                                                                                                                                                                                                                                                                                                                                                                                                                                                                                                                                                                                                                                                                                                                                                                                                                                                                                                                                                                                                                                                                                                                                                                                                                                                                                                                                                                                                                                                                                                                                                                                                                                                                                                                                                                                                                                                                                                                                                                                                                                                                                                                                                                                                                                                                                                                                                                                                                                                                                                                                                                                                                                                                                                                                                                                                                                                                                                                                                                                                                                                                                                                                                                                                                                                                                                                                                                                                                                                                                                                                                                                                                                                                                                                                                                                                                                                                                                                                                                                                                                                                                                                                                                                                                                                                                                                                                                                                                                                                                                                                                                                                                                                                                                                                                                                                                                                                                                                                                                                                                                                                                                                                                                                                                                                                                                                                                                                                                                                                                                                                                                                                                                                                                                                                                                                                                                                                                                                                                                                                                                                                                                                                                                                                                                                                                                                                                                                                                                                                                                                                                                                                                                                                                                                                                                                                                                                                                                                                                                                                                                                                                                                                                                                                                                                                                                                                                                                                                                                                                                                                                                                                                                                                                                                                                                                                                                                                                                                                                                                                                                                                                                                                                                                                                                                                                                                                                                                                                                                                                                                                                                                                                                                                                                                                                                                                                                                                                                                                                                                                                                                                                                                                                                                                                                                                                                                                                                                                                                                                                                                                                                                                                                                                                                                                                                                                                                                                                                                                                                                                                                                                                                                                                                                                                                                                                                                                                                                                                                                                                                                                                                                                                                                                                                                                                                                                                                                                                                                                                                                                                                                                                                                                                                                                                                                                                                                                                                                                                                                                                                                                                                                                                                                                                                                                                                                                                                                                                                                                                                                                                                                                                                                                                                                                                                                                                                                                                                                                                                                                                                                                                                                                                                                                                                                                                                                                                                                                                                                                                                                                                                                                                                                                                                                                                                                                                                                                                                                                                                                                                                                                                                                                                                                                                                                                                                                                                                                                                                                                                                                                                                                                                                                                                                                                                                                                                                                                                                                                                                                                                                                                                                                                                                                                                                                                                                                                                                                                                                                                                                                                                                                                                                                                                                                                                                                                                                                                                                                                                                                                                                                                                                                                                                                                                                                                                                                                                                                                                                                                                                                                                                                                                                                                                                                                                                                                                                                                                                                                                                                                                                                                                                                                                                                                                                                                                                                                                                                                                                                                                                                                                                                                                                                                                                                                                                                                                                                                                                                                                                                                                                                                                                                                                                                                                                                                                                                                                                                                                                                                                                                                                                                                                                                                                                                                                                                                                                                                                                                                                                                                                                                                                                                                                                                                                                                                                                                                                                                                                                                                                                                                                                                                                                                                                                                                                                                                                                                                                                                                                                                                                                                                                                                                                                                                                                                                                                                                                                                                                                                                                                                                                                                                                                                                                                                                                                                                                                                                                                                                                                                                                                                                                                                                                                                                                                                                                                                                                                                                                                                                                                                                                                                                                                                                                                                                                                                                                                                                                                                                                                                                                                                                                                                                                                                                                                                                                                                                                                                                                                                                                                                                                                                                                                                                                                                                                                                                                                                                                                                                                                                                                                                                                                                                                                                                                                                                                                                                                                                                                                                                                                                                                                                                                                                                                                                                                                                                                                                                                                                                                                                                                                                                                                                                              ^^^^^^^^^^^^^^^^^^^^^^^^^^^^^^^^^^^
[rank0]:   File "/project/6101839/piado/vae/snth/lib/python3.11/site-packages/torch/_inductor/compile_fx.py", line 1843, in run
[rank0]:     return compiled_fn(new_inputs)  # type: ignore[arg-type]
[rank0]:            ^^^^^^^^^^^^^^^^^^^^^^^
[rank0]:   File "/project/6101839/piado/vae/snth/lib/python3.11/site-packages/torch/_inductor/cudagraph_trees.py", line 404, in deferred_cudagraphify
[rank0]:     fn, out = cudagraphify(model, inputs, new_static_input_idxs, *args, **kwargs)
[rank0]:               ^^^^^^^^^^^^^^^^^^^^^^^^^^^^^^^^^^^^^^^^^^^^^^^^^^^^^^^^^^^^^^^^^^^
[rank0]:   File "/project/6101839/piado/vae/snth/lib/python3.11/site-packages/torch/_inductor/cudagraph_trees.py", line 464, in cudagraphify
[rank0]:     return manager.add_function(
[rank0]:            ^^^^^^^^^^^^^^^^^^^^^
[rank0]:   File "/project/6101839/piado/vae/snth/lib/python3.11/site-packages/torch/_inductor/cudagraph_trees.py", line 2337, in add_function
[rank0]:     return fn, fn(inputs)
[rank0]:                ^^^^^^^^^^
[rank0]:   File "/project/6101839/piado/vae/snth/lib/python3.11/site-packages/torch/_inductor/cudagraph_trees.py", line 2033, in run
[rank0]:     out = self._run(new_inputs, function_id)
[rank0]:           ^^^^^^^^^^^^^^^^^^^^^^^^^^^^^^^^^^
[rank0]:   File "/project/6101839/piado/vae/snth/lib/python3.11/site-packages/torch/_inductor/cudagraph_trees.py", line 2137, in _run
[rank0]:     return self.run_eager(new_inputs, function_id)
[rank0]:            ^^^^^^^^^^^^^^^^^^^^^^^^^^^^^^^^^^^^^^^
[rank0]:   File "/project/6101839/piado/vae/snth/lib/python3.11/site-packages/torch/_inductor/cudagraph_trees.py", line 2298, in run_eager
[rank0]:     return node.run(new_inputs)
[rank0]:            ^^^^^^^^^^^^^^^^^^^^
[rank0]:   File "/project/6101839/piado/vae/snth/lib/python3.11/site-packages/torch/_inductor/cudagraph_trees.py", line 692, in run
[rank0]:     out = self.wrapped_function.model(new_inputs)
[rank0]:           ^^^^^^^^^^^^^^^^^^^^^^^^^^^^^^^^^^^^^^^
[rank0]:   File "/tmp/.torchinductor/3i/c3idafdz2gbieb44amlplr6acful4la3khur54k7kls6nozjg477.py", line 11017, in partition_0
[rank0]:     buf586 = extern_kernels.convolution(buf584, buf585, stride=(1, 1, 1), padding=(0, 0, 0), dilation=(1, 1, 1), transposed=False, output_padding=(0, 0, 0), groups=1, bias=None)
[rank0]:              ^^^^^^^^^^^^^^^^^^^^^^^^^^^^^^^^^^^^^^^^^^^^^^^^^^^^^^^^^^^^^^^^^^^^^^^^^^^^^^^^^^^^^^^^^^^^^^^^^^^^^^^^^^^^^^^^^^^^^^^^^^^^^^^^^^^^^^^^^^^^^^^^^^^^^^^^^^^^^^^^^^^^
[rank0]:   File "/project/6101839/piado/vae/snth/lib/python3.11/site-packages/torch/utils/_device.py", line 109, in __torch_function__
[rank0]:     return func(*args, **kwargs)
[rank0]:            ^^^^^^^^^^^^^^^^^^^^^
[rank0]: torch.OutOfMemoryError: CUDA out of memory. Tried to allocate 432.00 MiB. GPU 0 has a total capacity of 44.39 GiB of which 262.12 MiB is free. Including non-PyTorch memory, this process has 44.13 GiB memory in use. Of the allocated memory 41.55 GiB is allocated by PyTorch, with 110.12 MiB allocated in private pools (e.g., CUDA Graphs), and 1.58 GiB is reserved by PyTorch but unallocated. If reserved but unallocated memory is large try setting PYTORCH_ALLOC_CONF=expandable_segments:True to avoid fragmentation.  See documentation for Memory Management  (https://pytorch.org/docs/stable/notes/cuda.html#environment-variables)
[rank0]:[W615 08:15:36.946383960 ProcessGroupNCCL.cpp:1553] Warning: WARNING: destroy_process_group() was not called before program exit, which can leak resources. For more info, please see https://pytorch.org/docs/stable/distributed.html#shutdown (function operator())
Traceback (most recent call last):
  File "/project/6101839/piado/vae/snth/bin/accelerate", line 7, in <module>
    sys.exit(main())
             ^^^^^^
  File "/project/6101839/piado/vae/snth/lib/python3.11/site-packages/accelerate/commands/accelerate_cli.py", line 50, in main
    args.func(args)
  File "/project/6101839/piado/vae/snth/lib/python3.11/site-packages/accelerate/commands/launch.py", line 1281, in launch_command
    simple_launcher(args)
  File "/project/6101839/piado/vae/snth/lib/python3.11/site-packages/accelerate/commands/launch.py", line 869, in simple_launcher
    raise subprocess.CalledProcessError(returncode=process.returncode, cmd=cmd)
subprocess.CalledProcessError: Command '['/project/6101839/piado/vae/snth/bin/python', '/home/piado/projects/aip-lindell/piado/vae/Open-Sora/scripts/vae/train.py', '/home/piado/projects/aip-lindell/piado/vae/Open-Sora/configs/vae/train/wan_multiview_finetune.py', '--experiment_name', 'res_sweep_8frames_512px__job3960503_t4', '--wandb_expr_name', 'res_sweep_8frames_512px', '--data_preset', 'all_people_one_expression', '--profile_timing', 'False', '--profile_step', 'False', '--wandb', 'True', '--log_every', '1000', '--eval_every', '1000', '--full_eval_every', '5000', '--log_milestones', '[10,100,500]', '--eval_milestones', '[10,100,500]', '--debug_stats_every', '100', '--log_memory', 'True', '--optimization', 'True', '--optimization_compile_mode', 'reduce-overhead', '--save_ckpt', 'True', '--keep_n_latest', '3', '--epochs', '100000', '--nersemble_processed_base', '/datasets/lindell-proj/neumayr/nersemble_v2/processed/8-frames', '--bucket_config', "{'512px_ar1:1': {9: (1.0, 1)}}", '--batch_size', '4', '--accumulation_steps', '1']' returned non-zero exit status 1.
