chgrp: changing group of 'outputs/res_sweep_4frames_1024px__job3960496_t2/config.txt': Operation not permitted
chgrp: changing group of 'outputs/res_sweep_4frames_1024px__job3960496_t2': Operation not permitted
[[34m2026-06-15 07:07:55[0m] Experiment directory created at outputs/res_sweep_4frames_1024px__job3960496_t2
[[34m2026-06-15 07:07:55[0m] Determinism mode: cuBLAS workspace, cudnn deterministic, TF32 disabled, torch.use_deterministic_algorithms(warn_only=True); data workers use seed+worker_id; epoch Python RNG uses seed+rank. Multi-GPU ZeRO and BF16 may still break bit-for-bit replay.
[[34m2026-06-15 07:07:55[0m] Using explicit global grad clipping (max_norm=2.0) with DP all-reduce; plugin-internal clipping disabled to avoid ZeRO shard-local clipping ambiguity.
[[34m2026-06-15 07:07:55[0m] Training configuration:
 {'DATA_ROOT': '/datasets/lindell-proj/neumayr/nersemble_v2/processed/4-frames/1024-res',
 '_gen_loss_config': None,
 '_optim_discriminator': None,
 '_resolved': {'bucket_key': '128px_ar1:1',
               'data_root': '/datasets/lindell-proj/neumayr/nersemble_v2/processed/8-frames/128-res',
               'load_from_128_for_64_high_t': False,
               'load_res_fallback': None,
               'target_px': 128,
               'train_target_frames': 9,
               'train_target_hw': (128, 128)},
 '_val_participants': [97, 175, 226, 18, 30, 38, 85, 124, 227, 240],
 'accumulation_steps': 4,
 'all_people_expression_sequence': 'EMO-1-shout+laugh',
 'batch_size': 1,
 'bucket_config': {'1024px_ar1:1': {9: (1.0, 1)}},
 'config_path': '/home/piado/projects/aip-lindell/piado/vae/Open-Sora/configs/vae/train/wan_multiview_finetune.py',
 'data_preset': 'all_people_one_expression',
 'dataset': {'data_path': '/datasets/lindell-proj/neumayr/nersemble_v2/processed/4-frames/1024-res',
             'exclude_participants': [97,
                                      175,
                                      226,
                                      18,
                                      30,
                                      38,
                                      85,
                                      124,
                                      227,
                                      240],
             'expression_sequence': 'EMO-1-shout+laugh',
             'participants': None,
             'repeat': 1,
             'scan_subdirs': True,
             'skip_mismatched_views': True,
             'type': 'pt_video'},
 'dataset_presets': {'__default__': {'data_path': '/datasets/lindell-proj/neumayr/nersemble_v2/processed/4-frames/1024-res',
                                     'participants': [17,
                                                      18,
                                                      30,
                                                      31,
                                                      32,
                                                      33,
                                                      35,
                                                      36,
                                                      37],
                                     'repeat': 1,
                                     'scan_subdirs': True,
                                     'type': 'pt_video'},
                     'all_people': {'data_path': '/datasets/lindell-proj/neumayr/nersemble_v2/processed/4-frames/1024-res',
                                    'exclude_participants': [97,
                                                             175,
                                                             226,
                                                             18,
                                                             30,
                                                             38,
                                                             85,
                                                             124,
                                                             227,
                                                             240],
                                    'expected_views': 2,
                                    'participants': None,
                                    'repeat': 1,
                                    'scan_subdirs': True,
                                    'skip_mismatched_views': True,
                                    'type': 'pt_video'},
                     'all_people_one_expression': {'data_path': '/datasets/lindell-proj/neumayr/nersemble_v2/processed/4-frames/1024-res',
                                                   'exclude_participants': [97,
                                                                            175,
                                                                            226,
                                                                            18,
                                                                            30,
                                                                            38,
                                                                            85,
                                                                            124,
                                                                            227,
                                                                            240],
                                                   'expression_sequence': 'EMO-1-shout+laugh',
                                                   'participants': None,
                                                   'repeat': 1,
                                                   'scan_subdirs': True,
                                                   'skip_mismatched_views': True,
                                                   'type': 'pt_video'},
                     'one_person': {'data_path': '/datasets/lindell-proj/neumayr/nersemble_v2/processed/4-frames/1024-res',
                                    'exclude_sequences': ['EMO-4-disgust+happy',
                                                          'SEN-10-port_strong_smokey'],
                                    'participants': [18],
                                    'repeat': 1,
                                    'scan_subdirs': True,
                                    'type': 'pt_video'},
                     'single_sequence': {'data_path': '/datasets/lindell-proj/neumayr/nersemble_v2/processed/4-frames/1024-res/p017/EMO-1-shout+laugh/frames.pt',
                                         'repeat': 1,
                                         'type': 'pt_video'},
                     'some_people': {'data_path': '/datasets/lindell-proj/neumayr/nersemble_v2/processed/4-frames/1024-res',
                                     'participants': [17,
                                                      31,
                                                      32,
                                                      33,
                                                      35,
                                                      36,
                                                      37],
                                     'repeat': 1,
                                     'scan_subdirs': True,
                                     'type': 'pt_video'}},
 'debug_stats_every': 100,
 'debug_stats_start_step': 0,
 'debug_stats_weight_every': 50,
 'deterministic': True,
 'disc_learning_rate': None,
 'disc_multiview_mode': 'joint_4d',
 'disc_per_frame_2d': False,
 'discriminator': None,
 'discriminator_choice': 'none',
 'dtype': 'bf16',
 'dynamo_backend': 'no',
 'ema_decay': 0.9999,
 'epochs': 100000,
 'eval_batch_size': 1,
 'eval_every': 1000,
 'eval_milestones': [10, 100, 500],
 'eval_num_samples': 0,
 'eval_use_ema': True,
 'experiment_name': 'res_sweep_4frames_1024px__job3960496_t2',
 'final_eval': True,
 'final_eval_num_samples': 0,
 'fixed_seq_eval_every_epochs': 0,
 'full_eval_every': 5000,
 'gan_log_adaptive_grad_metrics': False,
 'gen_disc_weight': None,
 'grad_checkpoint': True,
 'grad_clip': 2.0,
 'keep_n_latest': 3,
 'kl_loss_weight': 1e-06,
 'learning_rate': 0.0001,
 'log_bottleneck_every': 0,
 'log_every': 1000,
 'log_latent_shapes_every': 0,
 'log_memory': True,
 'log_milestones': [10, 100, 500],
 'log_step_time': True,
 'log_training_design_summary': True,
 'log_training_param_overview': True,
 'logvar_init': 0.0,
 'lr_scheduler': {'decay_factor': 0.5,
                  'decay_steps': 5000,
                  'min_lr': 5e-06,
                  'use_exponential_decay': True,
                  'warmup_steps': 100},
 'mixed_image_ratio': 0.0,
 'mixed_strategy': None,
 'model': {'freeze_temporal': True,
           'from_pretrained': '/home/piado/scratch/Wan2.1_VAE.pth',
           'from_scratch': False,
           'full_finetune_decoder': False,
           'fusion_mode': 'cross_attention',
           'lora_rank': 32,
           'train_spatial': True,
           'type': 'multiview_wan_video_vae',
           'use_crossview_encoder': True,
           'use_lora': True,
           'use_lora_after': True,
           'use_lora_before': False,
           'use_view_embedding': False,
           'use_view_group_fusion': False,
           'use_viewwise_decoder_lora': False,
           'view_compression': 2,
           'view_in': 0,
           'view_mixing_strategy': 'embedding',
           'z_dim': 16},
 'nersemble_processed_base': '/datasets/lindell-proj/neumayr/nersemble_v2/processed/4-frames',
 'num_bucket_build_workers': 1,
 'num_reconstruction_vis_samples': 3,
 'num_workers': 8,
 'optim': {'betas': (0.9, 0.98),
           'cls': 'AdamW',
           'eps': 1e-08,
           'lr': 0.0001,
           'weight_decay': 0.0},
 'optimization': True,
 'optimization_compile_mode': 'reduce-overhead',
 'outputs': 'outputs',
 'perceptual_loss_weight': 1.5,
 'persistent_workers': True,
 'pin_memory_cache_pre_alloc_numels': None,
 'plugin': 'none',
 'plugin_config': {'overlap_allgather': False, 'reduce_bucket_size_in_m': 128},
 'prefetch_factor': 4,
 'profile_step': False,
 'profile_timing': False,
 'profile_timing_step': 50,
 'save_ckpt': True,
 'seed': 42,
 'sweep_gen_disc_weight': None,
 'train_psnr_guard': False,
 'train_psnr_guard_consecutive': 5,
 'train_psnr_guard_min_epochs': 0,
 'train_psnr_guard_start_epoch': 0,
 'train_psnr_guard_threshold': 15.0,
 'train_target_frames': 9,
 'train_target_hw': (1024, 1024),
 'update_warmup_steps': False,
 'vae_loss_config': {'kl_loss_weight': 1e-06,
                     'logvar_init': 0.0,
                     'perceptual_loss_weight': 1.5,
                     'view_consistency_weight': 0.0},
 'vae_loss_preset': 'default',
 'vae_target_range': '[-1,1]',
 'val_dataset': {'data_path': '/datasets/lindell-proj/neumayr/nersemble_v2/processed/4-frames/1024-res',
                 'expression_sequence': 'EMO-1-shout+laugh',
                 'participants': [97, 175, 226, 18, 30, 38, 85, 124, 227, 240],
                 'repeat': 1,
                 'scan_subdirs': True,
                 'skip_mismatched_views': True,
                 'type': 'pt_video'},
 'val_dataset_presets': {'__default__': None,
                         'all_people': {'data_path': '/datasets/lindell-proj/neumayr/nersemble_v2/processed/4-frames/1024-res',
                                        'expected_views': 2,
                                        'participants': [97,
                                                         175,
                                                         226,
                                                         18,
                                                         30,
                                                         38,
                                                         85,
                                                         124,
                                                         227,
                                                         240],
                                        'repeat': 1,
                                        'scan_subdirs': True,
                                        'skip_mismatched_views': True,
                                        'type': 'pt_video'},
                         'all_people_one_expression': {'data_path': '/datasets/lindell-proj/neumayr/nersemble_v2/processed/4-frames/1024-res',
                                                       'expression_sequence': 'EMO-1-shout+laugh',
                                                       'participants': [97,
                                                                        175,
                                                                        226,
                                                                        18,
                                                                        30,
                                                                        38,
                                                                        85,
                                                                        124,
                                                                        227,
                                                                        240],
                                                       'repeat': 1,
                                                       'scan_subdirs': True,
                                                       'skip_mismatched_views': True,
                                                       'type': 'pt_video'},
                         'one_person': {'data_path': '/datasets/lindell-proj/neumayr/nersemble_v2/processed/4-frames/1024-res',
                                        'include_only_sequences': ['EMO-4-disgust+happy',
                                                                   'SEN-10-port_strong_smokey'],
                                        'participants': [17],
                                        'repeat': 1,
                                        'scan_subdirs': True,
                                        'type': 'pt_video'},
                         'single_sequence': None,
                         'some_people': {'data_path': '/datasets/lindell-proj/neumayr/nersemble_v2/processed/4-frames/1024-res',
                                         'participants': [18, 30],
                                         'repeat': 1,
                                         'scan_subdirs': True,
                                         'type': 'pt_video'}},
 'view_consistency_weight': 0.0,
 'view_flatten_in_disc': False,
 'view_flatten_in_loss': False,
 'wandb': True,
 'wandb_expr_name': 'res_sweep_4frames_1024px',
 'wandb_min_steps_before_init': 10,
 'wandb_project': 'wan_multiview_vae'}
[[34m2026-06-15 07:07:55[0m] Building dataset...
[[34m2026-06-15 07:07:55[0m] Dataset contains 405 samples.
[[34m2026-06-15 07:07:55[0m] Val (held-out) dataset contains 10 samples.
[[34m2026-06-15 07:07:55[0m] Fixed per-frame eval sequence name: EMO-1-shout+laugh (train idx=0, val idx=0)
[[34m2026-06-15 07:07:55[0m] Building models...
[[34m2026-06-15 07:07:57[0m] Auto-detected model.view_in=4 from first dataset sample
[[34m2026-06-15 07:07:59[0m] [MultiviewWanVideoVAE] Number of parameters: 161.23 M
[[34m2026-06-15 07:07:59[0m] [MultiviewWanVideoVAE] Number of trainable parameters: 75.13 M
[[34m2026-06-15 07:08:01[0m] EMA model created.
[[34m2026-06-15 07:08:01[0m] [optimization] channels_last_3d: disabled (fragile with view() ops and compile cache)
[[34m2026-06-15 07:08:01[0m] VAE trainable params (optimizer): 78,780,400
[[34m2026-06-15 07:08:01[0m] [optimization] torch.compile: mode=reduce-overhead (first step will be slow)
[[34m2026-06-15 07:08:01[0m] Preparing for distributed training...
[[34m2026-06-15 07:08:01[0m] Optimizer AdamW has no `.backward`; using booster.backward(loss=...) compatibility path.
[[34m2026-06-15 07:08:01[0m] Boosted model for distributed training
[[34m2026-06-15 07:08:01[0m] Training for 100000 epochs with 405 steps per epoch
[[34m2026-06-15 07:08:01[0m] [optimization] Warming up torch.compile eval graph (one-time, before training loop)...
[[34m2026-06-15 07:08:46[0m] [AttentionMultiViewVideoVan] latent shape: (1, 16, 9, 128, 128)  (B=1, z_dim=16, T'=9, H'=128, W'=128)
[[34m2026-06-15 07:13:57[0m] [optimization] Eval graph warm-up done.
[rank0]:[W615 07:13:57.758046397 ProcessGroupNCCL.cpp:5138] Guessing device ID based on global rank. This can cause a hang if rank to GPU mapping is heterogeneous. You can specify device_id in init_process_group()
train:   0%|          | 0/405 [00:00<?, ?it/s]train:   0%|          | 0/405 [00:00<?, ?it/s, epoch=0]train:   0%|          | 1/405 [00:06<41:35,  6.18s/it, epoch=0][[34m2026-06-15 07:14:05[0m] ======== Wan multiview / crossview design summary (one-time) ========
[[34m2026-06-15 07:14:05[0m] use_crossview_encoder=True
[[34m2026-06-15 07:14:05[0m] fusion_mode='cross_attention'
[[34m2026-06-15 07:14:05[0m]   -> Bidirectional cross-attention between views: each view attends to the other view’s tokens, then features are combined for the rest of the encoder/decoder. Strong when views are aligned but not identical.
[[34m2026-06-15 07:14:05[0m] view_in=4, view_mixing_strategy=embedding
[[34m2026-06-15 07:14:05[0m] use_view_embedding vs use_viewwise_decoder_lora: per-view additive embeddings bias early (or latent) features with a small vector per view; viewwise_decoder_lora adds low-rank adapters on the decoder side conditioned by view index—typically more flexible than a single embedding per view for reconstruction, at the cost of more trainable parameters.
[[34m2026-06-15 07:14:05[0m]   use_view_embedding=False
[[34m2026-06-15 07:14:05[0m]   use_viewwise_decoder_lora=False
[[34m2026-06-15 07:14:05[0m] use_lora=True, use_lora_before=False, use_lora_after=True, lora_rank=32. Before = LoRA on the encoder stem / early downsampling; after = bottleneck and later decoder. Both can be enabled for two complementary adaptation regions.
[[34m2026-06-15 07:14:05[0m] LoRA rank: all listed adapters in this stack typically share this rank. Larger rank increases adapter capacity and parameter count roughly linearly in rank; too high can overfit small datasets, too low can underfit cross-view cues.
[[34m2026-06-15 07:14:05[0m] freeze_temporal=True, train_spatial=True
[[34m2026-06-15 07:14:05[0m] ======== end design summary ========
[[34m2026-06-15 07:14:05[0m] [VAE] param overview: total=161.23 M trainable=75.13 M (46.60% of weights) frozen=86.10 M
[[34m2026-06-15 07:14:05[0m] [VAE] LoRA trainable: 998.59 K (1.3% of trainable); heuristic attention/cross-fusion LoRA: 998.59 K (100.0% of LoRA); other LoRA: 0
[[34m2026-06-15 07:14:05[0m] [VAE] base trainable (non-LoRA): 74.16 M (98.7% of trainable)
[[34m2026-06-15 07:14:05[0m] [VAE] LoRA heuristic buckets (buckets overlap if a name matches multiple hints): encoder/stem-ish=275.50 K, decoder-ish=723.09 K, viewwise-ish=0
train:   0%|          | 1/405 [07:58<53:40:09, 478.24s/it, epoch=0]
[rank0]: Traceback (most recent call last):
[rank0]:   File "/home/piado/projects/aip-lindell/piado/vae/Open-Sora/scripts/vae/train.py", line 3503, in <module>
[rank0]:     main()
[rank0]:   File "/home/piado/projects/aip-lindell/piado/vae/Open-Sora/scripts/vae/train.py", line 2321, in main
[rank0]:     x_rec, posterior, z = model(x)
[rank0]:                           ^^^^^^^^
[rank0]:   File "/project/6101839/piado/vae/snth/lib/python3.11/site-packages/torch/_dynamo/eval_frame.py", line 465, in __call__
[rank0]:     return super().__call__(*args, **kwargs)
[rank0]:            ^^^^^^^^^^^^^^^^^^^^^^^^^^^^^^^^^
[rank0]:   File "/project/6101839/piado/vae/snth/lib/python3.11/site-packages/torch/nn/modules/module.py", line 1776, in _wrapped_call_impl
[rank0]:     return self._call_impl(*args, **kwargs)
[rank0]:            ^^^^^^^^^^^^^^^^^^^^^^^^^^^^^^^^
[rank0]:   File "/project/6101839/piado/vae/snth/lib/python3.11/site-packages/torch/nn/modules/module.py", line 1787, in _call_impl
[rank0]:     return forward_call(*args, **kwargs)
[rank0]:            ^^^^^^^^^^^^^^^^^^^^^^^^^^^^^
[rank0]:   File "/project/6101839/piado/vae/snth/lib/python3.11/site-packages/torch/_dynamo/eval_frame.py", line 953, in compile_wrapper
[rank0]:     return fn(*args, **kwargs)
[rank0]:            ^^^^^^^^^^^^^^^^^^^
[rank0]:   File "/project/6101839/piado/vae/snth/lib/python3.11/site-packages/torch/nn/modules/module.py", line 1776, in _wrapped_call_impl
[rank0]:     return self._call_impl(*args, **kwargs)
[rank0]:            ^^^^^^^^^^^^^^^^^^^^^^^^^^^^^^^^
[rank0]:   File "/project/6101839/piado/vae/snth/lib/python3.11/site-packages/torch/nn/modules/module.py", line 1787, in _call_impl
[rank0]:     return forward_call(*args, **kwargs)
[rank0]:            ^^^^^^^^^^^^^^^^^^^^^^^^^^^^^
[rank0]:   File "/project/6101839/piado/vae/Open-Sora/opensora/models/vae/wan_video_vae.py", line 561, in forward
[rank0]:     def forward(self, x):
[rank0]:   File "/project/6101839/piado/vae/snth/lib/python3.11/site-packages/torch/_dynamo/eval_frame.py", line 1181, in _fn
[rank0]:     return fn(*args, **kwargs)
[rank0]:            ^^^^^^^^^^^^^^^^^^^
[rank0]:   File "/project/6101839/piado/vae/snth/lib/python3.11/site-packages/torch/_functorch/aot_autograd.py", line 1148, in forward
[rank0]:     return compiled_fn(full_args)
[rank0]:            ^^^^^^^^^^^^^^^^^^^^^^
[rank0]:   File "/project/6101839/piado/vae/snth/lib/python3.11/site-packages/torch/_functorch/_aot_autograd/runtime_wrappers.py", line 343, in runtime_wrapper
[rank0]:     all_outs = call_func_at_runtime_with_args(
[rank0]:                ^^^^^^^^^^^^^^^^^^^^^^^^^^^^^^^
[rank0]:   File "/project/6101839/piado/vae/snth/lib/python3.11/site-packages/torch/_functorch/_aot_autograd/utils.py", line 134, in call_func_at_runtime_with_args
[rank0]:     out = normalize_as_list(f(args))
[rank0]:                             ^^^^^^^
[rank0]:   File "/project/6101839/piado/vae/snth/lib/python3.11/site-packages/torch/_functorch/_aot_autograd/utils.py", line 108, in g
[rank0]:     return f(*args)
[rank0]:            ^^^^^^^^
[rank0]:   File "/project/6101839/piado/vae/snth/lib/python3.11/site-packages/torch/autograd/function.py", line 583, in apply
[rank0]:     return super().apply(*args, **kwargs)  # type: ignore[misc]
[rank0]:            ^^^^^^^^^^^^^^^^^^^^^^^^^^^^^^
[rank0]:   File "/project/6101839/piado/vae/snth/lib/python3.11/site-packages/torch/_functorch/_aot_autograd/runtime_wrappers.py", line 2152, in forward
[rank0]:     fw_outs = call_func_at_runtime_with_args(
[rank0]:               ^^^^^^^^^^^^^^^^^^^^^^^^^^^^^^^
[rank0]:   File "/project/6101839/piado/vae/snth/lib/python3.11/site-packages/torch/_functorch/_aot_autograd/utils.py", line 134, in call_func_at_runtime_with_args
[rank0]:     out = normalize_as_list(f(args))
[rank0]:                             ^^^^^^^
[rank0]:   File "/project/6101839/piado/vae/snth/lib/python3.11/site-packages/torch/_functorch/_aot_autograd/runtime_wrappers.py", line 531, in wrapper
[rank0]:     return compiled_fn(runtime_args)
[rank0]:            ^^^^^^^^^^^^^^^^^^^^^^^^^
[rank0]:   File "/project/6101839/piado/vae/snth/lib/python3.11/site-packages/torch/_functorch/_aot_autograd/runtime_wrappers.py", line 729, in inner_fn
[rank0]:     outs = compiled_fn(args)
[rank0]:            ^^^^^^^^^^^^^^^^^
[rank0]:   File "/project/6101839/piado/vae/snth/lib/python3.11/site-packages/torch/_inductor/output_code.py", line 638, in __call__
[rank0]:     return self.current_callable(inputs)
[rank0]:            ^^^^^^^^^^^^^^^^^^^^^^^^^^^^^
[rank0]:   File "/tmp/.torchinductor/o7/co7ax4fhsdtaxqhjaaktflvdxdzgatgjdi22x7awpanks33qx5g5.py", line 36305, in call
[rank0]:     (buf0, buf3, buf5, buf6, buf9, buf11, buf12, buf15, buf17, buf18, buf21, buf23, buf24, buf27, buf30, buf34, buf35, buf38, buf40, buf41, buf44, buf46, buf47, buf50, buf52, buf53, buf56, buf59, buf63, buf64, buf67, buf69, buf70, buf73, buf75, buf76, buf79, buf81, buf82, buf85, buf88, buf90, buf91, buf94, buf96, buf97, buf100, buf102, buf103, buf106, buf108, buf109, buf112, buf115, buf117, buf118, buf121, buf123, buf124, buf127, buf129, buf130, buf133, buf135, buf136, buf139, buf142, buf146, buf147, buf150, buf152, buf153, buf156, buf158, buf159, buf162, buf164, buf165, buf168, buf171, buf175, buf176, buf179, buf181, buf182, buf185, buf187, buf188, buf191, buf193, buf194, buf197, buf200, buf202, buf203, buf206, buf208, buf209, buf212, buf214, buf215, buf218, buf220, buf221, buf224, buf227, buf229, buf230, buf233, buf235, buf236, buf239, buf241, buf242, buf245, buf247, buf248, buf251, buf254, buf258, buf259, buf262, buf264, buf265, buf268, buf270, buf271, buf274, buf276, buf277, buf280, buf283, buf287, buf288, buf291, buf293, buf294, buf297, buf299, buf300, buf303, buf305, buf306, buf309, buf312, buf314, buf315, buf318, buf320, buf321, buf324, buf326, buf327, buf330, buf332, buf333, buf336, buf339, buf341, buf342, buf345, buf347, buf348, buf351, buf353, buf354, buf357, buf359, buf360, buf363, buf366, buf370, buf371, buf374, buf376, buf377, buf380, buf382, buf383, buf386, buf388, buf389, buf392, buf395, buf399, buf400, buf403, buf405, buf406, buf409, buf411, buf412, buf415, buf417, buf418, buf421, buf424, buf426, buf427, buf430, buf432, buf433, buf436, buf438, buf439, buf442, buf444, buf445, buf448, buf450, buf451, buf453, buf455, buf456, buf457, buf458, buf460, buf463, buf485, buf488, buf464, buf489, buf467, buf469, buf492, buf494, buf470, buf495, buf473, buf475, buf498, buf500, buf476, buf501, buf479, buf481, buf504, buf506, buf482, buf507, buf510, buf513, buf514, buf517, buf519, buf520, buf523, buf525, buf526, buf529, buf531, buf532, buf535, buf537, buf538, buf539, buf542, buf544, buf546, buf547, buf548, buf551, buf553, buf555, buf556, buf557, buf558, buf561, buf562, buf565, buf566, buf567, buf570, buf572, buf573, buf574, buf575, buf576, buf577, buf580, buf581, buf584, buf585, buf586, buf589, buf591, buf592, buf593, buf596, buf598, buf600, buf601, buf602, buf605, buf607, buf609, buf610, buf611, buf614, buf616, buf618, buf619, buf622, buf623, buf625, buf3212, buf5796, buf8380, buf624, buf627, buf628, buf633, buf635, buf637, buf638, buf639, buf642, buf644, buf646, buf647, buf648, buf651, buf653, buf655, buf656, buf657, buf658, buf661, buf663, buf665, buf666, buf667, buf668, buf671, buf672, buf678, buf680, buf682, buf683, buf684, buf687, buf689, buf691, buf692, buf693, buf695, buf697, buf699, buf700, buf701, buf703, buf705, buf707, buf708, buf709, buf711, buf713, buf715, buf716, buf717, buf719, buf721, buf723, buf724, buf725, buf727, buf729, buf731, buf732, buf733, buf735, buf737, buf739, buf740, buf741, buf743, buf745, buf746, buf747, buf748, buf751, buf756, buf757, buf758, buf753, buf759, buf761, buf763, buf765, buf766, buf767, buf769, buf771, buf773, buf774, buf775, buf777, buf779, buf781, buf782, buf783, buf785, buf787, buf789, buf790, buf791, buf793, buf795, buf797, buf798, buf799, buf801, buf803, buf804, buf805, buf806, buf809, buf811, buf812, buf813, buf815, buf817, buf819, buf820, buf821, buf823, buf825, buf827, buf828, buf829, buf831, buf833, buf835, buf836, buf837, buf839, buf841, buf843, buf844, buf845, buf847, buf849, buf851, buf852, buf853, buf855, buf857, buf858, buf859, buf860, buf863, buf865, buf866, buf867, buf869, buf871, buf873, buf874, buf875, buf877, buf879, buf881, buf882, buf883, buf885, buf887, buf889, buf890, buf891, buf893, buf895, buf897, buf898, buf899, buf901, buf903, buf905, buf906, buf907, buf909, buf911, buf913, buf914, buf915, buf917, buf919, buf922, buf924, buf926, buf927, buf928, buf931, buf933, buf935, buf936, buf937, buf940, buf942, buf944, buf945, buf946, buf947, buf950, buf952, buf954, buf955, buf956, buf957, buf960, buf961, buf967, buf969, buf971, buf972, buf973, buf976, buf978, buf980, buf981, buf982, buf984, buf986, buf988, buf989, buf990, buf992, buf994, buf996, buf997, buf998, buf1000, buf1002, buf1004, buf1005, buf1006, buf1008, buf1010, buf1012, buf1013, buf1014, buf1016, buf1018, buf1020, buf1021, buf1022, buf1024, buf1026, buf1028, buf1029, buf1030, buf1032, buf1034, buf1035, buf1036, buf1039, buf1044, buf1045, buf1046, buf1041, buf1047, buf1049, buf1051, buf1053, buf1054, buf1055, buf1057, buf1059, buf1061, buf1062, buf1063, buf1065, buf1067, buf1069, buf1070, buf1071, buf1073, buf1075, buf1077, buf1078, buf1079, buf1081, buf1083, buf1085, buf1086, buf1087, buf1089, buf1091, buf1092, buf1093, buf1096, buf1098, buf1099, buf1100, buf1102, buf1104, buf1106, buf1107, buf1108, buf1110, buf1112, buf1114, buf1115, buf1116, buf1118, buf1120, buf1122, buf1123, buf1124, buf1126, buf1128, buf1130, buf1131, buf1132, buf1134, buf1136, buf1138, buf1139, buf1140, buf1142, buf1144, buf1145, buf1146, buf1149, buf1151, buf1152, buf1153, buf1155, buf1157, buf1159, buf1160, buf1161, buf1163, buf1165, buf1167, buf1168, buf1169, buf1171, buf1173, buf1175, buf1176, buf1177, buf1179, buf1181, buf1183, buf1184, buf1185, buf1187, buf1189, buf1191, buf1192, buf1193, buf1195, buf1197, buf1199, buf1200, buf1201, buf1203, buf1205, buf1208, buf1210, buf1212, buf1213, buf1214, buf1217, buf1219, buf1221, buf1222, buf1223, buf1226, buf1228, buf1230, buf1231, buf1232, buf1233, buf1236, buf1238, buf1240, buf1241, buf1242, buf1243, buf1246, buf1247, buf1253, buf1255, buf1257, buf1258, buf1259, buf1262, buf1264, buf1266, buf1267, buf1268, buf1270, buf1272, buf1274, buf1275, buf1276, buf1278, buf1280, buf1282, buf1283, buf1284, buf1286, buf1288, buf1290, buf1291, buf1292, buf1294, buf1296, buf1298, buf1299, buf1300, buf1302, buf1304, buf1306, buf1307, buf1308, buf1310, buf1312, buf1314, buf1315, buf1316, buf1318, buf1320, buf1321, buf1322, buf1325, buf1330, buf1331, buf1332, buf1327, buf1333, buf1335, buf1337, buf1339, buf1340, buf1341, buf1343, buf1345, buf1347, buf1348, buf1349, buf1351, buf1353, buf1355, buf1356, buf1357, buf1359, buf1361, buf1363, buf1364, buf1365, buf1367, buf1369, buf1371, buf1372, buf1373, buf1375, buf1377, buf1378, buf1379, buf1382, buf1384, buf1385, buf1386, buf1388, buf1390, buf1392, buf1393, buf1394, buf1396, buf1398, buf1400, buf1401, buf1402, buf1404, buf1406, buf1408, buf1409, buf1410, buf1412, buf1414, buf1416, buf1417, buf1418, buf1420, buf1422, buf1424, buf1425, buf1426, buf1428, buf1430, buf1431, buf1432, buf1435, buf1437, buf1438, buf1439, buf1441, buf1443, buf1445, buf1446, buf1447, buf1449, buf1451, buf1453, buf1454, buf1455, buf1457, buf1459, buf1461, buf1462, buf1463, buf1465, buf1467, buf1469, buf1470, buf1471, buf1473, buf1475, buf1477, buf1478, buf1479, buf1481, buf1483, buf1485, buf1486, buf1487, buf1489, buf1492, buf1495, buf1497, buf1499, buf1500, buf1501, buf1504, buf1506, buf1508, buf1509, buf1510, buf1513, buf1515, buf1517, buf1518, buf1519, buf1520, buf1523, buf1525, buf1527, buf1528, buf1529, buf1530, buf1533, buf1534, buf1540, buf1542, buf1544, buf1545, buf1546, buf1549, buf1551, buf1553, buf1554, buf1555, buf1557, buf1559, buf1561, buf1562, buf1563, buf1565, buf1567, buf1569, buf1570, buf1571, buf1573, buf1575, buf1577, buf1578, buf1579, buf1581, buf1583, buf1585, buf1586, buf1587, buf1589, buf1591, buf1593, buf1594, buf1595, buf1597, buf1599, buf1601, buf1602, buf1603, buf1605, buf1607, buf1608, buf1609, buf1612, buf1617, buf1618, buf1619, buf1614, buf1620, buf1622, buf1624, buf1626, buf1627, buf1628, buf1630, buf1632, buf1634, buf1635, buf1636, buf1638, buf1640, buf1642, buf1643, buf1644, buf1646, buf1648, buf1650, buf1651, buf1652, buf1654, buf1656, buf1658, buf1659, buf1660, buf1662, buf1664, buf1665, buf1666, buf1669, buf1671, buf1672, buf1673, buf1675, buf1677, buf1679, buf1680, buf1681, buf1683, buf1685, buf1687, buf1688, buf1689, buf1691, buf1693, buf1695, buf1696, buf1697, buf1699, buf1701, buf1703, buf1704, buf1705, buf1707, buf1709, buf1711, buf1712, buf1713, buf1715, buf1717, buf1718, buf1719, buf1722, buf1724, buf1725, buf1726, buf1728, buf1730, buf1732, buf1733, buf1734, buf1736, buf1738, buf1740, buf1741, buf1742, buf1744, buf1746, buf1748, buf1749, buf1750, buf1752, buf1754, buf1756, buf1757, buf1758, buf1760, buf1762, buf1764, buf1765, buf1766, buf1768, buf1770, buf1772, buf1773, buf1774, buf1776, buf1778, buf1781, buf1783, buf1785, buf1786, buf1787, buf1790, buf1792, buf1794, buf1795, buf1796, buf1799, buf1801, buf1803, buf1804, buf1805, buf1806, buf1809, buf1811, buf1813, buf1814, buf1815, buf1816, buf1819, buf1820, buf1826, buf1828, buf1830, buf1831, buf1832, buf1835, buf1837, buf1839, buf1840, buf1841, buf1843, buf1845, buf1847, buf1848, buf1849, buf1851, buf1853, buf1855, buf1856, buf1857, buf1859, buf1861, buf1863, buf1864, buf1865, buf1867, buf1869, buf1871, buf1872, buf1873, buf1875, buf1877, buf1879, buf1880, buf1881, buf1883, buf1885, buf1887, buf1888, buf1889, buf1891, buf1893, buf1894, buf1895, buf1898, buf1903, buf1904, buf1905, buf1900, buf1906, buf1908, buf1910, buf1912, buf1913, buf1914, buf1916, buf1918, buf1920, buf1921, buf1922, buf1924, buf1926, buf1928, buf1929, buf1930, buf1932, buf1934, buf1936, buf1937, buf1938, buf1940, buf1942, buf1944, buf1945, buf1946, buf1948, buf1950, buf1951, buf1952, buf1955, buf1957, buf1958, buf1959, buf1961, buf1963, buf1965, buf1966, buf1967, buf1969, buf1971, buf1973, buf1974, buf1975, buf1977, buf1979, buf1981, buf1982, buf1983, buf1985, buf1987, buf1989, buf1990, buf1991, buf1993, buf1995, buf1997, buf1998, buf1999, buf2001, buf2003, buf2004, buf2005, buf2008, buf2010, buf2011, buf2012, buf2014, buf2016, buf2018, buf2019, buf2020, buf2022, buf2024, buf2026, buf2027, buf2028, buf2030, buf2032, buf2034, buf2035, buf2036, buf2038, buf2040, buf2042, buf2043, buf2044, buf2046, buf2048, buf2050, buf2051, buf2052, buf2054, buf2056, buf2058, buf2059, buf2060, buf2062, buf2065, buf2068, buf2070, buf2072, buf2073, buf2074, buf2077, buf2079, buf2081, buf2082, buf2083, buf2086, buf2088, buf2090, buf2091, buf2092, buf2093, buf2096, buf2098, buf2100, buf2101, buf2102, buf2103, buf2106, buf2107, buf2113, buf2115, buf2117, buf2118, buf2119, buf2122, buf2124, buf2126, buf2127, buf2128, buf2130, buf2132, buf2134, buf2135, buf2136, buf2138, buf2140, buf2142, buf2143, buf2144, buf2146, buf2148, buf2150, buf2151, buf2152, buf2154, buf2156, buf2158, buf2159, buf2160, buf2162, buf2164, buf2166, buf2167, buf2168, buf2170, buf2172, buf2174, buf2175, buf2176, buf2178, buf2180, buf2181, buf2182, buf2185, buf2190, buf2191, buf2192, buf2187, buf2193, buf2195, buf2197, buf2199, buf2200, buf2201, buf2203, buf2205, buf2207, buf2208, buf2209, buf2211, buf2213, buf2215, buf2216, buf2217, buf2219, buf2221, buf2223, buf2224, buf2225, buf2227, buf2229, buf2231, buf2232, buf2233, buf2235, buf2237, buf2238, buf2239, buf2242, buf2244, buf2245, buf2246, buf2248, buf2250, buf2252, buf2253, buf2254, buf2256, buf2258, buf2260, buf2261, buf2262, buf2264, buf2266, buf2268, buf2269, buf2270, buf2272, buf2274, buf2276, buf2277, buf2278, buf2280, buf2282, buf2284, buf2285, buf2286, buf2288, buf2290, buf2291, buf2292, buf2295, buf2297, buf2298, buf2299, buf2301, buf2303, buf2305, buf2306, buf2307, buf2309, buf2311, buf2313, buf2314, buf2315, buf2317, buf2319, buf2321, buf2322, buf2323, buf2325, buf2327, buf2329, buf2330, buf2331, buf2333, buf2335, buf2337, buf2338, buf2339, buf2341, buf2343, buf2345, buf2346, buf2347, buf2349, buf2351, buf2354, buf2356, buf2358, buf2359, buf2360, buf2363, buf2365, buf2367, buf2368, buf2369, buf2372, buf2374, buf2376, buf2377, buf2378, buf2379, buf2382, buf2384, buf2386, buf2387, buf2388, buf2389, buf2392, buf2393, buf2399, buf2401, buf2403, buf2404, buf2405, buf2408, buf2410, buf2412, buf2413, buf2414, buf2416, buf2418, buf2420, buf2421, buf2422, buf2424, buf2426, buf2428, buf2429, buf2430, buf2432, buf2434, buf2436, buf2437, buf2438, buf2440, buf2442, buf2444, buf2445, buf2446, buf2448, buf2450, buf2452, buf2453, buf2454, buf2456, buf2458, buf2460, buf2461, buf2462, buf2464, buf2466, buf2467, buf2468, buf2471, buf2476, buf2477, buf2478, buf2473, buf2479, buf2481, buf2483, buf2485, buf2486, buf2487, buf2489, buf2491, buf2493, buf2494, buf2495, buf2497, buf2499, buf2501, buf2502, buf2503, buf2505, buf2507, buf2509, buf2510, buf2511, buf2513, buf2515, buf2517, buf2518, buf2519, buf2521, buf2523, buf2524, buf2525, buf2528, buf2530, buf2531, buf2532, buf2534, buf2536, buf2538, buf2539, buf2540, buf2542, buf2544, buf2546, buf2547, buf2548, buf2550, buf2552, buf2554, buf2555, buf2556, buf2558, buf2560, buf2562, buf2563, buf2564, buf2566, buf2568, buf2570, buf2571, buf2572, buf2574, buf2576, buf2577, buf2578, buf2581, buf2583, buf2584, buf2585, buf2587, buf2589, buf2591, buf2592, buf2593, buf2595, buf2597, buf2599, buf2600, buf2601, buf2603, buf2605, buf2607, buf2608, buf2609, buf2611, buf2613, buf2615, buf2616, buf2617, buf2619, buf2621, buf2623, buf2624, buf2625, buf2627, buf2629, buf2631, buf2632, buf2633, buf2635, buf2638, buf2641, buf2643, buf2645, buf2646, buf2647, buf2650, buf2652, buf2654, buf2655, buf2656, buf2659, buf2661, buf2663, buf2664, buf2665, buf2666, buf2669, buf2671, buf2673, buf2674, buf2675, buf2676, buf2679, buf2680, buf2686, buf2688, buf2690, buf2691, buf2692, buf2695, buf2697, buf2699, buf2700, buf2701, buf2703, buf2705, buf2707, buf2708, buf2709, buf2711, buf2713, buf2715, buf2716, buf2717, buf2719, buf2721, buf2723, buf2724, buf2725, buf2727, buf2729, buf2731, buf2732, buf2733, buf2735, buf2737, buf2739, buf2740, buf2741, buf2743, buf2745, buf2747, buf2748, buf2749, buf2751, buf2753, buf2754, buf2755, buf2758, buf2763, buf2764, buf2765, buf2760, buf2766, buf2768, buf2770, buf2772, buf2773, buf2774, buf2776, buf2778, buf2780, buf2781, buf2782, buf2784, buf2786, buf2788, buf2789, buf2790, buf2792, buf2794, buf2796, buf2797, buf2798, buf2800, buf2802, buf2804, buf2805, buf2806, buf2808, buf2810, buf2811, buf2812, buf2815, buf2817, buf2818, buf2819, buf2821, buf2823, buf2825, buf2826, buf2827, buf2829, buf2831, buf2833, buf2834, buf2835, buf2837, buf2839, buf2841, buf2842, buf2843, buf2845, buf2847, buf2849, buf2850, buf2851, buf2853, buf2855, buf2857, buf2858, buf2859, buf2861, buf2863, buf2864, buf2865, buf2868, buf2870, buf2871, buf2872, buf2874, buf2876, buf2878, buf2879, buf2880, buf2882, buf2884, buf2886, buf2887, buf2888, buf2890, buf2892, buf2894, buf2895, buf2896, buf2898, buf2900, buf2902, buf2903, buf2904, buf2906, buf2908, buf2910, buf2911, buf2912, buf2914, buf2916, buf2918, buf2919, buf2920, buf2922, buf2924, buf2927, buf2929, buf2931, buf2932, buf2933, buf2936, buf2938, buf2940, buf2941, buf2942, buf2945, buf2947, buf2949, buf2950, buf2951, buf2952, buf2955, buf2957, buf2959, buf2960, buf2961, buf2962, buf2965, buf2966, buf2972, buf2974, buf2976, buf2977, buf2978, buf2981, buf2983, buf2985, buf2986, buf2987, buf2989, buf2991, buf2993, buf2994, buf2995, buf2997, buf2999, buf3001, buf3002, buf3003, buf3005, buf3007, buf3009, buf3010, buf3011, buf3013, buf3015, buf3017, buf3018, buf3019, buf3021, buf3023, buf3025, buf3026, buf3027, buf3029, buf3031, buf3033, buf3034, buf3035, buf3037, buf3039, buf3040, buf3041, buf3044, buf3049, buf3050, buf3051, buf3046, buf3052, buf3054, buf3056, buf3058, buf3059, buf3060, buf3062, buf3064, buf3066, buf3067, buf3068, buf3070, buf3072, buf3074, buf3075, buf3076, buf3078, buf3080, buf3082, buf3083, buf3084, buf3086, buf3088, buf3090, buf3091, buf3092, buf3094, buf3096, buf3097, buf3098, buf3101, buf3103, buf3104, buf3105, buf3107, buf3109, buf3111, buf3112, buf3113, buf3115, buf3117, buf3119, buf3120, buf3121, buf3123, buf3125, buf3127, buf3128, buf3129, buf3131, buf3133, buf3135, buf3136, buf3137, buf3139, buf3141, buf3143, buf3144, buf3145, buf3147, buf3149, buf3150, buf3151, buf3154, buf3156, buf3157, buf3158, buf3160, buf3162, buf3164, buf3165, buf3166, buf3168, buf3170, buf3172, buf3173, buf3174, buf3176, buf3178, buf3180, buf3181, buf3182, buf3184, buf3186, buf3188, buf3189, buf3190, buf3192, buf3194, buf3196, buf3197, buf3198, buf3200, buf3202, buf3204, buf3205, buf3206, buf3208, buf3211, buf3214, buf3215, buf3220, buf3222, buf3224, buf3225, buf3226, buf3229, buf3231, buf3233, buf3234, buf3235, buf3238, buf3240, buf3242, buf3243, buf3244, buf3245, buf3248, buf3250, buf3252, buf3253, buf3254, buf3255, buf3258, buf3259, buf3265, buf3267, buf3269, buf3270, buf3271, buf3274, buf3276, buf3278, buf3279, buf3280, buf3282, buf3284, buf3286, buf3287, buf3288, buf3290, buf3292, buf3294, buf3295, buf3296, buf3298, buf3300, buf3302, buf3303, buf3304, buf3306, buf3308, buf3310, buf3311, buf3312, buf3314, buf3316, buf3318, buf3319, buf3320, buf3322, buf3324, buf3326, buf3327, buf3328, buf3330, buf3332, buf3333, buf3334, buf3337, buf3342, buf3343, buf3344, buf3339, buf3345, buf3347, buf3349, buf3351, buf3352, buf3353, buf3355, buf3357, buf3359, buf3360, buf3361, buf3363, buf3365, buf3367, buf3368, buf3369, buf3371, buf3373, buf3375, buf3376, buf3377, buf3379, buf3381, buf3383, buf3384, buf3385, buf3387, buf3389, buf3390, buf3391, buf3394, buf3396, buf3397, buf3398, buf3400, buf3402, buf3404, buf3405, buf3406, buf3408, buf3410, buf3412, buf3413, buf3414, buf3416, buf3418, buf3420, buf3421, buf3422, buf3424, buf3426, buf3428, buf3429, buf3430, buf3432, buf3434, buf3436, buf3437, buf3438, buf3440, buf3442, buf3443, buf3444, buf3447, buf3449, buf3450, buf3451, buf3453, buf3455, buf3457, buf3458, buf3459, buf3461, buf3463, buf3465, buf3466, buf3467, buf3469, buf3471, buf3473, buf3474, buf3475, buf3477, buf3479, buf3481, buf3482, buf3483, buf3485, buf3487, buf3489, buf3490, buf3491, buf3493, buf3495, buf3497, buf3498, buf3499, buf3501, buf3503, buf3506, buf3508, buf3510, buf3511, buf3512, buf3515, buf3517, buf3519, buf3520, buf3521, buf3524, buf3526, buf3528, buf3529, buf3530, buf3531, buf3534, buf3536, buf3538, buf3539, buf3540, buf3541, buf3544, buf3545, buf3551, buf3553, buf3555, buf3556, buf3557, buf3560, buf3562, buf3564, buf3565, buf3566, buf3568, buf3570, buf3572, buf3573, buf3574, buf3576, buf3578, buf3580, buf3581, buf3582, buf3584, buf3586, buf3588, buf3589, buf3590, buf3592, buf3594, buf3596, buf3597, buf3598, buf3600, buf3602, buf3604, buf3605, buf3606, buf3608, buf3610, buf3612, buf3613, buf3614, buf3616, buf3618, buf3619, buf3620, buf3623, buf3628, buf3629, buf3630, buf3625, buf3631, buf3633, buf3635, buf3637, buf3638, buf3639, buf3641, buf3643, buf3645, buf3646, buf3647, buf3649, buf3651, buf3653, buf3654, buf3655, buf3657, buf3659, buf3661, buf3662, buf3663, buf3665, buf3667, buf3669, buf3670, buf3671, buf3673, buf3675, buf3676, buf3677, buf3680, buf3682, buf3683, buf3684, buf3686, buf3688, buf3690, buf3691, buf3692, buf3694, buf3696, buf3698, buf3699, buf3700, buf3702, buf3704, buf3706, buf3707, buf3708, buf3710, buf3712, buf3714, buf3715, buf3716, buf3718, buf3720, buf3722, buf3723, buf3724, buf3726, buf3728, buf3729, buf3730, buf3733, buf3735, buf3736, buf3737, buf3739, buf3741, buf3743, buf3744, buf3745, buf3747, buf3749, buf3751, buf3752, buf3753, buf3755, buf3757, buf3759, buf3760, buf3761, buf3763, buf3765, buf3767, buf3768, buf3769, buf3771, buf3773, buf3775, buf3776, buf3777, buf3779, buf3781, buf3783, buf3784, buf3785, buf3787, buf3789, buf3792, buf3794, buf3796, buf3797, buf3798, buf3801, buf3803, buf3805, buf3806, buf3807, buf3810, buf3812, buf3814, buf3815, buf3816, buf3817, buf3820, buf3822, buf3824, buf3825, buf3826, buf3827, buf3830, buf3831, buf3837, buf3839, buf3841, buf3842, buf3843, buf3846, buf3848, buf3850, buf3851, buf3852, buf3854, buf3856, buf3858, buf3859, buf3860, buf3862, buf3864, buf3866, buf3867, buf3868, buf3870, buf3872, buf3874, buf3875, buf3876, buf3878, buf3880, buf3882, buf3883, buf3884, buf3886, buf3888, buf3890, buf3891, buf3892, buf3894, buf3896, buf3898, buf3899, buf3900, buf3902, buf3904, buf3905, buf3906, buf3909, buf3914, buf3915, buf3916, buf3911, buf3917, buf3919, buf3921, buf3923, buf3924, buf3925, buf3927, buf3929, buf3931, buf3932, buf3933, buf3935, buf3937, buf3939, buf3940, buf3941, buf3943, buf3945, buf3947, buf3948, buf3949, buf3951, buf3953, buf3955, buf3956, buf3957, buf3959, buf3961, buf3962, buf3963, buf3966, buf3968, buf3969, buf3970, buf3972, buf3974, buf3976, buf3977, buf3978, buf3980, buf3982, buf3984, buf3985, buf3986, buf3988, buf3990, buf3992, buf3993, buf3994, buf3996, buf3998, buf4000, buf4001, buf4002, buf4004, buf4006, buf4008, buf4009, buf4010, buf4012, buf4014, buf4015, buf4016, buf4019, buf4021, buf4022, buf4023, buf4025, buf4027, buf4029, buf4030, buf4031, buf4033, buf4035, buf4037, buf4038, buf4039, buf4041, buf4043, buf4045, buf4046, buf4047, buf4049, buf4051, buf4053, buf4054, buf4055, buf4057, buf4059, buf4061, buf4062, buf4063, buf4065, buf4067, buf4069, buf4070, buf4071, buf4073, buf4076, buf4079, buf4081, buf4083, buf4084, buf4085, buf4088, buf4090, buf4092, buf4093, buf4094, buf4097, buf4099, buf4101, buf4102, buf4103, buf4104, buf4107, buf4109, buf4111, buf4112, buf4113, buf4114, buf4117, buf4118, buf4124, buf4126, buf4128, buf4129, buf4130, buf4133, buf4135, buf4137, buf4138, buf4139, buf4141, buf4143, buf4145, buf4146, buf4147, buf4149, buf4151, buf4153, buf4154, buf4155, buf4157, buf4159, buf4161, buf4162, buf4163, buf4165, buf4167, buf4169, buf4170, buf4171, buf4173, buf4175, buf4177, buf4178, buf4179, buf4181, buf4183, buf4185, buf4186, buf4187, buf4189, buf4191, buf4192, buf4193, buf4196, buf4201, buf4202, buf4203, buf4198, buf4204, buf4206, buf4208, buf4210, buf4211, buf4212, buf4214, buf4216, buf4218, buf4219, buf4220, buf4222, buf4224, buf4226, buf4227, buf4228, buf4230, buf4232, buf4234, buf4235, buf4236, buf4238, buf4240, buf4242, buf4243, buf4244, buf4246, buf4248, buf4249, buf4250, buf4253, buf4255, buf4256, buf4257, buf4259, buf4261, buf4263, buf4264, buf4265, buf4267, buf4269, buf4271, buf4272, buf4273, buf4275, buf4277, buf4279, buf4280, buf4281, buf4283, buf4285, buf4287, buf4288, buf4289, buf4291, buf4293, buf4295, buf4296, buf4297, buf4299, buf4301, buf4302, buf4303, buf4306, buf4308, buf4309, buf4310, buf4312, buf4314, buf4316, buf4317, buf4318, buf4320, buf4322, buf4324, buf4325, buf4326, buf4328, buf4330, buf4332, buf4333, buf4334, buf4336, buf4338, buf4340, buf4341, buf4342, buf4344, buf4346, buf4348, buf4349, buf4350, buf4352, buf4354, buf4356, buf4357, buf4358, buf4360, buf4362, buf4365, buf4367, buf4369, buf4370, buf4371, buf4374, buf4376, buf4378, buf4379, buf4380, buf4383, buf4385, buf4387, buf4388, buf4389, buf4390, buf4393, buf4395, buf4397, buf4398, buf4399, buf4400, buf4403, buf4404, buf4410, buf4412, buf4414, buf4415, buf4416, buf4419, buf4421, buf4423, buf4424, buf4425, buf4427, buf4429, buf4431, buf4432, buf4433, buf4435, buf4437, buf4439, buf4440, buf4441, buf4443, buf4445, buf4447, buf4448, buf4449, buf4451, buf4453, buf4455, buf4456, buf4457, buf4459, buf4461, buf4463, buf4464, buf4465, buf4467, buf4469, buf4471, buf4472, buf4473, buf4475, buf4477, buf4478, buf4479, buf4482, buf4487, buf4488, buf4489, buf4484, buf4490, buf4492, buf4494, buf4496, buf4497, buf4498, buf4500, buf4502, buf4504, buf4505, buf4506, buf4508, buf4510, buf4512, buf4513, buf4514, buf4516, buf4518, buf4520, buf4521, buf4522, buf4524, buf4526, buf4528, buf4529, buf4530, buf4532, buf4534, buf4535, buf4536, buf4539, buf4541, buf4542, buf4543, buf4545, buf4547, buf4549, buf4550, buf4551, buf4553, buf4555, buf4557, buf4558, buf4559, buf4561, buf4563, buf4565, buf4566, buf4567, buf4569, buf4571, buf4573, buf4574, buf4575, buf4577, buf4579, buf4581, buf4582, buf4583, buf4585, buf4587, buf4588, buf4589, buf4592, buf4594, buf4595, buf4596, buf4598, buf4600, buf4602, buf4603, buf4604, buf4606, buf4608, buf4610, buf4611, buf4612, buf4614, buf4616, buf4618, buf4619, buf4620, buf4622, buf4624, buf4626, buf4627, buf4628, buf4630, buf4632, buf4634, buf4635, buf4636, buf4638, buf4640, buf4642, buf4643, buf4644, buf4646, buf4649, buf4652, buf4654, buf4656, buf4657, buf4658, buf4661, buf4663, buf4665, buf4666, buf4667, buf4670, buf4672, buf4674, buf4675, buf4676, buf4677, buf4680, buf4682, buf4684, buf4685, buf4686, buf4687, buf4690, buf4691, buf4697, buf4699, buf4701, buf4702, buf4703, buf4706, buf4708, buf4710, buf4711, buf4712, buf4714, buf4716, buf4718, buf4719, buf4720, buf4722, buf4724, buf4726, buf4727, buf4728, buf4730, buf4732, buf4734, buf4735, buf4736, buf4738, buf4740, buf4742, buf4743, buf4744, buf4746, buf4748, buf4750, buf4751, buf4752, buf4754, buf4756, buf4758, buf4759, buf4760, buf4762, buf4764, buf4765, buf4766, buf4769, buf4774, buf4775, buf4776, buf4771, buf4777, buf4779, buf4781, buf4783, buf4784, buf4785, buf4787, buf4789, buf4791, buf4792, buf4793, buf4795, buf4797, buf4799, buf4800, buf4801, buf4803, buf4805, buf4807, buf4808, buf4809, buf4811, buf4813, buf4815, buf4816, buf4817, buf4819, buf4821, buf4822, buf4823, buf4826, buf4828, buf4829, buf4830, buf4832, buf4834, buf4836, buf4837, buf4838, buf4840, buf4842, buf4844, buf4845, buf4846, buf4848, buf4850, buf4852, buf4853, buf4854, buf4856, buf4858, buf4860, buf4861, buf4862, buf4864, buf4866, buf4868, buf4869, buf4870, buf4872, buf4874, buf4875, buf4876, buf4879, buf4881, buf4882, buf4883, buf4885, buf4887, buf4889, buf4890, buf4891, buf4893, buf4895, buf4897, buf4898, buf4899, buf4901, buf4903, buf4905, buf4906, buf4907, buf4909, buf4911, buf4913, buf4914, buf4915, buf4917, buf4919, buf4921, buf4922, buf4923, buf4925, buf4927, buf4929, buf4930, buf4931, buf4933, buf4935, buf4938, buf4940, buf4942, buf4943, buf4944, buf4947, buf4949, buf4951, buf4952, buf4953, buf4956, buf4958, buf4960, buf4961, buf4962, buf4963, buf4966, buf4968, buf4970, buf4971, buf4972, buf4973, buf4976, buf4977, buf4983, buf4985, buf4987, buf4988, buf4989, buf4992, buf4994, buf4996, buf4997, buf4998, buf5000, buf5002, buf5004, buf5005, buf5006, buf5008, buf5010, buf5012, buf5013, buf5014, buf5016, buf5018, buf5020, buf5021, buf5022, buf5024, buf5026, buf5028, buf5029, buf5030, buf5032, buf5034, buf5036, buf5037, buf5038, buf5040, buf5042, buf5044, buf5045, buf5046, buf5048, buf5050, buf5051, buf5052, buf5055, buf5060, buf5061, buf5062, buf5057, buf5063, buf5065, buf5067, buf5069, buf5070, buf5071, buf5073, buf5075, buf5077, buf5078, buf5079, buf5081, buf5083, buf5085, buf5086, buf5087, buf5089, buf5091, buf5093, buf5094, buf5095, buf5097, buf5099, buf5101, buf5102, buf5103, buf5105, buf5107, buf5108, buf5109, buf5112, buf5114, buf5115, buf5116, buf5118, buf5120, buf5122, buf5123, buf5124, buf5126, buf5128, buf5130, buf5131, buf5132, buf5134, buf5136, buf5138, buf5139, buf5140, buf5142, buf5144, buf5146, buf5147, buf5148, buf5150, buf5152, buf5154, buf5155, buf5156, buf5158, buf5160, buf5161, buf5162, buf5165, buf5167, buf5168, buf5169, buf5171, buf5173, buf5175, buf5176, buf5177, buf5179, buf5181, buf5183, buf5184, buf5185, buf5187, buf5189, buf5191, buf5192, buf5193, buf5195, buf5197, buf5199, buf5200, buf5201, buf5203, buf5205, buf5207, buf5208, buf5209, buf5211, buf5213, buf5215, buf5216, buf5217, buf5219, buf5222, buf5225, buf5227, buf5229, buf5230, buf5231, buf5234, buf5236, buf5238, buf5239, buf5240, buf5243, buf5245, buf5247, buf5248, buf5249, buf5250, buf5253, buf5255, buf5257, buf5258, buf5259, buf5260, buf5263, buf5264, buf5270, buf5272, buf5274, buf5275, buf5276, buf5279, buf5281, buf5283, buf5284, buf5285, buf5287, buf5289, buf5291, buf5292, buf5293, buf5295, buf5297, buf5299, buf5300, buf5301, buf5303, buf5305, buf5307, buf5308, buf5309, buf5311, buf5313, buf5315, buf5316, buf5317, buf5319, buf5321, buf5323, buf5324, buf5325, buf5327, buf5329, buf5331, buf5332, buf5333, buf5335, buf5337, buf5338, buf5339, buf5342, buf5347, buf5348, buf5349, buf5344, buf5350, buf5352, buf5354, buf5356, buf5357, buf5358, buf5360, buf5362, buf5364, buf5365, buf5366, buf5368, buf5370, buf5372, buf5373, buf5374, buf5376, buf5378, buf5380, buf5381, buf5382, buf5384, buf5386, buf5388, buf5389, buf5390, buf5392, buf5394, buf5395, buf5396, buf5399, buf5401, buf5402, buf5403, buf5405, buf5407, buf5409, buf5410, buf5411, buf5413, buf5415, buf5417, buf5418, buf5419, buf5421, buf5423, buf5425, buf5426, buf5427, buf5429, buf5431, buf5433, buf5434, buf5435, buf5437, buf5439, buf5441, buf5442, buf5443, buf5445, buf5447, buf5448, buf5449, buf5452, buf5454, buf5455, buf5456, buf5458, buf5460, buf5462, buf5463, buf5464, buf5466, buf5468, buf5470, buf5471, buf5472, buf5474, buf5476, buf5478, buf5479, buf5480, buf5482, buf5484, buf5486, buf5487, buf5488, buf5490, buf5492, buf5494, buf5495, buf5496, buf5498, buf5500, buf5502, buf5503, buf5504, buf5506, buf5508, buf5511, buf5513, buf5515, buf5516, buf5517, buf5520, buf5522, buf5524, buf5525, buf5526, buf5529, buf5531, buf5533, buf5534, buf5535, buf5536, buf5539, buf5541, buf5543, buf5544, buf5545, buf5546, buf5549, buf5550, buf5556, buf5558, buf5560, buf5561, buf5562, buf5565, buf5567, buf5569, buf5570, buf5571, buf5573, buf5575, buf5577, buf5578, buf5579, buf5581, buf5583, buf5585, buf5586, buf5587, buf5589, buf5591, buf5593, buf5594, buf5595, buf5597, buf5599, buf5601, buf5602, buf5603, buf5605, buf5607, buf5609, buf5610, buf5611, buf5613, buf5615, buf5617, buf5618, buf5619, buf5621, buf5623, buf5624, buf5625, buf5628, buf5633, buf5634, buf5635, buf5630, buf5636, buf5638, buf5640, buf5642, buf5643, buf5644, buf5646, buf5648, buf5650, buf5651, buf5652, buf5654, buf5656, buf5658, buf5659, buf5660, buf5662, buf5664, buf5666, buf5667, buf5668, buf5670, buf5672, buf5674, buf5675, buf5676, buf5678, buf5680, buf5681, buf5682, buf5685, buf5687, buf5688, buf5689, buf5691, buf5693, buf5695, buf5696, buf5697, buf5699, buf5701, buf5703, buf5704, buf5705, buf5707, buf5709, buf5711, buf5712, buf5713, buf5715, buf5717, buf5719, buf5720, buf5721, buf5723, buf5725, buf5727, buf5728, buf5729, buf5731, buf5733, buf5734, buf5735, buf5738, buf5740, buf5741, buf5742, buf5744, buf5746, buf5748, buf5749, buf5750, buf5752, buf5754, buf5756, buf5757, buf5758, buf5760, buf5762, buf5764, buf5765, buf5766, buf5768, buf5770, buf5772, buf5773, buf5774, buf5776, buf5778, buf5780, buf5781, buf5782, buf5784, buf5786, buf5788, buf5789, buf5790, buf5792, buf5795, buf5798, buf5799, buf5804, buf5806, buf5808, buf5809, buf5810, buf5813, buf5815, buf5817, buf5818, buf5819, buf5822, buf5824, buf5826, buf5827, buf5828, buf5829, buf5832, buf5834, buf5836, buf5837, buf5838, buf5839, buf5842, buf5843, buf5849, buf5851, buf5853, buf5854, buf5855, buf5858, buf5860, buf5862, buf5863, buf5864, buf5866, buf5868, buf5870, buf5871, buf5872, buf5874, buf5876, buf5878, buf5879, buf5880, buf5882, buf5884, buf5886, buf5887, buf5888, buf5890, buf5892, buf5894, buf5895, buf5896, buf5898, buf5900, buf5902, buf5903, buf5904, buf5906, buf5908, buf5910, buf5911, buf5912, buf5914, buf5916, buf5917, buf5918, buf5921, buf5926, buf5927, buf5928, buf5923, buf5929, buf5931, buf5933, buf5935, buf5936, buf5937, buf5939, buf5941, buf5943, buf5944, buf5945, buf5947, buf5949, buf5951, buf5952, buf5953, buf5955, buf5957, buf5959, buf5960, buf5961, buf5963, buf5965, buf5967, buf5968, buf5969, buf5971, buf5973, buf5974, buf5975, buf5978, buf5980, buf5981, buf5982, buf5984, buf5986, buf5988, buf5989, buf5990, buf5992, buf5994, buf5996, buf5997, buf5998, buf6000, buf6002, buf6004, buf6005, buf6006, buf6008, buf6010, buf6012, buf6013, buf6014, buf6016, buf6018, buf6020, buf6021, buf6022, buf6024, buf6026, buf6027, buf6028, buf6031, buf6033, buf6034, buf6035, buf6037, buf6039, buf6041, buf6042, buf6043, buf6045, buf6047, buf6049, buf6050, buf6051, buf6053, buf6055, buf6057, buf6058, buf6059, buf6061, buf6063, buf6065, buf6066, buf6067, buf6069, buf6071, buf6073, buf6074, buf6075, buf6077, buf6079, buf6081, buf6082, buf6083, buf6085, buf6087, buf6090, buf6092, buf6094, buf6095, buf6096, buf6099, buf6101, buf6103, buf6104, buf6105, buf6108, buf6110, buf6112, buf6113, buf6114, buf6115, buf6118, buf6120, buf6122, buf6123, buf6124, buf6125, buf6128, buf6129, buf6135, buf6137, buf6139, buf6140, buf6141, buf6144, buf6146, buf6148, buf6149, buf6150, buf6152, buf6154, buf6156, buf6157, buf6158, buf6160, buf6162, buf6164, buf6165, buf6166, buf6168, buf6170, buf6172, buf6173, buf6174, buf6176, buf6178, buf6180, buf6181, buf6182, buf6184, buf6186, buf6188, buf6189, buf6190, buf6192, buf6194, buf6196, buf6197, buf6198, buf6200, buf6202, buf6203, buf6204, buf6207, buf6212, buf6213, buf6214, buf6209, buf6215, buf6217, buf6219, buf6221, buf6222, buf6223, buf6225, buf6227, buf6229, buf6230, buf6231, buf6233, buf6235, buf6237, buf6238, buf6239, buf6241, buf6243, buf6245, buf6246, buf6247, buf6249, buf6251, buf6253, buf6254, buf6255, buf6257, buf6259, buf6260, buf6261, buf6264, buf6266, buf6267, buf6268, buf6270, buf6272, buf6274, buf6275, buf6276, buf6278, buf6280, buf6282, buf6283, buf6284, buf6286, buf6288, buf6290, buf6291, buf6292, buf6294, buf6296, buf6298, buf6299, buf6300, buf6302, buf6304, buf6306, buf6307, buf6308, buf6310, buf6312, buf6313, buf6314, buf6317, buf6319, buf6320, buf6321, buf6323, buf6325, buf6327, buf6328, buf6329, buf6331, buf6333, buf6335, buf6336, buf6337, buf6339, buf6341, buf6343, buf6344, buf6345, buf6347, buf6349, buf6351, buf6352, buf6353, buf6355, buf6357, buf6359, buf6360, buf6361, buf6363, buf6365, buf6367, buf6368, buf6369, buf6371, buf6373, buf6376, buf6378, buf6380, buf6381, buf6382, buf6385, buf6387, buf6389, buf6390, buf6391, buf6394, buf6396, buf6398, buf6399, buf6400, buf6401, buf6404, buf6406, buf6408, buf6409, buf6410, buf6411, buf6414, buf6415, buf6421, buf6423, buf6425, buf6426, buf6427, buf6430, buf6432, buf6434, buf6435, buf6436, buf6438, buf6440, buf6442, buf6443, buf6444, buf6446, buf6448, buf6450, buf6451, buf6452, buf6454, buf6456, buf6458, buf6459, buf6460, buf6462, buf6464, buf6466, buf6467, buf6468, buf6470, buf6472, buf6474, buf6475, buf6476, buf6478, buf6480, buf6482, buf6483, buf6484, buf6486, buf6488, buf6489, buf6490, buf6493, buf6498, buf6499, buf6500, buf6495, buf6501, buf6503, buf6505, buf6507, buf6508, buf6509, buf6511, buf6513, buf6515, buf6516, buf6517, buf6519, buf6521, buf6523, buf6524, buf6525, buf6527, buf6529, buf6531, buf6532, buf6533, buf6535, buf6537, buf6539, buf6540, buf6541, buf6543, buf6545, buf6546, buf6547, buf6550, buf6552, buf6553, buf6554, buf6556, buf6558, buf6560, buf6561, buf6562, buf6564, buf6566, buf6568, buf6569, buf6570, buf6572, buf6574, buf6576, buf6577, buf6578, buf6580, buf6582, buf6584, buf6585, buf6586, buf6588, buf6590, buf6592, buf6593, buf6594, buf6596, buf6598, buf6599, buf6600, buf6603, buf6605, buf6606, buf6607, buf6609, buf6611, buf6613, buf6614, buf6615, buf6617, buf6619, buf6621, buf6622, buf6623, buf6625, buf6627, buf6629, buf6630, buf6631, buf6633, buf6635, buf6637, buf6638, buf6639, buf6641, buf6643, buf6645, buf6646, buf6647, buf6649, buf6651, buf6653, buf6654, buf6655, buf6657, buf6660, buf6663, buf6665, buf6667, buf6668, buf6669, buf6672, buf6674, buf6676, buf6677, buf6678, buf6681, buf6683, buf6685, buf6686, buf6687, buf6688, buf6691, buf6693, buf6695, buf6696, buf6697, buf6698, buf6701, buf6702, buf6708, buf6710, buf6712, buf6713, buf6714, buf6717, buf6719, buf6721, buf6722, buf6723, buf6725, buf6727, buf6729, buf6730, buf6731, buf6733, buf6735, buf6737, buf6738, buf6739, buf6741, buf6743, buf6745, buf6746, buf6747, buf6749, buf6751, buf6753, buf6754, buf6755, buf6757, buf6759, buf6761, buf6762, buf6763, buf6765, buf6767, buf6769, buf6770, buf6771, buf6773, buf6775, buf6776, buf6777, buf6780, buf6785, buf6786, buf6787, buf6782, buf6788, buf6790, buf6792, buf6794, buf6795, buf6796, buf6798, buf6800, buf6802, buf6803, buf6804, buf6806, buf6808, buf6810, buf6811, buf6812, buf6814, buf6816, buf6818, buf6819, buf6820, buf6822, buf6824, buf6826, buf6827, buf6828, buf6830, buf6832, buf6833, buf6834, buf6837, buf6839, buf6840, buf6841, buf6843, buf6845, buf6847, buf6848, buf6849, buf6851, buf6853, buf6855, buf6856, buf6857, buf6859, buf6861, buf6863, buf6864, buf6865, buf6867, buf6869, buf6871, buf6872, buf6873, buf6875, buf6877, buf6879, buf6880, buf6881, buf6883, buf6885, buf6886, buf6887, buf6890, buf6892, buf6893, buf6894, buf6896, buf6898, buf6900, buf6901, buf6902, buf6904, buf6906, buf6908, buf6909, buf6910, buf6912, buf6914, buf6916, buf6917, buf6918, buf6920, buf6922, buf6924, buf6925, buf6926, buf6928, buf6930, buf6932, buf6933, buf6934, buf6936, buf6938, buf6940, buf6941, buf6942, buf6944, buf6946, buf6949, buf6951, buf6953, buf6954, buf6955, buf6958, buf6960, buf6962, buf6963, buf6964, buf6967, buf6969, buf6971, buf6972, buf6973, buf6974, buf6977, buf6979, buf6981, buf6982, buf6983, buf6984, buf6987, buf6988, buf6994, buf6996, buf6998, buf6999, buf7000, buf7003, buf7005, buf7007, buf7008, buf7009, buf7011, buf7013, buf7015, buf7016, buf7017, buf7019, buf7021, buf7023, buf7024, buf7025, buf7027, buf7029, buf7031, buf7032, buf7033, buf7035, buf7037, buf7039, buf7040, buf7041, buf7043, buf7045, buf7047, buf7048, buf7049, buf7051, buf7053, buf7055, buf7056, buf7057, buf7059, buf7061, buf7062, buf7063, buf7066, buf7071, buf7072, buf7073, buf7068, buf7074, buf7076, buf7078, buf7080, buf7081, buf7082, buf7084, buf7086, buf7088, buf7089, buf7090, buf7092, buf7094, buf7096, buf7097, buf7098, buf7100, buf7102, buf7104, buf7105, buf7106, buf7108, buf7110, buf7112, buf7113, buf7114, buf7116, buf7118, buf7119, buf7120, buf7123, buf7125, buf7126, buf7127, buf7129, buf7131, buf7133, buf7134, buf7135, buf7137, buf7139, buf7141, buf7142, buf7143, buf7145, buf7147, buf7149, buf7150, buf7151, buf7153, buf7155, buf7157, buf7158, buf7159, buf7161, buf7163, buf7165, buf7166, buf7167, buf7169, buf7171, buf7172, buf7173, buf7176, buf7178, buf7179, buf7180, buf7182, buf7184, buf7186, buf7187, buf7188, buf7190, buf7192, buf7194, buf7195, buf7196, buf7198, buf7200, buf7202, buf7203, buf7204, buf7206, buf7208, buf7210, buf7211, buf7212, buf7214, buf7216, buf7218, buf7219, buf7220, buf7222, buf7224, buf7226, buf7227, buf7228, buf7230, buf7233, buf7236, buf7238, buf7240, buf7241, buf7242, buf7245, buf7247, buf7249, buf7250, buf7251, buf7254, buf7256, buf7258, buf7259, buf7260, buf7261, buf7264, buf7266, buf7268, buf7269, buf7270, buf7271, buf7274, buf7275, buf7281, buf7283, buf7285, buf7286, buf7287, buf7290, buf7292, buf7294, buf7295, buf7296, buf7298, buf7300, buf7302, buf7303, buf7304, buf7306, buf7308, buf7310, buf7311, buf7312, buf7314, buf7316, buf7318, buf7319, buf7320, buf7322, buf7324, buf7326, buf7327, buf7328, buf7330, buf7332, buf7334, buf7335, buf7336, buf7338, buf7340, buf7342, buf7343, buf7344, buf7346, buf7348, buf7349, buf7350, buf7353, buf7358, buf7359, buf7360, buf7355, buf7361, buf7363, buf7365, buf7367, buf7368, buf7369, buf7371, buf7373, buf7375, buf7376, buf7377, buf7379, buf7381, buf7383, buf7384, buf7385, buf7387, buf7389, buf7391, buf7392, buf7393, buf7395, buf7397, buf7399, buf7400, buf7401, buf7403, buf7405, buf7406, buf7407, buf7410, buf7412, buf7413, buf7414, buf7416, buf7418, buf7420, buf7421, buf7422, buf7424, buf7426, buf7428, buf7429, buf7430, buf7432, buf7434, buf7436, buf7437, buf7438, buf7440, buf7442, buf7444, buf7445, buf7446, buf7448, buf7450, buf7452, buf7453, buf7454, buf7456, buf7458, buf7459, buf7460, buf7463, buf7465, buf7466, buf7467, buf7469, buf7471, buf7473, buf7474, buf7475, buf7477, buf7479, buf7481, buf7482, buf7483, buf7485, buf7487, buf7489, buf7490, buf7491, buf7493, buf7495, buf7497, buf7498, buf7499, buf7501, buf7503, buf7505, buf7506, buf7507, buf7509, buf7511, buf7513, buf7514, buf7515, buf7517, buf7519, buf7522, buf7524, buf7526, buf7527, buf7528, buf7531, buf7533, buf7535, buf7536, buf7537, buf7540, buf7542, buf7544, buf7545, buf7546, buf7547, buf7550, buf7552, buf7554, buf7555, buf7556, buf7557, buf7560, buf7561, buf7567, buf7569, buf7571, buf7572, buf7573, buf7576, buf7578, buf7580, buf7581, buf7582, buf7584, buf7586, buf7588, buf7589, buf7590, buf7592, buf7594, buf7596, buf7597, buf7598, buf7600, buf7602, buf7604, buf7605, buf7606, buf7608, buf7610, buf7612, buf7613, buf7614, buf7616, buf7618, buf7620, buf7621, buf7622, buf7624, buf7626, buf7628, buf7629, buf7630, buf7632, buf7634, buf7635, buf7636, buf7639, buf7644, buf7645, buf7646, buf7641, buf7647, buf7649, buf7651, buf7653, buf7654, buf7655, buf7657, buf7659, buf7661, buf7662, buf7663, buf7665, buf7667, buf7669, buf7670, buf7671, buf7673, buf7675, buf7677, buf7678, buf7679, buf7681, buf7683, buf7685, buf7686, buf7687, buf7689, buf7691, buf7692, buf7693, buf7696, buf7698, buf7699, buf7700, buf7702, buf7704, buf7706, buf7707, buf7708, buf7710, buf7712, buf7714, buf7715, buf7716, buf7718, buf7720, buf7722, buf7723, buf7724, buf7726, buf7728, buf7730, buf7731, buf7732, buf7734, buf7736, buf7738, buf7739, buf7740, buf7742, buf7744, buf7745, buf7746, buf7749, buf7751, buf7752, buf7753, buf7755, buf7757, buf7759, buf7760, buf7761, buf7763, buf7765, buf7767, buf7768, buf7769, buf7771, buf7773, buf7775, buf7776, buf7777, buf7779, buf7781, buf7783, buf7784, buf7785, buf7787, buf7789, buf7791, buf7792, buf7793, buf7795, buf7797, buf7799, buf7800, buf7801, buf7803, buf7806, buf7809, buf7811, buf7813, buf7814, buf7815, buf7818, buf7820, buf7822, buf7823, buf7824, buf7827, buf7829, buf7831, buf7832, buf7833, buf7834, buf7837, buf7839, buf7841, buf7842, buf7843, buf7844, buf7847, buf7848, buf7854, buf7856, buf7858, buf7859, buf7860, buf7863, buf7865, buf7867, buf7868, buf7869, buf7871, buf7873, buf7875, buf7876, buf7877, buf7879, buf7881, buf7883, buf7884, buf7885, buf7887, buf7889, buf7891, buf7892, buf7893, buf7895, buf7897, buf7899, buf7900, buf7901, buf7903, buf7905, buf7907, buf7908, buf7909, buf7911, buf7913, buf7915, buf7916, buf7917, buf7919, buf7921, buf7922, buf7923, buf7926, buf7931, buf7932, buf7933, buf7928, buf7934, buf7936, buf7938, buf7940, buf7941, buf7942, buf7944, buf7946, buf7948, buf7949, buf7950, buf7952, buf7954, buf7956, buf7957, buf7958, buf7960, buf7962, buf7964, buf7965, buf7966, buf7968, buf7970, buf7972, buf7973, buf7974, buf7976, buf7978, buf7979, buf7980, buf7983, buf7985, buf7986, buf7987, buf7989, buf7991, buf7993, buf7994, buf7995, buf7997, buf7999, buf8001, buf8002, buf8003, buf8005, buf8007, buf8009, buf8010, buf8011, buf8013, buf8015, buf8017, buf8018, buf8019, buf8021, buf8023, buf8025, buf8026, buf8027, buf8029, buf8031, buf8032, buf8033, buf8036, buf8038, buf8039, buf8040, buf8042, buf8044, buf8046, buf8047, buf8048, buf8050, buf8052, buf8054, buf8055, buf8056, buf8058, buf8060, buf8062, buf8063, buf8064, buf8066, buf8068, buf8070, buf8071, buf8072, buf8074, buf8076, buf8078, buf8079, buf8080, buf8082, buf8084, buf8086, buf8087, buf8088, buf8090, buf8092, buf8095, buf8097, buf8099, buf8100, buf8101, buf8104, buf8106, buf8108, buf8109, buf8110, buf8113, buf8115, buf8117, buf8118, buf8119, buf8120, buf8123, buf8125, buf8127, buf8128, buf8129, buf8130, buf8133, buf8134, buf8140, buf8142, buf8144, buf8145, buf8146, buf8149, buf8151, buf8153, buf8154, buf8155, buf8157, buf8159, buf8161, buf8162, buf8163, buf8165, buf8167, buf8169, buf8170, buf8171, buf8173, buf8175, buf8177, buf8178, buf8179, buf8181, buf8183, buf8185, buf8186, buf8187, buf8189, buf8191, buf8193, buf8194, buf8195, buf8197, buf8199, buf8201, buf8202, buf8203, buf8205, buf8207, buf8208, buf8209, buf8212, buf8217, buf8218, buf8219, buf8214, buf8220, buf8222, buf8224, buf8226, buf8227, buf8228, buf8230, buf8232, buf8234, buf8235, buf8236, buf8238, buf8240, buf8242, buf8243, buf8244, buf8246, buf8248, buf8250, buf8251, buf8252, buf8254, buf8256, buf8258, buf8259, buf8260, buf8262, buf8264, buf8265, buf8266, buf8269, buf8271, buf8272, buf8273, buf8275, buf8277, buf8279, buf8280, buf8281, buf8283, buf8285, buf8287, buf8288, buf8289, buf8291, buf8293, buf8295, buf8296, buf8297, buf8299, buf8301, buf8303, buf8304, buf8305, buf8307, buf8309, buf8311, buf8312, buf8313, buf8315, buf8317, buf8318, buf8319, buf8322, buf8324, buf8325, buf8326, buf8328, buf8330, buf8332, buf8333, buf8334, buf8336, buf8338, buf8340, buf8341, buf8342, buf8344, buf8346, buf8348, buf8349, buf8350, buf8352, buf8354, buf8356, buf8357, buf8358, buf8360, buf8362, buf8364, buf8365, buf8366, buf8368, buf8370, buf8372, buf8373, buf8374, buf8376, buf8379, buf8382, buf8383, buf8388, buf8390, buf8392, buf8393, buf8394, buf8397, buf8399, buf8401, buf8402, buf8403, buf8406, buf8408, buf8410, buf8411, buf8412, buf8413, buf8416, buf8418, buf8420, buf8421, buf8422, buf8423, buf8426, buf8427, buf8433, buf8435, buf8437, buf8438, buf8439, buf8442, buf8444, buf8446, buf8447, buf8448, buf8450, buf8452, buf8454, buf8455, buf8456, buf8458, buf8460, buf8462, buf8463, buf8464, buf8466, buf8468, buf8470, buf8471, buf8472, buf8474, buf8476, buf8478, buf8479, buf8480, buf8482, buf8484, buf8486, buf8487, buf8488, buf8490, buf8492, buf8494, buf8495, buf8496, buf8498, buf8500, buf8501, buf8502, buf8505, buf8510, buf8511, buf8512, buf8507, buf8513, buf8515, buf8517, buf8519, buf8520, buf8521, buf8523, buf8525, buf8527, buf8528, buf8529, buf8531, buf8533, buf8535, buf8536, buf8537, buf8539, buf8541, buf8543, buf8544, buf8545, buf8547, buf8549, buf8551, buf8552, buf8553, buf8555, buf8557, buf8558, buf8559, buf8562, buf8564, buf8565, buf8566, buf8568, buf8570, buf8572, buf8573, buf8574, buf8576, buf8578, buf8580, buf8581, buf8582, buf8584, buf8586, buf8588, buf8589, buf8590, buf8592, buf8594, buf8596, buf8597, buf8598, buf8600, buf8602, buf8604, buf8605, buf8606, buf8608, buf8610, buf8611, buf8612, buf8615, buf8617, buf8618, buf8619, buf8621, buf8623, buf8625, buf8626, buf8627, buf8629, buf8631, buf8633, buf8634, buf8635, buf8637, buf8639, buf8641, buf8642, buf8643, buf8645, buf8647, buf8649, buf8650, buf8651, buf8653, buf8655, buf8657, buf8658, buf8659, buf8661, buf8663, buf8665, buf8666, buf8667, buf8669, buf8671, buf8674, buf8676, buf8678, buf8679, buf8680, buf8683, buf8685, buf8687, buf8688, buf8689, buf8692, buf8694, buf8696, buf8697, buf8698, buf8699, buf8702, buf8704, buf8706, buf8707, buf8708, buf8709, buf8712, buf8713, buf8719, buf8721, buf8723, buf8724, buf8725, buf8728, buf8730, buf8732, buf8733, buf8734, buf8736, buf8738, buf8740, buf8741, buf8742, buf8744, buf8746, buf8748, buf8749, buf8750, buf8752, buf8754, buf8756, buf8757, buf8758, buf8760, buf8762, buf8764, buf8765, buf8766, buf8768, buf8770, buf8772, buf8773, buf8774, buf8776, buf8778, buf8780, buf8781, buf8782, buf8784, buf8786, buf8787, buf8788, buf8791, buf8796, buf8797, buf8798, buf8793, buf8799, buf8801, buf8803, buf8805, buf8806, buf8807, buf8809, buf8811, buf8813, buf8814, buf8815, buf8817, buf8819, buf8821, buf8822, buf8823, buf8825, buf8827, buf8829, buf8830, buf8831, buf8833, buf8835, buf8837, buf8838, buf8839, buf8841, buf8843, buf8844, buf8845, buf8848, buf8850, buf8851, buf8852, buf8854, buf8856, buf8858, buf8859, buf8860, buf8862, buf8864, buf8866, buf8867, buf8868, buf8870, buf8872, buf8874, buf8875, buf8876, buf8878, buf8880, buf8882, buf8883, buf8884, buf8886, buf8888, buf8890, buf8891, buf8892, buf8894, buf8896, buf8897, buf8898, buf8901, buf8903, buf8904, buf8905, buf8907, buf8909, buf8911, buf8912, buf8913, buf8915, buf8917, buf8919, buf8920, buf8921, buf8923, buf8925, buf8927, buf8928, buf8929, buf8931, buf8933, buf8935, buf8936, buf8937, buf8939, buf8941, buf8943, buf8944, buf8945, buf8947, buf8949, buf8951, buf8952, buf8953, buf8955, buf8957, buf8960, buf8962, buf8964, buf8965, buf8966, buf8969, buf8971, buf8973, buf8974, buf8975, buf8978, buf8980, buf8982, buf8983, buf8984, buf8985, buf8988, buf8990, buf8992, buf8993, buf8994, buf8995, buf8998, buf8999, buf9005, buf9007, buf9009, buf9010, buf9011, buf9014, buf9016, buf9018, buf9019, buf9020, buf9022, buf9024, buf9026, buf9027, buf9028, buf9030, buf9032, buf9034, buf9035, buf9036, buf9038, buf9040, buf9042, buf9043, buf9044, buf9046, buf9048, buf9050, buf9051, buf9052, buf9054, buf9056, buf9058, buf9059, buf9060, buf9062, buf9064, buf9066, buf9067, buf9068, buf9070, buf9072, buf9073, buf9074, buf9077, buf9082, buf9083, buf9084, buf9079, buf9085, buf9087, buf9089, buf9091, buf9092, buf9093, buf9095, buf9097, buf9099, buf9100, buf9101, buf9103, buf9105, buf9107, buf9108, buf9109, buf9111, buf9113, buf9115, buf9116, buf9117, buf9119, buf9121, buf9123, buf9124, buf9125, buf9127, buf9129, buf9130, buf9131, buf9134, buf9136, buf9137, buf9138, buf9140, buf9142, buf9144, buf9145, buf9146, buf9148, buf9150, buf9152, buf9153, buf9154, buf9156, buf9158, buf9160, buf9161, buf9162, buf9164, buf9166, buf9168, buf9169, buf9170, buf9172, buf9174, buf9176, buf9177, buf9178, buf9180, buf9182, buf9183, buf9184, buf9187, buf9189, buf9190, buf9191, buf9193, buf9195, buf9197, buf9198, buf9199, buf9201, buf9203, buf9205, buf9206, buf9207, buf9209, buf9211, buf9213, buf9214, buf9215, buf9217, buf9219, buf9221, buf9222, buf9223, buf9225, buf9227, buf9229, buf9230, buf9231, buf9233, buf9235, buf9237, buf9238, buf9239, buf9241, buf9244, buf9247, buf9249, buf9251, buf9252, buf9253, buf9256, buf9258, buf9260, buf9261, buf9262, buf9265, buf9267, buf9269, buf9270, buf9271, buf9272, buf9275, buf9277, buf9279, buf9280, buf9281, buf9282, buf9285, buf9286, buf9292, buf9294, buf9296, buf9297, buf9298, buf9301, buf9303, buf9305, buf9306, buf9307, buf9309, buf9311, buf9313, buf9314, buf9315, buf9317, buf9319, buf9321, buf9322, buf9323, buf9325, buf9327, buf9329, buf9330, buf9331, buf9333, buf9335, buf9337, buf9338, buf9339, buf9341, buf9343, buf9345, buf9346, buf9347, buf9349, buf9351, buf9353, buf9354, buf9355, buf9357, buf9359, buf9360, buf9361, buf9364, buf9369, buf9370, buf9371, buf9366, buf9372, buf9374, buf9376, buf9378, buf9379, buf9380, buf9382, buf9384, buf9386, buf9387, buf9388, buf9390, buf9392, buf9394, buf9395, buf9396, buf9398, buf9400, buf9402, buf9403, buf9404, buf9406, buf9408, buf9410, buf9411, buf9412, buf9414, buf9416, buf9417, buf9418, buf9421, buf9423, buf9424, buf9425, buf9427, buf9429, buf9431, buf9432, buf9433, buf9435, buf9437, buf9439, buf9440, buf9441, buf9443, buf9445, buf9447, buf9448, buf9449, buf9451, buf9453, buf9455, buf9456, buf9457, buf9459, buf9461, buf9463, buf9464, buf9465, buf9467, buf9469, buf9470, buf9471, buf9474, buf9476, buf9477, buf9478, buf9480, buf9482, buf9484, buf9485, buf9486, buf9488, buf9490, buf9492, buf9493, buf9494, buf9496, buf9498, buf9500, buf9501, buf9502, buf9504, buf9506, buf9508, buf9509, buf9510, buf9512, buf9514, buf9516, buf9517, buf9518, buf9520, buf9522, buf9524, buf9525, buf9526, buf9528, buf9530, buf9533, buf9535, buf9537, buf9538, buf9539, buf9542, buf9544, buf9546, buf9547, buf9548, buf9551, buf9553, buf9555, buf9556, buf9557, buf9558, buf9561, buf9563, buf9565, buf9566, buf9567, buf9568, buf9571, buf9572, buf9578, buf9580, buf9582, buf9583, buf9584, buf9587, buf9589, buf9591, buf9592, buf9593, buf9595, buf9597, buf9599, buf9600, buf9601, buf9603, buf9605, buf9607, buf9608, buf9609, buf9611, buf9613, buf9615, buf9616, buf9617, buf9619, buf9621, buf9623, buf9624, buf9625, buf9627, buf9629, buf9631, buf9632, buf9633, buf9635, buf9637, buf9639, buf9640, buf9641, buf9643, buf9645, buf9646, buf9647, buf9650, buf9655, buf9656, buf9657, buf9652, buf9658, buf9660, buf9662, buf9664, buf9665, buf9666, buf9668, buf9670, buf9672, buf9673, buf9674, buf9676, buf9678, buf9680, buf9681, buf9682, buf9684, buf9686, buf9688, buf9689, buf9690, buf9692, buf9694, buf9696, buf9697, buf9698, buf9700, buf9702, buf9703, buf9704, buf9707, buf9709, buf9710, buf9711, buf9713, buf9715, buf9717, buf9718, buf9719, buf9721, buf9723, buf9725, buf9726, buf9727, buf9729, buf9731, buf9733, buf9734, buf9735, buf9737, buf9739, buf9741, buf9742, buf9743, buf9745, buf9747, buf9749, buf9750, buf9751, buf9753, buf9755, buf9756, buf9757, buf9760, buf9762, buf9763, buf9764, buf9766, buf9768, buf9770, buf9771, buf9772, buf9774, buf9776, buf9778, buf9779, buf9780, buf9782, buf9784, buf9786, buf9787, buf9788, buf9790, buf9792, buf9794, buf9795, buf9796, buf9798, buf9800, buf9802, buf9803, buf9804, buf9806, buf9808, buf9810, buf9811, buf9812, buf9814, buf9817, buf9820, buf9822, buf9824, buf9825, buf9826, buf9829, buf9831, buf9833, buf9834, buf9835, buf9838, buf9840, buf9842, buf9843, buf9844, buf9845, buf9848, buf9850, buf9852, buf9853, buf9854, buf9855, buf9858, buf9859, buf9865, buf9867, buf9869, buf9870, buf9871, buf9874, buf9876, buf9878, buf9879, buf9880, buf9882, buf9884, buf9886, buf9887, buf9888, buf9890, buf9892, buf9894, buf9895, buf9896, buf9898, buf9900, buf9902, buf9903, buf9904, buf9906, buf9908, buf9910, buf9911, buf9912, buf9914, buf9916, buf9918, buf9919, buf9920, buf9922, buf9924, buf9926, buf9927, buf9928, buf9930, buf9932, buf9933, buf9934, buf9937, buf9942, buf9943, buf9944, buf9939, buf9945, buf9947, buf9949, buf9951, buf9952, buf9953, buf9955, buf9957, buf9959, buf9960, buf9961, buf9963, buf9965, buf9967, buf9968, buf9969, buf9971, buf9973, buf9975, buf9976, buf9977, buf9979, buf9981, buf9983, buf9984, buf9985, buf9987, buf9989, buf9990, buf9991, buf9994, buf9996, buf9997, buf9998, buf10000, buf10002, buf10004, buf10005, buf10006, buf10008, buf10010, buf10012, buf10013, buf10014, buf10016, buf10018, buf10020, buf10021, buf10022, buf10024, buf10026, buf10028, buf10029, buf10030, buf10032, buf10034, buf10036, buf10037, buf10038, buf10040, buf10042, buf10043, buf10044, buf10047, buf10049, buf10050, buf10051, buf10053, buf10055, buf10057, buf10058, buf10059, buf10061, buf10063, buf10065, buf10066, buf10067, buf10069, buf10071, buf10073, buf10074, buf10075, buf10077, buf10079, buf10081, buf10082, buf10083, buf10085, buf10087, buf10089, buf10090, buf10091, buf10093, buf10095, buf10097, buf10098, buf10099, buf10101, buf10103, buf10106, buf10108, buf10110, buf10111, buf10112, buf10115, buf10117, buf10119, buf10120, buf10121, buf10124, buf10126, buf10128, buf10129, buf10130, buf10131, buf10134, buf10136, buf10138, buf10139, buf10140, buf10141, buf10144, buf10145, buf10151, buf10153, buf10155, buf10156, buf10157, buf10160, buf10162, buf10164, buf10165, buf10166, buf10168, buf10170, buf10172, buf10173, buf10174, buf10176, buf10178, buf10180, buf10181, buf10182, buf10184, buf10186, buf10188, buf10189, buf10190, buf10192, buf10194, buf10196, buf10197, buf10198, buf10200, buf10202, buf10204, buf10205, buf10206, buf10208, buf10210, buf10212, buf10213, buf10214, buf10216, buf10218, buf10219, buf10220, buf10223, buf10228, buf10229, buf10230, buf10225, buf10231, buf10233, buf10235, buf10237, buf10238, buf10239, buf10241, buf10243, buf10245, buf10246, buf10247, buf10249, buf10251, buf10253, buf10254, buf10255, buf10257, buf10259, buf10261, buf10262, buf10263, buf10265, buf10267, buf10269, buf10270, buf10271, buf10273, buf10275, buf10276, buf10277, buf10280, buf10282, buf10283, buf10284, buf10286, buf10288, buf10290, buf10291, buf10292, buf10294, buf10296, buf10298, buf10299, buf10300, buf10302, buf10304, buf10306, buf10307, buf10308, buf10310, buf10312, buf10314, buf10315, buf10316, buf10318, buf10320, buf10322, buf10323, buf10324, buf10326, buf10328, buf10329, buf10330, buf10333, buf10335, buf10336, buf10337, buf10339, buf10341, buf10343, buf10344, buf10345, buf10347, buf10349, buf10351, buf10352, buf10353, buf10355, buf10357, buf10359, buf10360, buf10361, buf10363, buf10365, buf10367, buf10368, buf10369, buf10371, buf10373, buf10375, buf10376, buf10377, buf10379, buf10381, buf10383, buf10384, buf10385, buf10387, buf10390, buf10393, buf10395, buf10397, buf10398, buf10399, buf10402, buf10404, buf10406, buf10407, buf10408, buf10411, buf10413, buf10415, buf10416, buf10417, buf10418, buf10421, buf10423, buf10425, buf10426, buf10427, buf10428, buf10431, buf10432, buf10438, buf10440, buf10442, buf10443, buf10444, buf10447, buf10449, buf10451, buf10452, buf10453, buf10455, buf10457, buf10459, buf10460, buf10461, buf10463, buf10465, buf10467, buf10468, buf10469, buf10471, buf10473, buf10475, buf10476, buf10477, buf10479, buf10481, buf10483, buf10484, buf10485, buf10487, buf10489, buf10491, buf10492, buf10493, buf10495, buf10497, buf10499, buf10500, buf10501, buf10503, buf10505, buf10506, buf10507, buf10510, buf10515, buf10516, buf10517, buf10512, buf10518, buf10520, buf10522, buf10524, buf10525, buf10526, buf10528, buf10530, buf10532, buf10533, buf10534, buf10536, buf10538, buf10540, buf10541, buf10542, buf10544, buf10546, buf10548, buf10549, buf10550, buf10552, buf10554, buf10556, buf10557, buf10558, buf10560, buf10562, buf10563, buf10564, buf10567, buf10569, buf10570, buf10571, buf10573, buf10575, buf10577, buf10578, buf10579, buf10581, buf10583, buf10585, buf10586, buf10587, buf10589, buf10591, buf10593, buf10594, buf10595, buf10597, buf10599, buf10601, buf10602, buf10603, buf10605, buf10607, buf10609, buf10610, buf10611, buf10613, buf10615, buf10616, buf10617, buf10620, buf10622, buf10623, buf10624, buf10626, buf10628, buf10630, buf10631, buf10632, buf10634, buf10636, buf10638, buf10639, buf10640, buf10642, buf10644, buf10646, buf10647, buf10648, buf10650, buf10652, buf10654, buf10655, buf10656, buf10658, buf10660, buf10662, buf10663, buf10664, buf10666, buf10668, buf10670, buf10671, buf10672, buf10674, buf10676, buf10679, buf10681, buf10683, buf10684, buf10685, buf10688, buf10690, buf10692, buf10693, buf10694, buf10697, buf10699, buf10701, buf10702, buf10703, buf10704, buf10707, buf10709, buf10711, buf10712, buf10713, buf10714, buf10717, buf10718, buf10724, buf10726, buf10728, buf10729, buf10730, buf10733, buf10735, buf10737, buf10738, buf10739, buf10741, buf10743, buf10745, buf10746, buf10747, buf10749, buf10751, buf10753, buf10754, buf10755, buf10757, buf10759, buf10761, buf10762, buf10763, buf10765, buf10767, buf10769, buf10770, buf10771, buf10773, buf10775, buf10777, buf10778, buf10779, buf10781, buf10783, buf10785, buf10786, buf10787, buf10789, buf10791, buf10792, buf10793, buf10796, buf10801, buf10802, buf10803, buf10798, buf10804, buf10806, buf10808, buf10810, buf10811, buf10812, buf10814, buf10816, buf10818, buf10819, buf10820, buf10822, buf10824, buf10826, buf10827, buf10828, buf10830, buf10832, buf10834, buf10835, buf10836, buf10838, buf10840, buf10842, buf10843, buf10844, buf10846, buf10848, buf10849, buf10850, buf10853, buf10855, buf10856, buf10857, buf10859, buf10861, buf10863, buf10864, buf10865, buf10867, buf10869, buf10871, buf10872, buf10873, buf10875, buf10877, buf10879, buf10880, buf10881, buf10883, buf10885, buf10887, buf10888, buf10889, buf10891, buf10893, buf10895, buf10896, buf10897, buf10899, buf10901, buf10902, buf10903, buf10906, buf10908, buf10909, buf10910, buf10912, buf10914, buf10916, buf10917, buf10918, buf10920, buf10922, buf10924, buf10925, buf10926, buf10928, buf10930, buf10932, buf10933, buf10934, buf10936, buf10938, buf10940, buf10941, buf10942, buf10944, buf10946, buf10948, buf10949, buf10950, buf10952, buf10954, buf10956, buf10957, buf10958, buf10960, buf10963, primals_4, primals_6, primals_7, primals_9, primals_10, primals_12, primals_13, primals_15, primals_16, primals_18, primals_20, primals_22, primals_23, primals_25, primals_26, primals_28, primals_29, primals_31, primals_32, primals_34, primals_36, primals_38, primals_39, primals_41, primals_42, primals_44, primals_45, primals_47, primals_48, primals_50, primals_52, primals_53, primals_55, primals_56, primals_58, primals_59, primals_61, primals_62, primals_64, primals_65, primals_67, primals_69, primals_71, primals_72, primals_74, primals_75, primals_77, primals_78, primals_80, primals_81, primals_83, primals_85, primals_86, primals_88, primals_89, primals_91, primals_92, primals_94, primals_95, primals_97, primals_98, primals_100, primals_101, primals_102, primals_103, primals_105, primals_106, primals_107, primals_108, primals_109, primals_110, primals_111, primals_113, primals_114, primals_115, primals_116, primals_117, primals_118, primals_119, primals_120, primals_121, primals_122, primals_123, primals_124, primals_126, primals_127, primals_128, primals_129, primals_130, primals_131, primals_132, primals_133, primals_134, primals_135, primals_137, primals_138, primals_139, primals_140, primals_142, primals_143, primals_144, primals_145, primals_147, primals_148, primals_149, primals_152, primals_154, primals_156, primals_157, primals_158, primals_159, primals_161, primals_162, primals_163, primals_164, primals_166, primals_167, primals_168, primals_169, primals_170, primals_171, primals_172, primals_174, primals_175, primals_176, primals_177, primals_178, primals_179, primals_181, primals_182, primals_183, primals_184, primals_186, primals_187, primals_188, primals_189, primals_191, primals_192, primals_193, primals_194, primals_196, primals_197, primals_198, primals_199, primals_201, primals_202, primals_203, primals_204, primals_206, primals_207, primals_208, primals_209, primals_211, primals_212, primals_213, primals_214, primals_216, primals_217, primals_218, primals_219, primals_221, primals_222, primals_223, primals_224, primals_225, primals_226, primals_232, primals_228, primals_230, primals_231, primals_233, primals_235, primals_236, primals_237, primals_238, primals_240, primals_241, primals_242, primals_243, primals_245, primals_246, primals_247, primals_248, primals_250, primals_251, primals_252, primals_253, primals_255, primals_256, primals_257, primals_258, primals_260, primals_261, primals_262, primals_263, primals_264, primals_265, primals_267, primals_268, primals_270, primals_271, primals_272, primals_273, primals_275, primals_276, primals_277, primals_278, primals_280, primals_281, primals_282, primals_283, primals_285, primals_286, primals_287, primals_288, primals_290, primals_291, primals_292, primals_293, primals_295, primals_296, primals_297, primals_298, primals_299, primals_300, primals_302, primals_303, primals_305, primals_306, primals_307, primals_308, primals_310, primals_311, primals_312, primals_313, primals_315, primals_316, primals_317, primals_318, primals_320, primals_321, primals_322, primals_323, primals_325, primals_326, primals_327, primals_328, primals_330, primals_331, primals_332, primals_333, primals_335, primals_336) = self.partitions[0](partition0_args)
[rank0]:                                                                                                                                                                                                                                                                                                                                                                                                                                                                                                                                                                                                                                                                                                                                                                                                                                                                                                                                                                                                                                                                                                                                                                                                                                                                                                                                                                                                                                                                                                                                                                                                                                                                                                                                                                                                                                                                                                                                                                                                                                                                                                                                                                                                                                                                                                                                                                                                                                                                                                                                                                                                                                                                                                                                                                                                                                                                                                                                                                                                                                                                                                                                                                                                                                                                                                                                                                                                                                                                                                                                                                                                                                                                                                                                                                                                                                                                                                                                                                                                                                                                                                                                                                                                                                                                                                                                                                                                                                                                                                                                                                                                                                                                                                                                                                                                                                                                                                                                                                                                                                                                                                                                                                                                                                                                                                                                                                                                                                                                                                                                                                                                                                                                                                                                                                                                                                                                                                                                                                                                                                                                                                                                                                                                                                                                                                                                                                                                                                                                                                                                                                                                                                                                                                                                                                                                                                                                                                                                                                                                                                                                                                                                                                                                                                                                                                                                                                                                                                                                                                                                                                                                                                                                                                                                                                                                                                                                                                                                                                                                                                                                                                                                                                                                                                                                                                                                                                                                                                                                                                                                                                                                                                                                                                                                                                                                                                                                                                                                                                                                                                                                                                                                                                                                                                                                                                                                                                                                                                                                                                                                                                                                                                                                                                                                                                                                                                                                                                                                                                                                                                                                                                                                                                                                                                                                                                                                                                                                                                                                                                                                                                                                                                                                                                                                                                                                                                                                                                                                                                                                                                                                                                                                                                                                                                                                                                                                                                                                                                                                                                                                                                                                                                                                                                                                                                                                                                                                                                                                                                                                                                                                                                                                                                                                                                                                                                                                                                                                                                                                                                                                                                                                                                                                                                                                                                                                                                                                                                                                                                                                                                                                                                                                                                                                                                                                                                                                                                                                                                                                                                                                                                                                                                                                                                                                                                                                                                                                                                                                                                                                                                                                                                                                                                                                                                                                                                                                                                                                                                                                                                                                                                                                                                                                                                                                                                                                                                                                                                                                                                                                                                                                                                                                                                                                                                                                                                                                                                                                                                                                                                                                                                                                                                                                                                                                                                                                                                                                                                                                                                                                                                                                                                                                                                                                                                                                                                                                                                                                                                                                                                                                                                                                                                                                                                                                                                                                                                                                                                                                                                                                                                                                                                                                                                                                                                                                                                                                                                                                                                                                                                                                                                                                                                                                                                                                                                                                                                                                                                                                                                                                                                                                                                                                                                                                                                                                                                                                                                                                                                                                                                                                                                                                                                                                                                                                                                                                                                                                                                                                                                                                                                                                                                                                                                                                                                                                                                                                                                                                                                                                                                                                                                                                                                                                                                                                                                                                                                                                                                                                                                                                                                                                                                                                                                                                                                                                                                                                                                                                                                                                                                                                                                                                                                                                                                                                                                                                                                                                                                                                                                                                                                                                                                                                                                                                                                                                                                                                                                                                                                                                                                                                                                                                                                                                                                                                                                                                                                                                                                                                                                                                                                                                                                                                                                                                                                                                                                                                                                                                                                                                                                                                                                                                                                                                                                                                                                                                                                                                                                                                                                                                                                                                                                                                                                                                                                                                                                                                                                                                                                                                                                                                                                                                                                                                                                                                                                                                                                                                                                                                                                                                                                                                                                                                                                                                                                                                                                                                                                                                                                                                                                                                                                                                                                                                                                                                                                                                                                                                                                                                                                                                                                                                                                                                                                                                                                                                                                                                                                                                                                                                                                                                                                                                                                                                                                                                                                                                                                                                                                                                                                                                                                                                                                                                                                                                                                                                                                                                                                                                                                                                                                                                                                                                                                                                                                                                                                                                                                                                                                                                                                                                                                                                                                                                                                                                                                                                                                                                                                                                                                                                                                                                                                                                                                                                                                                                                                                                                                                                                                                                                                                                                                                                                                                                                                                                                                                                                                                                                                                                                                                                                                                                                                                                                                                                                                                                                                                                                                                                                                                                                                                                                                                                                                                                                                                                                                                                                                                                                                                                                                                                                                                                                                                                                                                                                                                                                                                                                                                                                                                                                                                                                                                                                                                                                                                                                                                                                                                                                                                                                                                                                                                                                                                                                                                                                                                                                                                                                                                                                                                                                                                                                                                                                                                                                                                                                                                                                                                                                                                                                                                                                                                                                                                                                                                                                                                                                                                                                                                                                                                                                                                                                                                                                                                                                                                                                                                                                                                                                                                                                                                                                                                                                                                                                                                                                                                                                                                                                                                                                                                                                                                                                                                                                                                                                                                                                                                                                                                                                                                                                                                                                                                                                                                                                                                                                                                                                                                                                                                                                                                                                                                                                                                                                                                                                                                                                                                                                                                                                                                                                                                                                                                                                                                                                                                                                                                                                                                                                                                                                                                                                                                                                                                                                                                                                                                                                                                                                                                                                                                                                                                                                                                                                                                                                                                                                                                                                                                                                                                                                                                                                                                                                                                                                                                                                                                                                                                                                                                                                                                                                                                                                                                                                                                                                                                                                                                                                                                                                                                                                                                                                                                                                                                                                                                                                                                                                                                                                                                                                                                                                                                                                                                                                                                                                                                                                                                                                                                                                                                                                                                                                                                                                                                                                                                                                                                                                                                                                                                                                                                                                                                                                                                                                                                                                                                                                                                                                                                                                                                                                                                                                                                                                                                                                                                                                                                                                                                                                                                                                                                                                                                                                                                                                                                                                                                                                                                                                                                                                                                                                                                                                                                                                                                                                                                                                                                                                                                                                                                                                                                                                                                                                                                                                                                                                                                                                                                                                                                                                                                                                                                                                                                                                                                                                                                                                                                                                                                                                                                                                                                                                                                                                                                                                                                                                                                                                                                                                                                                                                                                                                                                                                                                                                                                                                                                                                                                                                                                                                                                                                                                                                                                                                                                                                                                                                                                                                                                                                                                                                                                                                                                                                                                                                                                                                                                                                                                                                                                                                                                                                                                                                                                                                                                                                                                                                                                                                                                                                                                                                                                                                                                                                                                                                                                                                                                                                                                                                                                                                                                                                                                                                                                                                                                                                                                                                                                                                                                                                                                                                                                                                                                                                                                                                                                                                                                                                                                                                                                                                                                                                                                                                                                                                                                                                                                                                                                                                                                                                                                                                                                                                                                                                                                                                                                                                                                                                                                                                                                                                                                                                                                                                                                                                                                                                                                                                                                                                                                                                                                                                                                                                                                                                                                                                                                                                                                                                                                                                                                                                                                                                                                                                                                                                                                                                                                                                                                                                                                                                                                                                                                                                                                                                                                                                                                                                                                                                                                                                                                                                                                                                                                                                                                                                                                                                                                                                                                                                                                                                                                                                                                                                                                                                                                                                                                                                                                                                                                                                                                                                                                                                                                                                                                                                                                                                                                                                                                                                                                                                                                                                                                                                                                                                                                                                                                                                                                                                                                                                                                                                                                                                                                                                                                                                                                                                                                                                                                                                                                                                                                                                                                                                                                                                                                                                                                                                                                                                                                                                                                                                                                                                                                                                                                                                                                                                                                                                                                                                                                                                                                                                                                                                                                                                                                                                                                                                                                                                                                                                                                                                                                                                                                                                                                                                                                                                                                                                                                                                                                                                                                                                                                                                                                                                                                                                                                                                                                                                                                                                                                                                                                                                                                                                                                                                                                                                                                                                                                                                                                                                                                                                                                                                                                                                                                                                                                                                                                                                                                                                                                                                                                                                                                                                                                                                                                                                                                                                                                                                                                                                                                                                                                                                                                                                                                                                                                                                                                                                                                                                                                                                                                                                                                                                                                                                                                                                                                                                                                                                                                                                                                                                                                                                                                                                                                                                                                                                                                                                                                                                                                                                                                                                                                                                                                                                                                                                                                                                                                                                                                                                                                                                                                                                                                                                                                                                                                                                                                                                                                                                                                                                                                                                                                                                                                                                                                                                                                                                                                                                                                                                                                                                                                                                                                                                                                                                                                                                                                                                                                                                                                                                                                                                                                                                                                                                                                                                                                                                                                                                                                                                                                                                                                                                                                                                                                                                                                                                                                                                                                                                                                                                                                                                                                                                                                                                                                                                                                                                                                                                                                                                                                                                                                                                                                                                                                                                                                                                                                                                                                                                                                                                                                                                                                                                                                                                                                                                                                                                                                                                                                                                                                                                                                                                                                                                                                                                                                                                                                                                                                                                                                                                                                                                                                                                                                                                                                                                                                                                                                                                                                                                                                                                                                                                                                                                                                                                                                                                                                                                                                                                                                                                                                                                                                                                                                                                                                                                                                                                                                                                                                                                                                                                                                                                                                                                                                                                                                                                                                                                                                                                                                                                                                                                                                                                                                                                                                                                                                                                                                                                                                                                                                                                                                                                                                                                                                                                                                                                                                                                                                                                                                                                                                                                                                                   ^^^^^^^^^^^^^^^^^^^^^^^^^^^^^^^^^^^
[rank0]:   File "/project/6101839/piado/vae/snth/lib/python3.11/site-packages/torch/_inductor/compile_fx.py", line 1843, in run
[rank0]:     return compiled_fn(new_inputs)  # type: ignore[arg-type]
[rank0]:            ^^^^^^^^^^^^^^^^^^^^^^^
[rank0]:   File "/project/6101839/piado/vae/snth/lib/python3.11/site-packages/torch/_inductor/cudagraph_trees.py", line 404, in deferred_cudagraphify
[rank0]:     fn, out = cudagraphify(model, inputs, new_static_input_idxs, *args, **kwargs)
[rank0]:               ^^^^^^^^^^^^^^^^^^^^^^^^^^^^^^^^^^^^^^^^^^^^^^^^^^^^^^^^^^^^^^^^^^^
[rank0]:   File "/project/6101839/piado/vae/snth/lib/python3.11/site-packages/torch/_inductor/cudagraph_trees.py", line 464, in cudagraphify
[rank0]:     return manager.add_function(
[rank0]:            ^^^^^^^^^^^^^^^^^^^^^
[rank0]:   File "/project/6101839/piado/vae/snth/lib/python3.11/site-packages/torch/_inductor/cudagraph_trees.py", line 2337, in add_function
[rank0]:     return fn, fn(inputs)
[rank0]:                ^^^^^^^^^^
[rank0]:   File "/project/6101839/piado/vae/snth/lib/python3.11/site-packages/torch/_inductor/cudagraph_trees.py", line 2033, in run
[rank0]:     out = self._run(new_inputs, function_id)
[rank0]:           ^^^^^^^^^^^^^^^^^^^^^^^^^^^^^^^^^^
[rank0]:   File "/project/6101839/piado/vae/snth/lib/python3.11/site-packages/torch/_inductor/cudagraph_trees.py", line 2137, in _run
[rank0]:     return self.run_eager(new_inputs, function_id)
[rank0]:            ^^^^^^^^^^^^^^^^^^^^^^^^^^^^^^^^^^^^^^^
[rank0]:   File "/project/6101839/piado/vae/snth/lib/python3.11/site-packages/torch/_inductor/cudagraph_trees.py", line 2298, in run_eager
[rank0]:     return node.run(new_inputs)
[rank0]:            ^^^^^^^^^^^^^^^^^^^^
[rank0]:   File "/project/6101839/piado/vae/snth/lib/python3.11/site-packages/torch/_inductor/cudagraph_trees.py", line 692, in run
[rank0]:     out = self.wrapped_function.model(new_inputs)
[rank0]:           ^^^^^^^^^^^^^^^^^^^^^^^^^^^^^^^^^^^^^^^
[rank0]:   File "/tmp/.torchinductor/o7/co7ax4fhsdtaxqhjaaktflvdxdzgatgjdi22x7awpanks33qx5g5.py", line 8664, in partition_0
[rank0]:     buf126 = extern_kernels.convolution(buf124, buf125, stride=(1, 1, 1), padding=(0, 0, 0), dilation=(1, 1, 1), transposed=False, output_padding=(0, 0, 0), groups=1, bias=None)
[rank0]:              ^^^^^^^^^^^^^^^^^^^^^^^^^^^^^^^^^^^^^^^^^^^^^^^^^^^^^^^^^^^^^^^^^^^^^^^^^^^^^^^^^^^^^^^^^^^^^^^^^^^^^^^^^^^^^^^^^^^^^^^^^^^^^^^^^^^^^^^^^^^^^^^^^^^^^^^^^^^^^^^^^^^^
[rank0]:   File "/project/6101839/piado/vae/snth/lib/python3.11/site-packages/torch/utils/_device.py", line 109, in __torch_function__
[rank0]:     return func(*args, **kwargs)
[rank0]:            ^^^^^^^^^^^^^^^^^^^^^
[rank0]: torch.OutOfMemoryError: CUDA out of memory. Tried to allocate 1.69 GiB. GPU 0 has a total capacity of 44.39 GiB of which 1.53 GiB is free. Including non-PyTorch memory, this process has 42.82 GiB memory in use. Of the allocated memory 38.47 GiB is allocated by PyTorch, with 200.99 MiB allocated in private pools (e.g., CUDA Graphs), and 3.41 GiB is reserved by PyTorch but unallocated. If reserved but unallocated memory is large try setting PYTORCH_ALLOC_CONF=expandable_segments:True to avoid fragmentation.  See documentation for Memory Management  (https://pytorch.org/docs/stable/notes/cuda.html#environment-variables)
[rank0]:[W615 07:22:50.555491830 ProcessGroupNCCL.cpp:1553] Warning: WARNING: destroy_process_group() was not called before program exit, which can leak resources. For more info, please see https://pytorch.org/docs/stable/distributed.html#shutdown (function operator())
Traceback (most recent call last):
  File "/project/6101839/piado/vae/snth/bin/accelerate", line 7, in <module>
    sys.exit(main())
             ^^^^^^
  File "/project/6101839/piado/vae/snth/lib/python3.11/site-packages/accelerate/commands/accelerate_cli.py", line 50, in main
    args.func(args)
  File "/project/6101839/piado/vae/snth/lib/python3.11/site-packages/accelerate/commands/launch.py", line 1281, in launch_command
    simple_launcher(args)
  File "/project/6101839/piado/vae/snth/lib/python3.11/site-packages/accelerate/commands/launch.py", line 869, in simple_launcher
    raise subprocess.CalledProcessError(returncode=process.returncode, cmd=cmd)
subprocess.CalledProcessError: Command '['/project/6101839/piado/vae/snth/bin/python', '/home/piado/projects/aip-lindell/piado/vae/Open-Sora/scripts/vae/train.py', '/home/piado/projects/aip-lindell/piado/vae/Open-Sora/configs/vae/train/wan_multiview_finetune.py', '--experiment_name', 'res_sweep_4frames_1024px__job3960496_t2', '--wandb_expr_name', 'res_sweep_4frames_1024px', '--data_preset', 'all_people_one_expression', '--profile_timing', 'False', '--profile_step', 'False', '--wandb', 'True', '--log_every', '1000', '--eval_every', '1000', '--full_eval_every', '5000', '--log_milestones', '[10,100,500]', '--eval_milestones', '[10,100,500]', '--debug_stats_every', '100', '--log_memory', 'True', '--optimization', 'True', '--optimization_compile_mode', 'reduce-overhead', '--save_ckpt', 'True', '--keep_n_latest', '3', '--epochs', '100000', '--nersemble_processed_base', '/datasets/lindell-proj/neumayr/nersemble_v2/processed/4-frames', '--bucket_config', "{'1024px_ar1:1': {9: (1.0, 1)}}", '--batch_size', '1', '--accumulation_steps', '4']' returned non-zero exit status 1.
chgrp: changing group of 'outputs/res_sweep_4frames_1024px__job3960496_t2/config.txt': Operation not permitted
chgrp: changing group of 'outputs/res_sweep_4frames_1024px__job3960496_t2/eval_metrics.jsonl': Operation not permitted
chgrp: changing group of 'outputs/res_sweep_4frames_1024px__job3960496_t2/log.txt': Operation not permitted
chgrp: changing group of 'outputs/res_sweep_4frames_1024px__job3960496_t2/loss_config.json': Operation not permitted
chgrp: changing group of 'outputs/res_sweep_4frames_1024px__job3960496_t2/train_debug_stats.jsonl': Operation not permitted
chgrp: changing group of 'outputs/res_sweep_4frames_1024px__job3960496_t2': Operation not permitted
[[34m2026-06-15 07:23:14[0m] Experiment directory created at outputs/res_sweep_4frames_1024px__job3960496_t2
[[34m2026-06-15 07:23:14[0m] Determinism mode: cuBLAS workspace, cudnn deterministic, TF32 disabled, torch.use_deterministic_algorithms(warn_only=True); data workers use seed+worker_id; epoch Python RNG uses seed+rank. Multi-GPU ZeRO and BF16 may still break bit-for-bit replay.
[[34m2026-06-15 07:23:14[0m] Using explicit global grad clipping (max_norm=2.0) with DP all-reduce; plugin-internal clipping disabled to avoid ZeRO shard-local clipping ambiguity.
[[34m2026-06-15 07:23:14[0m] Training configuration:
 {'DATA_ROOT': '/datasets/lindell-proj/neumayr/nersemble_v2/processed/4-frames/1024-res',
 '_gen_loss_config': None,
 '_optim_discriminator': None,
 '_resolved': {'bucket_key': '128px_ar1:1',
               'data_root': '/datasets/lindell-proj/neumayr/nersemble_v2/processed/8-frames/128-res',
               'load_from_128_for_64_high_t': False,
               'load_res_fallback': None,
               'target_px': 128,
               'train_target_frames': 9,
               'train_target_hw': (128, 128)},
 '_val_participants': [97, 175, 226, 18, 30, 38, 85, 124, 227, 240],
 'accumulation_steps': 4,
 'all_people_expression_sequence': 'EMO-1-shout+laugh',
 'batch_size': 1,
 'bucket_config': {'1024px_ar1:1': {9: (1.0, 1)}},
 'config_path': '/home/piado/projects/aip-lindell/piado/vae/Open-Sora/configs/vae/train/wan_multiview_finetune.py',
 'data_preset': 'all_people_one_expression',
 'dataset': {'data_path': '/datasets/lindell-proj/neumayr/nersemble_v2/processed/4-frames/1024-res',
             'exclude_participants': [97,
                                      175,
                                      226,
                                      18,
                                      30,
                                      38,
                                      85,
                                      124,
                                      227,
                                      240],
             'expression_sequence': 'EMO-1-shout+laugh',
             'participants': None,
             'repeat': 1,
             'scan_subdirs': True,
             'skip_mismatched_views': True,
             'type': 'pt_video'},
 'dataset_presets': {'__default__': {'data_path': '/datasets/lindell-proj/neumayr/nersemble_v2/processed/4-frames/1024-res',
                                     'participants': [17,
                                                      18,
                                                      30,
                                                      31,
                                                      32,
                                                      33,
                                                      35,
                                                      36,
                                                      37],
                                     'repeat': 1,
                                     'scan_subdirs': True,
                                     'type': 'pt_video'},
                     'all_people': {'data_path': '/datasets/lindell-proj/neumayr/nersemble_v2/processed/4-frames/1024-res',
                                    'exclude_participants': [97,
                                                             175,
                                                             226,
                                                             18,
                                                             30,
                                                             38,
                                                             85,
                                                             124,
                                                             227,
                                                             240],
                                    'expected_views': 2,
                                    'participants': None,
                                    'repeat': 1,
                                    'scan_subdirs': True,
                                    'skip_mismatched_views': True,
                                    'type': 'pt_video'},
                     'all_people_one_expression': {'data_path': '/datasets/lindell-proj/neumayr/nersemble_v2/processed/4-frames/1024-res',
                                                   'exclude_participants': [97,
                                                                            175,
                                                                            226,
                                                                            18,
                                                                            30,
                                                                            38,
                                                                            85,
                                                                            124,
                                                                            227,
                                                                            240],
                                                   'expression_sequence': 'EMO-1-shout+laugh',
                                                   'participants': None,
                                                   'repeat': 1,
                                                   'scan_subdirs': True,
                                                   'skip_mismatched_views': True,
                                                   'type': 'pt_video'},
                     'one_person': {'data_path': '/datasets/lindell-proj/neumayr/nersemble_v2/processed/4-frames/1024-res',
                                    'exclude_sequences': ['EMO-4-disgust+happy',
                                                          'SEN-10-port_strong_smokey'],
                                    'participants': [18],
                                    'repeat': 1,
                                    'scan_subdirs': True,
                                    'type': 'pt_video'},
                     'single_sequence': {'data_path': '/datasets/lindell-proj/neumayr/nersemble_v2/processed/4-frames/1024-res/p017/EMO-1-shout+laugh/frames.pt',
                                         'repeat': 1,
                                         'type': 'pt_video'},
                     'some_people': {'data_path': '/datasets/lindell-proj/neumayr/nersemble_v2/processed/4-frames/1024-res',
                                     'participants': [17,
                                                      31,
                                                      32,
                                                      33,
                                                      35,
                                                      36,
                                                      37],
                                     'repeat': 1,
                                     'scan_subdirs': True,
                                     'type': 'pt_video'}},
 'debug_stats_every': 100,
 'debug_stats_start_step': 0,
 'debug_stats_weight_every': 50,
 'deterministic': True,
 'disc_learning_rate': None,
 'disc_multiview_mode': 'joint_4d',
 'disc_per_frame_2d': False,
 'discriminator': None,
 'discriminator_choice': 'none',
 'dtype': 'bf16',
 'dynamo_backend': 'no',
 'ema_decay': 0.9999,
 'epochs': 100000,
 'eval_batch_size': 1,
 'eval_every': 1000,
 'eval_milestones': [10, 100, 500],
 'eval_num_samples': 0,
 'eval_use_ema': True,
 'experiment_name': 'res_sweep_4frames_1024px__job3960496_t2',
 'final_eval': True,
 'final_eval_num_samples': 0,
 'fixed_seq_eval_every_epochs': 0,
 'full_eval_every': 5000,
 'gan_log_adaptive_grad_metrics': False,
 'gen_disc_weight': None,
 'grad_checkpoint': True,
 'grad_clip': 2.0,
 'keep_n_latest': 3,
 'kl_loss_weight': 1e-06,
 'learning_rate': 0.0001,
 'log_bottleneck_every': 0,
 'log_every': 1000,
 'log_latent_shapes_every': 0,
 'log_memory': True,
 'log_milestones': [10, 100, 500],
 'log_step_time': True,
 'log_training_design_summary': True,
 'log_training_param_overview': True,
 'logvar_init': 0.0,
 'lr_scheduler': {'decay_factor': 0.5,
                  'decay_steps': 5000,
                  'min_lr': 5e-06,
                  'use_exponential_decay': True,
                  'warmup_steps': 100},
 'mixed_image_ratio': 0.0,
 'mixed_strategy': None,
 'model': {'freeze_temporal': True,
           'from_pretrained': '/home/piado/scratch/Wan2.1_VAE.pth',
           'from_scratch': False,
           'full_finetune_decoder': False,
           'fusion_mode': 'cross_attention',
           'lora_rank': 32,
           'train_spatial': True,
           'type': 'multiview_wan_video_vae',
           'use_crossview_encoder': True,
           'use_lora': True,
           'use_lora_after': True,
           'use_lora_before': False,
           'use_view_embedding': False,
           'use_view_group_fusion': False,
           'use_viewwise_decoder_lora': False,
           'view_compression': 2,
           'view_in': 0,
           'view_mixing_strategy': 'embedding',
           'z_dim': 16},
 'nersemble_processed_base': '/datasets/lindell-proj/neumayr/nersemble_v2/processed/4-frames',
 'num_bucket_build_workers': 1,
 'num_reconstruction_vis_samples': 3,
 'num_workers': 8,
 'optim': {'betas': (0.9, 0.98),
           'cls': 'AdamW',
           'eps': 1e-08,
           'lr': 0.0001,
           'weight_decay': 0.0},
 'optimization': True,
 'optimization_compile_mode': 'reduce-overhead',
 'outputs': 'outputs',
 'perceptual_loss_weight': 1.5,
 'persistent_workers': True,
 'pin_memory_cache_pre_alloc_numels': None,
 'plugin': 'none',
 'plugin_config': {'overlap_allgather': False, 'reduce_bucket_size_in_m': 128},
 'prefetch_factor': 4,
 'profile_step': False,
 'profile_timing': False,
 'profile_timing_step': 50,
 'save_ckpt': True,
 'seed': 42,
 'sweep_gen_disc_weight': None,
 'train_psnr_guard': False,
 'train_psnr_guard_consecutive': 5,
 'train_psnr_guard_min_epochs': 0,
 'train_psnr_guard_start_epoch': 0,
 'train_psnr_guard_threshold': 15.0,
 'train_target_frames': 9,
 'train_target_hw': (1024, 1024),
 'update_warmup_steps': False,
 'vae_loss_config': {'kl_loss_weight': 1e-06,
                     'logvar_init': 0.0,
                     'perceptual_loss_weight': 1.5,
                     'view_consistency_weight': 0.0},
 'vae_loss_preset': 'default',
 'vae_target_range': '[-1,1]',
 'val_dataset': {'data_path': '/datasets/lindell-proj/neumayr/nersemble_v2/processed/4-frames/1024-res',
                 'expression_sequence': 'EMO-1-shout+laugh',
                 'participants': [97, 175, 226, 18, 30, 38, 85, 124, 227, 240],
                 'repeat': 1,
                 'scan_subdirs': True,
                 'skip_mismatched_views': True,
                 'type': 'pt_video'},
 'val_dataset_presets': {'__default__': None,
                         'all_people': {'data_path': '/datasets/lindell-proj/neumayr/nersemble_v2/processed/4-frames/1024-res',
                                        'expected_views': 2,
                                        'participants': [97,
                                                         175,
                                                         226,
                                                         18,
                                                         30,
                                                         38,
                                                         85,
                                                         124,
                                                         227,
                                                         240],
                                        'repeat': 1,
                                        'scan_subdirs': True,
                                        'skip_mismatched_views': True,
                                        'type': 'pt_video'},
                         'all_people_one_expression': {'data_path': '/datasets/lindell-proj/neumayr/nersemble_v2/processed/4-frames/1024-res',
                                                       'expression_sequence': 'EMO-1-shout+laugh',
                                                       'participants': [97,
                                                                        175,
                                                                        226,
                                                                        18,
                                                                        30,
                                                                        38,
                                                                        85,
                                                                        124,
                                                                        227,
                                                                        240],
                                                       'repeat': 1,
                                                       'scan_subdirs': True,
                                                       'skip_mismatched_views': True,
                                                       'type': 'pt_video'},
                         'one_person': {'data_path': '/datasets/lindell-proj/neumayr/nersemble_v2/processed/4-frames/1024-res',
                                        'include_only_sequences': ['EMO-4-disgust+happy',
                                                                   'SEN-10-port_strong_smokey'],
                                        'participants': [17],
                                        'repeat': 1,
                                        'scan_subdirs': True,
                                        'type': 'pt_video'},
                         'single_sequence': None,
                         'some_people': {'data_path': '/datasets/lindell-proj/neumayr/nersemble_v2/processed/4-frames/1024-res',
                                         'participants': [18, 30],
                                         'repeat': 1,
                                         'scan_subdirs': True,
                                         'type': 'pt_video'}},
 'view_consistency_weight': 0.0,
 'view_flatten_in_disc': False,
 'view_flatten_in_loss': False,
 'wandb': True,
 'wandb_expr_name': 'res_sweep_4frames_1024px',
 'wandb_min_steps_before_init': 10,
 'wandb_project': 'wan_multiview_vae'}
[[34m2026-06-15 07:23:14[0m] Building dataset...
[[34m2026-06-15 07:23:15[0m] Dataset contains 405 samples.
[[34m2026-06-15 07:23:15[0m] Val (held-out) dataset contains 10 samples.
[[34m2026-06-15 07:23:15[0m] Fixed per-frame eval sequence name: EMO-1-shout+laugh (train idx=0, val idx=0)
[[34m2026-06-15 07:23:15[0m] Building models...
[[34m2026-06-15 07:23:15[0m] Auto-detected model.view_in=4 from first dataset sample
[[34m2026-06-15 07:23:17[0m] [MultiviewWanVideoVAE] Number of parameters: 161.23 M
[[34m2026-06-15 07:23:17[0m] [MultiviewWanVideoVAE] Number of trainable parameters: 75.13 M
[[34m2026-06-15 07:23:18[0m] EMA model created.
[[34m2026-06-15 07:23:18[0m] [optimization] channels_last_3d: disabled (fragile with view() ops and compile cache)
[[34m2026-06-15 07:23:18[0m] VAE trainable params (optimizer): 78,780,400
[[34m2026-06-15 07:23:18[0m] [optimization] torch.compile: mode=reduce-overhead (first step will be slow)
[[34m2026-06-15 07:23:18[0m] Preparing for distributed training...
[[34m2026-06-15 07:23:18[0m] Optimizer AdamW has no `.backward`; using booster.backward(loss=...) compatibility path.
[[34m2026-06-15 07:23:18[0m] Boosted model for distributed training
[[34m2026-06-15 07:23:18[0m] Training for 100000 epochs with 405 steps per epoch
[[34m2026-06-15 07:23:18[0m] [optimization] Warming up torch.compile eval graph (one-time, before training loop)...
[[34m2026-06-15 07:23:33[0m] [AttentionMultiViewVideoVan] latent shape: (1, 16, 9, 128, 128)  (B=1, z_dim=16, T'=9, H'=128, W'=128)
[[34m2026-06-15 07:24:18[0m] [optimization] Eval graph warm-up done.
[rank0]:[W615 07:24:18.816559080 ProcessGroupNCCL.cpp:5138] Guessing device ID based on global rank. This can cause a hang if rank to GPU mapping is heterogeneous. You can specify device_id in init_process_group()
train:   0%|          | 0/405 [00:00<?, ?it/s]train:   0%|          | 0/405 [00:00<?, ?it/s, epoch=0]train:   0%|          | 1/405 [00:02<15:56,  2.37s/it, epoch=0][[34m2026-06-15 07:24:22[0m] ======== Wan multiview / crossview design summary (one-time) ========
[[34m2026-06-15 07:24:22[0m] use_crossview_encoder=True
[[34m2026-06-15 07:24:22[0m] fusion_mode='cross_attention'
[[34m2026-06-15 07:24:22[0m]   -> Bidirectional cross-attention between views: each view attends to the other view’s tokens, then features are combined for the rest of the encoder/decoder. Strong when views are aligned but not identical.
[[34m2026-06-15 07:24:22[0m] view_in=4, view_mixing_strategy=embedding
[[34m2026-06-15 07:24:22[0m] use_view_embedding vs use_viewwise_decoder_lora: per-view additive embeddings bias early (or latent) features with a small vector per view; viewwise_decoder_lora adds low-rank adapters on the decoder side conditioned by view index—typically more flexible than a single embedding per view for reconstruction, at the cost of more trainable parameters.
[[34m2026-06-15 07:24:22[0m]   use_view_embedding=False
[[34m2026-06-15 07:24:22[0m]   use_viewwise_decoder_lora=False
[[34m2026-06-15 07:24:22[0m] use_lora=True, use_lora_before=False, use_lora_after=True, lora_rank=32. Before = LoRA on the encoder stem / early downsampling; after = bottleneck and later decoder. Both can be enabled for two complementary adaptation regions.
[[34m2026-06-15 07:24:22[0m] LoRA rank: all listed adapters in this stack typically share this rank. Larger rank increases adapter capacity and parameter count roughly linearly in rank; too high can overfit small datasets, too low can underfit cross-view cues.
[[34m2026-06-15 07:24:22[0m] freeze_temporal=True, train_spatial=True
[[34m2026-06-15 07:24:22[0m] ======== end design summary ========
[[34m2026-06-15 07:24:22[0m] [VAE] param overview: total=161.23 M trainable=75.13 M (46.60% of weights) frozen=86.10 M
[[34m2026-06-15 07:24:22[0m] [VAE] LoRA trainable: 998.59 K (1.3% of trainable); heuristic attention/cross-fusion LoRA: 998.59 K (100.0% of LoRA); other LoRA: 0
[[34m2026-06-15 07:24:22[0m] [VAE] base trainable (non-LoRA): 74.16 M (98.7% of trainable)
[[34m2026-06-15 07:24:22[0m] [VAE] LoRA heuristic buckets (buckets overlap if a name matches multiple hints): encoder/stem-ish=275.50 K, decoder-ish=723.09 K, viewwise-ish=0
train:   0%|          | 1/405 [03:58<26:44:11, 238.25s/it, epoch=0]
[rank0]: Traceback (most recent call last):
[rank0]:   File "/home/piado/projects/aip-lindell/piado/vae/Open-Sora/scripts/vae/train.py", line 3503, in <module>
[rank0]:     main()
[rank0]:   File "/home/piado/projects/aip-lindell/piado/vae/Open-Sora/scripts/vae/train.py", line 2321, in main
[rank0]:     x_rec, posterior, z = model(x)
[rank0]:                           ^^^^^^^^
[rank0]:   File "/project/6101839/piado/vae/snth/lib/python3.11/site-packages/torch/_dynamo/eval_frame.py", line 465, in __call__
[rank0]:     return super().__call__(*args, **kwargs)
[rank0]:            ^^^^^^^^^^^^^^^^^^^^^^^^^^^^^^^^^
[rank0]:   File "/project/6101839/piado/vae/snth/lib/python3.11/site-packages/torch/nn/modules/module.py", line 1776, in _wrapped_call_impl
[rank0]:     return self._call_impl(*args, **kwargs)
[rank0]:            ^^^^^^^^^^^^^^^^^^^^^^^^^^^^^^^^
[rank0]:   File "/project/6101839/piado/vae/snth/lib/python3.11/site-packages/torch/nn/modules/module.py", line 1787, in _call_impl
[rank0]:     return forward_call(*args, **kwargs)
[rank0]:            ^^^^^^^^^^^^^^^^^^^^^^^^^^^^^
[rank0]:   File "/project/6101839/piado/vae/snth/lib/python3.11/site-packages/torch/_dynamo/eval_frame.py", line 953, in compile_wrapper
[rank0]:     return fn(*args, **kwargs)
[rank0]:            ^^^^^^^^^^^^^^^^^^^
[rank0]:   File "/project/6101839/piado/vae/snth/lib/python3.11/site-packages/torch/nn/modules/module.py", line 1776, in _wrapped_call_impl
[rank0]:     return self._call_impl(*args, **kwargs)
[rank0]:            ^^^^^^^^^^^^^^^^^^^^^^^^^^^^^^^^
[rank0]:   File "/project/6101839/piado/vae/snth/lib/python3.11/site-packages/torch/nn/modules/module.py", line 1787, in _call_impl
[rank0]:     return forward_call(*args, **kwargs)
[rank0]:            ^^^^^^^^^^^^^^^^^^^^^^^^^^^^^
[rank0]:   File "/project/6101839/piado/vae/Open-Sora/opensora/models/vae/wan_video_vae.py", line 561, in forward
[rank0]:     def forward(self, x):
[rank0]:   File "/project/6101839/piado/vae/snth/lib/python3.11/site-packages/torch/_dynamo/eval_frame.py", line 1181, in _fn
[rank0]:     return fn(*args, **kwargs)
[rank0]:            ^^^^^^^^^^^^^^^^^^^
[rank0]:   File "/project/6101839/piado/vae/snth/lib/python3.11/site-packages/torch/_functorch/aot_autograd.py", line 1148, in forward
[rank0]:     return compiled_fn(full_args)
[rank0]:            ^^^^^^^^^^^^^^^^^^^^^^
[rank0]:   File "/project/6101839/piado/vae/snth/lib/python3.11/site-packages/torch/_functorch/_aot_autograd/runtime_wrappers.py", line 343, in runtime_wrapper
[rank0]:     all_outs = call_func_at_runtime_with_args(
[rank0]:                ^^^^^^^^^^^^^^^^^^^^^^^^^^^^^^^
[rank0]:   File "/project/6101839/piado/vae/snth/lib/python3.11/site-packages/torch/_functorch/_aot_autograd/utils.py", line 134, in call_func_at_runtime_with_args
[rank0]:     out = normalize_as_list(f(args))
[rank0]:                             ^^^^^^^
[rank0]:   File "/project/6101839/piado/vae/snth/lib/python3.11/site-packages/torch/_functorch/_aot_autograd/utils.py", line 108, in g
[rank0]:     return f(*args)
[rank0]:            ^^^^^^^^
[rank0]:   File "/project/6101839/piado/vae/snth/lib/python3.11/site-packages/torch/autograd/function.py", line 583, in apply
[rank0]:     return super().apply(*args, **kwargs)  # type: ignore[misc]
[rank0]:            ^^^^^^^^^^^^^^^^^^^^^^^^^^^^^^
[rank0]:   File "/project/6101839/piado/vae/snth/lib/python3.11/site-packages/torch/_functorch/_aot_autograd/runtime_wrappers.py", line 2152, in forward
[rank0]:     fw_outs = call_func_at_runtime_with_args(
[rank0]:               ^^^^^^^^^^^^^^^^^^^^^^^^^^^^^^^
[rank0]:   File "/project/6101839/piado/vae/snth/lib/python3.11/site-packages/torch/_functorch/_aot_autograd/utils.py", line 134, in call_func_at_runtime_with_args
[rank0]:     out = normalize_as_list(f(args))
[rank0]:                             ^^^^^^^
[rank0]:   File "/project/6101839/piado/vae/snth/lib/python3.11/site-packages/torch/_functorch/_aot_autograd/runtime_wrappers.py", line 531, in wrapper
[rank0]:     return compiled_fn(runtime_args)
[rank0]:            ^^^^^^^^^^^^^^^^^^^^^^^^^
[rank0]:   File "/project/6101839/piado/vae/snth/lib/python3.11/site-packages/torch/_functorch/_aot_autograd/runtime_wrappers.py", line 729, in inner_fn
[rank0]:     outs = compiled_fn(args)
[rank0]:            ^^^^^^^^^^^^^^^^^
[rank0]:   File "/project/6101839/piado/vae/snth/lib/python3.11/site-packages/torch/_inductor/output_code.py", line 638, in __call__
[rank0]:     return self.current_callable(inputs)
[rank0]:            ^^^^^^^^^^^^^^^^^^^^^^^^^^^^^
[rank0]:   File "/tmp/.torchinductor/o7/co7ax4fhsdtaxqhjaaktflvdxdzgatgjdi22x7awpanks33qx5g5.py", line 36305, in call
[rank0]:     (buf0, buf3, buf5, buf6, buf9, buf11, buf12, buf15, buf17, buf18, buf21, buf23, buf24, buf27, buf30, buf34, buf35, buf38, buf40, buf41, buf44, buf46, buf47, buf50, buf52, buf53, buf56, buf59, buf63, buf64, buf67, buf69, buf70, buf73, buf75, buf76, buf79, buf81, buf82, buf85, buf88, buf90, buf91, buf94, buf96, buf97, buf100, buf102, buf103, buf106, buf108, buf109, buf112, buf115, buf117, buf118, buf121, buf123, buf124, buf127, buf129, buf130, buf133, buf135, buf136, buf139, buf142, buf146, buf147, buf150, buf152, buf153, buf156, buf158, buf159, buf162, buf164, buf165, buf168, buf171, buf175, buf176, buf179, buf181, buf182, buf185, buf187, buf188, buf191, buf193, buf194, buf197, buf200, buf202, buf203, buf206, buf208, buf209, buf212, buf214, buf215, buf218, buf220, buf221, buf224, buf227, buf229, buf230, buf233, buf235, buf236, buf239, buf241, buf242, buf245, buf247, buf248, buf251, buf254, buf258, buf259, buf262, buf264, buf265, buf268, buf270, buf271, buf274, buf276, buf277, buf280, buf283, buf287, buf288, buf291, buf293, buf294, buf297, buf299, buf300, buf303, buf305, buf306, buf309, buf312, buf314, buf315, buf318, buf320, buf321, buf324, buf326, buf327, buf330, buf332, buf333, buf336, buf339, buf341, buf342, buf345, buf347, buf348, buf351, buf353, buf354, buf357, buf359, buf360, buf363, buf366, buf370, buf371, buf374, buf376, buf377, buf380, buf382, buf383, buf386, buf388, buf389, buf392, buf395, buf399, buf400, buf403, buf405, buf406, buf409, buf411, buf412, buf415, buf417, buf418, buf421, buf424, buf426, buf427, buf430, buf432, buf433, buf436, buf438, buf439, buf442, buf444, buf445, buf448, buf450, buf451, buf453, buf455, buf456, buf457, buf458, buf460, buf463, buf485, buf488, buf464, buf489, buf467, buf469, buf492, buf494, buf470, buf495, buf473, buf475, buf498, buf500, buf476, buf501, buf479, buf481, buf504, buf506, buf482, buf507, buf510, buf513, buf514, buf517, buf519, buf520, buf523, buf525, buf526, buf529, buf531, buf532, buf535, buf537, buf538, buf539, buf542, buf544, buf546, buf547, buf548, buf551, buf553, buf555, buf556, buf557, buf558, buf561, buf562, buf565, buf566, buf567, buf570, buf572, buf573, buf574, buf575, buf576, buf577, buf580, buf581, buf584, buf585, buf586, buf589, buf591, buf592, buf593, buf596, buf598, buf600, buf601, buf602, buf605, buf607, buf609, buf610, buf611, buf614, buf616, buf618, buf619, buf622, buf623, buf625, buf3212, buf5796, buf8380, buf624, buf627, buf628, buf633, buf635, buf637, buf638, buf639, buf642, buf644, buf646, buf647, buf648, buf651, buf653, buf655, buf656, buf657, buf658, buf661, buf663, buf665, buf666, buf667, buf668, buf671, buf672, buf678, buf680, buf682, buf683, buf684, buf687, buf689, buf691, buf692, buf693, buf695, buf697, buf699, buf700, buf701, buf703, buf705, buf707, buf708, buf709, buf711, buf713, buf715, buf716, buf717, buf719, buf721, buf723, buf724, buf725, buf727, buf729, buf731, buf732, buf733, buf735, buf737, buf739, buf740, buf741, buf743, buf745, buf746, buf747, buf748, buf751, buf756, buf757, buf758, buf753, buf759, buf761, buf763, buf765, buf766, buf767, buf769, buf771, buf773, buf774, buf775, buf777, buf779, buf781, buf782, buf783, buf785, buf787, buf789, buf790, buf791, buf793, buf795, buf797, buf798, buf799, buf801, buf803, buf804, buf805, buf806, buf809, buf811, buf812, buf813, buf815, buf817, buf819, buf820, buf821, buf823, buf825, buf827, buf828, buf829, buf831, buf833, buf835, buf836, buf837, buf839, buf841, buf843, buf844, buf845, buf847, buf849, buf851, buf852, buf853, buf855, buf857, buf858, buf859, buf860, buf863, buf865, buf866, buf867, buf869, buf871, buf873, buf874, buf875, buf877, buf879, buf881, buf882, buf883, buf885, buf887, buf889, buf890, buf891, buf893, buf895, buf897, buf898, buf899, buf901, buf903, buf905, buf906, buf907, buf909, buf911, buf913, buf914, buf915, buf917, buf919, buf922, buf924, buf926, buf927, buf928, buf931, buf933, buf935, buf936, buf937, buf940, buf942, buf944, buf945, buf946, buf947, buf950, buf952, buf954, buf955, buf956, buf957, buf960, buf961, buf967, buf969, buf971, buf972, buf973, buf976, buf978, buf980, buf981, buf982, buf984, buf986, buf988, buf989, buf990, buf992, buf994, buf996, buf997, buf998, buf1000, buf1002, buf1004, buf1005, buf1006, buf1008, buf1010, buf1012, buf1013, buf1014, buf1016, buf1018, buf1020, buf1021, buf1022, buf1024, buf1026, buf1028, buf1029, buf1030, buf1032, buf1034, buf1035, buf1036, buf1039, buf1044, buf1045, buf1046, buf1041, buf1047, buf1049, buf1051, buf1053, buf1054, buf1055, buf1057, buf1059, buf1061, buf1062, buf1063, buf1065, buf1067, buf1069, buf1070, buf1071, buf1073, buf1075, buf1077, buf1078, buf1079, buf1081, buf1083, buf1085, buf1086, buf1087, buf1089, buf1091, buf1092, buf1093, buf1096, buf1098, buf1099, buf1100, buf1102, buf1104, buf1106, buf1107, buf1108, buf1110, buf1112, buf1114, buf1115, buf1116, buf1118, buf1120, buf1122, buf1123, buf1124, buf1126, buf1128, buf1130, buf1131, buf1132, buf1134, buf1136, buf1138, buf1139, buf1140, buf1142, buf1144, buf1145, buf1146, buf1149, buf1151, buf1152, buf1153, buf1155, buf1157, buf1159, buf1160, buf1161, buf1163, buf1165, buf1167, buf1168, buf1169, buf1171, buf1173, buf1175, buf1176, buf1177, buf1179, buf1181, buf1183, buf1184, buf1185, buf1187, buf1189, buf1191, buf1192, buf1193, buf1195, buf1197, buf1199, buf1200, buf1201, buf1203, buf1205, buf1208, buf1210, buf1212, buf1213, buf1214, buf1217, buf1219, buf1221, buf1222, buf1223, buf1226, buf1228, buf1230, buf1231, buf1232, buf1233, buf1236, buf1238, buf1240, buf1241, buf1242, buf1243, buf1246, buf1247, buf1253, buf1255, buf1257, buf1258, buf1259, buf1262, buf1264, buf1266, buf1267, buf1268, buf1270, buf1272, buf1274, buf1275, buf1276, buf1278, buf1280, buf1282, buf1283, buf1284, buf1286, buf1288, buf1290, buf1291, buf1292, buf1294, buf1296, buf1298, buf1299, buf1300, buf1302, buf1304, buf1306, buf1307, buf1308, buf1310, buf1312, buf1314, buf1315, buf1316, buf1318, buf1320, buf1321, buf1322, buf1325, buf1330, buf1331, buf1332, buf1327, buf1333, buf1335, buf1337, buf1339, buf1340, buf1341, buf1343, buf1345, buf1347, buf1348, buf1349, buf1351, buf1353, buf1355, buf1356, buf1357, buf1359, buf1361, buf1363, buf1364, buf1365, buf1367, buf1369, buf1371, buf1372, buf1373, buf1375, buf1377, buf1378, buf1379, buf1382, buf1384, buf1385, buf1386, buf1388, buf1390, buf1392, buf1393, buf1394, buf1396, buf1398, buf1400, buf1401, buf1402, buf1404, buf1406, buf1408, buf1409, buf1410, buf1412, buf1414, buf1416, buf1417, buf1418, buf1420, buf1422, buf1424, buf1425, buf1426, buf1428, buf1430, buf1431, buf1432, buf1435, buf1437, buf1438, buf1439, buf1441, buf1443, buf1445, buf1446, buf1447, buf1449, buf1451, buf1453, buf1454, buf1455, buf1457, buf1459, buf1461, buf1462, buf1463, buf1465, buf1467, buf1469, buf1470, buf1471, buf1473, buf1475, buf1477, buf1478, buf1479, buf1481, buf1483, buf1485, buf1486, buf1487, buf1489, buf1492, buf1495, buf1497, buf1499, buf1500, buf1501, buf1504, buf1506, buf1508, buf1509, buf1510, buf1513, buf1515, buf1517, buf1518, buf1519, buf1520, buf1523, buf1525, buf1527, buf1528, buf1529, buf1530, buf1533, buf1534, buf1540, buf1542, buf1544, buf1545, buf1546, buf1549, buf1551, buf1553, buf1554, buf1555, buf1557, buf1559, buf1561, buf1562, buf1563, buf1565, buf1567, buf1569, buf1570, buf1571, buf1573, buf1575, buf1577, buf1578, buf1579, buf1581, buf1583, buf1585, buf1586, buf1587, buf1589, buf1591, buf1593, buf1594, buf1595, buf1597, buf1599, buf1601, buf1602, buf1603, buf1605, buf1607, buf1608, buf1609, buf1612, buf1617, buf1618, buf1619, buf1614, buf1620, buf1622, buf1624, buf1626, buf1627, buf1628, buf1630, buf1632, buf1634, buf1635, buf1636, buf1638, buf1640, buf1642, buf1643, buf1644, buf1646, buf1648, buf1650, buf1651, buf1652, buf1654, buf1656, buf1658, buf1659, buf1660, buf1662, buf1664, buf1665, buf1666, buf1669, buf1671, buf1672, buf1673, buf1675, buf1677, buf1679, buf1680, buf1681, buf1683, buf1685, buf1687, buf1688, buf1689, buf1691, buf1693, buf1695, buf1696, buf1697, buf1699, buf1701, buf1703, buf1704, buf1705, buf1707, buf1709, buf1711, buf1712, buf1713, buf1715, buf1717, buf1718, buf1719, buf1722, buf1724, buf1725, buf1726, buf1728, buf1730, buf1732, buf1733, buf1734, buf1736, buf1738, buf1740, buf1741, buf1742, buf1744, buf1746, buf1748, buf1749, buf1750, buf1752, buf1754, buf1756, buf1757, buf1758, buf1760, buf1762, buf1764, buf1765, buf1766, buf1768, buf1770, buf1772, buf1773, buf1774, buf1776, buf1778, buf1781, buf1783, buf1785, buf1786, buf1787, buf1790, buf1792, buf1794, buf1795, buf1796, buf1799, buf1801, buf1803, buf1804, buf1805, buf1806, buf1809, buf1811, buf1813, buf1814, buf1815, buf1816, buf1819, buf1820, buf1826, buf1828, buf1830, buf1831, buf1832, buf1835, buf1837, buf1839, buf1840, buf1841, buf1843, buf1845, buf1847, buf1848, buf1849, buf1851, buf1853, buf1855, buf1856, buf1857, buf1859, buf1861, buf1863, buf1864, buf1865, buf1867, buf1869, buf1871, buf1872, buf1873, buf1875, buf1877, buf1879, buf1880, buf1881, buf1883, buf1885, buf1887, buf1888, buf1889, buf1891, buf1893, buf1894, buf1895, buf1898, buf1903, buf1904, buf1905, buf1900, buf1906, buf1908, buf1910, buf1912, buf1913, buf1914, buf1916, buf1918, buf1920, buf1921, buf1922, buf1924, buf1926, buf1928, buf1929, buf1930, buf1932, buf1934, buf1936, buf1937, buf1938, buf1940, buf1942, buf1944, buf1945, buf1946, buf1948, buf1950, buf1951, buf1952, buf1955, buf1957, buf1958, buf1959, buf1961, buf1963, buf1965, buf1966, buf1967, buf1969, buf1971, buf1973, buf1974, buf1975, buf1977, buf1979, buf1981, buf1982, buf1983, buf1985, buf1987, buf1989, buf1990, buf1991, buf1993, buf1995, buf1997, buf1998, buf1999, buf2001, buf2003, buf2004, buf2005, buf2008, buf2010, buf2011, buf2012, buf2014, buf2016, buf2018, buf2019, buf2020, buf2022, buf2024, buf2026, buf2027, buf2028, buf2030, buf2032, buf2034, buf2035, buf2036, buf2038, buf2040, buf2042, buf2043, buf2044, buf2046, buf2048, buf2050, buf2051, buf2052, buf2054, buf2056, buf2058, buf2059, buf2060, buf2062, buf2065, buf2068, buf2070, buf2072, buf2073, buf2074, buf2077, buf2079, buf2081, buf2082, buf2083, buf2086, buf2088, buf2090, buf2091, buf2092, buf2093, buf2096, buf2098, buf2100, buf2101, buf2102, buf2103, buf2106, buf2107, buf2113, buf2115, buf2117, buf2118, buf2119, buf2122, buf2124, buf2126, buf2127, buf2128, buf2130, buf2132, buf2134, buf2135, buf2136, buf2138, buf2140, buf2142, buf2143, buf2144, buf2146, buf2148, buf2150, buf2151, buf2152, buf2154, buf2156, buf2158, buf2159, buf2160, buf2162, buf2164, buf2166, buf2167, buf2168, buf2170, buf2172, buf2174, buf2175, buf2176, buf2178, buf2180, buf2181, buf2182, buf2185, buf2190, buf2191, buf2192, buf2187, buf2193, buf2195, buf2197, buf2199, buf2200, buf2201, buf2203, buf2205, buf2207, buf2208, buf2209, buf2211, buf2213, buf2215, buf2216, buf2217, buf2219, buf2221, buf2223, buf2224, buf2225, buf2227, buf2229, buf2231, buf2232, buf2233, buf2235, buf2237, buf2238, buf2239, buf2242, buf2244, buf2245, buf2246, buf2248, buf2250, buf2252, buf2253, buf2254, buf2256, buf2258, buf2260, buf2261, buf2262, buf2264, buf2266, buf2268, buf2269, buf2270, buf2272, buf2274, buf2276, buf2277, buf2278, buf2280, buf2282, buf2284, buf2285, buf2286, buf2288, buf2290, buf2291, buf2292, buf2295, buf2297, buf2298, buf2299, buf2301, buf2303, buf2305, buf2306, buf2307, buf2309, buf2311, buf2313, buf2314, buf2315, buf2317, buf2319, buf2321, buf2322, buf2323, buf2325, buf2327, buf2329, buf2330, buf2331, buf2333, buf2335, buf2337, buf2338, buf2339, buf2341, buf2343, buf2345, buf2346, buf2347, buf2349, buf2351, buf2354, buf2356, buf2358, buf2359, buf2360, buf2363, buf2365, buf2367, buf2368, buf2369, buf2372, buf2374, buf2376, buf2377, buf2378, buf2379, buf2382, buf2384, buf2386, buf2387, buf2388, buf2389, buf2392, buf2393, buf2399, buf2401, buf2403, buf2404, buf2405, buf2408, buf2410, buf2412, buf2413, buf2414, buf2416, buf2418, buf2420, buf2421, buf2422, buf2424, buf2426, buf2428, buf2429, buf2430, buf2432, buf2434, buf2436, buf2437, buf2438, buf2440, buf2442, buf2444, buf2445, buf2446, buf2448, buf2450, buf2452, buf2453, buf2454, buf2456, buf2458, buf2460, buf2461, buf2462, buf2464, buf2466, buf2467, buf2468, buf2471, buf2476, buf2477, buf2478, buf2473, buf2479, buf2481, buf2483, buf2485, buf2486, buf2487, buf2489, buf2491, buf2493, buf2494, buf2495, buf2497, buf2499, buf2501, buf2502, buf2503, buf2505, buf2507, buf2509, buf2510, buf2511, buf2513, buf2515, buf2517, buf2518, buf2519, buf2521, buf2523, buf2524, buf2525, buf2528, buf2530, buf2531, buf2532, buf2534, buf2536, buf2538, buf2539, buf2540, buf2542, buf2544, buf2546, buf2547, buf2548, buf2550, buf2552, buf2554, buf2555, buf2556, buf2558, buf2560, buf2562, buf2563, buf2564, buf2566, buf2568, buf2570, buf2571, buf2572, buf2574, buf2576, buf2577, buf2578, buf2581, buf2583, buf2584, buf2585, buf2587, buf2589, buf2591, buf2592, buf2593, buf2595, buf2597, buf2599, buf2600, buf2601, buf2603, buf2605, buf2607, buf2608, buf2609, buf2611, buf2613, buf2615, buf2616, buf2617, buf2619, buf2621, buf2623, buf2624, buf2625, buf2627, buf2629, buf2631, buf2632, buf2633, buf2635, buf2638, buf2641, buf2643, buf2645, buf2646, buf2647, buf2650, buf2652, buf2654, buf2655, buf2656, buf2659, buf2661, buf2663, buf2664, buf2665, buf2666, buf2669, buf2671, buf2673, buf2674, buf2675, buf2676, buf2679, buf2680, buf2686, buf2688, buf2690, buf2691, buf2692, buf2695, buf2697, buf2699, buf2700, buf2701, buf2703, buf2705, buf2707, buf2708, buf2709, buf2711, buf2713, buf2715, buf2716, buf2717, buf2719, buf2721, buf2723, buf2724, buf2725, buf2727, buf2729, buf2731, buf2732, buf2733, buf2735, buf2737, buf2739, buf2740, buf2741, buf2743, buf2745, buf2747, buf2748, buf2749, buf2751, buf2753, buf2754, buf2755, buf2758, buf2763, buf2764, buf2765, buf2760, buf2766, buf2768, buf2770, buf2772, buf2773, buf2774, buf2776, buf2778, buf2780, buf2781, buf2782, buf2784, buf2786, buf2788, buf2789, buf2790, buf2792, buf2794, buf2796, buf2797, buf2798, buf2800, buf2802, buf2804, buf2805, buf2806, buf2808, buf2810, buf2811, buf2812, buf2815, buf2817, buf2818, buf2819, buf2821, buf2823, buf2825, buf2826, buf2827, buf2829, buf2831, buf2833, buf2834, buf2835, buf2837, buf2839, buf2841, buf2842, buf2843, buf2845, buf2847, buf2849, buf2850, buf2851, buf2853, buf2855, buf2857, buf2858, buf2859, buf2861, buf2863, buf2864, buf2865, buf2868, buf2870, buf2871, buf2872, buf2874, buf2876, buf2878, buf2879, buf2880, buf2882, buf2884, buf2886, buf2887, buf2888, buf2890, buf2892, buf2894, buf2895, buf2896, buf2898, buf2900, buf2902, buf2903, buf2904, buf2906, buf2908, buf2910, buf2911, buf2912, buf2914, buf2916, buf2918, buf2919, buf2920, buf2922, buf2924, buf2927, buf2929, buf2931, buf2932, buf2933, buf2936, buf2938, buf2940, buf2941, buf2942, buf2945, buf2947, buf2949, buf2950, buf2951, buf2952, buf2955, buf2957, buf2959, buf2960, buf2961, buf2962, buf2965, buf2966, buf2972, buf2974, buf2976, buf2977, buf2978, buf2981, buf2983, buf2985, buf2986, buf2987, buf2989, buf2991, buf2993, buf2994, buf2995, buf2997, buf2999, buf3001, buf3002, buf3003, buf3005, buf3007, buf3009, buf3010, buf3011, buf3013, buf3015, buf3017, buf3018, buf3019, buf3021, buf3023, buf3025, buf3026, buf3027, buf3029, buf3031, buf3033, buf3034, buf3035, buf3037, buf3039, buf3040, buf3041, buf3044, buf3049, buf3050, buf3051, buf3046, buf3052, buf3054, buf3056, buf3058, buf3059, buf3060, buf3062, buf3064, buf3066, buf3067, buf3068, buf3070, buf3072, buf3074, buf3075, buf3076, buf3078, buf3080, buf3082, buf3083, buf3084, buf3086, buf3088, buf3090, buf3091, buf3092, buf3094, buf3096, buf3097, buf3098, buf3101, buf3103, buf3104, buf3105, buf3107, buf3109, buf3111, buf3112, buf3113, buf3115, buf3117, buf3119, buf3120, buf3121, buf3123, buf3125, buf3127, buf3128, buf3129, buf3131, buf3133, buf3135, buf3136, buf3137, buf3139, buf3141, buf3143, buf3144, buf3145, buf3147, buf3149, buf3150, buf3151, buf3154, buf3156, buf3157, buf3158, buf3160, buf3162, buf3164, buf3165, buf3166, buf3168, buf3170, buf3172, buf3173, buf3174, buf3176, buf3178, buf3180, buf3181, buf3182, buf3184, buf3186, buf3188, buf3189, buf3190, buf3192, buf3194, buf3196, buf3197, buf3198, buf3200, buf3202, buf3204, buf3205, buf3206, buf3208, buf3211, buf3214, buf3215, buf3220, buf3222, buf3224, buf3225, buf3226, buf3229, buf3231, buf3233, buf3234, buf3235, buf3238, buf3240, buf3242, buf3243, buf3244, buf3245, buf3248, buf3250, buf3252, buf3253, buf3254, buf3255, buf3258, buf3259, buf3265, buf3267, buf3269, buf3270, buf3271, buf3274, buf3276, buf3278, buf3279, buf3280, buf3282, buf3284, buf3286, buf3287, buf3288, buf3290, buf3292, buf3294, buf3295, buf3296, buf3298, buf3300, buf3302, buf3303, buf3304, buf3306, buf3308, buf3310, buf3311, buf3312, buf3314, buf3316, buf3318, buf3319, buf3320, buf3322, buf3324, buf3326, buf3327, buf3328, buf3330, buf3332, buf3333, buf3334, buf3337, buf3342, buf3343, buf3344, buf3339, buf3345, buf3347, buf3349, buf3351, buf3352, buf3353, buf3355, buf3357, buf3359, buf3360, buf3361, buf3363, buf3365, buf3367, buf3368, buf3369, buf3371, buf3373, buf3375, buf3376, buf3377, buf3379, buf3381, buf3383, buf3384, buf3385, buf3387, buf3389, buf3390, buf3391, buf3394, buf3396, buf3397, buf3398, buf3400, buf3402, buf3404, buf3405, buf3406, buf3408, buf3410, buf3412, buf3413, buf3414, buf3416, buf3418, buf3420, buf3421, buf3422, buf3424, buf3426, buf3428, buf3429, buf3430, buf3432, buf3434, buf3436, buf3437, buf3438, buf3440, buf3442, buf3443, buf3444, buf3447, buf3449, buf3450, buf3451, buf3453, buf3455, buf3457, buf3458, buf3459, buf3461, buf3463, buf3465, buf3466, buf3467, buf3469, buf3471, buf3473, buf3474, buf3475, buf3477, buf3479, buf3481, buf3482, buf3483, buf3485, buf3487, buf3489, buf3490, buf3491, buf3493, buf3495, buf3497, buf3498, buf3499, buf3501, buf3503, buf3506, buf3508, buf3510, buf3511, buf3512, buf3515, buf3517, buf3519, buf3520, buf3521, buf3524, buf3526, buf3528, buf3529, buf3530, buf3531, buf3534, buf3536, buf3538, buf3539, buf3540, buf3541, buf3544, buf3545, buf3551, buf3553, buf3555, buf3556, buf3557, buf3560, buf3562, buf3564, buf3565, buf3566, buf3568, buf3570, buf3572, buf3573, buf3574, buf3576, buf3578, buf3580, buf3581, buf3582, buf3584, buf3586, buf3588, buf3589, buf3590, buf3592, buf3594, buf3596, buf3597, buf3598, buf3600, buf3602, buf3604, buf3605, buf3606, buf3608, buf3610, buf3612, buf3613, buf3614, buf3616, buf3618, buf3619, buf3620, buf3623, buf3628, buf3629, buf3630, buf3625, buf3631, buf3633, buf3635, buf3637, buf3638, buf3639, buf3641, buf3643, buf3645, buf3646, buf3647, buf3649, buf3651, buf3653, buf3654, buf3655, buf3657, buf3659, buf3661, buf3662, buf3663, buf3665, buf3667, buf3669, buf3670, buf3671, buf3673, buf3675, buf3676, buf3677, buf3680, buf3682, buf3683, buf3684, buf3686, buf3688, buf3690, buf3691, buf3692, buf3694, buf3696, buf3698, buf3699, buf3700, buf3702, buf3704, buf3706, buf3707, buf3708, buf3710, buf3712, buf3714, buf3715, buf3716, buf3718, buf3720, buf3722, buf3723, buf3724, buf3726, buf3728, buf3729, buf3730, buf3733, buf3735, buf3736, buf3737, buf3739, buf3741, buf3743, buf3744, buf3745, buf3747, buf3749, buf3751, buf3752, buf3753, buf3755, buf3757, buf3759, buf3760, buf3761, buf3763, buf3765, buf3767, buf3768, buf3769, buf3771, buf3773, buf3775, buf3776, buf3777, buf3779, buf3781, buf3783, buf3784, buf3785, buf3787, buf3789, buf3792, buf3794, buf3796, buf3797, buf3798, buf3801, buf3803, buf3805, buf3806, buf3807, buf3810, buf3812, buf3814, buf3815, buf3816, buf3817, buf3820, buf3822, buf3824, buf3825, buf3826, buf3827, buf3830, buf3831, buf3837, buf3839, buf3841, buf3842, buf3843, buf3846, buf3848, buf3850, buf3851, buf3852, buf3854, buf3856, buf3858, buf3859, buf3860, buf3862, buf3864, buf3866, buf3867, buf3868, buf3870, buf3872, buf3874, buf3875, buf3876, buf3878, buf3880, buf3882, buf3883, buf3884, buf3886, buf3888, buf3890, buf3891, buf3892, buf3894, buf3896, buf3898, buf3899, buf3900, buf3902, buf3904, buf3905, buf3906, buf3909, buf3914, buf3915, buf3916, buf3911, buf3917, buf3919, buf3921, buf3923, buf3924, buf3925, buf3927, buf3929, buf3931, buf3932, buf3933, buf3935, buf3937, buf3939, buf3940, buf3941, buf3943, buf3945, buf3947, buf3948, buf3949, buf3951, buf3953, buf3955, buf3956, buf3957, buf3959, buf3961, buf3962, buf3963, buf3966, buf3968, buf3969, buf3970, buf3972, buf3974, buf3976, buf3977, buf3978, buf3980, buf3982, buf3984, buf3985, buf3986, buf3988, buf3990, buf3992, buf3993, buf3994, buf3996, buf3998, buf4000, buf4001, buf4002, buf4004, buf4006, buf4008, buf4009, buf4010, buf4012, buf4014, buf4015, buf4016, buf4019, buf4021, buf4022, buf4023, buf4025, buf4027, buf4029, buf4030, buf4031, buf4033, buf4035, buf4037, buf4038, buf4039, buf4041, buf4043, buf4045, buf4046, buf4047, buf4049, buf4051, buf4053, buf4054, buf4055, buf4057, buf4059, buf4061, buf4062, buf4063, buf4065, buf4067, buf4069, buf4070, buf4071, buf4073, buf4076, buf4079, buf4081, buf4083, buf4084, buf4085, buf4088, buf4090, buf4092, buf4093, buf4094, buf4097, buf4099, buf4101, buf4102, buf4103, buf4104, buf4107, buf4109, buf4111, buf4112, buf4113, buf4114, buf4117, buf4118, buf4124, buf4126, buf4128, buf4129, buf4130, buf4133, buf4135, buf4137, buf4138, buf4139, buf4141, buf4143, buf4145, buf4146, buf4147, buf4149, buf4151, buf4153, buf4154, buf4155, buf4157, buf4159, buf4161, buf4162, buf4163, buf4165, buf4167, buf4169, buf4170, buf4171, buf4173, buf4175, buf4177, buf4178, buf4179, buf4181, buf4183, buf4185, buf4186, buf4187, buf4189, buf4191, buf4192, buf4193, buf4196, buf4201, buf4202, buf4203, buf4198, buf4204, buf4206, buf4208, buf4210, buf4211, buf4212, buf4214, buf4216, buf4218, buf4219, buf4220, buf4222, buf4224, buf4226, buf4227, buf4228, buf4230, buf4232, buf4234, buf4235, buf4236, buf4238, buf4240, buf4242, buf4243, buf4244, buf4246, buf4248, buf4249, buf4250, buf4253, buf4255, buf4256, buf4257, buf4259, buf4261, buf4263, buf4264, buf4265, buf4267, buf4269, buf4271, buf4272, buf4273, buf4275, buf4277, buf4279, buf4280, buf4281, buf4283, buf4285, buf4287, buf4288, buf4289, buf4291, buf4293, buf4295, buf4296, buf4297, buf4299, buf4301, buf4302, buf4303, buf4306, buf4308, buf4309, buf4310, buf4312, buf4314, buf4316, buf4317, buf4318, buf4320, buf4322, buf4324, buf4325, buf4326, buf4328, buf4330, buf4332, buf4333, buf4334, buf4336, buf4338, buf4340, buf4341, buf4342, buf4344, buf4346, buf4348, buf4349, buf4350, buf4352, buf4354, buf4356, buf4357, buf4358, buf4360, buf4362, buf4365, buf4367, buf4369, buf4370, buf4371, buf4374, buf4376, buf4378, buf4379, buf4380, buf4383, buf4385, buf4387, buf4388, buf4389, buf4390, buf4393, buf4395, buf4397, buf4398, buf4399, buf4400, buf4403, buf4404, buf4410, buf4412, buf4414, buf4415, buf4416, buf4419, buf4421, buf4423, buf4424, buf4425, buf4427, buf4429, buf4431, buf4432, buf4433, buf4435, buf4437, buf4439, buf4440, buf4441, buf4443, buf4445, buf4447, buf4448, buf4449, buf4451, buf4453, buf4455, buf4456, buf4457, buf4459, buf4461, buf4463, buf4464, buf4465, buf4467, buf4469, buf4471, buf4472, buf4473, buf4475, buf4477, buf4478, buf4479, buf4482, buf4487, buf4488, buf4489, buf4484, buf4490, buf4492, buf4494, buf4496, buf4497, buf4498, buf4500, buf4502, buf4504, buf4505, buf4506, buf4508, buf4510, buf4512, buf4513, buf4514, buf4516, buf4518, buf4520, buf4521, buf4522, buf4524, buf4526, buf4528, buf4529, buf4530, buf4532, buf4534, buf4535, buf4536, buf4539, buf4541, buf4542, buf4543, buf4545, buf4547, buf4549, buf4550, buf4551, buf4553, buf4555, buf4557, buf4558, buf4559, buf4561, buf4563, buf4565, buf4566, buf4567, buf4569, buf4571, buf4573, buf4574, buf4575, buf4577, buf4579, buf4581, buf4582, buf4583, buf4585, buf4587, buf4588, buf4589, buf4592, buf4594, buf4595, buf4596, buf4598, buf4600, buf4602, buf4603, buf4604, buf4606, buf4608, buf4610, buf4611, buf4612, buf4614, buf4616, buf4618, buf4619, buf4620, buf4622, buf4624, buf4626, buf4627, buf4628, buf4630, buf4632, buf4634, buf4635, buf4636, buf4638, buf4640, buf4642, buf4643, buf4644, buf4646, buf4649, buf4652, buf4654, buf4656, buf4657, buf4658, buf4661, buf4663, buf4665, buf4666, buf4667, buf4670, buf4672, buf4674, buf4675, buf4676, buf4677, buf4680, buf4682, buf4684, buf4685, buf4686, buf4687, buf4690, buf4691, buf4697, buf4699, buf4701, buf4702, buf4703, buf4706, buf4708, buf4710, buf4711, buf4712, buf4714, buf4716, buf4718, buf4719, buf4720, buf4722, buf4724, buf4726, buf4727, buf4728, buf4730, buf4732, buf4734, buf4735, buf4736, buf4738, buf4740, buf4742, buf4743, buf4744, buf4746, buf4748, buf4750, buf4751, buf4752, buf4754, buf4756, buf4758, buf4759, buf4760, buf4762, buf4764, buf4765, buf4766, buf4769, buf4774, buf4775, buf4776, buf4771, buf4777, buf4779, buf4781, buf4783, buf4784, buf4785, buf4787, buf4789, buf4791, buf4792, buf4793, buf4795, buf4797, buf4799, buf4800, buf4801, buf4803, buf4805, buf4807, buf4808, buf4809, buf4811, buf4813, buf4815, buf4816, buf4817, buf4819, buf4821, buf4822, buf4823, buf4826, buf4828, buf4829, buf4830, buf4832, buf4834, buf4836, buf4837, buf4838, buf4840, buf4842, buf4844, buf4845, buf4846, buf4848, buf4850, buf4852, buf4853, buf4854, buf4856, buf4858, buf4860, buf4861, buf4862, buf4864, buf4866, buf4868, buf4869, buf4870, buf4872, buf4874, buf4875, buf4876, buf4879, buf4881, buf4882, buf4883, buf4885, buf4887, buf4889, buf4890, buf4891, buf4893, buf4895, buf4897, buf4898, buf4899, buf4901, buf4903, buf4905, buf4906, buf4907, buf4909, buf4911, buf4913, buf4914, buf4915, buf4917, buf4919, buf4921, buf4922, buf4923, buf4925, buf4927, buf4929, buf4930, buf4931, buf4933, buf4935, buf4938, buf4940, buf4942, buf4943, buf4944, buf4947, buf4949, buf4951, buf4952, buf4953, buf4956, buf4958, buf4960, buf4961, buf4962, buf4963, buf4966, buf4968, buf4970, buf4971, buf4972, buf4973, buf4976, buf4977, buf4983, buf4985, buf4987, buf4988, buf4989, buf4992, buf4994, buf4996, buf4997, buf4998, buf5000, buf5002, buf5004, buf5005, buf5006, buf5008, buf5010, buf5012, buf5013, buf5014, buf5016, buf5018, buf5020, buf5021, buf5022, buf5024, buf5026, buf5028, buf5029, buf5030, buf5032, buf5034, buf5036, buf5037, buf5038, buf5040, buf5042, buf5044, buf5045, buf5046, buf5048, buf5050, buf5051, buf5052, buf5055, buf5060, buf5061, buf5062, buf5057, buf5063, buf5065, buf5067, buf5069, buf5070, buf5071, buf5073, buf5075, buf5077, buf5078, buf5079, buf5081, buf5083, buf5085, buf5086, buf5087, buf5089, buf5091, buf5093, buf5094, buf5095, buf5097, buf5099, buf5101, buf5102, buf5103, buf5105, buf5107, buf5108, buf5109, buf5112, buf5114, buf5115, buf5116, buf5118, buf5120, buf5122, buf5123, buf5124, buf5126, buf5128, buf5130, buf5131, buf5132, buf5134, buf5136, buf5138, buf5139, buf5140, buf5142, buf5144, buf5146, buf5147, buf5148, buf5150, buf5152, buf5154, buf5155, buf5156, buf5158, buf5160, buf5161, buf5162, buf5165, buf5167, buf5168, buf5169, buf5171, buf5173, buf5175, buf5176, buf5177, buf5179, buf5181, buf5183, buf5184, buf5185, buf5187, buf5189, buf5191, buf5192, buf5193, buf5195, buf5197, buf5199, buf5200, buf5201, buf5203, buf5205, buf5207, buf5208, buf5209, buf5211, buf5213, buf5215, buf5216, buf5217, buf5219, buf5222, buf5225, buf5227, buf5229, buf5230, buf5231, buf5234, buf5236, buf5238, buf5239, buf5240, buf5243, buf5245, buf5247, buf5248, buf5249, buf5250, buf5253, buf5255, buf5257, buf5258, buf5259, buf5260, buf5263, buf5264, buf5270, buf5272, buf5274, buf5275, buf5276, buf5279, buf5281, buf5283, buf5284, buf5285, buf5287, buf5289, buf5291, buf5292, buf5293, buf5295, buf5297, buf5299, buf5300, buf5301, buf5303, buf5305, buf5307, buf5308, buf5309, buf5311, buf5313, buf5315, buf5316, buf5317, buf5319, buf5321, buf5323, buf5324, buf5325, buf5327, buf5329, buf5331, buf5332, buf5333, buf5335, buf5337, buf5338, buf5339, buf5342, buf5347, buf5348, buf5349, buf5344, buf5350, buf5352, buf5354, buf5356, buf5357, buf5358, buf5360, buf5362, buf5364, buf5365, buf5366, buf5368, buf5370, buf5372, buf5373, buf5374, buf5376, buf5378, buf5380, buf5381, buf5382, buf5384, buf5386, buf5388, buf5389, buf5390, buf5392, buf5394, buf5395, buf5396, buf5399, buf5401, buf5402, buf5403, buf5405, buf5407, buf5409, buf5410, buf5411, buf5413, buf5415, buf5417, buf5418, buf5419, buf5421, buf5423, buf5425, buf5426, buf5427, buf5429, buf5431, buf5433, buf5434, buf5435, buf5437, buf5439, buf5441, buf5442, buf5443, buf5445, buf5447, buf5448, buf5449, buf5452, buf5454, buf5455, buf5456, buf5458, buf5460, buf5462, buf5463, buf5464, buf5466, buf5468, buf5470, buf5471, buf5472, buf5474, buf5476, buf5478, buf5479, buf5480, buf5482, buf5484, buf5486, buf5487, buf5488, buf5490, buf5492, buf5494, buf5495, buf5496, buf5498, buf5500, buf5502, buf5503, buf5504, buf5506, buf5508, buf5511, buf5513, buf5515, buf5516, buf5517, buf5520, buf5522, buf5524, buf5525, buf5526, buf5529, buf5531, buf5533, buf5534, buf5535, buf5536, buf5539, buf5541, buf5543, buf5544, buf5545, buf5546, buf5549, buf5550, buf5556, buf5558, buf5560, buf5561, buf5562, buf5565, buf5567, buf5569, buf5570, buf5571, buf5573, buf5575, buf5577, buf5578, buf5579, buf5581, buf5583, buf5585, buf5586, buf5587, buf5589, buf5591, buf5593, buf5594, buf5595, buf5597, buf5599, buf5601, buf5602, buf5603, buf5605, buf5607, buf5609, buf5610, buf5611, buf5613, buf5615, buf5617, buf5618, buf5619, buf5621, buf5623, buf5624, buf5625, buf5628, buf5633, buf5634, buf5635, buf5630, buf5636, buf5638, buf5640, buf5642, buf5643, buf5644, buf5646, buf5648, buf5650, buf5651, buf5652, buf5654, buf5656, buf5658, buf5659, buf5660, buf5662, buf5664, buf5666, buf5667, buf5668, buf5670, buf5672, buf5674, buf5675, buf5676, buf5678, buf5680, buf5681, buf5682, buf5685, buf5687, buf5688, buf5689, buf5691, buf5693, buf5695, buf5696, buf5697, buf5699, buf5701, buf5703, buf5704, buf5705, buf5707, buf5709, buf5711, buf5712, buf5713, buf5715, buf5717, buf5719, buf5720, buf5721, buf5723, buf5725, buf5727, buf5728, buf5729, buf5731, buf5733, buf5734, buf5735, buf5738, buf5740, buf5741, buf5742, buf5744, buf5746, buf5748, buf5749, buf5750, buf5752, buf5754, buf5756, buf5757, buf5758, buf5760, buf5762, buf5764, buf5765, buf5766, buf5768, buf5770, buf5772, buf5773, buf5774, buf5776, buf5778, buf5780, buf5781, buf5782, buf5784, buf5786, buf5788, buf5789, buf5790, buf5792, buf5795, buf5798, buf5799, buf5804, buf5806, buf5808, buf5809, buf5810, buf5813, buf5815, buf5817, buf5818, buf5819, buf5822, buf5824, buf5826, buf5827, buf5828, buf5829, buf5832, buf5834, buf5836, buf5837, buf5838, buf5839, buf5842, buf5843, buf5849, buf5851, buf5853, buf5854, buf5855, buf5858, buf5860, buf5862, buf5863, buf5864, buf5866, buf5868, buf5870, buf5871, buf5872, buf5874, buf5876, buf5878, buf5879, buf5880, buf5882, buf5884, buf5886, buf5887, buf5888, buf5890, buf5892, buf5894, buf5895, buf5896, buf5898, buf5900, buf5902, buf5903, buf5904, buf5906, buf5908, buf5910, buf5911, buf5912, buf5914, buf5916, buf5917, buf5918, buf5921, buf5926, buf5927, buf5928, buf5923, buf5929, buf5931, buf5933, buf5935, buf5936, buf5937, buf5939, buf5941, buf5943, buf5944, buf5945, buf5947, buf5949, buf5951, buf5952, buf5953, buf5955, buf5957, buf5959, buf5960, buf5961, buf5963, buf5965, buf5967, buf5968, buf5969, buf5971, buf5973, buf5974, buf5975, buf5978, buf5980, buf5981, buf5982, buf5984, buf5986, buf5988, buf5989, buf5990, buf5992, buf5994, buf5996, buf5997, buf5998, buf6000, buf6002, buf6004, buf6005, buf6006, buf6008, buf6010, buf6012, buf6013, buf6014, buf6016, buf6018, buf6020, buf6021, buf6022, buf6024, buf6026, buf6027, buf6028, buf6031, buf6033, buf6034, buf6035, buf6037, buf6039, buf6041, buf6042, buf6043, buf6045, buf6047, buf6049, buf6050, buf6051, buf6053, buf6055, buf6057, buf6058, buf6059, buf6061, buf6063, buf6065, buf6066, buf6067, buf6069, buf6071, buf6073, buf6074, buf6075, buf6077, buf6079, buf6081, buf6082, buf6083, buf6085, buf6087, buf6090, buf6092, buf6094, buf6095, buf6096, buf6099, buf6101, buf6103, buf6104, buf6105, buf6108, buf6110, buf6112, buf6113, buf6114, buf6115, buf6118, buf6120, buf6122, buf6123, buf6124, buf6125, buf6128, buf6129, buf6135, buf6137, buf6139, buf6140, buf6141, buf6144, buf6146, buf6148, buf6149, buf6150, buf6152, buf6154, buf6156, buf6157, buf6158, buf6160, buf6162, buf6164, buf6165, buf6166, buf6168, buf6170, buf6172, buf6173, buf6174, buf6176, buf6178, buf6180, buf6181, buf6182, buf6184, buf6186, buf6188, buf6189, buf6190, buf6192, buf6194, buf6196, buf6197, buf6198, buf6200, buf6202, buf6203, buf6204, buf6207, buf6212, buf6213, buf6214, buf6209, buf6215, buf6217, buf6219, buf6221, buf6222, buf6223, buf6225, buf6227, buf6229, buf6230, buf6231, buf6233, buf6235, buf6237, buf6238, buf6239, buf6241, buf6243, buf6245, buf6246, buf6247, buf6249, buf6251, buf6253, buf6254, buf6255, buf6257, buf6259, buf6260, buf6261, buf6264, buf6266, buf6267, buf6268, buf6270, buf6272, buf6274, buf6275, buf6276, buf6278, buf6280, buf6282, buf6283, buf6284, buf6286, buf6288, buf6290, buf6291, buf6292, buf6294, buf6296, buf6298, buf6299, buf6300, buf6302, buf6304, buf6306, buf6307, buf6308, buf6310, buf6312, buf6313, buf6314, buf6317, buf6319, buf6320, buf6321, buf6323, buf6325, buf6327, buf6328, buf6329, buf6331, buf6333, buf6335, buf6336, buf6337, buf6339, buf6341, buf6343, buf6344, buf6345, buf6347, buf6349, buf6351, buf6352, buf6353, buf6355, buf6357, buf6359, buf6360, buf6361, buf6363, buf6365, buf6367, buf6368, buf6369, buf6371, buf6373, buf6376, buf6378, buf6380, buf6381, buf6382, buf6385, buf6387, buf6389, buf6390, buf6391, buf6394, buf6396, buf6398, buf6399, buf6400, buf6401, buf6404, buf6406, buf6408, buf6409, buf6410, buf6411, buf6414, buf6415, buf6421, buf6423, buf6425, buf6426, buf6427, buf6430, buf6432, buf6434, buf6435, buf6436, buf6438, buf6440, buf6442, buf6443, buf6444, buf6446, buf6448, buf6450, buf6451, buf6452, buf6454, buf6456, buf6458, buf6459, buf6460, buf6462, buf6464, buf6466, buf6467, buf6468, buf6470, buf6472, buf6474, buf6475, buf6476, buf6478, buf6480, buf6482, buf6483, buf6484, buf6486, buf6488, buf6489, buf6490, buf6493, buf6498, buf6499, buf6500, buf6495, buf6501, buf6503, buf6505, buf6507, buf6508, buf6509, buf6511, buf6513, buf6515, buf6516, buf6517, buf6519, buf6521, buf6523, buf6524, buf6525, buf6527, buf6529, buf6531, buf6532, buf6533, buf6535, buf6537, buf6539, buf6540, buf6541, buf6543, buf6545, buf6546, buf6547, buf6550, buf6552, buf6553, buf6554, buf6556, buf6558, buf6560, buf6561, buf6562, buf6564, buf6566, buf6568, buf6569, buf6570, buf6572, buf6574, buf6576, buf6577, buf6578, buf6580, buf6582, buf6584, buf6585, buf6586, buf6588, buf6590, buf6592, buf6593, buf6594, buf6596, buf6598, buf6599, buf6600, buf6603, buf6605, buf6606, buf6607, buf6609, buf6611, buf6613, buf6614, buf6615, buf6617, buf6619, buf6621, buf6622, buf6623, buf6625, buf6627, buf6629, buf6630, buf6631, buf6633, buf6635, buf6637, buf6638, buf6639, buf6641, buf6643, buf6645, buf6646, buf6647, buf6649, buf6651, buf6653, buf6654, buf6655, buf6657, buf6660, buf6663, buf6665, buf6667, buf6668, buf6669, buf6672, buf6674, buf6676, buf6677, buf6678, buf6681, buf6683, buf6685, buf6686, buf6687, buf6688, buf6691, buf6693, buf6695, buf6696, buf6697, buf6698, buf6701, buf6702, buf6708, buf6710, buf6712, buf6713, buf6714, buf6717, buf6719, buf6721, buf6722, buf6723, buf6725, buf6727, buf6729, buf6730, buf6731, buf6733, buf6735, buf6737, buf6738, buf6739, buf6741, buf6743, buf6745, buf6746, buf6747, buf6749, buf6751, buf6753, buf6754, buf6755, buf6757, buf6759, buf6761, buf6762, buf6763, buf6765, buf6767, buf6769, buf6770, buf6771, buf6773, buf6775, buf6776, buf6777, buf6780, buf6785, buf6786, buf6787, buf6782, buf6788, buf6790, buf6792, buf6794, buf6795, buf6796, buf6798, buf6800, buf6802, buf6803, buf6804, buf6806, buf6808, buf6810, buf6811, buf6812, buf6814, buf6816, buf6818, buf6819, buf6820, buf6822, buf6824, buf6826, buf6827, buf6828, buf6830, buf6832, buf6833, buf6834, buf6837, buf6839, buf6840, buf6841, buf6843, buf6845, buf6847, buf6848, buf6849, buf6851, buf6853, buf6855, buf6856, buf6857, buf6859, buf6861, buf6863, buf6864, buf6865, buf6867, buf6869, buf6871, buf6872, buf6873, buf6875, buf6877, buf6879, buf6880, buf6881, buf6883, buf6885, buf6886, buf6887, buf6890, buf6892, buf6893, buf6894, buf6896, buf6898, buf6900, buf6901, buf6902, buf6904, buf6906, buf6908, buf6909, buf6910, buf6912, buf6914, buf6916, buf6917, buf6918, buf6920, buf6922, buf6924, buf6925, buf6926, buf6928, buf6930, buf6932, buf6933, buf6934, buf6936, buf6938, buf6940, buf6941, buf6942, buf6944, buf6946, buf6949, buf6951, buf6953, buf6954, buf6955, buf6958, buf6960, buf6962, buf6963, buf6964, buf6967, buf6969, buf6971, buf6972, buf6973, buf6974, buf6977, buf6979, buf6981, buf6982, buf6983, buf6984, buf6987, buf6988, buf6994, buf6996, buf6998, buf6999, buf7000, buf7003, buf7005, buf7007, buf7008, buf7009, buf7011, buf7013, buf7015, buf7016, buf7017, buf7019, buf7021, buf7023, buf7024, buf7025, buf7027, buf7029, buf7031, buf7032, buf7033, buf7035, buf7037, buf7039, buf7040, buf7041, buf7043, buf7045, buf7047, buf7048, buf7049, buf7051, buf7053, buf7055, buf7056, buf7057, buf7059, buf7061, buf7062, buf7063, buf7066, buf7071, buf7072, buf7073, buf7068, buf7074, buf7076, buf7078, buf7080, buf7081, buf7082, buf7084, buf7086, buf7088, buf7089, buf7090, buf7092, buf7094, buf7096, buf7097, buf7098, buf7100, buf7102, buf7104, buf7105, buf7106, buf7108, buf7110, buf7112, buf7113, buf7114, buf7116, buf7118, buf7119, buf7120, buf7123, buf7125, buf7126, buf7127, buf7129, buf7131, buf7133, buf7134, buf7135, buf7137, buf7139, buf7141, buf7142, buf7143, buf7145, buf7147, buf7149, buf7150, buf7151, buf7153, buf7155, buf7157, buf7158, buf7159, buf7161, buf7163, buf7165, buf7166, buf7167, buf7169, buf7171, buf7172, buf7173, buf7176, buf7178, buf7179, buf7180, buf7182, buf7184, buf7186, buf7187, buf7188, buf7190, buf7192, buf7194, buf7195, buf7196, buf7198, buf7200, buf7202, buf7203, buf7204, buf7206, buf7208, buf7210, buf7211, buf7212, buf7214, buf7216, buf7218, buf7219, buf7220, buf7222, buf7224, buf7226, buf7227, buf7228, buf7230, buf7233, buf7236, buf7238, buf7240, buf7241, buf7242, buf7245, buf7247, buf7249, buf7250, buf7251, buf7254, buf7256, buf7258, buf7259, buf7260, buf7261, buf7264, buf7266, buf7268, buf7269, buf7270, buf7271, buf7274, buf7275, buf7281, buf7283, buf7285, buf7286, buf7287, buf7290, buf7292, buf7294, buf7295, buf7296, buf7298, buf7300, buf7302, buf7303, buf7304, buf7306, buf7308, buf7310, buf7311, buf7312, buf7314, buf7316, buf7318, buf7319, buf7320, buf7322, buf7324, buf7326, buf7327, buf7328, buf7330, buf7332, buf7334, buf7335, buf7336, buf7338, buf7340, buf7342, buf7343, buf7344, buf7346, buf7348, buf7349, buf7350, buf7353, buf7358, buf7359, buf7360, buf7355, buf7361, buf7363, buf7365, buf7367, buf7368, buf7369, buf7371, buf7373, buf7375, buf7376, buf7377, buf7379, buf7381, buf7383, buf7384, buf7385, buf7387, buf7389, buf7391, buf7392, buf7393, buf7395, buf7397, buf7399, buf7400, buf7401, buf7403, buf7405, buf7406, buf7407, buf7410, buf7412, buf7413, buf7414, buf7416, buf7418, buf7420, buf7421, buf7422, buf7424, buf7426, buf7428, buf7429, buf7430, buf7432, buf7434, buf7436, buf7437, buf7438, buf7440, buf7442, buf7444, buf7445, buf7446, buf7448, buf7450, buf7452, buf7453, buf7454, buf7456, buf7458, buf7459, buf7460, buf7463, buf7465, buf7466, buf7467, buf7469, buf7471, buf7473, buf7474, buf7475, buf7477, buf7479, buf7481, buf7482, buf7483, buf7485, buf7487, buf7489, buf7490, buf7491, buf7493, buf7495, buf7497, buf7498, buf7499, buf7501, buf7503, buf7505, buf7506, buf7507, buf7509, buf7511, buf7513, buf7514, buf7515, buf7517, buf7519, buf7522, buf7524, buf7526, buf7527, buf7528, buf7531, buf7533, buf7535, buf7536, buf7537, buf7540, buf7542, buf7544, buf7545, buf7546, buf7547, buf7550, buf7552, buf7554, buf7555, buf7556, buf7557, buf7560, buf7561, buf7567, buf7569, buf7571, buf7572, buf7573, buf7576, buf7578, buf7580, buf7581, buf7582, buf7584, buf7586, buf7588, buf7589, buf7590, buf7592, buf7594, buf7596, buf7597, buf7598, buf7600, buf7602, buf7604, buf7605, buf7606, buf7608, buf7610, buf7612, buf7613, buf7614, buf7616, buf7618, buf7620, buf7621, buf7622, buf7624, buf7626, buf7628, buf7629, buf7630, buf7632, buf7634, buf7635, buf7636, buf7639, buf7644, buf7645, buf7646, buf7641, buf7647, buf7649, buf7651, buf7653, buf7654, buf7655, buf7657, buf7659, buf7661, buf7662, buf7663, buf7665, buf7667, buf7669, buf7670, buf7671, buf7673, buf7675, buf7677, buf7678, buf7679, buf7681, buf7683, buf7685, buf7686, buf7687, buf7689, buf7691, buf7692, buf7693, buf7696, buf7698, buf7699, buf7700, buf7702, buf7704, buf7706, buf7707, buf7708, buf7710, buf7712, buf7714, buf7715, buf7716, buf7718, buf7720, buf7722, buf7723, buf7724, buf7726, buf7728, buf7730, buf7731, buf7732, buf7734, buf7736, buf7738, buf7739, buf7740, buf7742, buf7744, buf7745, buf7746, buf7749, buf7751, buf7752, buf7753, buf7755, buf7757, buf7759, buf7760, buf7761, buf7763, buf7765, buf7767, buf7768, buf7769, buf7771, buf7773, buf7775, buf7776, buf7777, buf7779, buf7781, buf7783, buf7784, buf7785, buf7787, buf7789, buf7791, buf7792, buf7793, buf7795, buf7797, buf7799, buf7800, buf7801, buf7803, buf7806, buf7809, buf7811, buf7813, buf7814, buf7815, buf7818, buf7820, buf7822, buf7823, buf7824, buf7827, buf7829, buf7831, buf7832, buf7833, buf7834, buf7837, buf7839, buf7841, buf7842, buf7843, buf7844, buf7847, buf7848, buf7854, buf7856, buf7858, buf7859, buf7860, buf7863, buf7865, buf7867, buf7868, buf7869, buf7871, buf7873, buf7875, buf7876, buf7877, buf7879, buf7881, buf7883, buf7884, buf7885, buf7887, buf7889, buf7891, buf7892, buf7893, buf7895, buf7897, buf7899, buf7900, buf7901, buf7903, buf7905, buf7907, buf7908, buf7909, buf7911, buf7913, buf7915, buf7916, buf7917, buf7919, buf7921, buf7922, buf7923, buf7926, buf7931, buf7932, buf7933, buf7928, buf7934, buf7936, buf7938, buf7940, buf7941, buf7942, buf7944, buf7946, buf7948, buf7949, buf7950, buf7952, buf7954, buf7956, buf7957, buf7958, buf7960, buf7962, buf7964, buf7965, buf7966, buf7968, buf7970, buf7972, buf7973, buf7974, buf7976, buf7978, buf7979, buf7980, buf7983, buf7985, buf7986, buf7987, buf7989, buf7991, buf7993, buf7994, buf7995, buf7997, buf7999, buf8001, buf8002, buf8003, buf8005, buf8007, buf8009, buf8010, buf8011, buf8013, buf8015, buf8017, buf8018, buf8019, buf8021, buf8023, buf8025, buf8026, buf8027, buf8029, buf8031, buf8032, buf8033, buf8036, buf8038, buf8039, buf8040, buf8042, buf8044, buf8046, buf8047, buf8048, buf8050, buf8052, buf8054, buf8055, buf8056, buf8058, buf8060, buf8062, buf8063, buf8064, buf8066, buf8068, buf8070, buf8071, buf8072, buf8074, buf8076, buf8078, buf8079, buf8080, buf8082, buf8084, buf8086, buf8087, buf8088, buf8090, buf8092, buf8095, buf8097, buf8099, buf8100, buf8101, buf8104, buf8106, buf8108, buf8109, buf8110, buf8113, buf8115, buf8117, buf8118, buf8119, buf8120, buf8123, buf8125, buf8127, buf8128, buf8129, buf8130, buf8133, buf8134, buf8140, buf8142, buf8144, buf8145, buf8146, buf8149, buf8151, buf8153, buf8154, buf8155, buf8157, buf8159, buf8161, buf8162, buf8163, buf8165, buf8167, buf8169, buf8170, buf8171, buf8173, buf8175, buf8177, buf8178, buf8179, buf8181, buf8183, buf8185, buf8186, buf8187, buf8189, buf8191, buf8193, buf8194, buf8195, buf8197, buf8199, buf8201, buf8202, buf8203, buf8205, buf8207, buf8208, buf8209, buf8212, buf8217, buf8218, buf8219, buf8214, buf8220, buf8222, buf8224, buf8226, buf8227, buf8228, buf8230, buf8232, buf8234, buf8235, buf8236, buf8238, buf8240, buf8242, buf8243, buf8244, buf8246, buf8248, buf8250, buf8251, buf8252, buf8254, buf8256, buf8258, buf8259, buf8260, buf8262, buf8264, buf8265, buf8266, buf8269, buf8271, buf8272, buf8273, buf8275, buf8277, buf8279, buf8280, buf8281, buf8283, buf8285, buf8287, buf8288, buf8289, buf8291, buf8293, buf8295, buf8296, buf8297, buf8299, buf8301, buf8303, buf8304, buf8305, buf8307, buf8309, buf8311, buf8312, buf8313, buf8315, buf8317, buf8318, buf8319, buf8322, buf8324, buf8325, buf8326, buf8328, buf8330, buf8332, buf8333, buf8334, buf8336, buf8338, buf8340, buf8341, buf8342, buf8344, buf8346, buf8348, buf8349, buf8350, buf8352, buf8354, buf8356, buf8357, buf8358, buf8360, buf8362, buf8364, buf8365, buf8366, buf8368, buf8370, buf8372, buf8373, buf8374, buf8376, buf8379, buf8382, buf8383, buf8388, buf8390, buf8392, buf8393, buf8394, buf8397, buf8399, buf8401, buf8402, buf8403, buf8406, buf8408, buf8410, buf8411, buf8412, buf8413, buf8416, buf8418, buf8420, buf8421, buf8422, buf8423, buf8426, buf8427, buf8433, buf8435, buf8437, buf8438, buf8439, buf8442, buf8444, buf8446, buf8447, buf8448, buf8450, buf8452, buf8454, buf8455, buf8456, buf8458, buf8460, buf8462, buf8463, buf8464, buf8466, buf8468, buf8470, buf8471, buf8472, buf8474, buf8476, buf8478, buf8479, buf8480, buf8482, buf8484, buf8486, buf8487, buf8488, buf8490, buf8492, buf8494, buf8495, buf8496, buf8498, buf8500, buf8501, buf8502, buf8505, buf8510, buf8511, buf8512, buf8507, buf8513, buf8515, buf8517, buf8519, buf8520, buf8521, buf8523, buf8525, buf8527, buf8528, buf8529, buf8531, buf8533, buf8535, buf8536, buf8537, buf8539, buf8541, buf8543, buf8544, buf8545, buf8547, buf8549, buf8551, buf8552, buf8553, buf8555, buf8557, buf8558, buf8559, buf8562, buf8564, buf8565, buf8566, buf8568, buf8570, buf8572, buf8573, buf8574, buf8576, buf8578, buf8580, buf8581, buf8582, buf8584, buf8586, buf8588, buf8589, buf8590, buf8592, buf8594, buf8596, buf8597, buf8598, buf8600, buf8602, buf8604, buf8605, buf8606, buf8608, buf8610, buf8611, buf8612, buf8615, buf8617, buf8618, buf8619, buf8621, buf8623, buf8625, buf8626, buf8627, buf8629, buf8631, buf8633, buf8634, buf8635, buf8637, buf8639, buf8641, buf8642, buf8643, buf8645, buf8647, buf8649, buf8650, buf8651, buf8653, buf8655, buf8657, buf8658, buf8659, buf8661, buf8663, buf8665, buf8666, buf8667, buf8669, buf8671, buf8674, buf8676, buf8678, buf8679, buf8680, buf8683, buf8685, buf8687, buf8688, buf8689, buf8692, buf8694, buf8696, buf8697, buf8698, buf8699, buf8702, buf8704, buf8706, buf8707, buf8708, buf8709, buf8712, buf8713, buf8719, buf8721, buf8723, buf8724, buf8725, buf8728, buf8730, buf8732, buf8733, buf8734, buf8736, buf8738, buf8740, buf8741, buf8742, buf8744, buf8746, buf8748, buf8749, buf8750, buf8752, buf8754, buf8756, buf8757, buf8758, buf8760, buf8762, buf8764, buf8765, buf8766, buf8768, buf8770, buf8772, buf8773, buf8774, buf8776, buf8778, buf8780, buf8781, buf8782, buf8784, buf8786, buf8787, buf8788, buf8791, buf8796, buf8797, buf8798, buf8793, buf8799, buf8801, buf8803, buf8805, buf8806, buf8807, buf8809, buf8811, buf8813, buf8814, buf8815, buf8817, buf8819, buf8821, buf8822, buf8823, buf8825, buf8827, buf8829, buf8830, buf8831, buf8833, buf8835, buf8837, buf8838, buf8839, buf8841, buf8843, buf8844, buf8845, buf8848, buf8850, buf8851, buf8852, buf8854, buf8856, buf8858, buf8859, buf8860, buf8862, buf8864, buf8866, buf8867, buf8868, buf8870, buf8872, buf8874, buf8875, buf8876, buf8878, buf8880, buf8882, buf8883, buf8884, buf8886, buf8888, buf8890, buf8891, buf8892, buf8894, buf8896, buf8897, buf8898, buf8901, buf8903, buf8904, buf8905, buf8907, buf8909, buf8911, buf8912, buf8913, buf8915, buf8917, buf8919, buf8920, buf8921, buf8923, buf8925, buf8927, buf8928, buf8929, buf8931, buf8933, buf8935, buf8936, buf8937, buf8939, buf8941, buf8943, buf8944, buf8945, buf8947, buf8949, buf8951, buf8952, buf8953, buf8955, buf8957, buf8960, buf8962, buf8964, buf8965, buf8966, buf8969, buf8971, buf8973, buf8974, buf8975, buf8978, buf8980, buf8982, buf8983, buf8984, buf8985, buf8988, buf8990, buf8992, buf8993, buf8994, buf8995, buf8998, buf8999, buf9005, buf9007, buf9009, buf9010, buf9011, buf9014, buf9016, buf9018, buf9019, buf9020, buf9022, buf9024, buf9026, buf9027, buf9028, buf9030, buf9032, buf9034, buf9035, buf9036, buf9038, buf9040, buf9042, buf9043, buf9044, buf9046, buf9048, buf9050, buf9051, buf9052, buf9054, buf9056, buf9058, buf9059, buf9060, buf9062, buf9064, buf9066, buf9067, buf9068, buf9070, buf9072, buf9073, buf9074, buf9077, buf9082, buf9083, buf9084, buf9079, buf9085, buf9087, buf9089, buf9091, buf9092, buf9093, buf9095, buf9097, buf9099, buf9100, buf9101, buf9103, buf9105, buf9107, buf9108, buf9109, buf9111, buf9113, buf9115, buf9116, buf9117, buf9119, buf9121, buf9123, buf9124, buf9125, buf9127, buf9129, buf9130, buf9131, buf9134, buf9136, buf9137, buf9138, buf9140, buf9142, buf9144, buf9145, buf9146, buf9148, buf9150, buf9152, buf9153, buf9154, buf9156, buf9158, buf9160, buf9161, buf9162, buf9164, buf9166, buf9168, buf9169, buf9170, buf9172, buf9174, buf9176, buf9177, buf9178, buf9180, buf9182, buf9183, buf9184, buf9187, buf9189, buf9190, buf9191, buf9193, buf9195, buf9197, buf9198, buf9199, buf9201, buf9203, buf9205, buf9206, buf9207, buf9209, buf9211, buf9213, buf9214, buf9215, buf9217, buf9219, buf9221, buf9222, buf9223, buf9225, buf9227, buf9229, buf9230, buf9231, buf9233, buf9235, buf9237, buf9238, buf9239, buf9241, buf9244, buf9247, buf9249, buf9251, buf9252, buf9253, buf9256, buf9258, buf9260, buf9261, buf9262, buf9265, buf9267, buf9269, buf9270, buf9271, buf9272, buf9275, buf9277, buf9279, buf9280, buf9281, buf9282, buf9285, buf9286, buf9292, buf9294, buf9296, buf9297, buf9298, buf9301, buf9303, buf9305, buf9306, buf9307, buf9309, buf9311, buf9313, buf9314, buf9315, buf9317, buf9319, buf9321, buf9322, buf9323, buf9325, buf9327, buf9329, buf9330, buf9331, buf9333, buf9335, buf9337, buf9338, buf9339, buf9341, buf9343, buf9345, buf9346, buf9347, buf9349, buf9351, buf9353, buf9354, buf9355, buf9357, buf9359, buf9360, buf9361, buf9364, buf9369, buf9370, buf9371, buf9366, buf9372, buf9374, buf9376, buf9378, buf9379, buf9380, buf9382, buf9384, buf9386, buf9387, buf9388, buf9390, buf9392, buf9394, buf9395, buf9396, buf9398, buf9400, buf9402, buf9403, buf9404, buf9406, buf9408, buf9410, buf9411, buf9412, buf9414, buf9416, buf9417, buf9418, buf9421, buf9423, buf9424, buf9425, buf9427, buf9429, buf9431, buf9432, buf9433, buf9435, buf9437, buf9439, buf9440, buf9441, buf9443, buf9445, buf9447, buf9448, buf9449, buf9451, buf9453, buf9455, buf9456, buf9457, buf9459, buf9461, buf9463, buf9464, buf9465, buf9467, buf9469, buf9470, buf9471, buf9474, buf9476, buf9477, buf9478, buf9480, buf9482, buf9484, buf9485, buf9486, buf9488, buf9490, buf9492, buf9493, buf9494, buf9496, buf9498, buf9500, buf9501, buf9502, buf9504, buf9506, buf9508, buf9509, buf9510, buf9512, buf9514, buf9516, buf9517, buf9518, buf9520, buf9522, buf9524, buf9525, buf9526, buf9528, buf9530, buf9533, buf9535, buf9537, buf9538, buf9539, buf9542, buf9544, buf9546, buf9547, buf9548, buf9551, buf9553, buf9555, buf9556, buf9557, buf9558, buf9561, buf9563, buf9565, buf9566, buf9567, buf9568, buf9571, buf9572, buf9578, buf9580, buf9582, buf9583, buf9584, buf9587, buf9589, buf9591, buf9592, buf9593, buf9595, buf9597, buf9599, buf9600, buf9601, buf9603, buf9605, buf9607, buf9608, buf9609, buf9611, buf9613, buf9615, buf9616, buf9617, buf9619, buf9621, buf9623, buf9624, buf9625, buf9627, buf9629, buf9631, buf9632, buf9633, buf9635, buf9637, buf9639, buf9640, buf9641, buf9643, buf9645, buf9646, buf9647, buf9650, buf9655, buf9656, buf9657, buf9652, buf9658, buf9660, buf9662, buf9664, buf9665, buf9666, buf9668, buf9670, buf9672, buf9673, buf9674, buf9676, buf9678, buf9680, buf9681, buf9682, buf9684, buf9686, buf9688, buf9689, buf9690, buf9692, buf9694, buf9696, buf9697, buf9698, buf9700, buf9702, buf9703, buf9704, buf9707, buf9709, buf9710, buf9711, buf9713, buf9715, buf9717, buf9718, buf9719, buf9721, buf9723, buf9725, buf9726, buf9727, buf9729, buf9731, buf9733, buf9734, buf9735, buf9737, buf9739, buf9741, buf9742, buf9743, buf9745, buf9747, buf9749, buf9750, buf9751, buf9753, buf9755, buf9756, buf9757, buf9760, buf9762, buf9763, buf9764, buf9766, buf9768, buf9770, buf9771, buf9772, buf9774, buf9776, buf9778, buf9779, buf9780, buf9782, buf9784, buf9786, buf9787, buf9788, buf9790, buf9792, buf9794, buf9795, buf9796, buf9798, buf9800, buf9802, buf9803, buf9804, buf9806, buf9808, buf9810, buf9811, buf9812, buf9814, buf9817, buf9820, buf9822, buf9824, buf9825, buf9826, buf9829, buf9831, buf9833, buf9834, buf9835, buf9838, buf9840, buf9842, buf9843, buf9844, buf9845, buf9848, buf9850, buf9852, buf9853, buf9854, buf9855, buf9858, buf9859, buf9865, buf9867, buf9869, buf9870, buf9871, buf9874, buf9876, buf9878, buf9879, buf9880, buf9882, buf9884, buf9886, buf9887, buf9888, buf9890, buf9892, buf9894, buf9895, buf9896, buf9898, buf9900, buf9902, buf9903, buf9904, buf9906, buf9908, buf9910, buf9911, buf9912, buf9914, buf9916, buf9918, buf9919, buf9920, buf9922, buf9924, buf9926, buf9927, buf9928, buf9930, buf9932, buf9933, buf9934, buf9937, buf9942, buf9943, buf9944, buf9939, buf9945, buf9947, buf9949, buf9951, buf9952, buf9953, buf9955, buf9957, buf9959, buf9960, buf9961, buf9963, buf9965, buf9967, buf9968, buf9969, buf9971, buf9973, buf9975, buf9976, buf9977, buf9979, buf9981, buf9983, buf9984, buf9985, buf9987, buf9989, buf9990, buf9991, buf9994, buf9996, buf9997, buf9998, buf10000, buf10002, buf10004, buf10005, buf10006, buf10008, buf10010, buf10012, buf10013, buf10014, buf10016, buf10018, buf10020, buf10021, buf10022, buf10024, buf10026, buf10028, buf10029, buf10030, buf10032, buf10034, buf10036, buf10037, buf10038, buf10040, buf10042, buf10043, buf10044, buf10047, buf10049, buf10050, buf10051, buf10053, buf10055, buf10057, buf10058, buf10059, buf10061, buf10063, buf10065, buf10066, buf10067, buf10069, buf10071, buf10073, buf10074, buf10075, buf10077, buf10079, buf10081, buf10082, buf10083, buf10085, buf10087, buf10089, buf10090, buf10091, buf10093, buf10095, buf10097, buf10098, buf10099, buf10101, buf10103, buf10106, buf10108, buf10110, buf10111, buf10112, buf10115, buf10117, buf10119, buf10120, buf10121, buf10124, buf10126, buf10128, buf10129, buf10130, buf10131, buf10134, buf10136, buf10138, buf10139, buf10140, buf10141, buf10144, buf10145, buf10151, buf10153, buf10155, buf10156, buf10157, buf10160, buf10162, buf10164, buf10165, buf10166, buf10168, buf10170, buf10172, buf10173, buf10174, buf10176, buf10178, buf10180, buf10181, buf10182, buf10184, buf10186, buf10188, buf10189, buf10190, buf10192, buf10194, buf10196, buf10197, buf10198, buf10200, buf10202, buf10204, buf10205, buf10206, buf10208, buf10210, buf10212, buf10213, buf10214, buf10216, buf10218, buf10219, buf10220, buf10223, buf10228, buf10229, buf10230, buf10225, buf10231, buf10233, buf10235, buf10237, buf10238, buf10239, buf10241, buf10243, buf10245, buf10246, buf10247, buf10249, buf10251, buf10253, buf10254, buf10255, buf10257, buf10259, buf10261, buf10262, buf10263, buf10265, buf10267, buf10269, buf10270, buf10271, buf10273, buf10275, buf10276, buf10277, buf10280, buf10282, buf10283, buf10284, buf10286, buf10288, buf10290, buf10291, buf10292, buf10294, buf10296, buf10298, buf10299, buf10300, buf10302, buf10304, buf10306, buf10307, buf10308, buf10310, buf10312, buf10314, buf10315, buf10316, buf10318, buf10320, buf10322, buf10323, buf10324, buf10326, buf10328, buf10329, buf10330, buf10333, buf10335, buf10336, buf10337, buf10339, buf10341, buf10343, buf10344, buf10345, buf10347, buf10349, buf10351, buf10352, buf10353, buf10355, buf10357, buf10359, buf10360, buf10361, buf10363, buf10365, buf10367, buf10368, buf10369, buf10371, buf10373, buf10375, buf10376, buf10377, buf10379, buf10381, buf10383, buf10384, buf10385, buf10387, buf10390, buf10393, buf10395, buf10397, buf10398, buf10399, buf10402, buf10404, buf10406, buf10407, buf10408, buf10411, buf10413, buf10415, buf10416, buf10417, buf10418, buf10421, buf10423, buf10425, buf10426, buf10427, buf10428, buf10431, buf10432, buf10438, buf10440, buf10442, buf10443, buf10444, buf10447, buf10449, buf10451, buf10452, buf10453, buf10455, buf10457, buf10459, buf10460, buf10461, buf10463, buf10465, buf10467, buf10468, buf10469, buf10471, buf10473, buf10475, buf10476, buf10477, buf10479, buf10481, buf10483, buf10484, buf10485, buf10487, buf10489, buf10491, buf10492, buf10493, buf10495, buf10497, buf10499, buf10500, buf10501, buf10503, buf10505, buf10506, buf10507, buf10510, buf10515, buf10516, buf10517, buf10512, buf10518, buf10520, buf10522, buf10524, buf10525, buf10526, buf10528, buf10530, buf10532, buf10533, buf10534, buf10536, buf10538, buf10540, buf10541, buf10542, buf10544, buf10546, buf10548, buf10549, buf10550, buf10552, buf10554, buf10556, buf10557, buf10558, buf10560, buf10562, buf10563, buf10564, buf10567, buf10569, buf10570, buf10571, buf10573, buf10575, buf10577, buf10578, buf10579, buf10581, buf10583, buf10585, buf10586, buf10587, buf10589, buf10591, buf10593, buf10594, buf10595, buf10597, buf10599, buf10601, buf10602, buf10603, buf10605, buf10607, buf10609, buf10610, buf10611, buf10613, buf10615, buf10616, buf10617, buf10620, buf10622, buf10623, buf10624, buf10626, buf10628, buf10630, buf10631, buf10632, buf10634, buf10636, buf10638, buf10639, buf10640, buf10642, buf10644, buf10646, buf10647, buf10648, buf10650, buf10652, buf10654, buf10655, buf10656, buf10658, buf10660, buf10662, buf10663, buf10664, buf10666, buf10668, buf10670, buf10671, buf10672, buf10674, buf10676, buf10679, buf10681, buf10683, buf10684, buf10685, buf10688, buf10690, buf10692, buf10693, buf10694, buf10697, buf10699, buf10701, buf10702, buf10703, buf10704, buf10707, buf10709, buf10711, buf10712, buf10713, buf10714, buf10717, buf10718, buf10724, buf10726, buf10728, buf10729, buf10730, buf10733, buf10735, buf10737, buf10738, buf10739, buf10741, buf10743, buf10745, buf10746, buf10747, buf10749, buf10751, buf10753, buf10754, buf10755, buf10757, buf10759, buf10761, buf10762, buf10763, buf10765, buf10767, buf10769, buf10770, buf10771, buf10773, buf10775, buf10777, buf10778, buf10779, buf10781, buf10783, buf10785, buf10786, buf10787, buf10789, buf10791, buf10792, buf10793, buf10796, buf10801, buf10802, buf10803, buf10798, buf10804, buf10806, buf10808, buf10810, buf10811, buf10812, buf10814, buf10816, buf10818, buf10819, buf10820, buf10822, buf10824, buf10826, buf10827, buf10828, buf10830, buf10832, buf10834, buf10835, buf10836, buf10838, buf10840, buf10842, buf10843, buf10844, buf10846, buf10848, buf10849, buf10850, buf10853, buf10855, buf10856, buf10857, buf10859, buf10861, buf10863, buf10864, buf10865, buf10867, buf10869, buf10871, buf10872, buf10873, buf10875, buf10877, buf10879, buf10880, buf10881, buf10883, buf10885, buf10887, buf10888, buf10889, buf10891, buf10893, buf10895, buf10896, buf10897, buf10899, buf10901, buf10902, buf10903, buf10906, buf10908, buf10909, buf10910, buf10912, buf10914, buf10916, buf10917, buf10918, buf10920, buf10922, buf10924, buf10925, buf10926, buf10928, buf10930, buf10932, buf10933, buf10934, buf10936, buf10938, buf10940, buf10941, buf10942, buf10944, buf10946, buf10948, buf10949, buf10950, buf10952, buf10954, buf10956, buf10957, buf10958, buf10960, buf10963, primals_4, primals_6, primals_7, primals_9, primals_10, primals_12, primals_13, primals_15, primals_16, primals_18, primals_20, primals_22, primals_23, primals_25, primals_26, primals_28, primals_29, primals_31, primals_32, primals_34, primals_36, primals_38, primals_39, primals_41, primals_42, primals_44, primals_45, primals_47, primals_48, primals_50, primals_52, primals_53, primals_55, primals_56, primals_58, primals_59, primals_61, primals_62, primals_64, primals_65, primals_67, primals_69, primals_71, primals_72, primals_74, primals_75, primals_77, primals_78, primals_80, primals_81, primals_83, primals_85, primals_86, primals_88, primals_89, primals_91, primals_92, primals_94, primals_95, primals_97, primals_98, primals_100, primals_101, primals_102, primals_103, primals_105, primals_106, primals_107, primals_108, primals_109, primals_110, primals_111, primals_113, primals_114, primals_115, primals_116, primals_117, primals_118, primals_119, primals_120, primals_121, primals_122, primals_123, primals_124, primals_126, primals_127, primals_128, primals_129, primals_130, primals_131, primals_132, primals_133, primals_134, primals_135, primals_137, primals_138, primals_139, primals_140, primals_142, primals_143, primals_144, primals_145, primals_147, primals_148, primals_149, primals_152, primals_154, primals_156, primals_157, primals_158, primals_159, primals_161, primals_162, primals_163, primals_164, primals_166, primals_167, primals_168, primals_169, primals_170, primals_171, primals_172, primals_174, primals_175, primals_176, primals_177, primals_178, primals_179, primals_181, primals_182, primals_183, primals_184, primals_186, primals_187, primals_188, primals_189, primals_191, primals_192, primals_193, primals_194, primals_196, primals_197, primals_198, primals_199, primals_201, primals_202, primals_203, primals_204, primals_206, primals_207, primals_208, primals_209, primals_211, primals_212, primals_213, primals_214, primals_216, primals_217, primals_218, primals_219, primals_221, primals_222, primals_223, primals_224, primals_225, primals_226, primals_232, primals_228, primals_230, primals_231, primals_233, primals_235, primals_236, primals_237, primals_238, primals_240, primals_241, primals_242, primals_243, primals_245, primals_246, primals_247, primals_248, primals_250, primals_251, primals_252, primals_253, primals_255, primals_256, primals_257, primals_258, primals_260, primals_261, primals_262, primals_263, primals_264, primals_265, primals_267, primals_268, primals_270, primals_271, primals_272, primals_273, primals_275, primals_276, primals_277, primals_278, primals_280, primals_281, primals_282, primals_283, primals_285, primals_286, primals_287, primals_288, primals_290, primals_291, primals_292, primals_293, primals_295, primals_296, primals_297, primals_298, primals_299, primals_300, primals_302, primals_303, primals_305, primals_306, primals_307, primals_308, primals_310, primals_311, primals_312, primals_313, primals_315, primals_316, primals_317, primals_318, primals_320, primals_321, primals_322, primals_323, primals_325, primals_326, primals_327, primals_328, primals_330, primals_331, primals_332, primals_333, primals_335, primals_336) = self.partitions[0](partition0_args)
[rank0]:                                                                                                                                                                                                                                                                                                                                                                                                                                                                                                                                                                                                                                                                                                                                                                                                                                                                                                                                                                                                                                                                                                                                                                                                                                                                                                                                                                                                                                                                                                                                                                                                                                                                                                                                                                                                                                                                                                                                                                                                                                                                                                                                                                                                                                                                                                                                                                                                                                                                                                                                                                                                                                                                                                                                                                                                                                                                                                                                                                                                                                                                                                                                                                                                                                                                                                                                                                                                                                                                                                                                                                                                                                                                                                                                                                                                                                                                                                                                                                                                                                                                                                                                                                                                                                                                                                                                                                                                                                                                                                                                                                                                                                                                                                                                                                                                                                                                                                                                                                                                                                                                                                                                                                                                                                                                                                                                                                                                                                                                                                                                                                                                                                                                                                                                                                                                                                                                                                                                                                                                                                                                                                                                                                                                                                                                                                                                                                                                                                                                                                                                                                                                                                                                                                                                                                                                                                                                                                                                                                                                                                                                                                                                                                                                                                                                                                                                                                                                                                                                                                                                                                                                                                                                                                                                                                                                                                                                                                                                                                                                                                                                                                                                                                                                                                                                                                                                                                                                                                                                                                                                                                                                                                                                                                                                                                                                                                                                                                                                                                                                                                                                                                                                                                                                                                                                                                                                                                                                                                                                                                                                                                                                                                                                                                                                                                                                                                                                                                                                                                                                                                                                                                                                                                                                                                                                                                                                                                                                                                                                                                                                                                                                                                                                                                                                                                                                                                                                                                                                                                                                                                                                                                                                                                                                                                                                                                                                                                                                                                                                                                                                                                                                                                                                                                                                                                                                                                                                                                                                                                                                                                                                                                                                                                                                                                                                                                                                                                                                                                                                                                                                                                                                                                                                                                                                                                                                                                                                                                                                                                                                                                                                                                                                                                                                                                                                                                                                                                                                                                                                                                                                                                                                                                                                                                                                                                                                                                                                                                                                                                                                                                                                                                                                                                                                                                                                                                                                                                                                                                                                                                                                                                                                                                                                                                                                                                                                                                                                                                                                                                                                                                                                                                                                                                                                                                                                                                                                                                                                                                                                                                                                                                                                                                                                                                                                                                                                                                                                                                                                                                                                                                                                                                                                                                                                                                                                                                                                                                                                                                                                                                                                                                                                                                                                                                                                                                                                                                                                                                                                                                                                                                                                                                                                                                                                                                                                                                                                                                                                                                                                                                                                                                                                                                                                                                                                                                                                                                                                                                                                                                                                                                                                                                                                                                                                                                                                                                                                                                                                                                                                                                                                                                                                                                                                                                                                                                                                                                                                                                                                                                                                                                                                                                                                                                                                                                                                                                                                                                                                                                                                                                                                                                                                                                                                                                                                                                                                                                                                                                                                                                                                                                                                                                                                                                                                                                                                                                                                                                                                                                                                                                                                                                                                                                                                                                                                                                                                                                                                                                                                                                                                                                                                                                                                                                                                                                                                                                                                                                                                                                                                                                                                                                                                                                                                                                                                                                                                                                                                                                                                                                                                                                                                                                                                                                                                                                                                                                                                                                                                                                                                                                                                                                                                                                                                                                                                                                                                                                                                                                                                                                                                                                                                                                                                                                                                                                                                                                                                                                                                                                                                                                                                                                                                                                                                                                                                                                                                                                                                                                                                                                                                                                                                                                                                                                                                                                                                                                                                                                                                                                                                                                                                                                                                                                                                                                                                                                                                                                                                                                                                                                                                                                                                                                                                                                                                                                                                                                                                                                                                                                                                                                                                                                                                                                                                                                                                                                                                                                                                                                                                                                                                                                                                                                                                                                                                                                                                                                                                                                                                                                                                                                                                                                                                                                                                                                                                                                                                                                                                                                                                                                                                                                                                                                                                                                                                                                                                                                                                                                                                                                                                                                                                                                                                                                                                                                                                                                                                                                                                                                                                                                                                                                                                                                                                                                                                                                                                                                                                                                                                                                                                                                                                                                                                                                                                                                                                                                                                                                                                                                                                                                                                                                                                                                                                                                                                                                                                                                                                                                                                                                                                                                                                                                                                                                                                                                                                                                                                                                                                                                                                                                                                                                                                                                                                                                                                                                                                                                                                                                                                                                                                                                                                                                                                                                                                                                                                                                                                                                                                                                                                                                                                                                                                                                                                                                                                                                                                                                                                                                                                                                                                                                                                                                                                                                                                                                                                                                                                                                                                                                                                                                                                                                                                                                                                                                                                                                                                                                                                                                                                                                                                                                                                                                                                                                                                                                                                                                                                                                                                                                                                                                                                                                                                                                                                                                                                                                                                                                                                                                                                                                                                                                                                                                                                                                                                                                                                                                                                                                                                                                                                                                                                                                                                                                                                                                                                                                                                                                                                                                                                                                                                                                                                                                                                                                                                                                                                                                                                                                                                                                                                                                                                                                                                                                                                                                                                                                                                                                                                                                                                                                                                                                                                                                                                                                                                                                                                                                                                                                                                                                                                                                                                                                                                                                                                                                                                                                                                                                                                                                                                                                                                                                                                                                                                                                                                                                                                                                                                                                                                                                                                                                                                                                                                                                                                                                                                                                                                                                                                                                                                                                                                                                                                                                                                                                                                                                                                                                                                                                                                                                                                                                                                                                                                                                                                                                                                                                                                                                                                                                                                                                                                                                                                                                                                                                                                                                                                                                                                                                                                                                                                                                                                                                                                                                                                                                                                                                                                                                                                                                                                                                                                                                                                                                                                                                                                                                                                                                                                                                                                                                                                                                                                                                                                                                                                                                                                                                                                                                                                                                                                                                                                                                                                                                                                                                                                                                                                                                                                                                                                                                                                                                                                                                                                                                                                                                                                                                                                                                                                                                                                                                                                                                                                                                                                                                                                                                                                                                                                                                                                                                                                                                                                                                                                                                                                                                                                                                                                                                                                                                                                                                                                                                                                                                                                                                                                                                                                                                                                                                                                                                                                                                                                                                                                                                                                                                                                                                                                                                                                                                                                                                                                                                                                                                                                                                                                                                                                                                                                                                                                                                                                                                                                                                                                                                                                                                                                                                                                                                                                                                                                                                                                                                                                                                                                                                                                                                                                                                                                                                                                                                                                                                                                                                                                                                                                                                                                                                                                                                                                                                                                                                                                                                                                                                                                                                                                                                                                                                                                                                                                                                                                                                                                                                                                                                                                                                                                                                                                                                                                                                                                                                                                                                                                                                                                                                                                                                                                                                                                                                                                                                                                                                                                                                                                                                                                                                                                                                                                                                                                                                                                                                                                                                                                                                                                                                                                                                                                                                                                                                                                                                                                                                                                                                                                                                                                                                                                                                                                                                                                                                                                                                                                                                                                                                                                                                                                                                                                                                                                                                                                                                                                                                                                                                                                                                                                                                                                                                                                                                                                                                                                                                                                                                                                                                                                                                                                                                                                                                                                                                                                                                                                                                                                                                                                                                                                                                                                                                                                                                                                                                                                                                                                                                                                                                                                                                                                                                                                                                                                                                                                                                                                                                                                                                                                                                                                                                                                                                                                                                                                                                                                                                                                                                                                                                                                                                                                                                                                                                                                                                                                                                                                                                                                                                                                                                                                                                                                                                                                                                                                                                                                                                                                                                                                                                                                                                                                                                                                                                                                                                                                                                                                                                                                                                                                                                                                                                                                                                                                                                                                                                                                                                                                                                                                                                                                                                                                                                                                                                                                                                                                                                                                                                                                                                                                                                                                                                                                                                                                                                                                                                                                                                                                                                                                                                                                                                                                                                                                                                                                                                                                                                                                                                                                                                                                                                                                                                                                                                                                                                                                                                                                                                                                                                                                                                                                                                                                                                                                                                                                                                                                                                                                                                                                                                                                                                                                                                                                                                                                                                                                                                                                                                                                                                                                                                                                                                                                                                                                                                                                                                                                                                                                                                                                                                                                                                                                                                                                                                                                                                                                                                                                                                                                                                                                                                                                                                                                                                                                                                                                                                                                                                                                                                                                                                                                                                                                                                                                                                                                                                                                                                                                                                                                                                                                                                                                                                                                                                                                                                                                                                                                                                                                                                                                                                                                                                                                                                                                                                                                                                                                                                                                                                                                                                                                                                                                                                                                                                                                                                                                                                                                                                                                                                                                                                                                                                                                                                                                                                                                                                                                                                                                                                                                                                                                                                                                                                                                                                                                                                                                                                                                                                                                                                                                                                                                                                                                                                                                                                                                                                                                                                                                                                                                                                                                                                                                                                                                                                                                                                                                                                                                                                                                                                                                                                                                                                                                                                                                                                                                                                                                                                                                                                                                                                                                                                                                                                                                                                                                                                                                                                                                                                                                                                                                                                                                                                                                                                                                                                                                                                                                                                                                                                                                                                                                                                                                                                                                                                                                                                                                                                                                                                                                                                                                                                                                                                                                                                                                                                                                                                                                                                                                                   ^^^^^^^^^^^^^^^^^^^^^^^^^^^^^^^^^^^
[rank0]:   File "/project/6101839/piado/vae/snth/lib/python3.11/site-packages/torch/_inductor/compile_fx.py", line 1843, in run
[rank0]:     return compiled_fn(new_inputs)  # type: ignore[arg-type]
[rank0]:            ^^^^^^^^^^^^^^^^^^^^^^^
[rank0]:   File "/project/6101839/piado/vae/snth/lib/python3.11/site-packages/torch/_inductor/cudagraph_trees.py", line 404, in deferred_cudagraphify
[rank0]:     fn, out = cudagraphify(model, inputs, new_static_input_idxs, *args, **kwargs)
[rank0]:               ^^^^^^^^^^^^^^^^^^^^^^^^^^^^^^^^^^^^^^^^^^^^^^^^^^^^^^^^^^^^^^^^^^^
[rank0]:   File "/project/6101839/piado/vae/snth/lib/python3.11/site-packages/torch/_inductor/cudagraph_trees.py", line 464, in cudagraphify
[rank0]:     return manager.add_function(
[rank0]:            ^^^^^^^^^^^^^^^^^^^^^
[rank0]:   File "/project/6101839/piado/vae/snth/lib/python3.11/site-packages/torch/_inductor/cudagraph_trees.py", line 2337, in add_function
[rank0]:     return fn, fn(inputs)
[rank0]:                ^^^^^^^^^^
[rank0]:   File "/project/6101839/piado/vae/snth/lib/python3.11/site-packages/torch/_inductor/cudagraph_trees.py", line 2033, in run
[rank0]:     out = self._run(new_inputs, function_id)
[rank0]:           ^^^^^^^^^^^^^^^^^^^^^^^^^^^^^^^^^^
[rank0]:   File "/project/6101839/piado/vae/snth/lib/python3.11/site-packages/torch/_inductor/cudagraph_trees.py", line 2137, in _run
[rank0]:     return self.run_eager(new_inputs, function_id)
[rank0]:            ^^^^^^^^^^^^^^^^^^^^^^^^^^^^^^^^^^^^^^^
[rank0]:   File "/project/6101839/piado/vae/snth/lib/python3.11/site-packages/torch/_inductor/cudagraph_trees.py", line 2298, in run_eager
[rank0]:     return node.run(new_inputs)
[rank0]:            ^^^^^^^^^^^^^^^^^^^^
[rank0]:   File "/project/6101839/piado/vae/snth/lib/python3.11/site-packages/torch/_inductor/cudagraph_trees.py", line 692, in run
[rank0]:     out = self.wrapped_function.model(new_inputs)
[rank0]:           ^^^^^^^^^^^^^^^^^^^^^^^^^^^^^^^^^^^^^^^
[rank0]:   File "/tmp/.torchinductor/o7/co7ax4fhsdtaxqhjaaktflvdxdzgatgjdi22x7awpanks33qx5g5.py", line 8664, in partition_0
[rank0]:     buf126 = extern_kernels.convolution(buf124, buf125, stride=(1, 1, 1), padding=(0, 0, 0), dilation=(1, 1, 1), transposed=False, output_padding=(0, 0, 0), groups=1, bias=None)
[rank0]:              ^^^^^^^^^^^^^^^^^^^^^^^^^^^^^^^^^^^^^^^^^^^^^^^^^^^^^^^^^^^^^^^^^^^^^^^^^^^^^^^^^^^^^^^^^^^^^^^^^^^^^^^^^^^^^^^^^^^^^^^^^^^^^^^^^^^^^^^^^^^^^^^^^^^^^^^^^^^^^^^^^^^^
[rank0]:   File "/project/6101839/piado/vae/snth/lib/python3.11/site-packages/torch/utils/_device.py", line 109, in __torch_function__
[rank0]:     return func(*args, **kwargs)
[rank0]:            ^^^^^^^^^^^^^^^^^^^^^
[rank0]: torch.OutOfMemoryError: CUDA out of memory. Tried to allocate 1.69 GiB. GPU 0 has a total capacity of 44.39 GiB of which 1.67 GiB is free. Including non-PyTorch memory, this process has 42.68 GiB memory in use. Of the allocated memory 38.33 GiB is allocated by PyTorch, with 57.29 MiB allocated in private pools (e.g., CUDA Graphs), and 3.41 GiB is reserved by PyTorch but unallocated. If reserved but unallocated memory is large try setting PYTORCH_ALLOC_CONF=expandable_segments:True to avoid fragmentation.  See documentation for Memory Management  (https://pytorch.org/docs/stable/notes/cuda.html#environment-variables)
[rank0]:[W615 07:29:01.231295971 ProcessGroupNCCL.cpp:1553] Warning: WARNING: destroy_process_group() was not called before program exit, which can leak resources. For more info, please see https://pytorch.org/docs/stable/distributed.html#shutdown (function operator())
Traceback (most recent call last):
  File "/project/6101839/piado/vae/snth/bin/accelerate", line 7, in <module>
    sys.exit(main())
             ^^^^^^
  File "/project/6101839/piado/vae/snth/lib/python3.11/site-packages/accelerate/commands/accelerate_cli.py", line 50, in main
    args.func(args)
  File "/project/6101839/piado/vae/snth/lib/python3.11/site-packages/accelerate/commands/launch.py", line 1281, in launch_command
    simple_launcher(args)
  File "/project/6101839/piado/vae/snth/lib/python3.11/site-packages/accelerate/commands/launch.py", line 869, in simple_launcher
    raise subprocess.CalledProcessError(returncode=process.returncode, cmd=cmd)
subprocess.CalledProcessError: Command '['/project/6101839/piado/vae/snth/bin/python', '/home/piado/projects/aip-lindell/piado/vae/Open-Sora/scripts/vae/train.py', '/home/piado/projects/aip-lindell/piado/vae/Open-Sora/configs/vae/train/wan_multiview_finetune.py', '--experiment_name', 'res_sweep_4frames_1024px__job3960496_t2', '--wandb_expr_name', 'res_sweep_4frames_1024px', '--data_preset', 'all_people_one_expression', '--profile_timing', 'False', '--profile_step', 'False', '--wandb', 'True', '--log_every', '1000', '--eval_every', '1000', '--full_eval_every', '5000', '--log_milestones', '[10,100,500]', '--eval_milestones', '[10,100,500]', '--debug_stats_every', '100', '--log_memory', 'True', '--optimization', 'True', '--optimization_compile_mode', 'reduce-overhead', '--save_ckpt', 'True', '--keep_n_latest', '3', '--epochs', '100000', '--nersemble_processed_base', '/datasets/lindell-proj/neumayr/nersemble_v2/processed/4-frames', '--bucket_config', "{'1024px_ar1:1': {9: (1.0, 1)}}", '--batch_size', '1', '--accumulation_steps', '4']' returned non-zero exit status 1.
chgrp: changing group of 'outputs/res_sweep_4frames_1024px__job3960496_t2/config.txt': Operation not permitted
chgrp: changing group of 'outputs/res_sweep_4frames_1024px__job3960496_t2/eval_metrics.jsonl': Operation not permitted
chgrp: changing group of 'outputs/res_sweep_4frames_1024px__job3960496_t2/log.txt': Operation not permitted
chgrp: changing group of 'outputs/res_sweep_4frames_1024px__job3960496_t2/loss_config.json': Operation not permitted
chgrp: changing group of 'outputs/res_sweep_4frames_1024px__job3960496_t2/train_debug_stats.jsonl': Operation not permitted
chgrp: changing group of 'outputs/res_sweep_4frames_1024px__job3960496_t2': Operation not permitted
[[34m2026-06-15 07:29:19[0m] Experiment directory created at outputs/res_sweep_4frames_1024px__job3960496_t2
[[34m2026-06-15 07:29:19[0m] Determinism mode: cuBLAS workspace, cudnn deterministic, TF32 disabled, torch.use_deterministic_algorithms(warn_only=True); data workers use seed+worker_id; epoch Python RNG uses seed+rank. Multi-GPU ZeRO and BF16 may still break bit-for-bit replay.
[[34m2026-06-15 07:29:19[0m] Using explicit global grad clipping (max_norm=2.0) with DP all-reduce; plugin-internal clipping disabled to avoid ZeRO shard-local clipping ambiguity.
[[34m2026-06-15 07:29:19[0m] Training configuration:
 {'DATA_ROOT': '/datasets/lindell-proj/neumayr/nersemble_v2/processed/4-frames/1024-res',
 '_gen_loss_config': None,
 '_optim_discriminator': None,
 '_resolved': {'bucket_key': '128px_ar1:1',
               'data_root': '/datasets/lindell-proj/neumayr/nersemble_v2/processed/8-frames/128-res',
               'load_from_128_for_64_high_t': False,
               'load_res_fallback': None,
               'target_px': 128,
               'train_target_frames': 9,
               'train_target_hw': (128, 128)},
 '_val_participants': [97, 175, 226, 18, 30, 38, 85, 124, 227, 240],
 'accumulation_steps': 4,
 'all_people_expression_sequence': 'EMO-1-shout+laugh',
 'batch_size': 1,
 'bucket_config': {'1024px_ar1:1': {9: (1.0, 1)}},
 'config_path': '/home/piado/projects/aip-lindell/piado/vae/Open-Sora/configs/vae/train/wan_multiview_finetune.py',
 'data_preset': 'all_people_one_expression',
 'dataset': {'data_path': '/datasets/lindell-proj/neumayr/nersemble_v2/processed/4-frames/1024-res',
             'exclude_participants': [97,
                                      175,
                                      226,
                                      18,
                                      30,
                                      38,
                                      85,
                                      124,
                                      227,
                                      240],
             'expression_sequence': 'EMO-1-shout+laugh',
             'participants': None,
             'repeat': 1,
             'scan_subdirs': True,
             'skip_mismatched_views': True,
             'type': 'pt_video'},
 'dataset_presets': {'__default__': {'data_path': '/datasets/lindell-proj/neumayr/nersemble_v2/processed/4-frames/1024-res',
                                     'participants': [17,
                                                      18,
                                                      30,
                                                      31,
                                                      32,
                                                      33,
                                                      35,
                                                      36,
                                                      37],
                                     'repeat': 1,
                                     'scan_subdirs': True,
                                     'type': 'pt_video'},
                     'all_people': {'data_path': '/datasets/lindell-proj/neumayr/nersemble_v2/processed/4-frames/1024-res',
                                    'exclude_participants': [97,
                                                             175,
                                                             226,
                                                             18,
                                                             30,
                                                             38,
                                                             85,
                                                             124,
                                                             227,
                                                             240],
                                    'expected_views': 2,
                                    'participants': None,
                                    'repeat': 1,
                                    'scan_subdirs': True,
                                    'skip_mismatched_views': True,
                                    'type': 'pt_video'},
                     'all_people_one_expression': {'data_path': '/datasets/lindell-proj/neumayr/nersemble_v2/processed/4-frames/1024-res',
                                                   'exclude_participants': [97,
                                                                            175,
                                                                            226,
                                                                            18,
                                                                            30,
                                                                            38,
                                                                            85,
                                                                            124,
                                                                            227,
                                                                            240],
                                                   'expression_sequence': 'EMO-1-shout+laugh',
                                                   'participants': None,
                                                   'repeat': 1,
                                                   'scan_subdirs': True,
                                                   'skip_mismatched_views': True,
                                                   'type': 'pt_video'},
                     'one_person': {'data_path': '/datasets/lindell-proj/neumayr/nersemble_v2/processed/4-frames/1024-res',
                                    'exclude_sequences': ['EMO-4-disgust+happy',
                                                          'SEN-10-port_strong_smokey'],
                                    'participants': [18],
                                    'repeat': 1,
                                    'scan_subdirs': True,
                                    'type': 'pt_video'},
                     'single_sequence': {'data_path': '/datasets/lindell-proj/neumayr/nersemble_v2/processed/4-frames/1024-res/p017/EMO-1-shout+laugh/frames.pt',
                                         'repeat': 1,
                                         'type': 'pt_video'},
                     'some_people': {'data_path': '/datasets/lindell-proj/neumayr/nersemble_v2/processed/4-frames/1024-res',
                                     'participants': [17,
                                                      31,
                                                      32,
                                                      33,
                                                      35,
                                                      36,
                                                      37],
                                     'repeat': 1,
                                     'scan_subdirs': True,
                                     'type': 'pt_video'}},
 'debug_stats_every': 100,
 'debug_stats_start_step': 0,
 'debug_stats_weight_every': 50,
 'deterministic': True,
 'disc_learning_rate': None,
 'disc_multiview_mode': 'joint_4d',
 'disc_per_frame_2d': False,
 'discriminator': None,
 'discriminator_choice': 'none',
 'dtype': 'bf16',
 'dynamo_backend': 'no',
 'ema_decay': 0.9999,
 'epochs': 100000,
 'eval_batch_size': 1,
 'eval_every': 1000,
 'eval_milestones': [10, 100, 500],
 'eval_num_samples': 0,
 'eval_use_ema': True,
 'experiment_name': 'res_sweep_4frames_1024px__job3960496_t2',
 'final_eval': True,
 'final_eval_num_samples': 0,
 'fixed_seq_eval_every_epochs': 0,
 'full_eval_every': 5000,
 'gan_log_adaptive_grad_metrics': False,
 'gen_disc_weight': None,
 'grad_checkpoint': True,
 'grad_clip': 2.0,
 'keep_n_latest': 3,
 'kl_loss_weight': 1e-06,
 'learning_rate': 0.0001,
 'log_bottleneck_every': 0,
 'log_every': 1000,
 'log_latent_shapes_every': 0,
 'log_memory': True,
 'log_milestones': [10, 100, 500],
 'log_step_time': True,
 'log_training_design_summary': True,
 'log_training_param_overview': True,
 'logvar_init': 0.0,
 'lr_scheduler': {'decay_factor': 0.5,
                  'decay_steps': 5000,
                  'min_lr': 5e-06,
                  'use_exponential_decay': True,
                  'warmup_steps': 100},
 'mixed_image_ratio': 0.0,
 'mixed_strategy': None,
 'model': {'freeze_temporal': True,
           'from_pretrained': '/home/piado/scratch/Wan2.1_VAE.pth',
           'from_scratch': False,
           'full_finetune_decoder': False,
           'fusion_mode': 'cross_attention',
           'lora_rank': 32,
           'train_spatial': True,
           'type': 'multiview_wan_video_vae',
           'use_crossview_encoder': True,
           'use_lora': True,
           'use_lora_after': True,
           'use_lora_before': False,
           'use_view_embedding': False,
           'use_view_group_fusion': False,
           'use_viewwise_decoder_lora': False,
           'view_compression': 2,
           'view_in': 0,
           'view_mixing_strategy': 'embedding',
           'z_dim': 16},
 'nersemble_processed_base': '/datasets/lindell-proj/neumayr/nersemble_v2/processed/4-frames',
 'num_bucket_build_workers': 1,
 'num_reconstruction_vis_samples': 3,
 'num_workers': 8,
 'optim': {'betas': (0.9, 0.98),
           'cls': 'AdamW',
           'eps': 1e-08,
           'lr': 0.0001,
           'weight_decay': 0.0},
 'optimization': True,
 'optimization_compile_mode': 'reduce-overhead',
 'outputs': 'outputs',
 'perceptual_loss_weight': 1.5,
 'persistent_workers': True,
 'pin_memory_cache_pre_alloc_numels': None,
 'plugin': 'none',
 'plugin_config': {'overlap_allgather': False, 'reduce_bucket_size_in_m': 128},
 'prefetch_factor': 4,
 'profile_step': False,
 'profile_timing': False,
 'profile_timing_step': 50,
 'save_ckpt': True,
 'seed': 42,
 'sweep_gen_disc_weight': None,
 'train_psnr_guard': False,
 'train_psnr_guard_consecutive': 5,
 'train_psnr_guard_min_epochs': 0,
 'train_psnr_guard_start_epoch': 0,
 'train_psnr_guard_threshold': 15.0,
 'train_target_frames': 9,
 'train_target_hw': (1024, 1024),
 'update_warmup_steps': False,
 'vae_loss_config': {'kl_loss_weight': 1e-06,
                     'logvar_init': 0.0,
                     'perceptual_loss_weight': 1.5,
                     'view_consistency_weight': 0.0},
 'vae_loss_preset': 'default',
 'vae_target_range': '[-1,1]',
 'val_dataset': {'data_path': '/datasets/lindell-proj/neumayr/nersemble_v2/processed/4-frames/1024-res',
                 'expression_sequence': 'EMO-1-shout+laugh',
                 'participants': [97, 175, 226, 18, 30, 38, 85, 124, 227, 240],
                 'repeat': 1,
                 'scan_subdirs': True,
                 'skip_mismatched_views': True,
                 'type': 'pt_video'},
 'val_dataset_presets': {'__default__': None,
                         'all_people': {'data_path': '/datasets/lindell-proj/neumayr/nersemble_v2/processed/4-frames/1024-res',
                                        'expected_views': 2,
                                        'participants': [97,
                                                         175,
                                                         226,
                                                         18,
                                                         30,
                                                         38,
                                                         85,
                                                         124,
                                                         227,
                                                         240],
                                        'repeat': 1,
                                        'scan_subdirs': True,
                                        'skip_mismatched_views': True,
                                        'type': 'pt_video'},
                         'all_people_one_expression': {'data_path': '/datasets/lindell-proj/neumayr/nersemble_v2/processed/4-frames/1024-res',
                                                       'expression_sequence': 'EMO-1-shout+laugh',
                                                       'participants': [97,
                                                                        175,
                                                                        226,
                                                                        18,
                                                                        30,
                                                                        38,
                                                                        85,
                                                                        124,
                                                                        227,
                                                                        240],
                                                       'repeat': 1,
                                                       'scan_subdirs': True,
                                                       'skip_mismatched_views': True,
                                                       'type': 'pt_video'},
                         'one_person': {'data_path': '/datasets/lindell-proj/neumayr/nersemble_v2/processed/4-frames/1024-res',
                                        'include_only_sequences': ['EMO-4-disgust+happy',
                                                                   'SEN-10-port_strong_smokey'],
                                        'participants': [17],
                                        'repeat': 1,
                                        'scan_subdirs': True,
                                        'type': 'pt_video'},
                         'single_sequence': None,
                         'some_people': {'data_path': '/datasets/lindell-proj/neumayr/nersemble_v2/processed/4-frames/1024-res',
                                         'participants': [18, 30],
                                         'repeat': 1,
                                         'scan_subdirs': True,
                                         'type': 'pt_video'}},
 'view_consistency_weight': 0.0,
 'view_flatten_in_disc': False,
 'view_flatten_in_loss': False,
 'wandb': True,
 'wandb_expr_name': 'res_sweep_4frames_1024px',
 'wandb_min_steps_before_init': 10,
 'wandb_project': 'wan_multiview_vae'}
[[34m2026-06-15 07:29:19[0m] Building dataset...
[[34m2026-06-15 07:29:20[0m] Dataset contains 405 samples.
[[34m2026-06-15 07:29:20[0m] Val (held-out) dataset contains 10 samples.
[[34m2026-06-15 07:29:20[0m] Fixed per-frame eval sequence name: EMO-1-shout+laugh (train idx=0, val idx=0)
[[34m2026-06-15 07:29:20[0m] Building models...
[[34m2026-06-15 07:29:20[0m] Auto-detected model.view_in=4 from first dataset sample
[[34m2026-06-15 07:29:22[0m] [MultiviewWanVideoVAE] Number of parameters: 161.23 M
[[34m2026-06-15 07:29:22[0m] [MultiviewWanVideoVAE] Number of trainable parameters: 75.13 M
[[34m2026-06-15 07:29:23[0m] EMA model created.
[[34m2026-06-15 07:29:23[0m] [optimization] channels_last_3d: disabled (fragile with view() ops and compile cache)
[[34m2026-06-15 07:29:23[0m] VAE trainable params (optimizer): 78,780,400
[[34m2026-06-15 07:29:23[0m] [optimization] torch.compile: mode=reduce-overhead (first step will be slow)
[[34m2026-06-15 07:29:23[0m] Preparing for distributed training...
[[34m2026-06-15 07:29:23[0m] Optimizer AdamW has no `.backward`; using booster.backward(loss=...) compatibility path.
[[34m2026-06-15 07:29:23[0m] Boosted model for distributed training
[[34m2026-06-15 07:29:23[0m] Training for 100000 epochs with 405 steps per epoch
[[34m2026-06-15 07:29:23[0m] [optimization] Warming up torch.compile eval graph (one-time, before training loop)...
[[34m2026-06-15 07:29:37[0m] [AttentionMultiViewVideoVan] latent shape: (1, 16, 9, 128, 128)  (B=1, z_dim=16, T'=9, H'=128, W'=128)
[[34m2026-06-15 07:30:23[0m] [optimization] Eval graph warm-up done.
[rank0]:[W615 07:30:23.351431039 ProcessGroupNCCL.cpp:5138] Guessing device ID based on global rank. This can cause a hang if rank to GPU mapping is heterogeneous. You can specify device_id in init_process_group()
train:   0%|          | 0/405 [00:00<?, ?it/s]train:   0%|          | 0/405 [00:00<?, ?it/s, epoch=0]train:   0%|          | 1/405 [00:04<28:57,  4.30s/it, epoch=0][[34m2026-06-15 07:30:28[0m] ======== Wan multiview / crossview design summary (one-time) ========
[[34m2026-06-15 07:30:28[0m] use_crossview_encoder=True
[[34m2026-06-15 07:30:28[0m] fusion_mode='cross_attention'
[[34m2026-06-15 07:30:28[0m]   -> Bidirectional cross-attention between views: each view attends to the other view’s tokens, then features are combined for the rest of the encoder/decoder. Strong when views are aligned but not identical.
[[34m2026-06-15 07:30:28[0m] view_in=4, view_mixing_strategy=embedding
[[34m2026-06-15 07:30:28[0m] use_view_embedding vs use_viewwise_decoder_lora: per-view additive embeddings bias early (or latent) features with a small vector per view; viewwise_decoder_lora adds low-rank adapters on the decoder side conditioned by view index—typically more flexible than a single embedding per view for reconstruction, at the cost of more trainable parameters.
[[34m2026-06-15 07:30:28[0m]   use_view_embedding=False
[[34m2026-06-15 07:30:28[0m]   use_viewwise_decoder_lora=False
[[34m2026-06-15 07:30:28[0m] use_lora=True, use_lora_before=False, use_lora_after=True, lora_rank=32. Before = LoRA on the encoder stem / early downsampling; after = bottleneck and later decoder. Both can be enabled for two complementary adaptation regions.
[[34m2026-06-15 07:30:28[0m] LoRA rank: all listed adapters in this stack typically share this rank. Larger rank increases adapter capacity and parameter count roughly linearly in rank; too high can overfit small datasets, too low can underfit cross-view cues.
[[34m2026-06-15 07:30:28[0m] freeze_temporal=True, train_spatial=True
[[34m2026-06-15 07:30:28[0m] ======== end design summary ========
[[34m2026-06-15 07:30:28[0m] [VAE] param overview: total=161.23 M trainable=75.13 M (46.60% of weights) frozen=86.10 M
[[34m2026-06-15 07:30:28[0m] [VAE] LoRA trainable: 998.59 K (1.3% of trainable); heuristic attention/cross-fusion LoRA: 998.59 K (100.0% of LoRA); other LoRA: 0
[[34m2026-06-15 07:30:28[0m] [VAE] base trainable (non-LoRA): 74.16 M (98.7% of trainable)
[[34m2026-06-15 07:30:28[0m] [VAE] LoRA heuristic buckets (buckets overlap if a name matches multiple hints): encoder/stem-ish=275.50 K, decoder-ish=723.09 K, viewwise-ish=0
train:   0%|          | 1/405 [04:01<27:03:56, 241.18s/it, epoch=0]
[rank0]: Traceback (most recent call last):
[rank0]:   File "/home/piado/projects/aip-lindell/piado/vae/Open-Sora/scripts/vae/train.py", line 3503, in <module>
[rank0]:     main()
[rank0]:   File "/home/piado/projects/aip-lindell/piado/vae/Open-Sora/scripts/vae/train.py", line 2321, in main
[rank0]:     x_rec, posterior, z = model(x)
[rank0]:                           ^^^^^^^^
[rank0]:   File "/project/6101839/piado/vae/snth/lib/python3.11/site-packages/torch/_dynamo/eval_frame.py", line 465, in __call__
[rank0]:     return super().__call__(*args, **kwargs)
[rank0]:            ^^^^^^^^^^^^^^^^^^^^^^^^^^^^^^^^^
[rank0]:   File "/project/6101839/piado/vae/snth/lib/python3.11/site-packages/torch/nn/modules/module.py", line 1776, in _wrapped_call_impl
[rank0]:     return self._call_impl(*args, **kwargs)
[rank0]:            ^^^^^^^^^^^^^^^^^^^^^^^^^^^^^^^^
[rank0]:   File "/project/6101839/piado/vae/snth/lib/python3.11/site-packages/torch/nn/modules/module.py", line 1787, in _call_impl
[rank0]:     return forward_call(*args, **kwargs)
[rank0]:            ^^^^^^^^^^^^^^^^^^^^^^^^^^^^^
[rank0]:   File "/project/6101839/piado/vae/snth/lib/python3.11/site-packages/torch/_dynamo/eval_frame.py", line 953, in compile_wrapper
[rank0]:     return fn(*args, **kwargs)
[rank0]:            ^^^^^^^^^^^^^^^^^^^
[rank0]:   File "/project/6101839/piado/vae/snth/lib/python3.11/site-packages/torch/nn/modules/module.py", line 1776, in _wrapped_call_impl
[rank0]:     return self._call_impl(*args, **kwargs)
[rank0]:            ^^^^^^^^^^^^^^^^^^^^^^^^^^^^^^^^
[rank0]:   File "/project/6101839/piado/vae/snth/lib/python3.11/site-packages/torch/nn/modules/module.py", line 1787, in _call_impl
[rank0]:     return forward_call(*args, **kwargs)
[rank0]:            ^^^^^^^^^^^^^^^^^^^^^^^^^^^^^
[rank0]:   File "/project/6101839/piado/vae/Open-Sora/opensora/models/vae/wan_video_vae.py", line 561, in forward
[rank0]:     def forward(self, x):
[rank0]:   File "/project/6101839/piado/vae/snth/lib/python3.11/site-packages/torch/_dynamo/eval_frame.py", line 1181, in _fn
[rank0]:     return fn(*args, **kwargs)
[rank0]:            ^^^^^^^^^^^^^^^^^^^
[rank0]:   File "/project/6101839/piado/vae/snth/lib/python3.11/site-packages/torch/_functorch/aot_autograd.py", line 1148, in forward
[rank0]:     return compiled_fn(full_args)
[rank0]:            ^^^^^^^^^^^^^^^^^^^^^^
[rank0]:   File "/project/6101839/piado/vae/snth/lib/python3.11/site-packages/torch/_functorch/_aot_autograd/runtime_wrappers.py", line 343, in runtime_wrapper
[rank0]:     all_outs = call_func_at_runtime_with_args(
[rank0]:                ^^^^^^^^^^^^^^^^^^^^^^^^^^^^^^^
[rank0]:   File "/project/6101839/piado/vae/snth/lib/python3.11/site-packages/torch/_functorch/_aot_autograd/utils.py", line 134, in call_func_at_runtime_with_args
[rank0]:     out = normalize_as_list(f(args))
[rank0]:                             ^^^^^^^
[rank0]:   File "/project/6101839/piado/vae/snth/lib/python3.11/site-packages/torch/_functorch/_aot_autograd/utils.py", line 108, in g
[rank0]:     return f(*args)
[rank0]:            ^^^^^^^^
[rank0]:   File "/project/6101839/piado/vae/snth/lib/python3.11/site-packages/torch/autograd/function.py", line 583, in apply
[rank0]:     return super().apply(*args, **kwargs)  # type: ignore[misc]
[rank0]:            ^^^^^^^^^^^^^^^^^^^^^^^^^^^^^^
[rank0]:   File "/project/6101839/piado/vae/snth/lib/python3.11/site-packages/torch/_functorch/_aot_autograd/runtime_wrappers.py", line 2152, in forward
[rank0]:     fw_outs = call_func_at_runtime_with_args(
[rank0]:               ^^^^^^^^^^^^^^^^^^^^^^^^^^^^^^^
[rank0]:   File "/project/6101839/piado/vae/snth/lib/python3.11/site-packages/torch/_functorch/_aot_autograd/utils.py", line 134, in call_func_at_runtime_with_args
[rank0]:     out = normalize_as_list(f(args))
[rank0]:                             ^^^^^^^
[rank0]:   File "/project/6101839/piado/vae/snth/lib/python3.11/site-packages/torch/_functorch/_aot_autograd/runtime_wrappers.py", line 531, in wrapper
[rank0]:     return compiled_fn(runtime_args)
[rank0]:            ^^^^^^^^^^^^^^^^^^^^^^^^^
[rank0]:   File "/project/6101839/piado/vae/snth/lib/python3.11/site-packages/torch/_functorch/_aot_autograd/runtime_wrappers.py", line 729, in inner_fn
[rank0]:     outs = compiled_fn(args)
[rank0]:            ^^^^^^^^^^^^^^^^^
[rank0]:   File "/project/6101839/piado/vae/snth/lib/python3.11/site-packages/torch/_inductor/output_code.py", line 638, in __call__
[rank0]:     return self.current_callable(inputs)
[rank0]:            ^^^^^^^^^^^^^^^^^^^^^^^^^^^^^
[rank0]:   File "/tmp/.torchinductor/o7/co7ax4fhsdtaxqhjaaktflvdxdzgatgjdi22x7awpanks33qx5g5.py", line 36305, in call
[rank0]:     (buf0, buf3, buf5, buf6, buf9, buf11, buf12, buf15, buf17, buf18, buf21, buf23, buf24, buf27, buf30, buf34, buf35, buf38, buf40, buf41, buf44, buf46, buf47, buf50, buf52, buf53, buf56, buf59, buf63, buf64, buf67, buf69, buf70, buf73, buf75, buf76, buf79, buf81, buf82, buf85, buf88, buf90, buf91, buf94, buf96, buf97, buf100, buf102, buf103, buf106, buf108, buf109, buf112, buf115, buf117, buf118, buf121, buf123, buf124, buf127, buf129, buf130, buf133, buf135, buf136, buf139, buf142, buf146, buf147, buf150, buf152, buf153, buf156, buf158, buf159, buf162, buf164, buf165, buf168, buf171, buf175, buf176, buf179, buf181, buf182, buf185, buf187, buf188, buf191, buf193, buf194, buf197, buf200, buf202, buf203, buf206, buf208, buf209, buf212, buf214, buf215, buf218, buf220, buf221, buf224, buf227, buf229, buf230, buf233, buf235, buf236, buf239, buf241, buf242, buf245, buf247, buf248, buf251, buf254, buf258, buf259, buf262, buf264, buf265, buf268, buf270, buf271, buf274, buf276, buf277, buf280, buf283, buf287, buf288, buf291, buf293, buf294, buf297, buf299, buf300, buf303, buf305, buf306, buf309, buf312, buf314, buf315, buf318, buf320, buf321, buf324, buf326, buf327, buf330, buf332, buf333, buf336, buf339, buf341, buf342, buf345, buf347, buf348, buf351, buf353, buf354, buf357, buf359, buf360, buf363, buf366, buf370, buf371, buf374, buf376, buf377, buf380, buf382, buf383, buf386, buf388, buf389, buf392, buf395, buf399, buf400, buf403, buf405, buf406, buf409, buf411, buf412, buf415, buf417, buf418, buf421, buf424, buf426, buf427, buf430, buf432, buf433, buf436, buf438, buf439, buf442, buf444, buf445, buf448, buf450, buf451, buf453, buf455, buf456, buf457, buf458, buf460, buf463, buf485, buf488, buf464, buf489, buf467, buf469, buf492, buf494, buf470, buf495, buf473, buf475, buf498, buf500, buf476, buf501, buf479, buf481, buf504, buf506, buf482, buf507, buf510, buf513, buf514, buf517, buf519, buf520, buf523, buf525, buf526, buf529, buf531, buf532, buf535, buf537, buf538, buf539, buf542, buf544, buf546, buf547, buf548, buf551, buf553, buf555, buf556, buf557, buf558, buf561, buf562, buf565, buf566, buf567, buf570, buf572, buf573, buf574, buf575, buf576, buf577, buf580, buf581, buf584, buf585, buf586, buf589, buf591, buf592, buf593, buf596, buf598, buf600, buf601, buf602, buf605, buf607, buf609, buf610, buf611, buf614, buf616, buf618, buf619, buf622, buf623, buf625, buf3212, buf5796, buf8380, buf624, buf627, buf628, buf633, buf635, buf637, buf638, buf639, buf642, buf644, buf646, buf647, buf648, buf651, buf653, buf655, buf656, buf657, buf658, buf661, buf663, buf665, buf666, buf667, buf668, buf671, buf672, buf678, buf680, buf682, buf683, buf684, buf687, buf689, buf691, buf692, buf693, buf695, buf697, buf699, buf700, buf701, buf703, buf705, buf707, buf708, buf709, buf711, buf713, buf715, buf716, buf717, buf719, buf721, buf723, buf724, buf725, buf727, buf729, buf731, buf732, buf733, buf735, buf737, buf739, buf740, buf741, buf743, buf745, buf746, buf747, buf748, buf751, buf756, buf757, buf758, buf753, buf759, buf761, buf763, buf765, buf766, buf767, buf769, buf771, buf773, buf774, buf775, buf777, buf779, buf781, buf782, buf783, buf785, buf787, buf789, buf790, buf791, buf793, buf795, buf797, buf798, buf799, buf801, buf803, buf804, buf805, buf806, buf809, buf811, buf812, buf813, buf815, buf817, buf819, buf820, buf821, buf823, buf825, buf827, buf828, buf829, buf831, buf833, buf835, buf836, buf837, buf839, buf841, buf843, buf844, buf845, buf847, buf849, buf851, buf852, buf853, buf855, buf857, buf858, buf859, buf860, buf863, buf865, buf866, buf867, buf869, buf871, buf873, buf874, buf875, buf877, buf879, buf881, buf882, buf883, buf885, buf887, buf889, buf890, buf891, buf893, buf895, buf897, buf898, buf899, buf901, buf903, buf905, buf906, buf907, buf909, buf911, buf913, buf914, buf915, buf917, buf919, buf922, buf924, buf926, buf927, buf928, buf931, buf933, buf935, buf936, buf937, buf940, buf942, buf944, buf945, buf946, buf947, buf950, buf952, buf954, buf955, buf956, buf957, buf960, buf961, buf967, buf969, buf971, buf972, buf973, buf976, buf978, buf980, buf981, buf982, buf984, buf986, buf988, buf989, buf990, buf992, buf994, buf996, buf997, buf998, buf1000, buf1002, buf1004, buf1005, buf1006, buf1008, buf1010, buf1012, buf1013, buf1014, buf1016, buf1018, buf1020, buf1021, buf1022, buf1024, buf1026, buf1028, buf1029, buf1030, buf1032, buf1034, buf1035, buf1036, buf1039, buf1044, buf1045, buf1046, buf1041, buf1047, buf1049, buf1051, buf1053, buf1054, buf1055, buf1057, buf1059, buf1061, buf1062, buf1063, buf1065, buf1067, buf1069, buf1070, buf1071, buf1073, buf1075, buf1077, buf1078, buf1079, buf1081, buf1083, buf1085, buf1086, buf1087, buf1089, buf1091, buf1092, buf1093, buf1096, buf1098, buf1099, buf1100, buf1102, buf1104, buf1106, buf1107, buf1108, buf1110, buf1112, buf1114, buf1115, buf1116, buf1118, buf1120, buf1122, buf1123, buf1124, buf1126, buf1128, buf1130, buf1131, buf1132, buf1134, buf1136, buf1138, buf1139, buf1140, buf1142, buf1144, buf1145, buf1146, buf1149, buf1151, buf1152, buf1153, buf1155, buf1157, buf1159, buf1160, buf1161, buf1163, buf1165, buf1167, buf1168, buf1169, buf1171, buf1173, buf1175, buf1176, buf1177, buf1179, buf1181, buf1183, buf1184, buf1185, buf1187, buf1189, buf1191, buf1192, buf1193, buf1195, buf1197, buf1199, buf1200, buf1201, buf1203, buf1205, buf1208, buf1210, buf1212, buf1213, buf1214, buf1217, buf1219, buf1221, buf1222, buf1223, buf1226, buf1228, buf1230, buf1231, buf1232, buf1233, buf1236, buf1238, buf1240, buf1241, buf1242, buf1243, buf1246, buf1247, buf1253, buf1255, buf1257, buf1258, buf1259, buf1262, buf1264, buf1266, buf1267, buf1268, buf1270, buf1272, buf1274, buf1275, buf1276, buf1278, buf1280, buf1282, buf1283, buf1284, buf1286, buf1288, buf1290, buf1291, buf1292, buf1294, buf1296, buf1298, buf1299, buf1300, buf1302, buf1304, buf1306, buf1307, buf1308, buf1310, buf1312, buf1314, buf1315, buf1316, buf1318, buf1320, buf1321, buf1322, buf1325, buf1330, buf1331, buf1332, buf1327, buf1333, buf1335, buf1337, buf1339, buf1340, buf1341, buf1343, buf1345, buf1347, buf1348, buf1349, buf1351, buf1353, buf1355, buf1356, buf1357, buf1359, buf1361, buf1363, buf1364, buf1365, buf1367, buf1369, buf1371, buf1372, buf1373, buf1375, buf1377, buf1378, buf1379, buf1382, buf1384, buf1385, buf1386, buf1388, buf1390, buf1392, buf1393, buf1394, buf1396, buf1398, buf1400, buf1401, buf1402, buf1404, buf1406, buf1408, buf1409, buf1410, buf1412, buf1414, buf1416, buf1417, buf1418, buf1420, buf1422, buf1424, buf1425, buf1426, buf1428, buf1430, buf1431, buf1432, buf1435, buf1437, buf1438, buf1439, buf1441, buf1443, buf1445, buf1446, buf1447, buf1449, buf1451, buf1453, buf1454, buf1455, buf1457, buf1459, buf1461, buf1462, buf1463, buf1465, buf1467, buf1469, buf1470, buf1471, buf1473, buf1475, buf1477, buf1478, buf1479, buf1481, buf1483, buf1485, buf1486, buf1487, buf1489, buf1492, buf1495, buf1497, buf1499, buf1500, buf1501, buf1504, buf1506, buf1508, buf1509, buf1510, buf1513, buf1515, buf1517, buf1518, buf1519, buf1520, buf1523, buf1525, buf1527, buf1528, buf1529, buf1530, buf1533, buf1534, buf1540, buf1542, buf1544, buf1545, buf1546, buf1549, buf1551, buf1553, buf1554, buf1555, buf1557, buf1559, buf1561, buf1562, buf1563, buf1565, buf1567, buf1569, buf1570, buf1571, buf1573, buf1575, buf1577, buf1578, buf1579, buf1581, buf1583, buf1585, buf1586, buf1587, buf1589, buf1591, buf1593, buf1594, buf1595, buf1597, buf1599, buf1601, buf1602, buf1603, buf1605, buf1607, buf1608, buf1609, buf1612, buf1617, buf1618, buf1619, buf1614, buf1620, buf1622, buf1624, buf1626, buf1627, buf1628, buf1630, buf1632, buf1634, buf1635, buf1636, buf1638, buf1640, buf1642, buf1643, buf1644, buf1646, buf1648, buf1650, buf1651, buf1652, buf1654, buf1656, buf1658, buf1659, buf1660, buf1662, buf1664, buf1665, buf1666, buf1669, buf1671, buf1672, buf1673, buf1675, buf1677, buf1679, buf1680, buf1681, buf1683, buf1685, buf1687, buf1688, buf1689, buf1691, buf1693, buf1695, buf1696, buf1697, buf1699, buf1701, buf1703, buf1704, buf1705, buf1707, buf1709, buf1711, buf1712, buf1713, buf1715, buf1717, buf1718, buf1719, buf1722, buf1724, buf1725, buf1726, buf1728, buf1730, buf1732, buf1733, buf1734, buf1736, buf1738, buf1740, buf1741, buf1742, buf1744, buf1746, buf1748, buf1749, buf1750, buf1752, buf1754, buf1756, buf1757, buf1758, buf1760, buf1762, buf1764, buf1765, buf1766, buf1768, buf1770, buf1772, buf1773, buf1774, buf1776, buf1778, buf1781, buf1783, buf1785, buf1786, buf1787, buf1790, buf1792, buf1794, buf1795, buf1796, buf1799, buf1801, buf1803, buf1804, buf1805, buf1806, buf1809, buf1811, buf1813, buf1814, buf1815, buf1816, buf1819, buf1820, buf1826, buf1828, buf1830, buf1831, buf1832, buf1835, buf1837, buf1839, buf1840, buf1841, buf1843, buf1845, buf1847, buf1848, buf1849, buf1851, buf1853, buf1855, buf1856, buf1857, buf1859, buf1861, buf1863, buf1864, buf1865, buf1867, buf1869, buf1871, buf1872, buf1873, buf1875, buf1877, buf1879, buf1880, buf1881, buf1883, buf1885, buf1887, buf1888, buf1889, buf1891, buf1893, buf1894, buf1895, buf1898, buf1903, buf1904, buf1905, buf1900, buf1906, buf1908, buf1910, buf1912, buf1913, buf1914, buf1916, buf1918, buf1920, buf1921, buf1922, buf1924, buf1926, buf1928, buf1929, buf1930, buf1932, buf1934, buf1936, buf1937, buf1938, buf1940, buf1942, buf1944, buf1945, buf1946, buf1948, buf1950, buf1951, buf1952, buf1955, buf1957, buf1958, buf1959, buf1961, buf1963, buf1965, buf1966, buf1967, buf1969, buf1971, buf1973, buf1974, buf1975, buf1977, buf1979, buf1981, buf1982, buf1983, buf1985, buf1987, buf1989, buf1990, buf1991, buf1993, buf1995, buf1997, buf1998, buf1999, buf2001, buf2003, buf2004, buf2005, buf2008, buf2010, buf2011, buf2012, buf2014, buf2016, buf2018, buf2019, buf2020, buf2022, buf2024, buf2026, buf2027, buf2028, buf2030, buf2032, buf2034, buf2035, buf2036, buf2038, buf2040, buf2042, buf2043, buf2044, buf2046, buf2048, buf2050, buf2051, buf2052, buf2054, buf2056, buf2058, buf2059, buf2060, buf2062, buf2065, buf2068, buf2070, buf2072, buf2073, buf2074, buf2077, buf2079, buf2081, buf2082, buf2083, buf2086, buf2088, buf2090, buf2091, buf2092, buf2093, buf2096, buf2098, buf2100, buf2101, buf2102, buf2103, buf2106, buf2107, buf2113, buf2115, buf2117, buf2118, buf2119, buf2122, buf2124, buf2126, buf2127, buf2128, buf2130, buf2132, buf2134, buf2135, buf2136, buf2138, buf2140, buf2142, buf2143, buf2144, buf2146, buf2148, buf2150, buf2151, buf2152, buf2154, buf2156, buf2158, buf2159, buf2160, buf2162, buf2164, buf2166, buf2167, buf2168, buf2170, buf2172, buf2174, buf2175, buf2176, buf2178, buf2180, buf2181, buf2182, buf2185, buf2190, buf2191, buf2192, buf2187, buf2193, buf2195, buf2197, buf2199, buf2200, buf2201, buf2203, buf2205, buf2207, buf2208, buf2209, buf2211, buf2213, buf2215, buf2216, buf2217, buf2219, buf2221, buf2223, buf2224, buf2225, buf2227, buf2229, buf2231, buf2232, buf2233, buf2235, buf2237, buf2238, buf2239, buf2242, buf2244, buf2245, buf2246, buf2248, buf2250, buf2252, buf2253, buf2254, buf2256, buf2258, buf2260, buf2261, buf2262, buf2264, buf2266, buf2268, buf2269, buf2270, buf2272, buf2274, buf2276, buf2277, buf2278, buf2280, buf2282, buf2284, buf2285, buf2286, buf2288, buf2290, buf2291, buf2292, buf2295, buf2297, buf2298, buf2299, buf2301, buf2303, buf2305, buf2306, buf2307, buf2309, buf2311, buf2313, buf2314, buf2315, buf2317, buf2319, buf2321, buf2322, buf2323, buf2325, buf2327, buf2329, buf2330, buf2331, buf2333, buf2335, buf2337, buf2338, buf2339, buf2341, buf2343, buf2345, buf2346, buf2347, buf2349, buf2351, buf2354, buf2356, buf2358, buf2359, buf2360, buf2363, buf2365, buf2367, buf2368, buf2369, buf2372, buf2374, buf2376, buf2377, buf2378, buf2379, buf2382, buf2384, buf2386, buf2387, buf2388, buf2389, buf2392, buf2393, buf2399, buf2401, buf2403, buf2404, buf2405, buf2408, buf2410, buf2412, buf2413, buf2414, buf2416, buf2418, buf2420, buf2421, buf2422, buf2424, buf2426, buf2428, buf2429, buf2430, buf2432, buf2434, buf2436, buf2437, buf2438, buf2440, buf2442, buf2444, buf2445, buf2446, buf2448, buf2450, buf2452, buf2453, buf2454, buf2456, buf2458, buf2460, buf2461, buf2462, buf2464, buf2466, buf2467, buf2468, buf2471, buf2476, buf2477, buf2478, buf2473, buf2479, buf2481, buf2483, buf2485, buf2486, buf2487, buf2489, buf2491, buf2493, buf2494, buf2495, buf2497, buf2499, buf2501, buf2502, buf2503, buf2505, buf2507, buf2509, buf2510, buf2511, buf2513, buf2515, buf2517, buf2518, buf2519, buf2521, buf2523, buf2524, buf2525, buf2528, buf2530, buf2531, buf2532, buf2534, buf2536, buf2538, buf2539, buf2540, buf2542, buf2544, buf2546, buf2547, buf2548, buf2550, buf2552, buf2554, buf2555, buf2556, buf2558, buf2560, buf2562, buf2563, buf2564, buf2566, buf2568, buf2570, buf2571, buf2572, buf2574, buf2576, buf2577, buf2578, buf2581, buf2583, buf2584, buf2585, buf2587, buf2589, buf2591, buf2592, buf2593, buf2595, buf2597, buf2599, buf2600, buf2601, buf2603, buf2605, buf2607, buf2608, buf2609, buf2611, buf2613, buf2615, buf2616, buf2617, buf2619, buf2621, buf2623, buf2624, buf2625, buf2627, buf2629, buf2631, buf2632, buf2633, buf2635, buf2638, buf2641, buf2643, buf2645, buf2646, buf2647, buf2650, buf2652, buf2654, buf2655, buf2656, buf2659, buf2661, buf2663, buf2664, buf2665, buf2666, buf2669, buf2671, buf2673, buf2674, buf2675, buf2676, buf2679, buf2680, buf2686, buf2688, buf2690, buf2691, buf2692, buf2695, buf2697, buf2699, buf2700, buf2701, buf2703, buf2705, buf2707, buf2708, buf2709, buf2711, buf2713, buf2715, buf2716, buf2717, buf2719, buf2721, buf2723, buf2724, buf2725, buf2727, buf2729, buf2731, buf2732, buf2733, buf2735, buf2737, buf2739, buf2740, buf2741, buf2743, buf2745, buf2747, buf2748, buf2749, buf2751, buf2753, buf2754, buf2755, buf2758, buf2763, buf2764, buf2765, buf2760, buf2766, buf2768, buf2770, buf2772, buf2773, buf2774, buf2776, buf2778, buf2780, buf2781, buf2782, buf2784, buf2786, buf2788, buf2789, buf2790, buf2792, buf2794, buf2796, buf2797, buf2798, buf2800, buf2802, buf2804, buf2805, buf2806, buf2808, buf2810, buf2811, buf2812, buf2815, buf2817, buf2818, buf2819, buf2821, buf2823, buf2825, buf2826, buf2827, buf2829, buf2831, buf2833, buf2834, buf2835, buf2837, buf2839, buf2841, buf2842, buf2843, buf2845, buf2847, buf2849, buf2850, buf2851, buf2853, buf2855, buf2857, buf2858, buf2859, buf2861, buf2863, buf2864, buf2865, buf2868, buf2870, buf2871, buf2872, buf2874, buf2876, buf2878, buf2879, buf2880, buf2882, buf2884, buf2886, buf2887, buf2888, buf2890, buf2892, buf2894, buf2895, buf2896, buf2898, buf2900, buf2902, buf2903, buf2904, buf2906, buf2908, buf2910, buf2911, buf2912, buf2914, buf2916, buf2918, buf2919, buf2920, buf2922, buf2924, buf2927, buf2929, buf2931, buf2932, buf2933, buf2936, buf2938, buf2940, buf2941, buf2942, buf2945, buf2947, buf2949, buf2950, buf2951, buf2952, buf2955, buf2957, buf2959, buf2960, buf2961, buf2962, buf2965, buf2966, buf2972, buf2974, buf2976, buf2977, buf2978, buf2981, buf2983, buf2985, buf2986, buf2987, buf2989, buf2991, buf2993, buf2994, buf2995, buf2997, buf2999, buf3001, buf3002, buf3003, buf3005, buf3007, buf3009, buf3010, buf3011, buf3013, buf3015, buf3017, buf3018, buf3019, buf3021, buf3023, buf3025, buf3026, buf3027, buf3029, buf3031, buf3033, buf3034, buf3035, buf3037, buf3039, buf3040, buf3041, buf3044, buf3049, buf3050, buf3051, buf3046, buf3052, buf3054, buf3056, buf3058, buf3059, buf3060, buf3062, buf3064, buf3066, buf3067, buf3068, buf3070, buf3072, buf3074, buf3075, buf3076, buf3078, buf3080, buf3082, buf3083, buf3084, buf3086, buf3088, buf3090, buf3091, buf3092, buf3094, buf3096, buf3097, buf3098, buf3101, buf3103, buf3104, buf3105, buf3107, buf3109, buf3111, buf3112, buf3113, buf3115, buf3117, buf3119, buf3120, buf3121, buf3123, buf3125, buf3127, buf3128, buf3129, buf3131, buf3133, buf3135, buf3136, buf3137, buf3139, buf3141, buf3143, buf3144, buf3145, buf3147, buf3149, buf3150, buf3151, buf3154, buf3156, buf3157, buf3158, buf3160, buf3162, buf3164, buf3165, buf3166, buf3168, buf3170, buf3172, buf3173, buf3174, buf3176, buf3178, buf3180, buf3181, buf3182, buf3184, buf3186, buf3188, buf3189, buf3190, buf3192, buf3194, buf3196, buf3197, buf3198, buf3200, buf3202, buf3204, buf3205, buf3206, buf3208, buf3211, buf3214, buf3215, buf3220, buf3222, buf3224, buf3225, buf3226, buf3229, buf3231, buf3233, buf3234, buf3235, buf3238, buf3240, buf3242, buf3243, buf3244, buf3245, buf3248, buf3250, buf3252, buf3253, buf3254, buf3255, buf3258, buf3259, buf3265, buf3267, buf3269, buf3270, buf3271, buf3274, buf3276, buf3278, buf3279, buf3280, buf3282, buf3284, buf3286, buf3287, buf3288, buf3290, buf3292, buf3294, buf3295, buf3296, buf3298, buf3300, buf3302, buf3303, buf3304, buf3306, buf3308, buf3310, buf3311, buf3312, buf3314, buf3316, buf3318, buf3319, buf3320, buf3322, buf3324, buf3326, buf3327, buf3328, buf3330, buf3332, buf3333, buf3334, buf3337, buf3342, buf3343, buf3344, buf3339, buf3345, buf3347, buf3349, buf3351, buf3352, buf3353, buf3355, buf3357, buf3359, buf3360, buf3361, buf3363, buf3365, buf3367, buf3368, buf3369, buf3371, buf3373, buf3375, buf3376, buf3377, buf3379, buf3381, buf3383, buf3384, buf3385, buf3387, buf3389, buf3390, buf3391, buf3394, buf3396, buf3397, buf3398, buf3400, buf3402, buf3404, buf3405, buf3406, buf3408, buf3410, buf3412, buf3413, buf3414, buf3416, buf3418, buf3420, buf3421, buf3422, buf3424, buf3426, buf3428, buf3429, buf3430, buf3432, buf3434, buf3436, buf3437, buf3438, buf3440, buf3442, buf3443, buf3444, buf3447, buf3449, buf3450, buf3451, buf3453, buf3455, buf3457, buf3458, buf3459, buf3461, buf3463, buf3465, buf3466, buf3467, buf3469, buf3471, buf3473, buf3474, buf3475, buf3477, buf3479, buf3481, buf3482, buf3483, buf3485, buf3487, buf3489, buf3490, buf3491, buf3493, buf3495, buf3497, buf3498, buf3499, buf3501, buf3503, buf3506, buf3508, buf3510, buf3511, buf3512, buf3515, buf3517, buf3519, buf3520, buf3521, buf3524, buf3526, buf3528, buf3529, buf3530, buf3531, buf3534, buf3536, buf3538, buf3539, buf3540, buf3541, buf3544, buf3545, buf3551, buf3553, buf3555, buf3556, buf3557, buf3560, buf3562, buf3564, buf3565, buf3566, buf3568, buf3570, buf3572, buf3573, buf3574, buf3576, buf3578, buf3580, buf3581, buf3582, buf3584, buf3586, buf3588, buf3589, buf3590, buf3592, buf3594, buf3596, buf3597, buf3598, buf3600, buf3602, buf3604, buf3605, buf3606, buf3608, buf3610, buf3612, buf3613, buf3614, buf3616, buf3618, buf3619, buf3620, buf3623, buf3628, buf3629, buf3630, buf3625, buf3631, buf3633, buf3635, buf3637, buf3638, buf3639, buf3641, buf3643, buf3645, buf3646, buf3647, buf3649, buf3651, buf3653, buf3654, buf3655, buf3657, buf3659, buf3661, buf3662, buf3663, buf3665, buf3667, buf3669, buf3670, buf3671, buf3673, buf3675, buf3676, buf3677, buf3680, buf3682, buf3683, buf3684, buf3686, buf3688, buf3690, buf3691, buf3692, buf3694, buf3696, buf3698, buf3699, buf3700, buf3702, buf3704, buf3706, buf3707, buf3708, buf3710, buf3712, buf3714, buf3715, buf3716, buf3718, buf3720, buf3722, buf3723, buf3724, buf3726, buf3728, buf3729, buf3730, buf3733, buf3735, buf3736, buf3737, buf3739, buf3741, buf3743, buf3744, buf3745, buf3747, buf3749, buf3751, buf3752, buf3753, buf3755, buf3757, buf3759, buf3760, buf3761, buf3763, buf3765, buf3767, buf3768, buf3769, buf3771, buf3773, buf3775, buf3776, buf3777, buf3779, buf3781, buf3783, buf3784, buf3785, buf3787, buf3789, buf3792, buf3794, buf3796, buf3797, buf3798, buf3801, buf3803, buf3805, buf3806, buf3807, buf3810, buf3812, buf3814, buf3815, buf3816, buf3817, buf3820, buf3822, buf3824, buf3825, buf3826, buf3827, buf3830, buf3831, buf3837, buf3839, buf3841, buf3842, buf3843, buf3846, buf3848, buf3850, buf3851, buf3852, buf3854, buf3856, buf3858, buf3859, buf3860, buf3862, buf3864, buf3866, buf3867, buf3868, buf3870, buf3872, buf3874, buf3875, buf3876, buf3878, buf3880, buf3882, buf3883, buf3884, buf3886, buf3888, buf3890, buf3891, buf3892, buf3894, buf3896, buf3898, buf3899, buf3900, buf3902, buf3904, buf3905, buf3906, buf3909, buf3914, buf3915, buf3916, buf3911, buf3917, buf3919, buf3921, buf3923, buf3924, buf3925, buf3927, buf3929, buf3931, buf3932, buf3933, buf3935, buf3937, buf3939, buf3940, buf3941, buf3943, buf3945, buf3947, buf3948, buf3949, buf3951, buf3953, buf3955, buf3956, buf3957, buf3959, buf3961, buf3962, buf3963, buf3966, buf3968, buf3969, buf3970, buf3972, buf3974, buf3976, buf3977, buf3978, buf3980, buf3982, buf3984, buf3985, buf3986, buf3988, buf3990, buf3992, buf3993, buf3994, buf3996, buf3998, buf4000, buf4001, buf4002, buf4004, buf4006, buf4008, buf4009, buf4010, buf4012, buf4014, buf4015, buf4016, buf4019, buf4021, buf4022, buf4023, buf4025, buf4027, buf4029, buf4030, buf4031, buf4033, buf4035, buf4037, buf4038, buf4039, buf4041, buf4043, buf4045, buf4046, buf4047, buf4049, buf4051, buf4053, buf4054, buf4055, buf4057, buf4059, buf4061, buf4062, buf4063, buf4065, buf4067, buf4069, buf4070, buf4071, buf4073, buf4076, buf4079, buf4081, buf4083, buf4084, buf4085, buf4088, buf4090, buf4092, buf4093, buf4094, buf4097, buf4099, buf4101, buf4102, buf4103, buf4104, buf4107, buf4109, buf4111, buf4112, buf4113, buf4114, buf4117, buf4118, buf4124, buf4126, buf4128, buf4129, buf4130, buf4133, buf4135, buf4137, buf4138, buf4139, buf4141, buf4143, buf4145, buf4146, buf4147, buf4149, buf4151, buf4153, buf4154, buf4155, buf4157, buf4159, buf4161, buf4162, buf4163, buf4165, buf4167, buf4169, buf4170, buf4171, buf4173, buf4175, buf4177, buf4178, buf4179, buf4181, buf4183, buf4185, buf4186, buf4187, buf4189, buf4191, buf4192, buf4193, buf4196, buf4201, buf4202, buf4203, buf4198, buf4204, buf4206, buf4208, buf4210, buf4211, buf4212, buf4214, buf4216, buf4218, buf4219, buf4220, buf4222, buf4224, buf4226, buf4227, buf4228, buf4230, buf4232, buf4234, buf4235, buf4236, buf4238, buf4240, buf4242, buf4243, buf4244, buf4246, buf4248, buf4249, buf4250, buf4253, buf4255, buf4256, buf4257, buf4259, buf4261, buf4263, buf4264, buf4265, buf4267, buf4269, buf4271, buf4272, buf4273, buf4275, buf4277, buf4279, buf4280, buf4281, buf4283, buf4285, buf4287, buf4288, buf4289, buf4291, buf4293, buf4295, buf4296, buf4297, buf4299, buf4301, buf4302, buf4303, buf4306, buf4308, buf4309, buf4310, buf4312, buf4314, buf4316, buf4317, buf4318, buf4320, buf4322, buf4324, buf4325, buf4326, buf4328, buf4330, buf4332, buf4333, buf4334, buf4336, buf4338, buf4340, buf4341, buf4342, buf4344, buf4346, buf4348, buf4349, buf4350, buf4352, buf4354, buf4356, buf4357, buf4358, buf4360, buf4362, buf4365, buf4367, buf4369, buf4370, buf4371, buf4374, buf4376, buf4378, buf4379, buf4380, buf4383, buf4385, buf4387, buf4388, buf4389, buf4390, buf4393, buf4395, buf4397, buf4398, buf4399, buf4400, buf4403, buf4404, buf4410, buf4412, buf4414, buf4415, buf4416, buf4419, buf4421, buf4423, buf4424, buf4425, buf4427, buf4429, buf4431, buf4432, buf4433, buf4435, buf4437, buf4439, buf4440, buf4441, buf4443, buf4445, buf4447, buf4448, buf4449, buf4451, buf4453, buf4455, buf4456, buf4457, buf4459, buf4461, buf4463, buf4464, buf4465, buf4467, buf4469, buf4471, buf4472, buf4473, buf4475, buf4477, buf4478, buf4479, buf4482, buf4487, buf4488, buf4489, buf4484, buf4490, buf4492, buf4494, buf4496, buf4497, buf4498, buf4500, buf4502, buf4504, buf4505, buf4506, buf4508, buf4510, buf4512, buf4513, buf4514, buf4516, buf4518, buf4520, buf4521, buf4522, buf4524, buf4526, buf4528, buf4529, buf4530, buf4532, buf4534, buf4535, buf4536, buf4539, buf4541, buf4542, buf4543, buf4545, buf4547, buf4549, buf4550, buf4551, buf4553, buf4555, buf4557, buf4558, buf4559, buf4561, buf4563, buf4565, buf4566, buf4567, buf4569, buf4571, buf4573, buf4574, buf4575, buf4577, buf4579, buf4581, buf4582, buf4583, buf4585, buf4587, buf4588, buf4589, buf4592, buf4594, buf4595, buf4596, buf4598, buf4600, buf4602, buf4603, buf4604, buf4606, buf4608, buf4610, buf4611, buf4612, buf4614, buf4616, buf4618, buf4619, buf4620, buf4622, buf4624, buf4626, buf4627, buf4628, buf4630, buf4632, buf4634, buf4635, buf4636, buf4638, buf4640, buf4642, buf4643, buf4644, buf4646, buf4649, buf4652, buf4654, buf4656, buf4657, buf4658, buf4661, buf4663, buf4665, buf4666, buf4667, buf4670, buf4672, buf4674, buf4675, buf4676, buf4677, buf4680, buf4682, buf4684, buf4685, buf4686, buf4687, buf4690, buf4691, buf4697, buf4699, buf4701, buf4702, buf4703, buf4706, buf4708, buf4710, buf4711, buf4712, buf4714, buf4716, buf4718, buf4719, buf4720, buf4722, buf4724, buf4726, buf4727, buf4728, buf4730, buf4732, buf4734, buf4735, buf4736, buf4738, buf4740, buf4742, buf4743, buf4744, buf4746, buf4748, buf4750, buf4751, buf4752, buf4754, buf4756, buf4758, buf4759, buf4760, buf4762, buf4764, buf4765, buf4766, buf4769, buf4774, buf4775, buf4776, buf4771, buf4777, buf4779, buf4781, buf4783, buf4784, buf4785, buf4787, buf4789, buf4791, buf4792, buf4793, buf4795, buf4797, buf4799, buf4800, buf4801, buf4803, buf4805, buf4807, buf4808, buf4809, buf4811, buf4813, buf4815, buf4816, buf4817, buf4819, buf4821, buf4822, buf4823, buf4826, buf4828, buf4829, buf4830, buf4832, buf4834, buf4836, buf4837, buf4838, buf4840, buf4842, buf4844, buf4845, buf4846, buf4848, buf4850, buf4852, buf4853, buf4854, buf4856, buf4858, buf4860, buf4861, buf4862, buf4864, buf4866, buf4868, buf4869, buf4870, buf4872, buf4874, buf4875, buf4876, buf4879, buf4881, buf4882, buf4883, buf4885, buf4887, buf4889, buf4890, buf4891, buf4893, buf4895, buf4897, buf4898, buf4899, buf4901, buf4903, buf4905, buf4906, buf4907, buf4909, buf4911, buf4913, buf4914, buf4915, buf4917, buf4919, buf4921, buf4922, buf4923, buf4925, buf4927, buf4929, buf4930, buf4931, buf4933, buf4935, buf4938, buf4940, buf4942, buf4943, buf4944, buf4947, buf4949, buf4951, buf4952, buf4953, buf4956, buf4958, buf4960, buf4961, buf4962, buf4963, buf4966, buf4968, buf4970, buf4971, buf4972, buf4973, buf4976, buf4977, buf4983, buf4985, buf4987, buf4988, buf4989, buf4992, buf4994, buf4996, buf4997, buf4998, buf5000, buf5002, buf5004, buf5005, buf5006, buf5008, buf5010, buf5012, buf5013, buf5014, buf5016, buf5018, buf5020, buf5021, buf5022, buf5024, buf5026, buf5028, buf5029, buf5030, buf5032, buf5034, buf5036, buf5037, buf5038, buf5040, buf5042, buf5044, buf5045, buf5046, buf5048, buf5050, buf5051, buf5052, buf5055, buf5060, buf5061, buf5062, buf5057, buf5063, buf5065, buf5067, buf5069, buf5070, buf5071, buf5073, buf5075, buf5077, buf5078, buf5079, buf5081, buf5083, buf5085, buf5086, buf5087, buf5089, buf5091, buf5093, buf5094, buf5095, buf5097, buf5099, buf5101, buf5102, buf5103, buf5105, buf5107, buf5108, buf5109, buf5112, buf5114, buf5115, buf5116, buf5118, buf5120, buf5122, buf5123, buf5124, buf5126, buf5128, buf5130, buf5131, buf5132, buf5134, buf5136, buf5138, buf5139, buf5140, buf5142, buf5144, buf5146, buf5147, buf5148, buf5150, buf5152, buf5154, buf5155, buf5156, buf5158, buf5160, buf5161, buf5162, buf5165, buf5167, buf5168, buf5169, buf5171, buf5173, buf5175, buf5176, buf5177, buf5179, buf5181, buf5183, buf5184, buf5185, buf5187, buf5189, buf5191, buf5192, buf5193, buf5195, buf5197, buf5199, buf5200, buf5201, buf5203, buf5205, buf5207, buf5208, buf5209, buf5211, buf5213, buf5215, buf5216, buf5217, buf5219, buf5222, buf5225, buf5227, buf5229, buf5230, buf5231, buf5234, buf5236, buf5238, buf5239, buf5240, buf5243, buf5245, buf5247, buf5248, buf5249, buf5250, buf5253, buf5255, buf5257, buf5258, buf5259, buf5260, buf5263, buf5264, buf5270, buf5272, buf5274, buf5275, buf5276, buf5279, buf5281, buf5283, buf5284, buf5285, buf5287, buf5289, buf5291, buf5292, buf5293, buf5295, buf5297, buf5299, buf5300, buf5301, buf5303, buf5305, buf5307, buf5308, buf5309, buf5311, buf5313, buf5315, buf5316, buf5317, buf5319, buf5321, buf5323, buf5324, buf5325, buf5327, buf5329, buf5331, buf5332, buf5333, buf5335, buf5337, buf5338, buf5339, buf5342, buf5347, buf5348, buf5349, buf5344, buf5350, buf5352, buf5354, buf5356, buf5357, buf5358, buf5360, buf5362, buf5364, buf5365, buf5366, buf5368, buf5370, buf5372, buf5373, buf5374, buf5376, buf5378, buf5380, buf5381, buf5382, buf5384, buf5386, buf5388, buf5389, buf5390, buf5392, buf5394, buf5395, buf5396, buf5399, buf5401, buf5402, buf5403, buf5405, buf5407, buf5409, buf5410, buf5411, buf5413, buf5415, buf5417, buf5418, buf5419, buf5421, buf5423, buf5425, buf5426, buf5427, buf5429, buf5431, buf5433, buf5434, buf5435, buf5437, buf5439, buf5441, buf5442, buf5443, buf5445, buf5447, buf5448, buf5449, buf5452, buf5454, buf5455, buf5456, buf5458, buf5460, buf5462, buf5463, buf5464, buf5466, buf5468, buf5470, buf5471, buf5472, buf5474, buf5476, buf5478, buf5479, buf5480, buf5482, buf5484, buf5486, buf5487, buf5488, buf5490, buf5492, buf5494, buf5495, buf5496, buf5498, buf5500, buf5502, buf5503, buf5504, buf5506, buf5508, buf5511, buf5513, buf5515, buf5516, buf5517, buf5520, buf5522, buf5524, buf5525, buf5526, buf5529, buf5531, buf5533, buf5534, buf5535, buf5536, buf5539, buf5541, buf5543, buf5544, buf5545, buf5546, buf5549, buf5550, buf5556, buf5558, buf5560, buf5561, buf5562, buf5565, buf5567, buf5569, buf5570, buf5571, buf5573, buf5575, buf5577, buf5578, buf5579, buf5581, buf5583, buf5585, buf5586, buf5587, buf5589, buf5591, buf5593, buf5594, buf5595, buf5597, buf5599, buf5601, buf5602, buf5603, buf5605, buf5607, buf5609, buf5610, buf5611, buf5613, buf5615, buf5617, buf5618, buf5619, buf5621, buf5623, buf5624, buf5625, buf5628, buf5633, buf5634, buf5635, buf5630, buf5636, buf5638, buf5640, buf5642, buf5643, buf5644, buf5646, buf5648, buf5650, buf5651, buf5652, buf5654, buf5656, buf5658, buf5659, buf5660, buf5662, buf5664, buf5666, buf5667, buf5668, buf5670, buf5672, buf5674, buf5675, buf5676, buf5678, buf5680, buf5681, buf5682, buf5685, buf5687, buf5688, buf5689, buf5691, buf5693, buf5695, buf5696, buf5697, buf5699, buf5701, buf5703, buf5704, buf5705, buf5707, buf5709, buf5711, buf5712, buf5713, buf5715, buf5717, buf5719, buf5720, buf5721, buf5723, buf5725, buf5727, buf5728, buf5729, buf5731, buf5733, buf5734, buf5735, buf5738, buf5740, buf5741, buf5742, buf5744, buf5746, buf5748, buf5749, buf5750, buf5752, buf5754, buf5756, buf5757, buf5758, buf5760, buf5762, buf5764, buf5765, buf5766, buf5768, buf5770, buf5772, buf5773, buf5774, buf5776, buf5778, buf5780, buf5781, buf5782, buf5784, buf5786, buf5788, buf5789, buf5790, buf5792, buf5795, buf5798, buf5799, buf5804, buf5806, buf5808, buf5809, buf5810, buf5813, buf5815, buf5817, buf5818, buf5819, buf5822, buf5824, buf5826, buf5827, buf5828, buf5829, buf5832, buf5834, buf5836, buf5837, buf5838, buf5839, buf5842, buf5843, buf5849, buf5851, buf5853, buf5854, buf5855, buf5858, buf5860, buf5862, buf5863, buf5864, buf5866, buf5868, buf5870, buf5871, buf5872, buf5874, buf5876, buf5878, buf5879, buf5880, buf5882, buf5884, buf5886, buf5887, buf5888, buf5890, buf5892, buf5894, buf5895, buf5896, buf5898, buf5900, buf5902, buf5903, buf5904, buf5906, buf5908, buf5910, buf5911, buf5912, buf5914, buf5916, buf5917, buf5918, buf5921, buf5926, buf5927, buf5928, buf5923, buf5929, buf5931, buf5933, buf5935, buf5936, buf5937, buf5939, buf5941, buf5943, buf5944, buf5945, buf5947, buf5949, buf5951, buf5952, buf5953, buf5955, buf5957, buf5959, buf5960, buf5961, buf5963, buf5965, buf5967, buf5968, buf5969, buf5971, buf5973, buf5974, buf5975, buf5978, buf5980, buf5981, buf5982, buf5984, buf5986, buf5988, buf5989, buf5990, buf5992, buf5994, buf5996, buf5997, buf5998, buf6000, buf6002, buf6004, buf6005, buf6006, buf6008, buf6010, buf6012, buf6013, buf6014, buf6016, buf6018, buf6020, buf6021, buf6022, buf6024, buf6026, buf6027, buf6028, buf6031, buf6033, buf6034, buf6035, buf6037, buf6039, buf6041, buf6042, buf6043, buf6045, buf6047, buf6049, buf6050, buf6051, buf6053, buf6055, buf6057, buf6058, buf6059, buf6061, buf6063, buf6065, buf6066, buf6067, buf6069, buf6071, buf6073, buf6074, buf6075, buf6077, buf6079, buf6081, buf6082, buf6083, buf6085, buf6087, buf6090, buf6092, buf6094, buf6095, buf6096, buf6099, buf6101, buf6103, buf6104, buf6105, buf6108, buf6110, buf6112, buf6113, buf6114, buf6115, buf6118, buf6120, buf6122, buf6123, buf6124, buf6125, buf6128, buf6129, buf6135, buf6137, buf6139, buf6140, buf6141, buf6144, buf6146, buf6148, buf6149, buf6150, buf6152, buf6154, buf6156, buf6157, buf6158, buf6160, buf6162, buf6164, buf6165, buf6166, buf6168, buf6170, buf6172, buf6173, buf6174, buf6176, buf6178, buf6180, buf6181, buf6182, buf6184, buf6186, buf6188, buf6189, buf6190, buf6192, buf6194, buf6196, buf6197, buf6198, buf6200, buf6202, buf6203, buf6204, buf6207, buf6212, buf6213, buf6214, buf6209, buf6215, buf6217, buf6219, buf6221, buf6222, buf6223, buf6225, buf6227, buf6229, buf6230, buf6231, buf6233, buf6235, buf6237, buf6238, buf6239, buf6241, buf6243, buf6245, buf6246, buf6247, buf6249, buf6251, buf6253, buf6254, buf6255, buf6257, buf6259, buf6260, buf6261, buf6264, buf6266, buf6267, buf6268, buf6270, buf6272, buf6274, buf6275, buf6276, buf6278, buf6280, buf6282, buf6283, buf6284, buf6286, buf6288, buf6290, buf6291, buf6292, buf6294, buf6296, buf6298, buf6299, buf6300, buf6302, buf6304, buf6306, buf6307, buf6308, buf6310, buf6312, buf6313, buf6314, buf6317, buf6319, buf6320, buf6321, buf6323, buf6325, buf6327, buf6328, buf6329, buf6331, buf6333, buf6335, buf6336, buf6337, buf6339, buf6341, buf6343, buf6344, buf6345, buf6347, buf6349, buf6351, buf6352, buf6353, buf6355, buf6357, buf6359, buf6360, buf6361, buf6363, buf6365, buf6367, buf6368, buf6369, buf6371, buf6373, buf6376, buf6378, buf6380, buf6381, buf6382, buf6385, buf6387, buf6389, buf6390, buf6391, buf6394, buf6396, buf6398, buf6399, buf6400, buf6401, buf6404, buf6406, buf6408, buf6409, buf6410, buf6411, buf6414, buf6415, buf6421, buf6423, buf6425, buf6426, buf6427, buf6430, buf6432, buf6434, buf6435, buf6436, buf6438, buf6440, buf6442, buf6443, buf6444, buf6446, buf6448, buf6450, buf6451, buf6452, buf6454, buf6456, buf6458, buf6459, buf6460, buf6462, buf6464, buf6466, buf6467, buf6468, buf6470, buf6472, buf6474, buf6475, buf6476, buf6478, buf6480, buf6482, buf6483, buf6484, buf6486, buf6488, buf6489, buf6490, buf6493, buf6498, buf6499, buf6500, buf6495, buf6501, buf6503, buf6505, buf6507, buf6508, buf6509, buf6511, buf6513, buf6515, buf6516, buf6517, buf6519, buf6521, buf6523, buf6524, buf6525, buf6527, buf6529, buf6531, buf6532, buf6533, buf6535, buf6537, buf6539, buf6540, buf6541, buf6543, buf6545, buf6546, buf6547, buf6550, buf6552, buf6553, buf6554, buf6556, buf6558, buf6560, buf6561, buf6562, buf6564, buf6566, buf6568, buf6569, buf6570, buf6572, buf6574, buf6576, buf6577, buf6578, buf6580, buf6582, buf6584, buf6585, buf6586, buf6588, buf6590, buf6592, buf6593, buf6594, buf6596, buf6598, buf6599, buf6600, buf6603, buf6605, buf6606, buf6607, buf6609, buf6611, buf6613, buf6614, buf6615, buf6617, buf6619, buf6621, buf6622, buf6623, buf6625, buf6627, buf6629, buf6630, buf6631, buf6633, buf6635, buf6637, buf6638, buf6639, buf6641, buf6643, buf6645, buf6646, buf6647, buf6649, buf6651, buf6653, buf6654, buf6655, buf6657, buf6660, buf6663, buf6665, buf6667, buf6668, buf6669, buf6672, buf6674, buf6676, buf6677, buf6678, buf6681, buf6683, buf6685, buf6686, buf6687, buf6688, buf6691, buf6693, buf6695, buf6696, buf6697, buf6698, buf6701, buf6702, buf6708, buf6710, buf6712, buf6713, buf6714, buf6717, buf6719, buf6721, buf6722, buf6723, buf6725, buf6727, buf6729, buf6730, buf6731, buf6733, buf6735, buf6737, buf6738, buf6739, buf6741, buf6743, buf6745, buf6746, buf6747, buf6749, buf6751, buf6753, buf6754, buf6755, buf6757, buf6759, buf6761, buf6762, buf6763, buf6765, buf6767, buf6769, buf6770, buf6771, buf6773, buf6775, buf6776, buf6777, buf6780, buf6785, buf6786, buf6787, buf6782, buf6788, buf6790, buf6792, buf6794, buf6795, buf6796, buf6798, buf6800, buf6802, buf6803, buf6804, buf6806, buf6808, buf6810, buf6811, buf6812, buf6814, buf6816, buf6818, buf6819, buf6820, buf6822, buf6824, buf6826, buf6827, buf6828, buf6830, buf6832, buf6833, buf6834, buf6837, buf6839, buf6840, buf6841, buf6843, buf6845, buf6847, buf6848, buf6849, buf6851, buf6853, buf6855, buf6856, buf6857, buf6859, buf6861, buf6863, buf6864, buf6865, buf6867, buf6869, buf6871, buf6872, buf6873, buf6875, buf6877, buf6879, buf6880, buf6881, buf6883, buf6885, buf6886, buf6887, buf6890, buf6892, buf6893, buf6894, buf6896, buf6898, buf6900, buf6901, buf6902, buf6904, buf6906, buf6908, buf6909, buf6910, buf6912, buf6914, buf6916, buf6917, buf6918, buf6920, buf6922, buf6924, buf6925, buf6926, buf6928, buf6930, buf6932, buf6933, buf6934, buf6936, buf6938, buf6940, buf6941, buf6942, buf6944, buf6946, buf6949, buf6951, buf6953, buf6954, buf6955, buf6958, buf6960, buf6962, buf6963, buf6964, buf6967, buf6969, buf6971, buf6972, buf6973, buf6974, buf6977, buf6979, buf6981, buf6982, buf6983, buf6984, buf6987, buf6988, buf6994, buf6996, buf6998, buf6999, buf7000, buf7003, buf7005, buf7007, buf7008, buf7009, buf7011, buf7013, buf7015, buf7016, buf7017, buf7019, buf7021, buf7023, buf7024, buf7025, buf7027, buf7029, buf7031, buf7032, buf7033, buf7035, buf7037, buf7039, buf7040, buf7041, buf7043, buf7045, buf7047, buf7048, buf7049, buf7051, buf7053, buf7055, buf7056, buf7057, buf7059, buf7061, buf7062, buf7063, buf7066, buf7071, buf7072, buf7073, buf7068, buf7074, buf7076, buf7078, buf7080, buf7081, buf7082, buf7084, buf7086, buf7088, buf7089, buf7090, buf7092, buf7094, buf7096, buf7097, buf7098, buf7100, buf7102, buf7104, buf7105, buf7106, buf7108, buf7110, buf7112, buf7113, buf7114, buf7116, buf7118, buf7119, buf7120, buf7123, buf7125, buf7126, buf7127, buf7129, buf7131, buf7133, buf7134, buf7135, buf7137, buf7139, buf7141, buf7142, buf7143, buf7145, buf7147, buf7149, buf7150, buf7151, buf7153, buf7155, buf7157, buf7158, buf7159, buf7161, buf7163, buf7165, buf7166, buf7167, buf7169, buf7171, buf7172, buf7173, buf7176, buf7178, buf7179, buf7180, buf7182, buf7184, buf7186, buf7187, buf7188, buf7190, buf7192, buf7194, buf7195, buf7196, buf7198, buf7200, buf7202, buf7203, buf7204, buf7206, buf7208, buf7210, buf7211, buf7212, buf7214, buf7216, buf7218, buf7219, buf7220, buf7222, buf7224, buf7226, buf7227, buf7228, buf7230, buf7233, buf7236, buf7238, buf7240, buf7241, buf7242, buf7245, buf7247, buf7249, buf7250, buf7251, buf7254, buf7256, buf7258, buf7259, buf7260, buf7261, buf7264, buf7266, buf7268, buf7269, buf7270, buf7271, buf7274, buf7275, buf7281, buf7283, buf7285, buf7286, buf7287, buf7290, buf7292, buf7294, buf7295, buf7296, buf7298, buf7300, buf7302, buf7303, buf7304, buf7306, buf7308, buf7310, buf7311, buf7312, buf7314, buf7316, buf7318, buf7319, buf7320, buf7322, buf7324, buf7326, buf7327, buf7328, buf7330, buf7332, buf7334, buf7335, buf7336, buf7338, buf7340, buf7342, buf7343, buf7344, buf7346, buf7348, buf7349, buf7350, buf7353, buf7358, buf7359, buf7360, buf7355, buf7361, buf7363, buf7365, buf7367, buf7368, buf7369, buf7371, buf7373, buf7375, buf7376, buf7377, buf7379, buf7381, buf7383, buf7384, buf7385, buf7387, buf7389, buf7391, buf7392, buf7393, buf7395, buf7397, buf7399, buf7400, buf7401, buf7403, buf7405, buf7406, buf7407, buf7410, buf7412, buf7413, buf7414, buf7416, buf7418, buf7420, buf7421, buf7422, buf7424, buf7426, buf7428, buf7429, buf7430, buf7432, buf7434, buf7436, buf7437, buf7438, buf7440, buf7442, buf7444, buf7445, buf7446, buf7448, buf7450, buf7452, buf7453, buf7454, buf7456, buf7458, buf7459, buf7460, buf7463, buf7465, buf7466, buf7467, buf7469, buf7471, buf7473, buf7474, buf7475, buf7477, buf7479, buf7481, buf7482, buf7483, buf7485, buf7487, buf7489, buf7490, buf7491, buf7493, buf7495, buf7497, buf7498, buf7499, buf7501, buf7503, buf7505, buf7506, buf7507, buf7509, buf7511, buf7513, buf7514, buf7515, buf7517, buf7519, buf7522, buf7524, buf7526, buf7527, buf7528, buf7531, buf7533, buf7535, buf7536, buf7537, buf7540, buf7542, buf7544, buf7545, buf7546, buf7547, buf7550, buf7552, buf7554, buf7555, buf7556, buf7557, buf7560, buf7561, buf7567, buf7569, buf7571, buf7572, buf7573, buf7576, buf7578, buf7580, buf7581, buf7582, buf7584, buf7586, buf7588, buf7589, buf7590, buf7592, buf7594, buf7596, buf7597, buf7598, buf7600, buf7602, buf7604, buf7605, buf7606, buf7608, buf7610, buf7612, buf7613, buf7614, buf7616, buf7618, buf7620, buf7621, buf7622, buf7624, buf7626, buf7628, buf7629, buf7630, buf7632, buf7634, buf7635, buf7636, buf7639, buf7644, buf7645, buf7646, buf7641, buf7647, buf7649, buf7651, buf7653, buf7654, buf7655, buf7657, buf7659, buf7661, buf7662, buf7663, buf7665, buf7667, buf7669, buf7670, buf7671, buf7673, buf7675, buf7677, buf7678, buf7679, buf7681, buf7683, buf7685, buf7686, buf7687, buf7689, buf7691, buf7692, buf7693, buf7696, buf7698, buf7699, buf7700, buf7702, buf7704, buf7706, buf7707, buf7708, buf7710, buf7712, buf7714, buf7715, buf7716, buf7718, buf7720, buf7722, buf7723, buf7724, buf7726, buf7728, buf7730, buf7731, buf7732, buf7734, buf7736, buf7738, buf7739, buf7740, buf7742, buf7744, buf7745, buf7746, buf7749, buf7751, buf7752, buf7753, buf7755, buf7757, buf7759, buf7760, buf7761, buf7763, buf7765, buf7767, buf7768, buf7769, buf7771, buf7773, buf7775, buf7776, buf7777, buf7779, buf7781, buf7783, buf7784, buf7785, buf7787, buf7789, buf7791, buf7792, buf7793, buf7795, buf7797, buf7799, buf7800, buf7801, buf7803, buf7806, buf7809, buf7811, buf7813, buf7814, buf7815, buf7818, buf7820, buf7822, buf7823, buf7824, buf7827, buf7829, buf7831, buf7832, buf7833, buf7834, buf7837, buf7839, buf7841, buf7842, buf7843, buf7844, buf7847, buf7848, buf7854, buf7856, buf7858, buf7859, buf7860, buf7863, buf7865, buf7867, buf7868, buf7869, buf7871, buf7873, buf7875, buf7876, buf7877, buf7879, buf7881, buf7883, buf7884, buf7885, buf7887, buf7889, buf7891, buf7892, buf7893, buf7895, buf7897, buf7899, buf7900, buf7901, buf7903, buf7905, buf7907, buf7908, buf7909, buf7911, buf7913, buf7915, buf7916, buf7917, buf7919, buf7921, buf7922, buf7923, buf7926, buf7931, buf7932, buf7933, buf7928, buf7934, buf7936, buf7938, buf7940, buf7941, buf7942, buf7944, buf7946, buf7948, buf7949, buf7950, buf7952, buf7954, buf7956, buf7957, buf7958, buf7960, buf7962, buf7964, buf7965, buf7966, buf7968, buf7970, buf7972, buf7973, buf7974, buf7976, buf7978, buf7979, buf7980, buf7983, buf7985, buf7986, buf7987, buf7989, buf7991, buf7993, buf7994, buf7995, buf7997, buf7999, buf8001, buf8002, buf8003, buf8005, buf8007, buf8009, buf8010, buf8011, buf8013, buf8015, buf8017, buf8018, buf8019, buf8021, buf8023, buf8025, buf8026, buf8027, buf8029, buf8031, buf8032, buf8033, buf8036, buf8038, buf8039, buf8040, buf8042, buf8044, buf8046, buf8047, buf8048, buf8050, buf8052, buf8054, buf8055, buf8056, buf8058, buf8060, buf8062, buf8063, buf8064, buf8066, buf8068, buf8070, buf8071, buf8072, buf8074, buf8076, buf8078, buf8079, buf8080, buf8082, buf8084, buf8086, buf8087, buf8088, buf8090, buf8092, buf8095, buf8097, buf8099, buf8100, buf8101, buf8104, buf8106, buf8108, buf8109, buf8110, buf8113, buf8115, buf8117, buf8118, buf8119, buf8120, buf8123, buf8125, buf8127, buf8128, buf8129, buf8130, buf8133, buf8134, buf8140, buf8142, buf8144, buf8145, buf8146, buf8149, buf8151, buf8153, buf8154, buf8155, buf8157, buf8159, buf8161, buf8162, buf8163, buf8165, buf8167, buf8169, buf8170, buf8171, buf8173, buf8175, buf8177, buf8178, buf8179, buf8181, buf8183, buf8185, buf8186, buf8187, buf8189, buf8191, buf8193, buf8194, buf8195, buf8197, buf8199, buf8201, buf8202, buf8203, buf8205, buf8207, buf8208, buf8209, buf8212, buf8217, buf8218, buf8219, buf8214, buf8220, buf8222, buf8224, buf8226, buf8227, buf8228, buf8230, buf8232, buf8234, buf8235, buf8236, buf8238, buf8240, buf8242, buf8243, buf8244, buf8246, buf8248, buf8250, buf8251, buf8252, buf8254, buf8256, buf8258, buf8259, buf8260, buf8262, buf8264, buf8265, buf8266, buf8269, buf8271, buf8272, buf8273, buf8275, buf8277, buf8279, buf8280, buf8281, buf8283, buf8285, buf8287, buf8288, buf8289, buf8291, buf8293, buf8295, buf8296, buf8297, buf8299, buf8301, buf8303, buf8304, buf8305, buf8307, buf8309, buf8311, buf8312, buf8313, buf8315, buf8317, buf8318, buf8319, buf8322, buf8324, buf8325, buf8326, buf8328, buf8330, buf8332, buf8333, buf8334, buf8336, buf8338, buf8340, buf8341, buf8342, buf8344, buf8346, buf8348, buf8349, buf8350, buf8352, buf8354, buf8356, buf8357, buf8358, buf8360, buf8362, buf8364, buf8365, buf8366, buf8368, buf8370, buf8372, buf8373, buf8374, buf8376, buf8379, buf8382, buf8383, buf8388, buf8390, buf8392, buf8393, buf8394, buf8397, buf8399, buf8401, buf8402, buf8403, buf8406, buf8408, buf8410, buf8411, buf8412, buf8413, buf8416, buf8418, buf8420, buf8421, buf8422, buf8423, buf8426, buf8427, buf8433, buf8435, buf8437, buf8438, buf8439, buf8442, buf8444, buf8446, buf8447, buf8448, buf8450, buf8452, buf8454, buf8455, buf8456, buf8458, buf8460, buf8462, buf8463, buf8464, buf8466, buf8468, buf8470, buf8471, buf8472, buf8474, buf8476, buf8478, buf8479, buf8480, buf8482, buf8484, buf8486, buf8487, buf8488, buf8490, buf8492, buf8494, buf8495, buf8496, buf8498, buf8500, buf8501, buf8502, buf8505, buf8510, buf8511, buf8512, buf8507, buf8513, buf8515, buf8517, buf8519, buf8520, buf8521, buf8523, buf8525, buf8527, buf8528, buf8529, buf8531, buf8533, buf8535, buf8536, buf8537, buf8539, buf8541, buf8543, buf8544, buf8545, buf8547, buf8549, buf8551, buf8552, buf8553, buf8555, buf8557, buf8558, buf8559, buf8562, buf8564, buf8565, buf8566, buf8568, buf8570, buf8572, buf8573, buf8574, buf8576, buf8578, buf8580, buf8581, buf8582, buf8584, buf8586, buf8588, buf8589, buf8590, buf8592, buf8594, buf8596, buf8597, buf8598, buf8600, buf8602, buf8604, buf8605, buf8606, buf8608, buf8610, buf8611, buf8612, buf8615, buf8617, buf8618, buf8619, buf8621, buf8623, buf8625, buf8626, buf8627, buf8629, buf8631, buf8633, buf8634, buf8635, buf8637, buf8639, buf8641, buf8642, buf8643, buf8645, buf8647, buf8649, buf8650, buf8651, buf8653, buf8655, buf8657, buf8658, buf8659, buf8661, buf8663, buf8665, buf8666, buf8667, buf8669, buf8671, buf8674, buf8676, buf8678, buf8679, buf8680, buf8683, buf8685, buf8687, buf8688, buf8689, buf8692, buf8694, buf8696, buf8697, buf8698, buf8699, buf8702, buf8704, buf8706, buf8707, buf8708, buf8709, buf8712, buf8713, buf8719, buf8721, buf8723, buf8724, buf8725, buf8728, buf8730, buf8732, buf8733, buf8734, buf8736, buf8738, buf8740, buf8741, buf8742, buf8744, buf8746, buf8748, buf8749, buf8750, buf8752, buf8754, buf8756, buf8757, buf8758, buf8760, buf8762, buf8764, buf8765, buf8766, buf8768, buf8770, buf8772, buf8773, buf8774, buf8776, buf8778, buf8780, buf8781, buf8782, buf8784, buf8786, buf8787, buf8788, buf8791, buf8796, buf8797, buf8798, buf8793, buf8799, buf8801, buf8803, buf8805, buf8806, buf8807, buf8809, buf8811, buf8813, buf8814, buf8815, buf8817, buf8819, buf8821, buf8822, buf8823, buf8825, buf8827, buf8829, buf8830, buf8831, buf8833, buf8835, buf8837, buf8838, buf8839, buf8841, buf8843, buf8844, buf8845, buf8848, buf8850, buf8851, buf8852, buf8854, buf8856, buf8858, buf8859, buf8860, buf8862, buf8864, buf8866, buf8867, buf8868, buf8870, buf8872, buf8874, buf8875, buf8876, buf8878, buf8880, buf8882, buf8883, buf8884, buf8886, buf8888, buf8890, buf8891, buf8892, buf8894, buf8896, buf8897, buf8898, buf8901, buf8903, buf8904, buf8905, buf8907, buf8909, buf8911, buf8912, buf8913, buf8915, buf8917, buf8919, buf8920, buf8921, buf8923, buf8925, buf8927, buf8928, buf8929, buf8931, buf8933, buf8935, buf8936, buf8937, buf8939, buf8941, buf8943, buf8944, buf8945, buf8947, buf8949, buf8951, buf8952, buf8953, buf8955, buf8957, buf8960, buf8962, buf8964, buf8965, buf8966, buf8969, buf8971, buf8973, buf8974, buf8975, buf8978, buf8980, buf8982, buf8983, buf8984, buf8985, buf8988, buf8990, buf8992, buf8993, buf8994, buf8995, buf8998, buf8999, buf9005, buf9007, buf9009, buf9010, buf9011, buf9014, buf9016, buf9018, buf9019, buf9020, buf9022, buf9024, buf9026, buf9027, buf9028, buf9030, buf9032, buf9034, buf9035, buf9036, buf9038, buf9040, buf9042, buf9043, buf9044, buf9046, buf9048, buf9050, buf9051, buf9052, buf9054, buf9056, buf9058, buf9059, buf9060, buf9062, buf9064, buf9066, buf9067, buf9068, buf9070, buf9072, buf9073, buf9074, buf9077, buf9082, buf9083, buf9084, buf9079, buf9085, buf9087, buf9089, buf9091, buf9092, buf9093, buf9095, buf9097, buf9099, buf9100, buf9101, buf9103, buf9105, buf9107, buf9108, buf9109, buf9111, buf9113, buf9115, buf9116, buf9117, buf9119, buf9121, buf9123, buf9124, buf9125, buf9127, buf9129, buf9130, buf9131, buf9134, buf9136, buf9137, buf9138, buf9140, buf9142, buf9144, buf9145, buf9146, buf9148, buf9150, buf9152, buf9153, buf9154, buf9156, buf9158, buf9160, buf9161, buf9162, buf9164, buf9166, buf9168, buf9169, buf9170, buf9172, buf9174, buf9176, buf9177, buf9178, buf9180, buf9182, buf9183, buf9184, buf9187, buf9189, buf9190, buf9191, buf9193, buf9195, buf9197, buf9198, buf9199, buf9201, buf9203, buf9205, buf9206, buf9207, buf9209, buf9211, buf9213, buf9214, buf9215, buf9217, buf9219, buf9221, buf9222, buf9223, buf9225, buf9227, buf9229, buf9230, buf9231, buf9233, buf9235, buf9237, buf9238, buf9239, buf9241, buf9244, buf9247, buf9249, buf9251, buf9252, buf9253, buf9256, buf9258, buf9260, buf9261, buf9262, buf9265, buf9267, buf9269, buf9270, buf9271, buf9272, buf9275, buf9277, buf9279, buf9280, buf9281, buf9282, buf9285, buf9286, buf9292, buf9294, buf9296, buf9297, buf9298, buf9301, buf9303, buf9305, buf9306, buf9307, buf9309, buf9311, buf9313, buf9314, buf9315, buf9317, buf9319, buf9321, buf9322, buf9323, buf9325, buf9327, buf9329, buf9330, buf9331, buf9333, buf9335, buf9337, buf9338, buf9339, buf9341, buf9343, buf9345, buf9346, buf9347, buf9349, buf9351, buf9353, buf9354, buf9355, buf9357, buf9359, buf9360, buf9361, buf9364, buf9369, buf9370, buf9371, buf9366, buf9372, buf9374, buf9376, buf9378, buf9379, buf9380, buf9382, buf9384, buf9386, buf9387, buf9388, buf9390, buf9392, buf9394, buf9395, buf9396, buf9398, buf9400, buf9402, buf9403, buf9404, buf9406, buf9408, buf9410, buf9411, buf9412, buf9414, buf9416, buf9417, buf9418, buf9421, buf9423, buf9424, buf9425, buf9427, buf9429, buf9431, buf9432, buf9433, buf9435, buf9437, buf9439, buf9440, buf9441, buf9443, buf9445, buf9447, buf9448, buf9449, buf9451, buf9453, buf9455, buf9456, buf9457, buf9459, buf9461, buf9463, buf9464, buf9465, buf9467, buf9469, buf9470, buf9471, buf9474, buf9476, buf9477, buf9478, buf9480, buf9482, buf9484, buf9485, buf9486, buf9488, buf9490, buf9492, buf9493, buf9494, buf9496, buf9498, buf9500, buf9501, buf9502, buf9504, buf9506, buf9508, buf9509, buf9510, buf9512, buf9514, buf9516, buf9517, buf9518, buf9520, buf9522, buf9524, buf9525, buf9526, buf9528, buf9530, buf9533, buf9535, buf9537, buf9538, buf9539, buf9542, buf9544, buf9546, buf9547, buf9548, buf9551, buf9553, buf9555, buf9556, buf9557, buf9558, buf9561, buf9563, buf9565, buf9566, buf9567, buf9568, buf9571, buf9572, buf9578, buf9580, buf9582, buf9583, buf9584, buf9587, buf9589, buf9591, buf9592, buf9593, buf9595, buf9597, buf9599, buf9600, buf9601, buf9603, buf9605, buf9607, buf9608, buf9609, buf9611, buf9613, buf9615, buf9616, buf9617, buf9619, buf9621, buf9623, buf9624, buf9625, buf9627, buf9629, buf9631, buf9632, buf9633, buf9635, buf9637, buf9639, buf9640, buf9641, buf9643, buf9645, buf9646, buf9647, buf9650, buf9655, buf9656, buf9657, buf9652, buf9658, buf9660, buf9662, buf9664, buf9665, buf9666, buf9668, buf9670, buf9672, buf9673, buf9674, buf9676, buf9678, buf9680, buf9681, buf9682, buf9684, buf9686, buf9688, buf9689, buf9690, buf9692, buf9694, buf9696, buf9697, buf9698, buf9700, buf9702, buf9703, buf9704, buf9707, buf9709, buf9710, buf9711, buf9713, buf9715, buf9717, buf9718, buf9719, buf9721, buf9723, buf9725, buf9726, buf9727, buf9729, buf9731, buf9733, buf9734, buf9735, buf9737, buf9739, buf9741, buf9742, buf9743, buf9745, buf9747, buf9749, buf9750, buf9751, buf9753, buf9755, buf9756, buf9757, buf9760, buf9762, buf9763, buf9764, buf9766, buf9768, buf9770, buf9771, buf9772, buf9774, buf9776, buf9778, buf9779, buf9780, buf9782, buf9784, buf9786, buf9787, buf9788, buf9790, buf9792, buf9794, buf9795, buf9796, buf9798, buf9800, buf9802, buf9803, buf9804, buf9806, buf9808, buf9810, buf9811, buf9812, buf9814, buf9817, buf9820, buf9822, buf9824, buf9825, buf9826, buf9829, buf9831, buf9833, buf9834, buf9835, buf9838, buf9840, buf9842, buf9843, buf9844, buf9845, buf9848, buf9850, buf9852, buf9853, buf9854, buf9855, buf9858, buf9859, buf9865, buf9867, buf9869, buf9870, buf9871, buf9874, buf9876, buf9878, buf9879, buf9880, buf9882, buf9884, buf9886, buf9887, buf9888, buf9890, buf9892, buf9894, buf9895, buf9896, buf9898, buf9900, buf9902, buf9903, buf9904, buf9906, buf9908, buf9910, buf9911, buf9912, buf9914, buf9916, buf9918, buf9919, buf9920, buf9922, buf9924, buf9926, buf9927, buf9928, buf9930, buf9932, buf9933, buf9934, buf9937, buf9942, buf9943, buf9944, buf9939, buf9945, buf9947, buf9949, buf9951, buf9952, buf9953, buf9955, buf9957, buf9959, buf9960, buf9961, buf9963, buf9965, buf9967, buf9968, buf9969, buf9971, buf9973, buf9975, buf9976, buf9977, buf9979, buf9981, buf9983, buf9984, buf9985, buf9987, buf9989, buf9990, buf9991, buf9994, buf9996, buf9997, buf9998, buf10000, buf10002, buf10004, buf10005, buf10006, buf10008, buf10010, buf10012, buf10013, buf10014, buf10016, buf10018, buf10020, buf10021, buf10022, buf10024, buf10026, buf10028, buf10029, buf10030, buf10032, buf10034, buf10036, buf10037, buf10038, buf10040, buf10042, buf10043, buf10044, buf10047, buf10049, buf10050, buf10051, buf10053, buf10055, buf10057, buf10058, buf10059, buf10061, buf10063, buf10065, buf10066, buf10067, buf10069, buf10071, buf10073, buf10074, buf10075, buf10077, buf10079, buf10081, buf10082, buf10083, buf10085, buf10087, buf10089, buf10090, buf10091, buf10093, buf10095, buf10097, buf10098, buf10099, buf10101, buf10103, buf10106, buf10108, buf10110, buf10111, buf10112, buf10115, buf10117, buf10119, buf10120, buf10121, buf10124, buf10126, buf10128, buf10129, buf10130, buf10131, buf10134, buf10136, buf10138, buf10139, buf10140, buf10141, buf10144, buf10145, buf10151, buf10153, buf10155, buf10156, buf10157, buf10160, buf10162, buf10164, buf10165, buf10166, buf10168, buf10170, buf10172, buf10173, buf10174, buf10176, buf10178, buf10180, buf10181, buf10182, buf10184, buf10186, buf10188, buf10189, buf10190, buf10192, buf10194, buf10196, buf10197, buf10198, buf10200, buf10202, buf10204, buf10205, buf10206, buf10208, buf10210, buf10212, buf10213, buf10214, buf10216, buf10218, buf10219, buf10220, buf10223, buf10228, buf10229, buf10230, buf10225, buf10231, buf10233, buf10235, buf10237, buf10238, buf10239, buf10241, buf10243, buf10245, buf10246, buf10247, buf10249, buf10251, buf10253, buf10254, buf10255, buf10257, buf10259, buf10261, buf10262, buf10263, buf10265, buf10267, buf10269, buf10270, buf10271, buf10273, buf10275, buf10276, buf10277, buf10280, buf10282, buf10283, buf10284, buf10286, buf10288, buf10290, buf10291, buf10292, buf10294, buf10296, buf10298, buf10299, buf10300, buf10302, buf10304, buf10306, buf10307, buf10308, buf10310, buf10312, buf10314, buf10315, buf10316, buf10318, buf10320, buf10322, buf10323, buf10324, buf10326, buf10328, buf10329, buf10330, buf10333, buf10335, buf10336, buf10337, buf10339, buf10341, buf10343, buf10344, buf10345, buf10347, buf10349, buf10351, buf10352, buf10353, buf10355, buf10357, buf10359, buf10360, buf10361, buf10363, buf10365, buf10367, buf10368, buf10369, buf10371, buf10373, buf10375, buf10376, buf10377, buf10379, buf10381, buf10383, buf10384, buf10385, buf10387, buf10390, buf10393, buf10395, buf10397, buf10398, buf10399, buf10402, buf10404, buf10406, buf10407, buf10408, buf10411, buf10413, buf10415, buf10416, buf10417, buf10418, buf10421, buf10423, buf10425, buf10426, buf10427, buf10428, buf10431, buf10432, buf10438, buf10440, buf10442, buf10443, buf10444, buf10447, buf10449, buf10451, buf10452, buf10453, buf10455, buf10457, buf10459, buf10460, buf10461, buf10463, buf10465, buf10467, buf10468, buf10469, buf10471, buf10473, buf10475, buf10476, buf10477, buf10479, buf10481, buf10483, buf10484, buf10485, buf10487, buf10489, buf10491, buf10492, buf10493, buf10495, buf10497, buf10499, buf10500, buf10501, buf10503, buf10505, buf10506, buf10507, buf10510, buf10515, buf10516, buf10517, buf10512, buf10518, buf10520, buf10522, buf10524, buf10525, buf10526, buf10528, buf10530, buf10532, buf10533, buf10534, buf10536, buf10538, buf10540, buf10541, buf10542, buf10544, buf10546, buf10548, buf10549, buf10550, buf10552, buf10554, buf10556, buf10557, buf10558, buf10560, buf10562, buf10563, buf10564, buf10567, buf10569, buf10570, buf10571, buf10573, buf10575, buf10577, buf10578, buf10579, buf10581, buf10583, buf10585, buf10586, buf10587, buf10589, buf10591, buf10593, buf10594, buf10595, buf10597, buf10599, buf10601, buf10602, buf10603, buf10605, buf10607, buf10609, buf10610, buf10611, buf10613, buf10615, buf10616, buf10617, buf10620, buf10622, buf10623, buf10624, buf10626, buf10628, buf10630, buf10631, buf10632, buf10634, buf10636, buf10638, buf10639, buf10640, buf10642, buf10644, buf10646, buf10647, buf10648, buf10650, buf10652, buf10654, buf10655, buf10656, buf10658, buf10660, buf10662, buf10663, buf10664, buf10666, buf10668, buf10670, buf10671, buf10672, buf10674, buf10676, buf10679, buf10681, buf10683, buf10684, buf10685, buf10688, buf10690, buf10692, buf10693, buf10694, buf10697, buf10699, buf10701, buf10702, buf10703, buf10704, buf10707, buf10709, buf10711, buf10712, buf10713, buf10714, buf10717, buf10718, buf10724, buf10726, buf10728, buf10729, buf10730, buf10733, buf10735, buf10737, buf10738, buf10739, buf10741, buf10743, buf10745, buf10746, buf10747, buf10749, buf10751, buf10753, buf10754, buf10755, buf10757, buf10759, buf10761, buf10762, buf10763, buf10765, buf10767, buf10769, buf10770, buf10771, buf10773, buf10775, buf10777, buf10778, buf10779, buf10781, buf10783, buf10785, buf10786, buf10787, buf10789, buf10791, buf10792, buf10793, buf10796, buf10801, buf10802, buf10803, buf10798, buf10804, buf10806, buf10808, buf10810, buf10811, buf10812, buf10814, buf10816, buf10818, buf10819, buf10820, buf10822, buf10824, buf10826, buf10827, buf10828, buf10830, buf10832, buf10834, buf10835, buf10836, buf10838, buf10840, buf10842, buf10843, buf10844, buf10846, buf10848, buf10849, buf10850, buf10853, buf10855, buf10856, buf10857, buf10859, buf10861, buf10863, buf10864, buf10865, buf10867, buf10869, buf10871, buf10872, buf10873, buf10875, buf10877, buf10879, buf10880, buf10881, buf10883, buf10885, buf10887, buf10888, buf10889, buf10891, buf10893, buf10895, buf10896, buf10897, buf10899, buf10901, buf10902, buf10903, buf10906, buf10908, buf10909, buf10910, buf10912, buf10914, buf10916, buf10917, buf10918, buf10920, buf10922, buf10924, buf10925, buf10926, buf10928, buf10930, buf10932, buf10933, buf10934, buf10936, buf10938, buf10940, buf10941, buf10942, buf10944, buf10946, buf10948, buf10949, buf10950, buf10952, buf10954, buf10956, buf10957, buf10958, buf10960, buf10963, primals_4, primals_6, primals_7, primals_9, primals_10, primals_12, primals_13, primals_15, primals_16, primals_18, primals_20, primals_22, primals_23, primals_25, primals_26, primals_28, primals_29, primals_31, primals_32, primals_34, primals_36, primals_38, primals_39, primals_41, primals_42, primals_44, primals_45, primals_47, primals_48, primals_50, primals_52, primals_53, primals_55, primals_56, primals_58, primals_59, primals_61, primals_62, primals_64, primals_65, primals_67, primals_69, primals_71, primals_72, primals_74, primals_75, primals_77, primals_78, primals_80, primals_81, primals_83, primals_85, primals_86, primals_88, primals_89, primals_91, primals_92, primals_94, primals_95, primals_97, primals_98, primals_100, primals_101, primals_102, primals_103, primals_105, primals_106, primals_107, primals_108, primals_109, primals_110, primals_111, primals_113, primals_114, primals_115, primals_116, primals_117, primals_118, primals_119, primals_120, primals_121, primals_122, primals_123, primals_124, primals_126, primals_127, primals_128, primals_129, primals_130, primals_131, primals_132, primals_133, primals_134, primals_135, primals_137, primals_138, primals_139, primals_140, primals_142, primals_143, primals_144, primals_145, primals_147, primals_148, primals_149, primals_152, primals_154, primals_156, primals_157, primals_158, primals_159, primals_161, primals_162, primals_163, primals_164, primals_166, primals_167, primals_168, primals_169, primals_170, primals_171, primals_172, primals_174, primals_175, primals_176, primals_177, primals_178, primals_179, primals_181, primals_182, primals_183, primals_184, primals_186, primals_187, primals_188, primals_189, primals_191, primals_192, primals_193, primals_194, primals_196, primals_197, primals_198, primals_199, primals_201, primals_202, primals_203, primals_204, primals_206, primals_207, primals_208, primals_209, primals_211, primals_212, primals_213, primals_214, primals_216, primals_217, primals_218, primals_219, primals_221, primals_222, primals_223, primals_224, primals_225, primals_226, primals_232, primals_228, primals_230, primals_231, primals_233, primals_235, primals_236, primals_237, primals_238, primals_240, primals_241, primals_242, primals_243, primals_245, primals_246, primals_247, primals_248, primals_250, primals_251, primals_252, primals_253, primals_255, primals_256, primals_257, primals_258, primals_260, primals_261, primals_262, primals_263, primals_264, primals_265, primals_267, primals_268, primals_270, primals_271, primals_272, primals_273, primals_275, primals_276, primals_277, primals_278, primals_280, primals_281, primals_282, primals_283, primals_285, primals_286, primals_287, primals_288, primals_290, primals_291, primals_292, primals_293, primals_295, primals_296, primals_297, primals_298, primals_299, primals_300, primals_302, primals_303, primals_305, primals_306, primals_307, primals_308, primals_310, primals_311, primals_312, primals_313, primals_315, primals_316, primals_317, primals_318, primals_320, primals_321, primals_322, primals_323, primals_325, primals_326, primals_327, primals_328, primals_330, primals_331, primals_332, primals_333, primals_335, primals_336) = self.partitions[0](partition0_args)
[rank0]:                                                                                                                                                                                                                                                                                                                                                                                                                                                                                                                                                                                                                                                                                                                                                                                                                                                                                                                                                                                                                                                                                                                                                                                                                                                                                                                                                                                                                                                                                                                                                                                                                                                                                                                                                                                                                                                                                                                                                                                                                                                                                                                                                                                                                                                                                                                                                                                                                                                                                                                                                                                                                                                                                                                                                                                                                                                                                                                                                                                                                                                                                                                                                                                                                                                                                                                                                                                                                                                                                                                                                                                                                                                                                                                                                                                                                                                                                                                                                                                                                                                                                                                                                                                                                                                                                                                                                                                                                                                                                                                                                                                                                                                                                                                                                                                                                                                                                                                                                                                                                                                                                                                                                                                                                                                                                                                                                                                                                                                                                                                                                                                                                                                                                                                                                                                                                                                                                                                                                                                                                                                                                                                                                                                                                                                                                                                                                                                                                                                                                                                                                                                                                                                                                                                                                                                                                                                                                                                                                                                                                                                                                                                                                                                                                                                                                                                                                                                                                                                                                                                                                                                                                                                                                                                                                                                                                                                                                                                                                                                                                                                                                                                                                                                                                                                                                                                                                                                                                                                                                                                                                                                                                                                                                                                                                                                                                                                                                                                                                                                                                                                                                                                                                                                                                                                                                                                                                                                                                                                                                                                                                                                                                                                                                                                                                                                                                                                                                                                                                                                                                                                                                                                                                                                                                                                                                                                                                                                                                                                                                                                                                                                                                                                                                                                                                                                                                                                                                                                                                                                                                                                                                                                                                                                                                                                                                                                                                                                                                                                                                                                                                                                                                                                                                                                                                                                                                                                                                                                                                                                                                                                                                                                                                                                                                                                                                                                                                                                                                                                                                                                                                                                                                                                                                                                                                                                                                                                                                                                                                                                                                                                                                                                                                                                                                                                                                                                                                                                                                                                                                                                                                                                                                                                                                                                                                                                                                                                                                                                                                                                                                                                                                                                                                                                                                                                                                                                                                                                                                                                                                                                                                                                                                                                                                                                                                                                                                                                                                                                                                                                                                                                                                                                                                                                                                                                                                                                                                                                                                                                                                                                                                                                                                                                                                                                                                                                                                                                                                                                                                                                                                                                                                                                                                                                                                                                                                                                                                                                                                                                                                                                                                                                                                                                                                                                                                                                                                                                                                                                                                                                                                                                                                                                                                                                                                                                                                                                                                                                                                                                                                                                                                                                                                                                                                                                                                                                                                                                                                                                                                                                                                                                                                                                                                                                                                                                                                                                                                                                                                                                                                                                                                                                                                                                                                                                                                                                                                                                                                                                                                                                                                                                                                                                                                                                                                                                                                                                                                                                                                                                                                                                                                                                                                                                                                                                                                                                                                                                                                                                                                                                                                                                                                                                                                                                                                                                                                                                                                                                                                                                                                                                                                                                                                                                                                                                                                                                                                                                                                                                                                                                                                                                                                                                                                                                                                                                                                                                                                                                                                                                                                                                                                                                                                                                                                                                                                                                                                                                                                                                                                                                                                                                                                                                                                                                                                                                                                                                                                                                                                                                                                                                                                                                                                                                                                                                                                                                                                                                                                                                                                                                                                                                                                                                                                                                                                                                                                                                                                                                                                                                                                                                                                                                                                                                                                                                                                                                                                                                                                                                                                                                                                                                                                                                                                                                                                                                                                                                                                                                                                                                                                                                                                                                                                                                                                                                                                                                                                                                                                                                                                                                                                                                                                                                                                                                                                                                                                                                                                                                                                                                                                                                                                                                                                                                                                                                                                                                                                                                                                                                                                                                                                                                                                                                                                                                                                                                                                                                                                                                                                                                                                                                                                                                                                                                                                                                                                                                                                                                                                                                                                                                                                                                                                                                                                                                                                                                                                                                                                                                                                                                                                                                                                                                                                                                                                                                                                                                                                                                                                                                                                                                                                                                                                                                                                                                                                                                                                                                                                                                                                                                                                                                                                                                                                                                                                                                                                                                                                                                                                                                                                                                                                                                                                                                                                                                                                                                                                                                                                                                                                                                                                                                                                                                                                                                                                                                                                                                                                                                                                                                                                                                                                                                                                                                                                                                                                                                                                                                                                                                                                                                                                                                                                                                                                                                                                                                                                                                                                                                                                                                                                                                                                                                                                                                                                                                                                                                                                                                                                                                                                                                                                                                                                                                                                                                                                                                                                                                                                                                                                                                                                                                                                                                                                                                                                                                                                                                                                                                                                                                                                                                                                                                                                                                                                                                                                                                                                                                                                                                                                                                                                                                                                                                                                                                                                                                                                                                                                                                                                                                                                                                                                                                                                                                                                                                                                                                                                                                                                                                                                                                                                                                                                                                                                                                                                                                                                                                                                                                                                                                                                                                                                                                                                                                                                                                                                                                                                                                                                                                                                                                                                                                                                                                                                                                                                                                                                                                                                                                                                                                                                                                                                                                                                                                                                                                                                                                                                                                                                                                                                                                                                                                                                                                                                                                                                                                                                                                                                                                                                                                                                                                                                                                                                                                                                                                                                                                                                                                                                                                                                                                                                                                                                                                                                                                                                                                                                                                                                                                                                                                                                                                                                                                                                                                                                                                                                                                                                                                                                                                                                                                                                                                                                                                                                                                                                                                                                                                                                                                                                                                                                                                                                                                                                                                                                                                                                                                                                                                                                                                                                                                                                                                                                                                                                                                                                                                                                                                                                                                                                                                                                                                                                                                                                                                                                                                                                                                                                                                                                                                                                                                                                                                                                                                                                                                                                                                                                                                                                                                                                                                                                                                                                                                                                                                                                                                                                                                                                                                                                                                                                                                                                                                                                                                                                                                                                                                                                                                                                                                                                                                                                                                                                                                                                                                                                                                                                                                                                                                                                                                                                                                                                                                                                                                                                                                                                                                                                                                                                                                                                                                                                                                                                                                                                                                                                                                                                                                                                                                                                                                                                                                                                                                                                                                                                                                                                                                                                                                                                                                                                                                                                                                                                                                                                                                                                                                                                                                                                                                                                                                                                                                                                                                                                                                                                                                                                                                                                                                                                                                                                                                                                                                                                                                                                                                                                                                                                                                                                                                                                                                                                                                                                                                                                                                                                                                                                                                                                                                                                                                                                                                                                                                                                                                                                                                                                                                                                                                                                                                                                                                                                                                                                                                                                                                                                                                                                                                                                                                                                                                                                                                                                                                                                                                                                                                                                                                                                                                                                                                                                                                                                                                                                                                                                                                                                                                                                                                                                                                                                                                                                                                                                                                                                                                                                                                                                                                                                                                                                                                                                                                                                                                                                                                                                                                                                                                                                                                                                                                                                                                                                                                                                                                                                                                                                                                                                                                                                                                                                                                                                                                                                                                                                                                                                                                                                                                                                                                                                                                                                                                                                                                                                                                                                                                                                                                                                                                                                                                                                                                                                                                                                                                                                                                                                                                                                                                                                                                                                                                                                                                                                                                                                                                                                                                                                                                                                                                                                                                                                                                                                                                                                                                                                                                                                                                                                                                                                                                                                                                                                                                                                                                                                                                                                                                                                                                                                                                                                                                                                                                                                                                                                                                                                                                                                                                                                                                                                                                                                                                                                                                                                                                                                                                                                                                                                                                                                                                                                                                                                                                                                                                                                                                                                                                                                                                                                                                                                                                                                                                                                                                                                                                                                                                                                                                                                                                                                                                                                                                                                                                                                                                                                                                                                                                                                                                                                                                                                                                                                                                                                                                                                                                                                                                                                                                                                                                                                                                                                                                                                                                                                                                                                                                                                                                                                                                                                                                                                                                                                                                                                                                                                                                                                                                                                                                                                                                                                                                                                                                                                                                                                                                                                                                                                                                                                                                                                                                                                                                                                                                                                                                                                                                                                                                                                                                                                                                                                                                                                                                                                                                                                                                                                                                                                                                                                                                                                                                                                                                                                                                                                                                                                                                                                                                                                                                                                                                                                                                                                                                                                                                                                                                                                                                                                                                                                                                                                                                                                                                                                                                                                                                                                                                                                                                                                                                                                                                                                                                                                                                                                                                                                                                                                                                                                                                                                                                                                                                                                                                                                                                                                                                                                                                                                                                                                                                                                                                                                                                                                                                                                                                                                                                                                                                                                                                                                                                                                                                                                                                                                                                                                                                                                                                                                                                                                                                                                                                                                                                                                                                                                                                                                                                                                                                                                                                                                                                                                                                                                                                                                                                                                                                                                                                                                                                                                                                                                                                                                                                                                                                                                                                                                                                                                                                                                                                                                                                                                                                                                                                                                                                                                                                                                                                                                                                                                                                                                                                                                                                                                                                                                                                                                                                                                                                                                                                                                                                                                                                                                                                                                                                                                                                                                                                                                                                                                                                                                                                                                                                                                                                                                                                                                                                                                                                                                                                                                                                                                                                                                                                                                                                                                                                                                                                                                   ^^^^^^^^^^^^^^^^^^^^^^^^^^^^^^^^^^^
[rank0]:   File "/project/6101839/piado/vae/snth/lib/python3.11/site-packages/torch/_inductor/compile_fx.py", line 1843, in run
[rank0]:     return compiled_fn(new_inputs)  # type: ignore[arg-type]
[rank0]:            ^^^^^^^^^^^^^^^^^^^^^^^
[rank0]:   File "/project/6101839/piado/vae/snth/lib/python3.11/site-packages/torch/_inductor/cudagraph_trees.py", line 404, in deferred_cudagraphify
[rank0]:     fn, out = cudagraphify(model, inputs, new_static_input_idxs, *args, **kwargs)
[rank0]:               ^^^^^^^^^^^^^^^^^^^^^^^^^^^^^^^^^^^^^^^^^^^^^^^^^^^^^^^^^^^^^^^^^^^
[rank0]:   File "/project/6101839/piado/vae/snth/lib/python3.11/site-packages/torch/_inductor/cudagraph_trees.py", line 464, in cudagraphify
[rank0]:     return manager.add_function(
[rank0]:            ^^^^^^^^^^^^^^^^^^^^^
[rank0]:   File "/project/6101839/piado/vae/snth/lib/python3.11/site-packages/torch/_inductor/cudagraph_trees.py", line 2337, in add_function
[rank0]:     return fn, fn(inputs)
[rank0]:                ^^^^^^^^^^
[rank0]:   File "/project/6101839/piado/vae/snth/lib/python3.11/site-packages/torch/_inductor/cudagraph_trees.py", line 2033, in run
[rank0]:     out = self._run(new_inputs, function_id)
[rank0]:           ^^^^^^^^^^^^^^^^^^^^^^^^^^^^^^^^^^
[rank0]:   File "/project/6101839/piado/vae/snth/lib/python3.11/site-packages/torch/_inductor/cudagraph_trees.py", line 2137, in _run
[rank0]:     return self.run_eager(new_inputs, function_id)
[rank0]:            ^^^^^^^^^^^^^^^^^^^^^^^^^^^^^^^^^^^^^^^
[rank0]:   File "/project/6101839/piado/vae/snth/lib/python3.11/site-packages/torch/_inductor/cudagraph_trees.py", line 2298, in run_eager
[rank0]:     return node.run(new_inputs)
[rank0]:            ^^^^^^^^^^^^^^^^^^^^
[rank0]:   File "/project/6101839/piado/vae/snth/lib/python3.11/site-packages/torch/_inductor/cudagraph_trees.py", line 692, in run
[rank0]:     out = self.wrapped_function.model(new_inputs)
[rank0]:           ^^^^^^^^^^^^^^^^^^^^^^^^^^^^^^^^^^^^^^^
[rank0]:   File "/tmp/.torchinductor/o7/co7ax4fhsdtaxqhjaaktflvdxdzgatgjdi22x7awpanks33qx5g5.py", line 8664, in partition_0
[rank0]:     buf126 = extern_kernels.convolution(buf124, buf125, stride=(1, 1, 1), padding=(0, 0, 0), dilation=(1, 1, 1), transposed=False, output_padding=(0, 0, 0), groups=1, bias=None)
[rank0]:              ^^^^^^^^^^^^^^^^^^^^^^^^^^^^^^^^^^^^^^^^^^^^^^^^^^^^^^^^^^^^^^^^^^^^^^^^^^^^^^^^^^^^^^^^^^^^^^^^^^^^^^^^^^^^^^^^^^^^^^^^^^^^^^^^^^^^^^^^^^^^^^^^^^^^^^^^^^^^^^^^^^^^
[rank0]:   File "/project/6101839/piado/vae/snth/lib/python3.11/site-packages/torch/utils/_device.py", line 109, in __torch_function__
[rank0]:     return func(*args, **kwargs)
[rank0]:            ^^^^^^^^^^^^^^^^^^^^^
[rank0]: torch.OutOfMemoryError: CUDA out of memory. Tried to allocate 1.69 GiB. GPU 0 has a total capacity of 44.39 GiB of which 1.67 GiB is free. Including non-PyTorch memory, this process has 42.68 GiB memory in use. Of the allocated memory 38.33 GiB is allocated by PyTorch, with 57.29 MiB allocated in private pools (e.g., CUDA Graphs), and 3.41 GiB is reserved by PyTorch but unallocated. If reserved but unallocated memory is large try setting PYTORCH_ALLOC_CONF=expandable_segments:True to avoid fragmentation.  See documentation for Memory Management  (https://pytorch.org/docs/stable/notes/cuda.html#environment-variables)
[rank0]:[W615 07:35:09.587007918 ProcessGroupNCCL.cpp:1553] Warning: WARNING: destroy_process_group() was not called before program exit, which can leak resources. For more info, please see https://pytorch.org/docs/stable/distributed.html#shutdown (function operator())
Traceback (most recent call last):
  File "/project/6101839/piado/vae/snth/bin/accelerate", line 7, in <module>
    sys.exit(main())
             ^^^^^^
  File "/project/6101839/piado/vae/snth/lib/python3.11/site-packages/accelerate/commands/accelerate_cli.py", line 50, in main
    args.func(args)
  File "/project/6101839/piado/vae/snth/lib/python3.11/site-packages/accelerate/commands/launch.py", line 1281, in launch_command
    simple_launcher(args)
  File "/project/6101839/piado/vae/snth/lib/python3.11/site-packages/accelerate/commands/launch.py", line 869, in simple_launcher
    raise subprocess.CalledProcessError(returncode=process.returncode, cmd=cmd)
subprocess.CalledProcessError: Command '['/project/6101839/piado/vae/snth/bin/python', '/home/piado/projects/aip-lindell/piado/vae/Open-Sora/scripts/vae/train.py', '/home/piado/projects/aip-lindell/piado/vae/Open-Sora/configs/vae/train/wan_multiview_finetune.py', '--experiment_name', 'res_sweep_4frames_1024px__job3960496_t2', '--wandb_expr_name', 'res_sweep_4frames_1024px', '--data_preset', 'all_people_one_expression', '--profile_timing', 'False', '--profile_step', 'False', '--wandb', 'True', '--log_every', '1000', '--eval_every', '1000', '--full_eval_every', '5000', '--log_milestones', '[10,100,500]', '--eval_milestones', '[10,100,500]', '--debug_stats_every', '100', '--log_memory', 'True', '--optimization', 'True', '--optimization_compile_mode', 'reduce-overhead', '--save_ckpt', 'True', '--keep_n_latest', '3', '--epochs', '100000', '--nersemble_processed_base', '/datasets/lindell-proj/neumayr/nersemble_v2/processed/4-frames', '--bucket_config', "{'1024px_ar1:1': {9: (1.0, 1)}}", '--batch_size', '1', '--accumulation_steps', '4']' returned non-zero exit status 1.
