=== 4-view 512px all_people_one_expression (auto batch) ===
experiment_name: 4v_512px_allpeople_one_expr_lr5e4_compile__job3954042
probe log: /home/piado/projects/aip-lindell/piado/vae/Open-Sora/outputs/4v_512px_allpeople_one_expr_lr5e4_compile__job3954042/batch_probe_results.jsonl
Sun Jun 14 13:26:11 2026       
+-----------------------------------------------------------------------------------------+
| NVIDIA-SMI 580.159.03             Driver Version: 580.159.03     CUDA Version: 13.0     |
+-----------------------------------------+------------------------+----------------------+
| GPU  Name                 Persistence-M | Bus-Id          Disp.A | Volatile Uncorr. ECC |
| Fan  Temp   Perf          Pwr:Usage/Cap |           Memory-Usage | GPU-Util  Compute M. |
|                                         |                        |               MIG M. |
|=========================================+========================+======================|
|   0  NVIDIA L40S                    Off |   00000000:17:00.0 Off |                    0 |
| N/A   37C    P8             37W /  350W |       0MiB /  46068MiB |      0%      Default |
|                                         |                        |                  N/A |
+-----------------------------------------+------------------------+----------------------+

+-----------------------------------------------------------------------------------------+
| Processes:                                                                              |
|  GPU   GI   CI              PID   Type   Process name                        GPU Memory |
|        ID   ID                                                               Usage      |
|=========================================================================================|
|  No running processes found                                                             |
+-----------------------------------------------------------------------------------------+

=== Batch-size probe (5 steps each) ===
Results will be saved to: /home/piado/projects/aip-lindell/piado/vae/Open-Sora/outputs/4v_512px_allpeople_one_expr_lr5e4_compile__job3954042/batch_probe_results.jsonl


──────────────────────────────────────────────
 PROBE  batch_size=32  accum=1  (5 steps)
──────────────────────────────────────────────
chgrp: changing group of 'outputs/4v_512px_allpeople_one_expr_lr5e4_compile__job3954042/config.txt': Operation not permitted
chgrp: changing group of 'outputs/4v_512px_allpeople_one_expr_lr5e4_compile__job3954042': Operation not permitted
[[34m2026-06-14 13:26:27[0m] Experiment directory created at outputs/4v_512px_allpeople_one_expr_lr5e4_compile__job3954042
[[34m2026-06-14 13:26:27[0m] Determinism mode: cuBLAS workspace, cudnn deterministic, TF32 disabled, torch.use_deterministic_algorithms(warn_only=True); data workers use seed+worker_id; epoch Python RNG uses seed+rank. Multi-GPU ZeRO and BF16 may still break bit-for-bit replay.
[[34m2026-06-14 13:26:27[0m] Using explicit global grad clipping (max_norm=2.0) with DP all-reduce; plugin-internal clipping disabled to avoid ZeRO shard-local clipping ambiguity.
[[34m2026-06-14 13:26:27[0m] Training configuration:
 {'DATA_ROOT': '/datasets/lindell-proj/neumayr/nersemble_v2/processed/4-frames/512-res',
 '_gen_loss_config': None,
 '_optim_discriminator': None,
 '_resolved': {'bucket_key': '128px_ar1:1',
               'data_root': '/datasets/lindell-proj/neumayr/nersemble_v2/processed/8-frames/128-res',
               'load_from_128_for_64_high_t': False,
               'load_res_fallback': None,
               'train_target_frames': 9,
               'train_target_hw': (128, 128)},
 '_val_participants': [97, 175, 226, 18, 30, 38, 85, 124, 227, 240],
 'accumulation_steps': 1,
 'all_people_expression_sequence': 'EMO-1-shout+laugh',
 'batch_size': 32,
 'bucket_config': {'512px_ar1:1': {9: (1.0, 1)}},
 'config_path': '/home/piado/projects/aip-lindell/piado/vae/Open-Sora/configs/vae/train/wan_multiview_finetune.py',
 'data_preset': 'all_people_one_expression',
 'dataset': {'data_path': '/datasets/lindell-proj/neumayr/nersemble_v2/processed/4-frames/512-res',
             'exclude_participants': [97,
                                      175,
                                      226,
                                      18,
                                      30,
                                      38,
                                      85,
                                      124,
                                      227,
                                      240],
             'expression_sequence': 'EMO-1-shout+laugh',
             'participants': None,
             'repeat': 1,
             'scan_subdirs': True,
             'skip_mismatched_views': True,
             'type': 'pt_video'},
 'dataset_presets': {'__default__': {'data_path': '/datasets/lindell-proj/neumayr/nersemble_v2/processed/4-frames/512-res',
                                     'participants': [17,
                                                      18,
                                                      30,
                                                      31,
                                                      32,
                                                      33,
                                                      35,
                                                      36,
                                                      37],
                                     'repeat': 1,
                                     'scan_subdirs': True,
                                     'type': 'pt_video'},
                     'all_people': {'data_path': '/datasets/lindell-proj/neumayr/nersemble_v2/processed/4-frames/512-res',
                                    'exclude_participants': [97,
                                                             175,
                                                             226,
                                                             18,
                                                             30,
                                                             38,
                                                             85,
                                                             124,
                                                             227,
                                                             240],
                                    'expected_views': 2,
                                    'participants': None,
                                    'repeat': 1,
                                    'scan_subdirs': True,
                                    'skip_mismatched_views': True,
                                    'type': 'pt_video'},
                     'all_people_one_expression': {'data_path': '/datasets/lindell-proj/neumayr/nersemble_v2/processed/4-frames/512-res',
                                                   'exclude_participants': [97,
                                                                            175,
                                                                            226,
                                                                            18,
                                                                            30,
                                                                            38,
                                                                            85,
                                                                            124,
                                                                            227,
                                                                            240],
                                                   'expression_sequence': 'EMO-1-shout+laugh',
                                                   'participants': None,
                                                   'repeat': 1,
                                                   'scan_subdirs': True,
                                                   'skip_mismatched_views': True,
                                                   'type': 'pt_video'},
                     'one_person': {'data_path': '/datasets/lindell-proj/neumayr/nersemble_v2/processed/4-frames/512-res',
                                    'exclude_sequences': ['EMO-4-disgust+happy',
                                                          'SEN-10-port_strong_smokey'],
                                    'participants': [18],
                                    'repeat': 1,
                                    'scan_subdirs': True,
                                    'type': 'pt_video'},
                     'single_sequence': {'data_path': '/datasets/lindell-proj/neumayr/nersemble_v2/processed/4-frames/512-res/p017/EMO-1-shout+laugh/frames.pt',
                                         'repeat': 1,
                                         'type': 'pt_video'},
                     'some_people': {'data_path': '/datasets/lindell-proj/neumayr/nersemble_v2/processed/4-frames/512-res',
                                     'participants': [17,
                                                      31,
                                                      32,
                                                      33,
                                                      35,
                                                      36,
                                                      37],
                                     'repeat': 1,
                                     'scan_subdirs': True,
                                     'type': 'pt_video'}},
 'debug_stats_every': 1,
 'debug_stats_start_step': 0,
 'debug_stats_weight_every': 50,
 'deterministic': True,
 'disc_learning_rate': None,
 'disc_multiview_mode': 'joint_4d',
 'disc_per_frame_2d': False,
 'discriminator': None,
 'discriminator_choice': 'none',
 'dtype': 'bf16',
 'dynamo_backend': 'no',
 'ema_decay': 0.9999,
 'epochs': 100000,
 'eval_at_steps': [10, 100, 500, 1000, 1500],
 'eval_batch_size': 1,
 'eval_every': 500,
 'eval_num_samples': 0,
 'eval_use_ema': True,
 'experiment_name': '4v_512px_allpeople_one_expr_lr5e4_compile__job3954042',
 'final_eval': True,
 'final_eval_num_samples': 0,
 'fixed_seq_eval_every_epochs': 0,
 'full_eval_every': 500,
 'gan_log_adaptive_grad_metrics': False,
 'gen_disc_weight': None,
 'grad_checkpoint': True,
 'grad_clip': 2.0,
 'keep_n_latest': 5,
 'kl_loss_weight': 1e-06,
 'learning_rate': 0.0005,
 'log_bottleneck_every': 0,
 'log_every': 500,
 'log_latent_shapes_every': 0,
 'log_memory': True,
 'log_step_time': True,
 'log_training_design_summary': True,
 'log_training_param_overview': True,
 'logvar_init': 0.0,
 'lr_scheduler': {'decay_factor': 0.5,
                  'decay_steps': 5000,
                  'min_lr': 5e-06,
                  'use_exponential_decay': False,
                  'warmup_steps': 0},
 'max_steps': 5,
 'mixed_image_ratio': 0.0,
 'mixed_strategy': None,
 'model': {'freeze_temporal': True,
           'from_pretrained': '/home/piado/scratch/Wan2.1_VAE.pth',
           'from_scratch': False,
           'full_finetune_decoder': False,
           'fusion_mode': 'cross_attention',
           'lora_rank': 32,
           'train_spatial': True,
           'type': 'multiview_wan_video_vae',
           'use_crossview_encoder': True,
           'use_lora': True,
           'use_lora_after': True,
           'use_lora_before': False,
           'use_view_embedding': False,
           'use_view_group_fusion': False,
           'use_viewwise_decoder_lora': False,
           'view_compression': 2,
           'view_in': 0,
           'view_mixing_strategy': 'embedding',
           'z_dim': 16},
 'nersemble_processed_base': '/datasets/lindell-proj/neumayr/nersemble_v2/processed/4-frames',
 'num_bucket_build_workers': 1,
 'num_reconstruction_vis_samples': 1,
 'num_workers': 8,
 'optim': {'betas': (0.9, 0.98),
           'cls': 'AdamW',
           'eps': 1e-08,
           'lr': 0.0001,
           'weight_decay': 0.0},
 'optimization': True,
 'optimization_compile_mode': 'reduce-overhead',
 'outputs': 'outputs',
 'perceptual_loss_weight': 1.5,
 'persistent_workers': True,
 'pin_memory_cache_pre_alloc_numels': None,
 'plugin': 'none',
 'plugin_config': {'overlap_allgather': False, 'reduce_bucket_size_in_m': 128},
 'prefetch_factor': 4,
 'profile_step': False,
 'profile_timing': False,
 'profile_timing_step': 50,
 'save_ckpt': True,
 'seed': 42,
 'sweep_gen_disc_weight': None,
 'train_psnr_guard': False,
 'train_psnr_guard_consecutive': 5,
 'train_psnr_guard_min_epochs': 0,
 'train_psnr_guard_start_epoch': 0,
 'train_psnr_guard_threshold': 15.0,
 'train_target_frames': 9,
 'train_target_hw': (512, 512),
 'update_warmup_steps': False,
 'vae_loss_config': {'kl_loss_weight': 1e-06,
                     'logvar_init': 0.0,
                     'perceptual_loss_weight': 1.5,
                     'view_consistency_weight': 0.0},
 'vae_loss_preset': 'default',
 'vae_target_range': '[-1,1]',
 'val_dataset': {'data_path': '/datasets/lindell-proj/neumayr/nersemble_v2/processed/4-frames/512-res',
                 'expression_sequence': 'EMO-1-shout+laugh',
                 'participants': [97, 175, 226, 18, 30, 38, 85, 124, 227, 240],
                 'repeat': 1,
                 'scan_subdirs': True,
                 'skip_mismatched_views': True,
                 'type': 'pt_video'},
 'val_dataset_presets': {'__default__': None,
                         'all_people': {'data_path': '/datasets/lindell-proj/neumayr/nersemble_v2/processed/4-frames/512-res',
                                        'expected_views': 2,
                                        'participants': [97,
                                                         175,
                                                         226,
                                                         18,
                                                         30,
                                                         38,
                                                         85,
                                                         124,
                                                         227,
                                                         240],
                                        'repeat': 1,
                                        'scan_subdirs': True,
                                        'skip_mismatched_views': True,
                                        'type': 'pt_video'},
                         'all_people_one_expression': {'data_path': '/datasets/lindell-proj/neumayr/nersemble_v2/processed/4-frames/512-res',
                                                       'expression_sequence': 'EMO-1-shout+laugh',
                                                       'participants': [97,
                                                                        175,
                                                                        226,
                                                                        18,
                                                                        30,
                                                                        38,
                                                                        85,
                                                                        124,
                                                                        227,
                                                                        240],
                                                       'repeat': 1,
                                                       'scan_subdirs': True,
                                                       'skip_mismatched_views': True,
                                                       'type': 'pt_video'},
                         'one_person': {'data_path': '/datasets/lindell-proj/neumayr/nersemble_v2/processed/4-frames/512-res',
                                        'include_only_sequences': ['EMO-4-disgust+happy',
                                                                   'SEN-10-port_strong_smokey'],
                                        'participants': [17],
                                        'repeat': 1,
                                        'scan_subdirs': True,
                                        'type': 'pt_video'},
                         'single_sequence': None,
                         'some_people': {'data_path': '/datasets/lindell-proj/neumayr/nersemble_v2/processed/4-frames/512-res',
                                         'participants': [18, 30],
                                         'repeat': 1,
                                         'scan_subdirs': True,
                                         'type': 'pt_video'}},
 'view_consistency_weight': 0.0,
 'view_flatten_in_disc': False,
 'view_flatten_in_loss': False,
 'wandb': False,
 'wandb_expr_name': '4v_512px_allpeople_one_expr_lr5e4_compile',
 'wandb_min_steps_before_init': 10,
 'wandb_project': 'wan_multiview_vae'}
[[34m2026-06-14 13:26:27[0m] Building dataset...
[[34m2026-06-14 13:26:28[0m] Dataset contains 405 samples.
[[34m2026-06-14 13:26:28[0m] Val (held-out) dataset contains 10 samples.
[[34m2026-06-14 13:26:28[0m] Fixed per-frame eval sequence name: EMO-1-shout+laugh (train idx=0, val idx=0)
[[34m2026-06-14 13:26:28[0m] Building models...
[[34m2026-06-14 13:26:28[0m] Auto-detected model.view_in=4 from first dataset sample
[[34m2026-06-14 13:26:30[0m] [MultiviewWanVideoVAE] Number of parameters: 161.23 M
[[34m2026-06-14 13:26:30[0m] [MultiviewWanVideoVAE] Number of trainable parameters: 75.13 M
[[34m2026-06-14 13:26:32[0m] EMA model created.
[[34m2026-06-14 13:26:32[0m] [optimization] channels_last_3d: disabled (fragile with view() ops and compile cache)
[[34m2026-06-14 13:26:32[0m] VAE trainable params (optimizer): 78,780,400
[[34m2026-06-14 13:26:32[0m] [optimization] torch.compile: mode=reduce-overhead (first step will be slow)
[[34m2026-06-14 13:26:32[0m] Preparing for distributed training...
[[34m2026-06-14 13:26:32[0m] Optimizer AdamW has no `.backward`; using booster.backward(loss=...) compatibility path.
[[34m2026-06-14 13:26:32[0m] Boosted model for distributed training
[[34m2026-06-14 13:26:32[0m] Training for 100000 epochs with 405 steps per epoch
[[34m2026-06-14 13:26:32[0m] [optimization] Warming up torch.compile eval graph (one-time, before training loop)...
[[34m2026-06-14 13:27:51[0m] [AttentionMultiViewVideoVan] latent shape: (1, 16, 3, 64, 64)  (B=1, z_dim=16, T'=3, H'=64, W'=64)
cudagraph partition due to non gpu ops
cudagraph partition due to DeviceCopy ops
cudagraph partition into 2 partitions
[rank0]:W0614 13:28:38.741000 994625 torch/utils/_sympy/interp.py:179] [6/2] failed while executing pow_by_natural([VR[4, int_oo], VR[-1, -1]])
[rank0]:W0614 13:28:39.587000 994625 torch/utils/_sympy/interp.py:179] [6/2] failed while executing pow_by_natural([VR[4, int_oo], VR[-1, -1]])
cudagraph partition due to non gpu ops
cudagraph partition due to DeviceCopy ops
cudagraph partition into 2 partitions
[rank0]:W0614 13:28:46.199000 994625 torch/utils/_sympy/interp.py:179] [6/3] failed while executing pow_by_natural([VR[4, int_oo], VR[-1, -1]])
[rank0]:W0614 13:28:46.440000 994625 torch/utils/_sympy/interp.py:179] [6/3] failed while executing pow_by_natural([VR[4, int_oo], VR[-1, -1]])
cudagraph partition due to non gpu ops
cudagraph partition due to non gpu ops
cudagraph partition due to non gpu ops
cudagraph partition due to DeviceCopy ops
cudagraph partition into 2 partitions
[rank0]:W0614 13:28:53.849000 994625 torch/utils/_sympy/interp.py:179] [6/4] failed while executing pow_by_natural([VR[4, int_oo], VR[-1, -1]])
[rank0]:W0614 13:28:54.174000 994625 torch/utils/_sympy/interp.py:179] [6/4] failed while executing pow_by_natural([VR[4, int_oo], VR[-1, -1]])
cudagraph partition due to non gpu ops
cudagraph partition due to non gpu ops
cudagraph partition due to non gpu ops
cudagraph partition due to DeviceCopy ops
cudagraph partition into 2 partitions
[rank0]:W0614 13:28:57.232000 994625 torch/utils/_sympy/interp.py:179] [6/5] failed while executing pow_by_natural([VR[4, int_oo], VR[-1, -1]])
[rank0]:W0614 13:28:57.471000 994625 torch/utils/_sympy/interp.py:179] [6/5] failed while executing pow_by_natural([VR[4, int_oo], VR[-1, -1]])
cudagraph partition due to non gpu ops
cudagraph partition due to non gpu ops
cudagraph partition due to non gpu ops
cudagraph partition due to DeviceCopy ops
cudagraph partition into 2 partitions
[rank0]:W0614 13:29:01.963000 994625 torch/utils/_sympy/interp.py:179] [6/6] failed while executing pow_by_natural([VR[4, int_oo], VR[-1, -1]])
[rank0]:W0614 13:29:02.506000 994625 torch/utils/_sympy/interp.py:179] [6/6] failed while executing pow_by_natural([VR[4, int_oo], VR[-1, -1]])
cudagraph partition due to non gpu ops
cudagraph partition due to non gpu ops
cudagraph partition due to non gpu ops
cudagraph partition due to DeviceCopy ops
cudagraph partition into 2 partitions
[rank0]:W0614 13:29:05.204000 994625 torch/utils/_sympy/interp.py:179] [6/7] failed while executing pow_by_natural([VR[4, int_oo], VR[-1, -1]])
[rank0]:W0614 13:29:05.446000 994625 torch/utils/_sympy/interp.py:179] [6/7] failed while executing pow_by_natural([VR[4, int_oo], VR[-1, -1]])
[rank0]:W0614 13:29:07.471000 994625 torch/utils/_sympy/interp.py:179] [9/2] failed while executing pow_by_natural([VR[4, int_oo], VR[-1, -1]])
[[34m2026-06-14 13:29:14[0m] [optimization] Eval graph warm-up done.
[rank0]:[W614 13:29:14.322282768 ProcessGroupNCCL.cpp:5138] Guessing device ID based on global rank. This can cause a hang if rank to GPU mapping is heterogeneous. You can specify device_id in init_process_group()
[wan_multiview] effective data: epochs=100000 DATA_ROOT=/datasets/lindell-proj/neumayr/nersemble_v2/processed/4-frames/512-res train_target_hw=(512, 512) train_target_frames=9 bucket_config={'512px_ar1:1': {9: (1.0, 1)}}
changing outputs/4v_512px_allpeople_one_expr_lr5e4_compile__job3954042 to share
PTVideoDataset: Found 405 .pt file(s)
PTVideoDataset: Found 10 .pt file(s)
[MultiviewWanVideoVAE] Loaded Wan 2.1 into crossview_vae: /home/piado/scratch/Wan2.1_VAE.pth
  -> 194 ckpt keys; 241 missing, 90 unexpected
modulated mixed image ratio: 0.0
train:   0%|          | 0/405 [00:00<?, ?it/s]train:   0%|          | 0/405 [00:00<?, ?it/s, epoch=0]train:   0%|          | 1/405 [00:00<03:46,  1.79it/s, epoch=0][[34m2026-06-14 13:29:15[0m] ======== Wan multiview / crossview design summary (one-time) ========
[[34m2026-06-14 13:29:15[0m] use_crossview_encoder=True
[[34m2026-06-14 13:29:15[0m] fusion_mode='cross_attention'
[[34m2026-06-14 13:29:15[0m]   -> Bidirectional cross-attention between views: each view attends to the other view’s tokens, then features are combined for the rest of the encoder/decoder. Strong when views are aligned but not identical.
[[34m2026-06-14 13:29:15[0m] view_in=4, view_mixing_strategy=embedding
[[34m2026-06-14 13:29:15[0m] use_view_embedding vs use_viewwise_decoder_lora: per-view additive embeddings bias early (or latent) features with a small vector per view; viewwise_decoder_lora adds low-rank adapters on the decoder side conditioned by view index—typically more flexible than a single embedding per view for reconstruction, at the cost of more trainable parameters.
[[34m2026-06-14 13:29:15[0m]   use_view_embedding=False
[[34m2026-06-14 13:29:15[0m]   use_viewwise_decoder_lora=False
[[34m2026-06-14 13:29:15[0m] use_lora=True, use_lora_before=False, use_lora_after=True, lora_rank=32. Before = LoRA on the encoder stem / early downsampling; after = bottleneck and later decoder. Both can be enabled for two complementary adaptation regions.
[[34m2026-06-14 13:29:15[0m] LoRA rank: all listed adapters in this stack typically share this rank. Larger rank increases adapter capacity and parameter count roughly linearly in rank; too high can overfit small datasets, too low can underfit cross-view cues.
[[34m2026-06-14 13:29:15[0m] freeze_temporal=True, train_spatial=True
[[34m2026-06-14 13:29:15[0m] ======== end design summary ========
[[34m2026-06-14 13:29:15[0m] [VAE] param overview: total=161.23 M trainable=75.13 M (46.60% of weights) frozen=86.10 M
[[34m2026-06-14 13:29:15[0m] [VAE] LoRA trainable: 998.59 K (1.3% of trainable); heuristic attention/cross-fusion LoRA: 998.59 K (100.0% of LoRA); other LoRA: 0
[[34m2026-06-14 13:29:15[0m] [VAE] base trainable (non-LoRA): 74.16 M (98.7% of trainable)
[[34m2026-06-14 13:29:15[0m] [VAE] LoRA heuristic buckets (buckets overlap if a name matches multiple hints): encoder/stem-ish=275.50 K, decoder-ish=723.09 K, viewwise-ish=0
train:   0%|          | 1/405 [04:28<30:09:08, 268.68s/it, epoch=0]
[rank0]: Traceback (most recent call last):
[rank0]:   File "/home/piado/projects/aip-lindell/piado/vae/Open-Sora/scripts/vae/train.py", line 3523, in <module>
[rank0]:     main()
[rank0]:   File "/home/piado/projects/aip-lindell/piado/vae/Open-Sora/scripts/vae/train.py", line 2555, in main
[rank0]:     loss_scaled.backward()
[rank0]:   File "/home/piado/.local/lib/python3.11/site-packages/torch/_tensor.py", line 630, in backward
[rank0]:     torch.autograd.backward(
[rank0]:   File "/home/piado/.local/lib/python3.11/site-packages/torch/autograd/__init__.py", line 364, in backward
[rank0]:     _engine_run_backward(
[rank0]:   File "/home/piado/.local/lib/python3.11/site-packages/torch/autograd/graph.py", line 865, in _engine_run_backward
[rank0]:     return Variable._execution_engine.run_backward(  # Calls into the C++ engine to run the backward pass
[rank0]:            ^^^^^^^^^^^^^^^^^^^^^^^^^^^^^^^^^^^^^^^^^^^^^^^^^^^^^^^^^^^^^^^^^^^^^^^^^^^^^^^^^^^^^^^^^^^^^^
[rank0]:   File "/home/piado/.local/lib/python3.11/site-packages/torch/autograd/function.py", line 317, in apply
[rank0]:     return user_fn(self, *args)
[rank0]:            ^^^^^^^^^^^^^^^^^^^^
[rank0]:   File "/home/piado/.local/lib/python3.11/site-packages/torch/_functorch/_aot_autograd/runtime_wrappers.py", line 2338, in backward
[rank0]:     return impl_fn()
[rank0]:            ^^^^^^^^^
[rank0]:   File "/home/piado/.local/lib/python3.11/site-packages/torch/_functorch/_aot_autograd/runtime_wrappers.py", line 2324, in impl_fn
[rank0]:     out = CompiledFunction._backward_impl(ctx, all_args)
[rank0]:           ^^^^^^^^^^^^^^^^^^^^^^^^^^^^^^^^^^^^^^^^^^^^^^
[rank0]:   File "/home/piado/.local/lib/python3.11/site-packages/torch/_functorch/_aot_autograd/runtime_wrappers.py", line 2494, in _backward_impl
[rank0]:     out = call_func_at_runtime_with_args(
[rank0]:           ^^^^^^^^^^^^^^^^^^^^^^^^^^^^^^^
[rank0]:   File "/home/piado/.local/lib/python3.11/site-packages/torch/_functorch/_aot_autograd/utils.py", line 134, in call_func_at_runtime_with_args
[rank0]:     out = normalize_as_list(f(args))
[rank0]:                             ^^^^^^^
[rank0]:   File "/home/piado/.local/lib/python3.11/site-packages/torch/_dynamo/eval_frame.py", line 1181, in _fn
[rank0]:     return fn(*args, **kwargs)
[rank0]:            ^^^^^^^^^^^^^^^^^^^
[rank0]:   File "/home/piado/.local/lib/python3.11/site-packages/torch/_inductor/output_code.py", line 638, in __call__
[rank0]:     return self.current_callable(inputs)
[rank0]:            ^^^^^^^^^^^^^^^^^^^^^^^^^^^^^
[rank0]:   File "/tmp/.torchinductor/nc/cncxwibsrx4e47pnefixyuacgfak4pvbbjatck322minwobe3zn2.py", line 46477, in call
[rank0]:     (buf2, buf5, buf9, buf12, buf17, buf23, buf26, buf31, buf37, buf40, buf45, buf54, buf57, buf60, buf67, buf70, buf78, buf81, buf73, buf84, buf97, buf100, buf103, buf110, buf113, buf121, buf124, buf116, buf127, buf129, buf136, buf139, buf144, buf150, buf153, buf158, buf162, buf165, buf168, buf172, buf175, buf178, buf182, buf202, buf185, buf205, buf188, buf192, buf195, buf198, buf256, buf255, buf260, buf269, buf268, buf273, buf282, buf306, buf281, buf305, buf286, buf295, buf299, buf294, buf309, buf312, buf319, buf324, buf322, buf3687, buf3691, buf3686, buf3700, buf3703, buf3699, buf3715, buf3719, buf3714, buf3728, buf3519, buf3518, buf3727, buf3733, buf3743, buf3742, buf3750, buf3754, buf3749, buf3762, buf3765, buf3761, buf3773, buf3797, buf3772, buf3796, buf3777, buf3785, buf3784, buf3789, buf3572, buf3571, buf3805, buf3804, buf3813, buf3812, buf3818, buf3827, buf3831, buf3826, buf3840, buf3866, buf3839, buf3865, buf3845, buf3854, buf3853, buf3858, buf3874, buf3873, buf3882, buf3881, buf3887, buf3896, buf3895, buf3900, buf3908, buf3914, buf3923, buf3909, buf3928, buf3936, buf3922, buf3935) = self.partitions[0](partition0_args)
[rank0]:                                                                                                                                                                                                                                                                                                                                                                                                                                                                                                                                                                                                                                                                                                                                                                                                                                                                                                                                                                                                                                                                                                                                                        ^^^^^^^^^^^^^^^^^^^^^^^^^^^^^^^^^^^
[rank0]:   File "/home/piado/.local/lib/python3.11/site-packages/torch/_inductor/compile_fx.py", line 1843, in run
[rank0]:     return compiled_fn(new_inputs)  # type: ignore[arg-type]
[rank0]:            ^^^^^^^^^^^^^^^^^^^^^^^
[rank0]:   File "/home/piado/.local/lib/python3.11/site-packages/torch/_inductor/cudagraph_trees.py", line 404, in deferred_cudagraphify
[rank0]:     fn, out = cudagraphify(model, inputs, new_static_input_idxs, *args, **kwargs)
[rank0]:               ^^^^^^^^^^^^^^^^^^^^^^^^^^^^^^^^^^^^^^^^^^^^^^^^^^^^^^^^^^^^^^^^^^^
[rank0]:   File "/home/piado/.local/lib/python3.11/site-packages/torch/_inductor/cudagraph_trees.py", line 464, in cudagraphify
[rank0]:     return manager.add_function(
[rank0]:            ^^^^^^^^^^^^^^^^^^^^^
[rank0]:   File "/home/piado/.local/lib/python3.11/site-packages/torch/_inductor/cudagraph_trees.py", line 2337, in add_function
[rank0]:     return fn, fn(inputs)
[rank0]:                ^^^^^^^^^^
[rank0]:   File "/home/piado/.local/lib/python3.11/site-packages/torch/_inductor/cudagraph_trees.py", line 2033, in run
[rank0]:     out = self._run(new_inputs, function_id)
[rank0]:           ^^^^^^^^^^^^^^^^^^^^^^^^^^^^^^^^^^
[rank0]:   File "/home/piado/.local/lib/python3.11/site-packages/torch/_inductor/cudagraph_trees.py", line 2137, in _run
[rank0]:     return self.run_eager(new_inputs, function_id)
[rank0]:            ^^^^^^^^^^^^^^^^^^^^^^^^^^^^^^^^^^^^^^^
[rank0]:   File "/home/piado/.local/lib/python3.11/site-packages/torch/_inductor/cudagraph_trees.py", line 2298, in run_eager
[rank0]:     return node.run(new_inputs)
[rank0]:            ^^^^^^^^^^^^^^^^^^^^
[rank0]:   File "/home/piado/.local/lib/python3.11/site-packages/torch/_inductor/cudagraph_trees.py", line 692, in run
[rank0]:     out = self.wrapped_function.model(new_inputs)
[rank0]:           ^^^^^^^^^^^^^^^^^^^^^^^^^^^^^^^^^^^^^^^
[rank0]:   File "/tmp/.torchinductor/nc/cncxwibsrx4e47pnefixyuacgfak4pvbbjatck322minwobe3zn2.py", line 35735, in partition_0
[rank0]:     buf535 = empty_strided_cuda((1, 192, 6, 256, 256), (75497472, 393216, 65536, 256, 1), torch.bfloat16)
[rank0]:              ^^^^^^^^^^^^^^^^^^^^^^^^^^^^^^^^^^^^^^^^^^^^^^^^^^^^^^^^^^^^^^^^^^^^^^^^^^^^^^^^^^^^^^^^^^^^
[rank0]: torch.OutOfMemoryError: CUDA out of memory. Tried to allocate 144.00 MiB. GPU 0 has a total capacity of 44.39 GiB of which 158.12 MiB is free. Including non-PyTorch memory, this process has 44.22 GiB memory in use. Of the allocated memory 12.35 GiB is allocated by PyTorch, with 224.05 MiB allocated in private pools (e.g., CUDA Graphs), and 30.91 GiB is reserved by PyTorch but unallocated. If reserved but unallocated memory is large try setting PYTORCH_ALLOC_CONF=expandable_segments:True to avoid fragmentation.  See documentation for Memory Management  (https://pytorch.org/docs/stable/notes/cuda.html#environment-variables)
[rank0]:[W614 13:34:27.822097008 ProcessGroupNCCL.cpp:1553] Warning: WARNING: destroy_process_group() was not called before program exit, which can leak resources. For more info, please see https://pytorch.org/docs/stable/distributed.html#shutdown (function operator())
Traceback (most recent call last):
  File "/home/piado/.local/bin/accelerate", line 8, in <module>
    sys.exit(main())
             ^^^^^^
  File "/home/piado/.local/lib/python3.11/site-packages/accelerate/commands/accelerate_cli.py", line 50, in main
    args.func(args)
  File "/home/piado/.local/lib/python3.11/site-packages/accelerate/commands/launch.py", line 1281, in launch_command
    simple_launcher(args)
  File "/home/piado/.local/lib/python3.11/site-packages/accelerate/commands/launch.py", line 869, in simple_launcher
    raise subprocess.CalledProcessError(returncode=process.returncode, cmd=cmd)
subprocess.CalledProcessError: Command '['/cvmfs/soft.computecanada.ca/easybuild/software/2023/x86-64-v3/Compiler/gcccore/python/3.11.5/bin/python', '/home/piado/projects/aip-lindell/piado/vae/Open-Sora/scripts/vae/train.py', '/home/piado/projects/aip-lindell/piado/vae/Open-Sora/configs/vae/train/wan_multiview_finetune.py', '--experiment_name', '4v_512px_allpeople_one_expr_lr5e4_compile__job3954042', '--wandb_expr_name', '4v_512px_allpeople_one_expr_lr5e4_compile', '--nersemble_processed_base', '/datasets/lindell-proj/neumayr/nersemble_v2/processed/4-frames', '--bucket_config', "{'512px_ar1:1':{9:(1.0,1)}}", '--data_preset', 'all_people_one_expression', '--learning_rate', '5e-4', '--lr_scheduler.warmup_steps', '0', '--lr_scheduler.use_exponential_decay', 'False', '--discriminator_choice', 'none', '--optimization', 'True', '--optimization_compile_mode', 'reduce-overhead', '--epochs', '100000', '--eval_at_steps', '[10,100,500,1000,1500]', '--eval_every', '500', '--full_eval_every', '500', '--log_every', '500', '--save_ckpt', 'True', '--fixed_seq_eval_every_epochs', '0', '--log_memory', 'True', '--num_reconstruction_vis_samples', '1', '--batch_size', '32', '--accumulation_steps', '1', '--max_steps', '5', '--wandb', 'False']' returned non-zero exit status 1.
 → status=oom  peak_gpu=nullGB  (exit 1)

──────────────────────────────────────────────
 PROBE  batch_size=16  accum=2  (5 steps)
──────────────────────────────────────────────
chgrp: changing group of 'outputs/4v_512px_allpeople_one_expr_lr5e4_compile__job3954042/batch_probe_results.jsonl': Operation not permitted
chgrp: changing group of 'outputs/4v_512px_allpeople_one_expr_lr5e4_compile__job3954042/config.txt': Operation not permitted
chgrp: changing group of 'outputs/4v_512px_allpeople_one_expr_lr5e4_compile__job3954042/eval_metrics.jsonl': Operation not permitted
chgrp: changing group of 'outputs/4v_512px_allpeople_one_expr_lr5e4_compile__job3954042/log.txt': Operation not permitted
chgrp: changing group of 'outputs/4v_512px_allpeople_one_expr_lr5e4_compile__job3954042/loss_config.json': Operation not permitted
chgrp: changing group of 'outputs/4v_512px_allpeople_one_expr_lr5e4_compile__job3954042/train_debug_stats.jsonl': Operation not permitted
chgrp: changing group of 'outputs/4v_512px_allpeople_one_expr_lr5e4_compile__job3954042': Operation not permitted
[[34m2026-06-14 13:34:45[0m] Experiment directory created at outputs/4v_512px_allpeople_one_expr_lr5e4_compile__job3954042
[[34m2026-06-14 13:34:45[0m] Determinism mode: cuBLAS workspace, cudnn deterministic, TF32 disabled, torch.use_deterministic_algorithms(warn_only=True); data workers use seed+worker_id; epoch Python RNG uses seed+rank. Multi-GPU ZeRO and BF16 may still break bit-for-bit replay.
[[34m2026-06-14 13:34:45[0m] Using explicit global grad clipping (max_norm=2.0) with DP all-reduce; plugin-internal clipping disabled to avoid ZeRO shard-local clipping ambiguity.
[[34m2026-06-14 13:34:45[0m] Training configuration:
 {'DATA_ROOT': '/datasets/lindell-proj/neumayr/nersemble_v2/processed/4-frames/512-res',
 '_gen_loss_config': None,
 '_optim_discriminator': None,
 '_resolved': {'bucket_key': '128px_ar1:1',
               'data_root': '/datasets/lindell-proj/neumayr/nersemble_v2/processed/8-frames/128-res',
               'load_from_128_for_64_high_t': False,
               'load_res_fallback': None,
               'train_target_frames': 9,
               'train_target_hw': (128, 128)},
 '_val_participants': [97, 175, 226, 18, 30, 38, 85, 124, 227, 240],
 'accumulation_steps': 2,
 'all_people_expression_sequence': 'EMO-1-shout+laugh',
 'batch_size': 16,
 'bucket_config': {'512px_ar1:1': {9: (1.0, 1)}},
 'config_path': '/home/piado/projects/aip-lindell/piado/vae/Open-Sora/configs/vae/train/wan_multiview_finetune.py',
 'data_preset': 'all_people_one_expression',
 'dataset': {'data_path': '/datasets/lindell-proj/neumayr/nersemble_v2/processed/4-frames/512-res',
             'exclude_participants': [97,
                                      175,
                                      226,
                                      18,
                                      30,
                                      38,
                                      85,
                                      124,
                                      227,
                                      240],
             'expression_sequence': 'EMO-1-shout+laugh',
             'participants': None,
             'repeat': 1,
             'scan_subdirs': True,
             'skip_mismatched_views': True,
             'type': 'pt_video'},
 'dataset_presets': {'__default__': {'data_path': '/datasets/lindell-proj/neumayr/nersemble_v2/processed/4-frames/512-res',
                                     'participants': [17,
                                                      18,
                                                      30,
                                                      31,
                                                      32,
                                                      33,
                                                      35,
                                                      36,
                                                      37],
                                     'repeat': 1,
                                     'scan_subdirs': True,
                                     'type': 'pt_video'},
                     'all_people': {'data_path': '/datasets/lindell-proj/neumayr/nersemble_v2/processed/4-frames/512-res',
                                    'exclude_participants': [97,
                                                             175,
                                                             226,
                                                             18,
                                                             30,
                                                             38,
                                                             85,
                                                             124,
                                                             227,
                                                             240],
                                    'expected_views': 2,
                                    'participants': None,
                                    'repeat': 1,
                                    'scan_subdirs': True,
                                    'skip_mismatched_views': True,
                                    'type': 'pt_video'},
                     'all_people_one_expression': {'data_path': '/datasets/lindell-proj/neumayr/nersemble_v2/processed/4-frames/512-res',
                                                   'exclude_participants': [97,
                                                                            175,
                                                                            226,
                                                                            18,
                                                                            30,
                                                                            38,
                                                                            85,
                                                                            124,
                                                                            227,
                                                                            240],
                                                   'expression_sequence': 'EMO-1-shout+laugh',
                                                   'participants': None,
                                                   'repeat': 1,
                                                   'scan_subdirs': True,
                                                   'skip_mismatched_views': True,
                                                   'type': 'pt_video'},
                     'one_person': {'data_path': '/datasets/lindell-proj/neumayr/nersemble_v2/processed/4-frames/512-res',
                                    'exclude_sequences': ['EMO-4-disgust+happy',
                                                          'SEN-10-port_strong_smokey'],
                                    'participants': [18],
                                    'repeat': 1,
                                    'scan_subdirs': True,
                                    'type': 'pt_video'},
                     'single_sequence': {'data_path': '/datasets/lindell-proj/neumayr/nersemble_v2/processed/4-frames/512-res/p017/EMO-1-shout+laugh/frames.pt',
                                         'repeat': 1,
                                         'type': 'pt_video'},
                     'some_people': {'data_path': '/datasets/lindell-proj/neumayr/nersemble_v2/processed/4-frames/512-res',
                                     'participants': [17,
                                                      31,
                                                      32,
                                                      33,
                                                      35,
                                                      36,
                                                      37],
                                     'repeat': 1,
                                     'scan_subdirs': True,
                                     'type': 'pt_video'}},
 'debug_stats_every': 1,
 'debug_stats_start_step': 0,
 'debug_stats_weight_every': 50,
 'deterministic': True,
 'disc_learning_rate': None,
 'disc_multiview_mode': 'joint_4d',
 'disc_per_frame_2d': False,
 'discriminator': None,
 'discriminator_choice': 'none',
 'dtype': 'bf16',
 'dynamo_backend': 'no',
 'ema_decay': 0.9999,
 'epochs': 100000,
 'eval_at_steps': [10, 100, 500, 1000, 1500],
 'eval_batch_size': 1,
 'eval_every': 500,
 'eval_num_samples': 0,
 'eval_use_ema': True,
 'experiment_name': '4v_512px_allpeople_one_expr_lr5e4_compile__job3954042',
 'final_eval': True,
 'final_eval_num_samples': 0,
 'fixed_seq_eval_every_epochs': 0,
 'full_eval_every': 500,
 'gan_log_adaptive_grad_metrics': False,
 'gen_disc_weight': None,
 'grad_checkpoint': True,
 'grad_clip': 2.0,
 'keep_n_latest': 5,
 'kl_loss_weight': 1e-06,
 'learning_rate': 0.0005,
 'log_bottleneck_every': 0,
 'log_every': 500,
 'log_latent_shapes_every': 0,
 'log_memory': True,
 'log_step_time': True,
 'log_training_design_summary': True,
 'log_training_param_overview': True,
 'logvar_init': 0.0,
 'lr_scheduler': {'decay_factor': 0.5,
                  'decay_steps': 5000,
                  'min_lr': 5e-06,
                  'use_exponential_decay': False,
                  'warmup_steps': 0},
 'max_steps': 5,
 'mixed_image_ratio': 0.0,
 'mixed_strategy': None,
 'model': {'freeze_temporal': True,
           'from_pretrained': '/home/piado/scratch/Wan2.1_VAE.pth',
           'from_scratch': False,
           'full_finetune_decoder': False,
           'fusion_mode': 'cross_attention',
           'lora_rank': 32,
           'train_spatial': True,
           'type': 'multiview_wan_video_vae',
           'use_crossview_encoder': True,
           'use_lora': True,
           'use_lora_after': True,
           'use_lora_before': False,
           'use_view_embedding': False,
           'use_view_group_fusion': False,
           'use_viewwise_decoder_lora': False,
           'view_compression': 2,
           'view_in': 0,
           'view_mixing_strategy': 'embedding',
           'z_dim': 16},
 'nersemble_processed_base': '/datasets/lindell-proj/neumayr/nersemble_v2/processed/4-frames',
 'num_bucket_build_workers': 1,
 'num_reconstruction_vis_samples': 1,
 'num_workers': 8,
 'optim': {'betas': (0.9, 0.98),
           'cls': 'AdamW',
           'eps': 1e-08,
           'lr': 0.0001,
           'weight_decay': 0.0},
 'optimization': True,
 'optimization_compile_mode': 'reduce-overhead',
 'outputs': 'outputs',
 'perceptual_loss_weight': 1.5,
 'persistent_workers': True,
 'pin_memory_cache_pre_alloc_numels': None,
 'plugin': 'none',
 'plugin_config': {'overlap_allgather': False, 'reduce_bucket_size_in_m': 128},
 'prefetch_factor': 4,
 'profile_step': False,
 'profile_timing': False,
 'profile_timing_step': 50,
 'save_ckpt': True,
 'seed': 42,
 'sweep_gen_disc_weight': None,
 'train_psnr_guard': False,
 'train_psnr_guard_consecutive': 5,
 'train_psnr_guard_min_epochs': 0,
 'train_psnr_guard_start_epoch': 0,
 'train_psnr_guard_threshold': 15.0,
 'train_target_frames': 9,
 'train_target_hw': (512, 512),
 'update_warmup_steps': False,
 'vae_loss_config': {'kl_loss_weight': 1e-06,
                     'logvar_init': 0.0,
                     'perceptual_loss_weight': 1.5,
                     'view_consistency_weight': 0.0},
 'vae_loss_preset': 'default',
 'vae_target_range': '[-1,1]',
 'val_dataset': {'data_path': '/datasets/lindell-proj/neumayr/nersemble_v2/processed/4-frames/512-res',
                 'expression_sequence': 'EMO-1-shout+laugh',
                 'participants': [97, 175, 226, 18, 30, 38, 85, 124, 227, 240],
                 'repeat': 1,
                 'scan_subdirs': True,
                 'skip_mismatched_views': True,
                 'type': 'pt_video'},
 'val_dataset_presets': {'__default__': None,
                         'all_people': {'data_path': '/datasets/lindell-proj/neumayr/nersemble_v2/processed/4-frames/512-res',
                                        'expected_views': 2,
                                        'participants': [97,
                                                         175,
                                                         226,
                                                         18,
                                                         30,
                                                         38,
                                                         85,
                                                         124,
                                                         227,
                                                         240],
                                        'repeat': 1,
                                        'scan_subdirs': True,
                                        'skip_mismatched_views': True,
                                        'type': 'pt_video'},
                         'all_people_one_expression': {'data_path': '/datasets/lindell-proj/neumayr/nersemble_v2/processed/4-frames/512-res',
                                                       'expression_sequence': 'EMO-1-shout+laugh',
                                                       'participants': [97,
                                                                        175,
                                                                        226,
                                                                        18,
                                                                        30,
                                                                        38,
                                                                        85,
                                                                        124,
                                                                        227,
                                                                        240],
                                                       'repeat': 1,
                                                       'scan_subdirs': True,
                                                       'skip_mismatched_views': True,
                                                       'type': 'pt_video'},
                         'one_person': {'data_path': '/datasets/lindell-proj/neumayr/nersemble_v2/processed/4-frames/512-res',
                                        'include_only_sequences': ['EMO-4-disgust+happy',
                                                                   'SEN-10-port_strong_smokey'],
                                        'participants': [17],
                                        'repeat': 1,
                                        'scan_subdirs': True,
                                        'type': 'pt_video'},
                         'single_sequence': None,
                         'some_people': {'data_path': '/datasets/lindell-proj/neumayr/nersemble_v2/processed/4-frames/512-res',
                                         'participants': [18, 30],
                                         'repeat': 1,
                                         'scan_subdirs': True,
                                         'type': 'pt_video'}},
 'view_consistency_weight': 0.0,
 'view_flatten_in_disc': False,
 'view_flatten_in_loss': False,
 'wandb': False,
 'wandb_expr_name': '4v_512px_allpeople_one_expr_lr5e4_compile',
 'wandb_min_steps_before_init': 10,
 'wandb_project': 'wan_multiview_vae'}
[[34m2026-06-14 13:34:45[0m] Building dataset...
[[34m2026-06-14 13:34:45[0m] Dataset contains 405 samples.
[[34m2026-06-14 13:34:45[0m] Val (held-out) dataset contains 10 samples.
[[34m2026-06-14 13:34:45[0m] Fixed per-frame eval sequence name: EMO-1-shout+laugh (train idx=0, val idx=0)
[[34m2026-06-14 13:34:45[0m] Building models...
[[34m2026-06-14 13:34:45[0m] Auto-detected model.view_in=4 from first dataset sample
[[34m2026-06-14 13:34:47[0m] [MultiviewWanVideoVAE] Number of parameters: 161.23 M
[[34m2026-06-14 13:34:47[0m] [MultiviewWanVideoVAE] Number of trainable parameters: 75.13 M
[[34m2026-06-14 13:34:49[0m] EMA model created.
[[34m2026-06-14 13:34:49[0m] [optimization] channels_last_3d: disabled (fragile with view() ops and compile cache)
[[34m2026-06-14 13:34:49[0m] VAE trainable params (optimizer): 78,780,400
[[34m2026-06-14 13:34:49[0m] [optimization] torch.compile: mode=reduce-overhead (first step will be slow)
[[34m2026-06-14 13:34:49[0m] Preparing for distributed training...
[[34m2026-06-14 13:34:49[0m] Optimizer AdamW has no `.backward`; using booster.backward(loss=...) compatibility path.
[[34m2026-06-14 13:34:49[0m] Boosted model for distributed training
[[34m2026-06-14 13:34:49[0m] Training for 100000 epochs with 405 steps per epoch
[[34m2026-06-14 13:34:49[0m] [optimization] Warming up torch.compile eval graph (one-time, before training loop)...
[[34m2026-06-14 13:35:12[0m] [AttentionMultiViewVideoVan] latent shape: (1, 16, 3, 64, 64)  (B=1, z_dim=16, T'=3, H'=64, W'=64)
[[34m2026-06-14 13:35:42[0m] [optimization] Eval graph warm-up done.
[rank0]:[W614 13:35:42.583641458 ProcessGroupNCCL.cpp:5138] Guessing device ID based on global rank. This can cause a hang if rank to GPU mapping is heterogeneous. You can specify device_id in init_process_group()
[wan_multiview] effective data: epochs=100000 DATA_ROOT=/datasets/lindell-proj/neumayr/nersemble_v2/processed/4-frames/512-res train_target_hw=(512, 512) train_target_frames=9 bucket_config={'512px_ar1:1': {9: (1.0, 1)}}
changing outputs/4v_512px_allpeople_one_expr_lr5e4_compile__job3954042 to share
PTVideoDataset: Found 405 .pt file(s)
PTVideoDataset: Found 10 .pt file(s)
[MultiviewWanVideoVAE] Loaded Wan 2.1 into crossview_vae: /home/piado/scratch/Wan2.1_VAE.pth
  -> 194 ckpt keys; 241 missing, 90 unexpected
modulated mixed image ratio: 0.0
train:   0%|          | 0/405 [00:00<?, ?it/s]train:   0%|          | 0/405 [00:00<?, ?it/s, epoch=0]train:   0%|          | 1/405 [00:00<03:15,  2.07it/s, epoch=0][[34m2026-06-14 13:35:43[0m] ======== Wan multiview / crossview design summary (one-time) ========
[[34m2026-06-14 13:35:43[0m] use_crossview_encoder=True
[[34m2026-06-14 13:35:43[0m] fusion_mode='cross_attention'
[[34m2026-06-14 13:35:43[0m]   -> Bidirectional cross-attention between views: each view attends to the other view’s tokens, then features are combined for the rest of the encoder/decoder. Strong when views are aligned but not identical.
[[34m2026-06-14 13:35:43[0m] view_in=4, view_mixing_strategy=embedding
[[34m2026-06-14 13:35:43[0m] use_view_embedding vs use_viewwise_decoder_lora: per-view additive embeddings bias early (or latent) features with a small vector per view; viewwise_decoder_lora adds low-rank adapters on the decoder side conditioned by view index—typically more flexible than a single embedding per view for reconstruction, at the cost of more trainable parameters.
[[34m2026-06-14 13:35:43[0m]   use_view_embedding=False
[[34m2026-06-14 13:35:43[0m]   use_viewwise_decoder_lora=False
[[34m2026-06-14 13:35:43[0m] use_lora=True, use_lora_before=False, use_lora_after=True, lora_rank=32. Before = LoRA on the encoder stem / early downsampling; after = bottleneck and later decoder. Both can be enabled for two complementary adaptation regions.
[[34m2026-06-14 13:35:43[0m] LoRA rank: all listed adapters in this stack typically share this rank. Larger rank increases adapter capacity and parameter count roughly linearly in rank; too high can overfit small datasets, too low can underfit cross-view cues.
[[34m2026-06-14 13:35:43[0m] freeze_temporal=True, train_spatial=True
[[34m2026-06-14 13:35:43[0m] ======== end design summary ========
[[34m2026-06-14 13:35:43[0m] [VAE] param overview: total=161.23 M trainable=75.13 M (46.60% of weights) frozen=86.10 M
[[34m2026-06-14 13:35:43[0m] [VAE] LoRA trainable: 998.59 K (1.3% of trainable); heuristic attention/cross-fusion LoRA: 998.59 K (100.0% of LoRA); other LoRA: 0
[[34m2026-06-14 13:35:43[0m] [VAE] base trainable (non-LoRA): 74.16 M (98.7% of trainable)
[[34m2026-06-14 13:35:43[0m] [VAE] LoRA heuristic buckets (buckets overlap if a name matches multiple hints): encoder/stem-ish=275.50 K, decoder-ish=723.09 K, viewwise-ish=0
train:   0%|          | 1/405 [01:04<7:13:47, 64.42s/it, epoch=0]
[rank0]: Traceback (most recent call last):
[rank0]:   File "/home/piado/projects/aip-lindell/piado/vae/Open-Sora/scripts/vae/train.py", line 3523, in <module>
[rank0]:     main()
[rank0]:   File "/home/piado/projects/aip-lindell/piado/vae/Open-Sora/scripts/vae/train.py", line 2555, in main
[rank0]:     loss_scaled.backward()
[rank0]:   File "/home/piado/.local/lib/python3.11/site-packages/torch/_tensor.py", line 630, in backward
[rank0]:     torch.autograd.backward(
[rank0]:   File "/home/piado/.local/lib/python3.11/site-packages/torch/autograd/__init__.py", line 364, in backward
[rank0]:     _engine_run_backward(
[rank0]:   File "/home/piado/.local/lib/python3.11/site-packages/torch/autograd/graph.py", line 865, in _engine_run_backward
[rank0]:     return Variable._execution_engine.run_backward(  # Calls into the C++ engine to run the backward pass
[rank0]:            ^^^^^^^^^^^^^^^^^^^^^^^^^^^^^^^^^^^^^^^^^^^^^^^^^^^^^^^^^^^^^^^^^^^^^^^^^^^^^^^^^^^^^^^^^^^^^^
[rank0]:   File "/home/piado/.local/lib/python3.11/site-packages/torch/autograd/function.py", line 317, in apply
[rank0]:     return user_fn(self, *args)
[rank0]:            ^^^^^^^^^^^^^^^^^^^^
[rank0]:   File "/home/piado/.local/lib/python3.11/site-packages/torch/_functorch/_aot_autograd/runtime_wrappers.py", line 2338, in backward
[rank0]:     return impl_fn()
[rank0]:            ^^^^^^^^^
[rank0]:   File "/home/piado/.local/lib/python3.11/site-packages/torch/_functorch/_aot_autograd/runtime_wrappers.py", line 2324, in impl_fn
[rank0]:     out = CompiledFunction._backward_impl(ctx, all_args)
[rank0]:           ^^^^^^^^^^^^^^^^^^^^^^^^^^^^^^^^^^^^^^^^^^^^^^
[rank0]:   File "/home/piado/.local/lib/python3.11/site-packages/torch/_functorch/_aot_autograd/runtime_wrappers.py", line 2494, in _backward_impl
[rank0]:     out = call_func_at_runtime_with_args(
[rank0]:           ^^^^^^^^^^^^^^^^^^^^^^^^^^^^^^^
[rank0]:   File "/home/piado/.local/lib/python3.11/site-packages/torch/_functorch/_aot_autograd/utils.py", line 134, in call_func_at_runtime_with_args
[rank0]:     out = normalize_as_list(f(args))
[rank0]:                             ^^^^^^^
[rank0]:   File "/home/piado/.local/lib/python3.11/site-packages/torch/_dynamo/eval_frame.py", line 1181, in _fn
[rank0]:     return fn(*args, **kwargs)
[rank0]:            ^^^^^^^^^^^^^^^^^^^
[rank0]:   File "/home/piado/.local/lib/python3.11/site-packages/torch/_inductor/output_code.py", line 638, in __call__
[rank0]:     return self.current_callable(inputs)
[rank0]:            ^^^^^^^^^^^^^^^^^^^^^^^^^^^^^
[rank0]:   File "/tmp/.torchinductor/nc/cncxwibsrx4e47pnefixyuacgfak4pvbbjatck322minwobe3zn2.py", line 46477, in call
[rank0]:     (buf2, buf5, buf9, buf12, buf17, buf23, buf26, buf31, buf37, buf40, buf45, buf54, buf57, buf60, buf67, buf70, buf78, buf81, buf73, buf84, buf97, buf100, buf103, buf110, buf113, buf121, buf124, buf116, buf127, buf129, buf136, buf139, buf144, buf150, buf153, buf158, buf162, buf165, buf168, buf172, buf175, buf178, buf182, buf202, buf185, buf205, buf188, buf192, buf195, buf198, buf256, buf255, buf260, buf269, buf268, buf273, buf282, buf306, buf281, buf305, buf286, buf295, buf299, buf294, buf309, buf312, buf319, buf324, buf322, buf3687, buf3691, buf3686, buf3700, buf3703, buf3699, buf3715, buf3719, buf3714, buf3728, buf3519, buf3518, buf3727, buf3733, buf3743, buf3742, buf3750, buf3754, buf3749, buf3762, buf3765, buf3761, buf3773, buf3797, buf3772, buf3796, buf3777, buf3785, buf3784, buf3789, buf3572, buf3571, buf3805, buf3804, buf3813, buf3812, buf3818, buf3827, buf3831, buf3826, buf3840, buf3866, buf3839, buf3865, buf3845, buf3854, buf3853, buf3858, buf3874, buf3873, buf3882, buf3881, buf3887, buf3896, buf3895, buf3900, buf3908, buf3914, buf3923, buf3909, buf3928, buf3936, buf3922, buf3935) = self.partitions[0](partition0_args)
[rank0]:                                                                                                                                                                                                                                                                                                                                                                                                                                                                                                                                                                                                                                                                                                                                                                                                                                                                                                                                                                                                                                                                                                                                                        ^^^^^^^^^^^^^^^^^^^^^^^^^^^^^^^^^^^
[rank0]:   File "/home/piado/.local/lib/python3.11/site-packages/torch/_inductor/compile_fx.py", line 1843, in run
[rank0]:     return compiled_fn(new_inputs)  # type: ignore[arg-type]
[rank0]:            ^^^^^^^^^^^^^^^^^^^^^^^
[rank0]:   File "/home/piado/.local/lib/python3.11/site-packages/torch/_inductor/cudagraph_trees.py", line 404, in deferred_cudagraphify
[rank0]:     fn, out = cudagraphify(model, inputs, new_static_input_idxs, *args, **kwargs)
[rank0]:               ^^^^^^^^^^^^^^^^^^^^^^^^^^^^^^^^^^^^^^^^^^^^^^^^^^^^^^^^^^^^^^^^^^^
[rank0]:   File "/home/piado/.local/lib/python3.11/site-packages/torch/_inductor/cudagraph_trees.py", line 464, in cudagraphify
[rank0]:     return manager.add_function(
[rank0]:            ^^^^^^^^^^^^^^^^^^^^^
[rank0]:   File "/home/piado/.local/lib/python3.11/site-packages/torch/_inductor/cudagraph_trees.py", line 2337, in add_function
[rank0]:     return fn, fn(inputs)
[rank0]:                ^^^^^^^^^^
[rank0]:   File "/home/piado/.local/lib/python3.11/site-packages/torch/_inductor/cudagraph_trees.py", line 2033, in run
[rank0]:     out = self._run(new_inputs, function_id)
[rank0]:           ^^^^^^^^^^^^^^^^^^^^^^^^^^^^^^^^^^
[rank0]:   File "/home/piado/.local/lib/python3.11/site-packages/torch/_inductor/cudagraph_trees.py", line 2137, in _run
[rank0]:     return self.run_eager(new_inputs, function_id)
[rank0]:            ^^^^^^^^^^^^^^^^^^^^^^^^^^^^^^^^^^^^^^^
[rank0]:   File "/home/piado/.local/lib/python3.11/site-packages/torch/_inductor/cudagraph_trees.py", line 2298, in run_eager
[rank0]:     return node.run(new_inputs)
[rank0]:            ^^^^^^^^^^^^^^^^^^^^
[rank0]:   File "/home/piado/.local/lib/python3.11/site-packages/torch/_inductor/cudagraph_trees.py", line 692, in run
[rank0]:     out = self.wrapped_function.model(new_inputs)
[rank0]:           ^^^^^^^^^^^^^^^^^^^^^^^^^^^^^^^^^^^^^^^
[rank0]:   File "/tmp/.torchinductor/nc/cncxwibsrx4e47pnefixyuacgfak4pvbbjatck322minwobe3zn2.py", line 35738, in partition_0
[rank0]:     triton_poi_fused_add_cat_clamp_min_clone_convolution_div_expand_linalg_vector_norm_mul_silu_slice_138.run(buf437, primals_24, buf438, primals_25, buf533, buf534, buf535, 192, 393216, stream=stream0)
[rank0]:   File "/home/piado/.local/lib/python3.11/site-packages/torch/_inductor/runtime/triton_heuristics.py", line 1379, in run
[rank0]:     self.autotune_to_one_config(*args, **kwargs)
[rank0]:   File "/home/piado/.local/lib/python3.11/site-packages/torch/_inductor/runtime/triton_heuristics.py", line 1109, in autotune_to_one_config
[rank0]:     timings = self.benchmark_all_configs(*args, **kwargs)
[rank0]:               ^^^^^^^^^^^^^^^^^^^^^^^^^^^^^^^^^^^^^^^^^^^
[rank0]:   File "/home/piado/.local/lib/python3.11/site-packages/torch/_inductor/runtime/triton_heuristics.py", line 1071, in benchmark_all_configs
[rank0]:     timings = {
[rank0]:               ^
[rank0]:   File "/home/piado/.local/lib/python3.11/site-packages/torch/_inductor/runtime/triton_heuristics.py", line 1072, in <dictcomp>
[rank0]:     launcher: self.bench(launcher, *args, **kwargs)
[rank0]:               ^^^^^^^^^^^^^^^^^^^^^^^^^^^^^^^^^^^^^
[rank0]:   File "/home/piado/.local/lib/python3.11/site-packages/torch/_inductor/runtime/triton_heuristics.py", line 932, in bench
[rank0]:     return benchmarker.benchmark(
[rank0]:            ^^^^^^^^^^^^^^^^^^^^^^
[rank0]:   File "/home/piado/.local/lib/python3.11/site-packages/torch/_inductor/runtime/benchmarking.py", line 92, in wrapper
[rank0]:     return fn(self, *args, **kwargs)
[rank0]:            ^^^^^^^^^^^^^^^^^^^^^^^^^
[rank0]:   File "/home/piado/.local/lib/python3.11/site-packages/torch/_inductor/runtime/benchmarking.py", line 200, in benchmark
[rank0]:     return self.benchmark_gpu(_callable, **kwargs)
[rank0]:            ^^^^^^^^^^^^^^^^^^^^^^^^^^^^^^^^^^^^^^^
[rank0]:   File "/home/piado/.local/lib/python3.11/site-packages/torch/_inductor/runtime/benchmarking.py", line 92, in wrapper
[rank0]:     return fn(self, *args, **kwargs)
[rank0]:            ^^^^^^^^^^^^^^^^^^^^^^^^^
[rank0]:   File "/home/piado/.local/lib/python3.11/site-packages/torch/_inductor/runtime/benchmarking.py", line 377, in benchmark_gpu
[rank0]:     buffer = torch.empty(self.L2_cache_size // 4, dtype=torch.int, device="cuda")
[rank0]:              ^^^^^^^^^^^^^^^^^^^^^^^^^^^^^^^^^^^^^^^^^^^^^^^^^^^^^^^^^^^^^^^^^^^^
[rank0]:   File "/home/piado/.local/lib/python3.11/site-packages/torch/utils/_device.py", line 109, in __torch_function__
[rank0]:     return func(*args, **kwargs)
[rank0]:            ^^^^^^^^^^^^^^^^^^^^^
[rank0]: torch.OutOfMemoryError: CUDA out of memory. Tried to allocate 96.00 MiB. GPU 0 has a total capacity of 44.39 GiB of which 2.12 MiB is free. Including non-PyTorch memory, this process has 44.38 GiB memory in use. Of the allocated memory 12.51 GiB is allocated by PyTorch, with 240.05 MiB allocated in private pools (e.g., CUDA Graphs), and 30.91 GiB is reserved by PyTorch but unallocated. If reserved but unallocated memory is large try setting PYTORCH_ALLOC_CONF=expandable_segments:True to avoid fragmentation.  See documentation for Memory Management  (https://pytorch.org/docs/stable/notes/cuda.html#environment-variables)
[rank0]:[W614 13:37:29.273483860 ProcessGroupNCCL.cpp:1553] Warning: WARNING: destroy_process_group() was not called before program exit, which can leak resources. For more info, please see https://pytorch.org/docs/stable/distributed.html#shutdown (function operator())
Traceback (most recent call last):
  File "/home/piado/.local/bin/accelerate", line 8, in <module>
    sys.exit(main())
             ^^^^^^
  File "/home/piado/.local/lib/python3.11/site-packages/accelerate/commands/accelerate_cli.py", line 50, in main
    args.func(args)
  File "/home/piado/.local/lib/python3.11/site-packages/accelerate/commands/launch.py", line 1281, in launch_command
    simple_launcher(args)
  File "/home/piado/.local/lib/python3.11/site-packages/accelerate/commands/launch.py", line 869, in simple_launcher
    raise subprocess.CalledProcessError(returncode=process.returncode, cmd=cmd)
subprocess.CalledProcessError: Command '['/cvmfs/soft.computecanada.ca/easybuild/software/2023/x86-64-v3/Compiler/gcccore/python/3.11.5/bin/python', '/home/piado/projects/aip-lindell/piado/vae/Open-Sora/scripts/vae/train.py', '/home/piado/projects/aip-lindell/piado/vae/Open-Sora/configs/vae/train/wan_multiview_finetune.py', '--experiment_name', '4v_512px_allpeople_one_expr_lr5e4_compile__job3954042', '--wandb_expr_name', '4v_512px_allpeople_one_expr_lr5e4_compile', '--nersemble_processed_base', '/datasets/lindell-proj/neumayr/nersemble_v2/processed/4-frames', '--bucket_config', "{'512px_ar1:1':{9:(1.0,1)}}", '--data_preset', 'all_people_one_expression', '--learning_rate', '5e-4', '--lr_scheduler.warmup_steps', '0', '--lr_scheduler.use_exponential_decay', 'False', '--discriminator_choice', 'none', '--optimization', 'True', '--optimization_compile_mode', 'reduce-overhead', '--epochs', '100000', '--eval_at_steps', '[10,100,500,1000,1500]', '--eval_every', '500', '--full_eval_every', '500', '--log_every', '500', '--save_ckpt', 'True', '--fixed_seq_eval_every_epochs', '0', '--log_memory', 'True', '--num_reconstruction_vis_samples', '1', '--batch_size', '16', '--accumulation_steps', '2', '--max_steps', '5', '--wandb', 'False']' returned non-zero exit status 1.
 → status=oom  peak_gpu=nullGB  (exit 1)

──────────────────────────────────────────────
 PROBE  batch_size=8  accum=4  (5 steps)
──────────────────────────────────────────────
chgrp: changing group of 'outputs/4v_512px_allpeople_one_expr_lr5e4_compile__job3954042/batch_probe_results.jsonl': Operation not permitted
chgrp: changing group of 'outputs/4v_512px_allpeople_one_expr_lr5e4_compile__job3954042/config.txt': Operation not permitted
chgrp: changing group of 'outputs/4v_512px_allpeople_one_expr_lr5e4_compile__job3954042/eval_metrics.jsonl': Operation not permitted
chgrp: changing group of 'outputs/4v_512px_allpeople_one_expr_lr5e4_compile__job3954042/log.txt': Operation not permitted
chgrp: changing group of 'outputs/4v_512px_allpeople_one_expr_lr5e4_compile__job3954042/loss_config.json': Operation not permitted
chgrp: changing group of 'outputs/4v_512px_allpeople_one_expr_lr5e4_compile__job3954042/train_debug_stats.jsonl': Operation not permitted
chgrp: changing group of 'outputs/4v_512px_allpeople_one_expr_lr5e4_compile__job3954042': Operation not permitted
[[34m2026-06-14 13:37:47[0m] Experiment directory created at outputs/4v_512px_allpeople_one_expr_lr5e4_compile__job3954042
[[34m2026-06-14 13:37:47[0m] Determinism mode: cuBLAS workspace, cudnn deterministic, TF32 disabled, torch.use_deterministic_algorithms(warn_only=True); data workers use seed+worker_id; epoch Python RNG uses seed+rank. Multi-GPU ZeRO and BF16 may still break bit-for-bit replay.
[[34m2026-06-14 13:37:47[0m] Using explicit global grad clipping (max_norm=2.0) with DP all-reduce; plugin-internal clipping disabled to avoid ZeRO shard-local clipping ambiguity.
[[34m2026-06-14 13:37:47[0m] Training configuration:
 {'DATA_ROOT': '/datasets/lindell-proj/neumayr/nersemble_v2/processed/4-frames/512-res',
 '_gen_loss_config': None,
 '_optim_discriminator': None,
 '_resolved': {'bucket_key': '128px_ar1:1',
               'data_root': '/datasets/lindell-proj/neumayr/nersemble_v2/processed/8-frames/128-res',
               'load_from_128_for_64_high_t': False,
               'load_res_fallback': None,
               'train_target_frames': 9,
               'train_target_hw': (128, 128)},
 '_val_participants': [97, 175, 226, 18, 30, 38, 85, 124, 227, 240],
 'accumulation_steps': 4,
 'all_people_expression_sequence': 'EMO-1-shout+laugh',
 'batch_size': 8,
 'bucket_config': {'512px_ar1:1': {9: (1.0, 1)}},
 'config_path': '/home/piado/projects/aip-lindell/piado/vae/Open-Sora/configs/vae/train/wan_multiview_finetune.py',
 'data_preset': 'all_people_one_expression',
 'dataset': {'data_path': '/datasets/lindell-proj/neumayr/nersemble_v2/processed/4-frames/512-res',
             'exclude_participants': [97,
                                      175,
                                      226,
                                      18,
                                      30,
                                      38,
                                      85,
                                      124,
                                      227,
                                      240],
             'expression_sequence': 'EMO-1-shout+laugh',
             'participants': None,
             'repeat': 1,
             'scan_subdirs': True,
             'skip_mismatched_views': True,
             'type': 'pt_video'},
 'dataset_presets': {'__default__': {'data_path': '/datasets/lindell-proj/neumayr/nersemble_v2/processed/4-frames/512-res',
                                     'participants': [17,
                                                      18,
                                                      30,
                                                      31,
                                                      32,
                                                      33,
                                                      35,
                                                      36,
                                                      37],
                                     'repeat': 1,
                                     'scan_subdirs': True,
                                     'type': 'pt_video'},
                     'all_people': {'data_path': '/datasets/lindell-proj/neumayr/nersemble_v2/processed/4-frames/512-res',
                                    'exclude_participants': [97,
                                                             175,
                                                             226,
                                                             18,
                                                             30,
                                                             38,
                                                             85,
                                                             124,
                                                             227,
                                                             240],
                                    'expected_views': 2,
                                    'participants': None,
                                    'repeat': 1,
                                    'scan_subdirs': True,
                                    'skip_mismatched_views': True,
                                    'type': 'pt_video'},
                     'all_people_one_expression': {'data_path': '/datasets/lindell-proj/neumayr/nersemble_v2/processed/4-frames/512-res',
                                                   'exclude_participants': [97,
                                                                            175,
                                                                            226,
                                                                            18,
                                                                            30,
                                                                            38,
                                                                            85,
                                                                            124,
                                                                            227,
                                                                            240],
                                                   'expression_sequence': 'EMO-1-shout+laugh',
                                                   'participants': None,
                                                   'repeat': 1,
                                                   'scan_subdirs': True,
                                                   'skip_mismatched_views': True,
                                                   'type': 'pt_video'},
                     'one_person': {'data_path': '/datasets/lindell-proj/neumayr/nersemble_v2/processed/4-frames/512-res',
                                    'exclude_sequences': ['EMO-4-disgust+happy',
                                                          'SEN-10-port_strong_smokey'],
                                    'participants': [18],
                                    'repeat': 1,
                                    'scan_subdirs': True,
                                    'type': 'pt_video'},
                     'single_sequence': {'data_path': '/datasets/lindell-proj/neumayr/nersemble_v2/processed/4-frames/512-res/p017/EMO-1-shout+laugh/frames.pt',
                                         'repeat': 1,
                                         'type': 'pt_video'},
                     'some_people': {'data_path': '/datasets/lindell-proj/neumayr/nersemble_v2/processed/4-frames/512-res',
                                     'participants': [17,
                                                      31,
                                                      32,
                                                      33,
                                                      35,
                                                      36,
                                                      37],
                                     'repeat': 1,
                                     'scan_subdirs': True,
                                     'type': 'pt_video'}},
 'debug_stats_every': 1,
 'debug_stats_start_step': 0,
 'debug_stats_weight_every': 50,
 'deterministic': True,
 'disc_learning_rate': None,
 'disc_multiview_mode': 'joint_4d',
 'disc_per_frame_2d': False,
 'discriminator': None,
 'discriminator_choice': 'none',
 'dtype': 'bf16',
 'dynamo_backend': 'no',
 'ema_decay': 0.9999,
 'epochs': 100000,
 'eval_at_steps': [10, 100, 500, 1000, 1500],
 'eval_batch_size': 1,
 'eval_every': 500,
 'eval_num_samples': 0,
 'eval_use_ema': True,
 'experiment_name': '4v_512px_allpeople_one_expr_lr5e4_compile__job3954042',
 'final_eval': True,
 'final_eval_num_samples': 0,
 'fixed_seq_eval_every_epochs': 0,
 'full_eval_every': 500,
 'gan_log_adaptive_grad_metrics': False,
 'gen_disc_weight': None,
 'grad_checkpoint': True,
 'grad_clip': 2.0,
 'keep_n_latest': 5,
 'kl_loss_weight': 1e-06,
 'learning_rate': 0.0005,
 'log_bottleneck_every': 0,
 'log_every': 500,
 'log_latent_shapes_every': 0,
 'log_memory': True,
 'log_step_time': True,
 'log_training_design_summary': True,
 'log_training_param_overview': True,
 'logvar_init': 0.0,
 'lr_scheduler': {'decay_factor': 0.5,
                  'decay_steps': 5000,
                  'min_lr': 5e-06,
                  'use_exponential_decay': False,
                  'warmup_steps': 0},
 'max_steps': 5,
 'mixed_image_ratio': 0.0,
 'mixed_strategy': None,
 'model': {'freeze_temporal': True,
           'from_pretrained': '/home/piado/scratch/Wan2.1_VAE.pth',
           'from_scratch': False,
           'full_finetune_decoder': False,
           'fusion_mode': 'cross_attention',
           'lora_rank': 32,
           'train_spatial': True,
           'type': 'multiview_wan_video_vae',
           'use_crossview_encoder': True,
           'use_lora': True,
           'use_lora_after': True,
           'use_lora_before': False,
           'use_view_embedding': False,
           'use_view_group_fusion': False,
           'use_viewwise_decoder_lora': False,
           'view_compression': 2,
           'view_in': 0,
           'view_mixing_strategy': 'embedding',
           'z_dim': 16},
 'nersemble_processed_base': '/datasets/lindell-proj/neumayr/nersemble_v2/processed/4-frames',
 'num_bucket_build_workers': 1,
 'num_reconstruction_vis_samples': 1,
 'num_workers': 8,
 'optim': {'betas': (0.9, 0.98),
           'cls': 'AdamW',
           'eps': 1e-08,
           'lr': 0.0001,
           'weight_decay': 0.0},
 'optimization': True,
 'optimization_compile_mode': 'reduce-overhead',
 'outputs': 'outputs',
 'perceptual_loss_weight': 1.5,
 'persistent_workers': True,
 'pin_memory_cache_pre_alloc_numels': None,
 'plugin': 'none',
 'plugin_config': {'overlap_allgather': False, 'reduce_bucket_size_in_m': 128},
 'prefetch_factor': 4,
 'profile_step': False,
 'profile_timing': False,
 'profile_timing_step': 50,
 'save_ckpt': True,
 'seed': 42,
 'sweep_gen_disc_weight': None,
 'train_psnr_guard': False,
 'train_psnr_guard_consecutive': 5,
 'train_psnr_guard_min_epochs': 0,
 'train_psnr_guard_start_epoch': 0,
 'train_psnr_guard_threshold': 15.0,
 'train_target_frames': 9,
 'train_target_hw': (512, 512),
 'update_warmup_steps': False,
 'vae_loss_config': {'kl_loss_weight': 1e-06,
                     'logvar_init': 0.0,
                     'perceptual_loss_weight': 1.5,
                     'view_consistency_weight': 0.0},
 'vae_loss_preset': 'default',
 'vae_target_range': '[-1,1]',
 'val_dataset': {'data_path': '/datasets/lindell-proj/neumayr/nersemble_v2/processed/4-frames/512-res',
                 'expression_sequence': 'EMO-1-shout+laugh',
                 'participants': [97, 175, 226, 18, 30, 38, 85, 124, 227, 240],
                 'repeat': 1,
                 'scan_subdirs': True,
                 'skip_mismatched_views': True,
                 'type': 'pt_video'},
 'val_dataset_presets': {'__default__': None,
                         'all_people': {'data_path': '/datasets/lindell-proj/neumayr/nersemble_v2/processed/4-frames/512-res',
                                        'expected_views': 2,
                                        'participants': [97,
                                                         175,
                                                         226,
                                                         18,
                                                         30,
                                                         38,
                                                         85,
                                                         124,
                                                         227,
                                                         240],
                                        'repeat': 1,
                                        'scan_subdirs': True,
                                        'skip_mismatched_views': True,
                                        'type': 'pt_video'},
                         'all_people_one_expression': {'data_path': '/datasets/lindell-proj/neumayr/nersemble_v2/processed/4-frames/512-res',
                                                       'expression_sequence': 'EMO-1-shout+laugh',
                                                       'participants': [97,
                                                                        175,
                                                                        226,
                                                                        18,
                                                                        30,
                                                                        38,
                                                                        85,
                                                                        124,
                                                                        227,
                                                                        240],
                                                       'repeat': 1,
                                                       'scan_subdirs': True,
                                                       'skip_mismatched_views': True,
                                                       'type': 'pt_video'},
                         'one_person': {'data_path': '/datasets/lindell-proj/neumayr/nersemble_v2/processed/4-frames/512-res',
                                        'include_only_sequences': ['EMO-4-disgust+happy',
                                                                   'SEN-10-port_strong_smokey'],
                                        'participants': [17],
                                        'repeat': 1,
                                        'scan_subdirs': True,
                                        'type': 'pt_video'},
                         'single_sequence': None,
                         'some_people': {'data_path': '/datasets/lindell-proj/neumayr/nersemble_v2/processed/4-frames/512-res',
                                         'participants': [18, 30],
                                         'repeat': 1,
                                         'scan_subdirs': True,
                                         'type': 'pt_video'}},
 'view_consistency_weight': 0.0,
 'view_flatten_in_disc': False,
 'view_flatten_in_loss': False,
 'wandb': False,
 'wandb_expr_name': '4v_512px_allpeople_one_expr_lr5e4_compile',
 'wandb_min_steps_before_init': 10,
 'wandb_project': 'wan_multiview_vae'}
[[34m2026-06-14 13:37:47[0m] Building dataset...
[[34m2026-06-14 13:37:47[0m] Dataset contains 405 samples.
[[34m2026-06-14 13:37:47[0m] Val (held-out) dataset contains 10 samples.
[[34m2026-06-14 13:37:47[0m] Fixed per-frame eval sequence name: EMO-1-shout+laugh (train idx=0, val idx=0)
[[34m2026-06-14 13:37:47[0m] Building models...
[[34m2026-06-14 13:37:47[0m] Auto-detected model.view_in=4 from first dataset sample
[[34m2026-06-14 13:37:49[0m] [MultiviewWanVideoVAE] Number of parameters: 161.23 M
[[34m2026-06-14 13:37:49[0m] [MultiviewWanVideoVAE] Number of trainable parameters: 75.13 M
[[34m2026-06-14 13:37:50[0m] EMA model created.
[[34m2026-06-14 13:37:50[0m] [optimization] channels_last_3d: disabled (fragile with view() ops and compile cache)
[[34m2026-06-14 13:37:50[0m] VAE trainable params (optimizer): 78,780,400
[[34m2026-06-14 13:37:50[0m] [optimization] torch.compile: mode=reduce-overhead (first step will be slow)
[[34m2026-06-14 13:37:50[0m] Preparing for distributed training...
[[34m2026-06-14 13:37:50[0m] Optimizer AdamW has no `.backward`; using booster.backward(loss=...) compatibility path.
[[34m2026-06-14 13:37:50[0m] Boosted model for distributed training
[[34m2026-06-14 13:37:50[0m] Training for 100000 epochs with 405 steps per epoch
[[34m2026-06-14 13:37:51[0m] [optimization] Warming up torch.compile eval graph (one-time, before training loop)...
[[34m2026-06-14 13:38:14[0m] [AttentionMultiViewVideoVan] latent shape: (1, 16, 3, 64, 64)  (B=1, z_dim=16, T'=3, H'=64, W'=64)
[[34m2026-06-14 13:38:44[0m] [optimization] Eval graph warm-up done.
[rank0]:[W614 13:38:44.773299907 ProcessGroupNCCL.cpp:5138] Guessing device ID based on global rank. This can cause a hang if rank to GPU mapping is heterogeneous. You can specify device_id in init_process_group()
[wan_multiview] effective data: epochs=100000 DATA_ROOT=/datasets/lindell-proj/neumayr/nersemble_v2/processed/4-frames/512-res train_target_hw=(512, 512) train_target_frames=9 bucket_config={'512px_ar1:1': {9: (1.0, 1)}}
changing outputs/4v_512px_allpeople_one_expr_lr5e4_compile__job3954042 to share
PTVideoDataset: Found 405 .pt file(s)
PTVideoDataset: Found 10 .pt file(s)
[MultiviewWanVideoVAE] Loaded Wan 2.1 into crossview_vae: /home/piado/scratch/Wan2.1_VAE.pth
  -> 194 ckpt keys; 241 missing, 90 unexpected
modulated mixed image ratio: 0.0
train:   0%|          | 0/405 [00:00<?, ?it/s]train:   0%|          | 0/405 [00:00<?, ?it/s, epoch=0]train:   0%|          | 1/405 [00:00<03:28,  1.93it/s, epoch=0][[34m2026-06-14 13:38:45[0m] ======== Wan multiview / crossview design summary (one-time) ========
[[34m2026-06-14 13:38:45[0m] use_crossview_encoder=True
[[34m2026-06-14 13:38:45[0m] fusion_mode='cross_attention'
[[34m2026-06-14 13:38:45[0m]   -> Bidirectional cross-attention between views: each view attends to the other view’s tokens, then features are combined for the rest of the encoder/decoder. Strong when views are aligned but not identical.
[[34m2026-06-14 13:38:45[0m] view_in=4, view_mixing_strategy=embedding
[[34m2026-06-14 13:38:45[0m] use_view_embedding vs use_viewwise_decoder_lora: per-view additive embeddings bias early (or latent) features with a small vector per view; viewwise_decoder_lora adds low-rank adapters on the decoder side conditioned by view index—typically more flexible than a single embedding per view for reconstruction, at the cost of more trainable parameters.
[[34m2026-06-14 13:38:45[0m]   use_view_embedding=False
[[34m2026-06-14 13:38:45[0m]   use_viewwise_decoder_lora=False
[[34m2026-06-14 13:38:45[0m] use_lora=True, use_lora_before=False, use_lora_after=True, lora_rank=32. Before = LoRA on the encoder stem / early downsampling; after = bottleneck and later decoder. Both can be enabled for two complementary adaptation regions.
[[34m2026-06-14 13:38:45[0m] LoRA rank: all listed adapters in this stack typically share this rank. Larger rank increases adapter capacity and parameter count roughly linearly in rank; too high can overfit small datasets, too low can underfit cross-view cues.
[[34m2026-06-14 13:38:45[0m] freeze_temporal=True, train_spatial=True
[[34m2026-06-14 13:38:45[0m] ======== end design summary ========
[[34m2026-06-14 13:38:45[0m] [VAE] param overview: total=161.23 M trainable=75.13 M (46.60% of weights) frozen=86.10 M
[[34m2026-06-14 13:38:45[0m] [VAE] LoRA trainable: 998.59 K (1.3% of trainable); heuristic attention/cross-fusion LoRA: 998.59 K (100.0% of LoRA); other LoRA: 0
[[34m2026-06-14 13:38:45[0m] [VAE] base trainable (non-LoRA): 74.16 M (98.7% of trainable)
[[34m2026-06-14 13:38:45[0m] [VAE] LoRA heuristic buckets (buckets overlap if a name matches multiple hints): encoder/stem-ish=275.50 K, decoder-ish=723.09 K, viewwise-ish=0
train:   0%|          | 1/405 [01:03<7:10:22, 63.92s/it, epoch=0]
[rank0]: Traceback (most recent call last):
[rank0]:   File "/home/piado/projects/aip-lindell/piado/vae/Open-Sora/scripts/vae/train.py", line 3523, in <module>
[rank0]:     main()
[rank0]:   File "/home/piado/projects/aip-lindell/piado/vae/Open-Sora/scripts/vae/train.py", line 2555, in main
[rank0]:     loss_scaled.backward()
[rank0]:   File "/home/piado/.local/lib/python3.11/site-packages/torch/_tensor.py", line 630, in backward
[rank0]:     torch.autograd.backward(
[rank0]:   File "/home/piado/.local/lib/python3.11/site-packages/torch/autograd/__init__.py", line 364, in backward
[rank0]:     _engine_run_backward(
[rank0]:   File "/home/piado/.local/lib/python3.11/site-packages/torch/autograd/graph.py", line 865, in _engine_run_backward
[rank0]:     return Variable._execution_engine.run_backward(  # Calls into the C++ engine to run the backward pass
[rank0]:            ^^^^^^^^^^^^^^^^^^^^^^^^^^^^^^^^^^^^^^^^^^^^^^^^^^^^^^^^^^^^^^^^^^^^^^^^^^^^^^^^^^^^^^^^^^^^^^
[rank0]:   File "/home/piado/.local/lib/python3.11/site-packages/torch/autograd/function.py", line 317, in apply
[rank0]:     return user_fn(self, *args)
[rank0]:            ^^^^^^^^^^^^^^^^^^^^
[rank0]:   File "/home/piado/.local/lib/python3.11/site-packages/torch/_functorch/_aot_autograd/runtime_wrappers.py", line 2338, in backward
[rank0]:     return impl_fn()
[rank0]:            ^^^^^^^^^
[rank0]:   File "/home/piado/.local/lib/python3.11/site-packages/torch/_functorch/_aot_autograd/runtime_wrappers.py", line 2324, in impl_fn
[rank0]:     out = CompiledFunction._backward_impl(ctx, all_args)
[rank0]:           ^^^^^^^^^^^^^^^^^^^^^^^^^^^^^^^^^^^^^^^^^^^^^^
[rank0]:   File "/home/piado/.local/lib/python3.11/site-packages/torch/_functorch/_aot_autograd/runtime_wrappers.py", line 2494, in _backward_impl
[rank0]:     out = call_func_at_runtime_with_args(
[rank0]:           ^^^^^^^^^^^^^^^^^^^^^^^^^^^^^^^
[rank0]:   File "/home/piado/.local/lib/python3.11/site-packages/torch/_functorch/_aot_autograd/utils.py", line 134, in call_func_at_runtime_with_args
[rank0]:     out = normalize_as_list(f(args))
[rank0]:                             ^^^^^^^
[rank0]:   File "/home/piado/.local/lib/python3.11/site-packages/torch/_dynamo/eval_frame.py", line 1181, in _fn
[rank0]:     return fn(*args, **kwargs)
[rank0]:            ^^^^^^^^^^^^^^^^^^^
[rank0]:   File "/home/piado/.local/lib/python3.11/site-packages/torch/_inductor/output_code.py", line 638, in __call__
[rank0]:     return self.current_callable(inputs)
[rank0]:            ^^^^^^^^^^^^^^^^^^^^^^^^^^^^^
[rank0]:   File "/tmp/.torchinductor/nc/cncxwibsrx4e47pnefixyuacgfak4pvbbjatck322minwobe3zn2.py", line 46477, in call
[rank0]:     (buf2, buf5, buf9, buf12, buf17, buf23, buf26, buf31, buf37, buf40, buf45, buf54, buf57, buf60, buf67, buf70, buf78, buf81, buf73, buf84, buf97, buf100, buf103, buf110, buf113, buf121, buf124, buf116, buf127, buf129, buf136, buf139, buf144, buf150, buf153, buf158, buf162, buf165, buf168, buf172, buf175, buf178, buf182, buf202, buf185, buf205, buf188, buf192, buf195, buf198, buf256, buf255, buf260, buf269, buf268, buf273, buf282, buf306, buf281, buf305, buf286, buf295, buf299, buf294, buf309, buf312, buf319, buf324, buf322, buf3687, buf3691, buf3686, buf3700, buf3703, buf3699, buf3715, buf3719, buf3714, buf3728, buf3519, buf3518, buf3727, buf3733, buf3743, buf3742, buf3750, buf3754, buf3749, buf3762, buf3765, buf3761, buf3773, buf3797, buf3772, buf3796, buf3777, buf3785, buf3784, buf3789, buf3572, buf3571, buf3805, buf3804, buf3813, buf3812, buf3818, buf3827, buf3831, buf3826, buf3840, buf3866, buf3839, buf3865, buf3845, buf3854, buf3853, buf3858, buf3874, buf3873, buf3882, buf3881, buf3887, buf3896, buf3895, buf3900, buf3908, buf3914, buf3923, buf3909, buf3928, buf3936, buf3922, buf3935) = self.partitions[0](partition0_args)
[rank0]:                                                                                                                                                                                                                                                                                                                                                                                                                                                                                                                                                                                                                                                                                                                                                                                                                                                                                                                                                                                                                                                                                                                                                        ^^^^^^^^^^^^^^^^^^^^^^^^^^^^^^^^^^^
[rank0]:   File "/home/piado/.local/lib/python3.11/site-packages/torch/_inductor/compile_fx.py", line 1843, in run
[rank0]:     return compiled_fn(new_inputs)  # type: ignore[arg-type]
[rank0]:            ^^^^^^^^^^^^^^^^^^^^^^^
[rank0]:   File "/home/piado/.local/lib/python3.11/site-packages/torch/_inductor/cudagraph_trees.py", line 404, in deferred_cudagraphify
[rank0]:     fn, out = cudagraphify(model, inputs, new_static_input_idxs, *args, **kwargs)
[rank0]:               ^^^^^^^^^^^^^^^^^^^^^^^^^^^^^^^^^^^^^^^^^^^^^^^^^^^^^^^^^^^^^^^^^^^
[rank0]:   File "/home/piado/.local/lib/python3.11/site-packages/torch/_inductor/cudagraph_trees.py", line 464, in cudagraphify
[rank0]:     return manager.add_function(
[rank0]:            ^^^^^^^^^^^^^^^^^^^^^
[rank0]:   File "/home/piado/.local/lib/python3.11/site-packages/torch/_inductor/cudagraph_trees.py", line 2337, in add_function
[rank0]:     return fn, fn(inputs)
[rank0]:                ^^^^^^^^^^
[rank0]:   File "/home/piado/.local/lib/python3.11/site-packages/torch/_inductor/cudagraph_trees.py", line 2033, in run
[rank0]:     out = self._run(new_inputs, function_id)
[rank0]:           ^^^^^^^^^^^^^^^^^^^^^^^^^^^^^^^^^^
[rank0]:   File "/home/piado/.local/lib/python3.11/site-packages/torch/_inductor/cudagraph_trees.py", line 2137, in _run
[rank0]:     return self.run_eager(new_inputs, function_id)
[rank0]:            ^^^^^^^^^^^^^^^^^^^^^^^^^^^^^^^^^^^^^^^
[rank0]:   File "/home/piado/.local/lib/python3.11/site-packages/torch/_inductor/cudagraph_trees.py", line 2298, in run_eager
[rank0]:     return node.run(new_inputs)
[rank0]:            ^^^^^^^^^^^^^^^^^^^^
[rank0]:   File "/home/piado/.local/lib/python3.11/site-packages/torch/_inductor/cudagraph_trees.py", line 692, in run
[rank0]:     out = self.wrapped_function.model(new_inputs)
[rank0]:           ^^^^^^^^^^^^^^^^^^^^^^^^^^^^^^^^^^^^^^^
[rank0]:   File "/tmp/.torchinductor/nc/cncxwibsrx4e47pnefixyuacgfak4pvbbjatck322minwobe3zn2.py", line 35738, in partition_0
[rank0]:     triton_poi_fused_add_cat_clamp_min_clone_convolution_div_expand_linalg_vector_norm_mul_silu_slice_138.run(buf437, primals_24, buf438, primals_25, buf533, buf534, buf535, 192, 393216, stream=stream0)
[rank0]:   File "/home/piado/.local/lib/python3.11/site-packages/torch/_inductor/runtime/triton_heuristics.py", line 1379, in run
[rank0]:     self.autotune_to_one_config(*args, **kwargs)
[rank0]:   File "/home/piado/.local/lib/python3.11/site-packages/torch/_inductor/runtime/triton_heuristics.py", line 1109, in autotune_to_one_config
[rank0]:     timings = self.benchmark_all_configs(*args, **kwargs)
[rank0]:               ^^^^^^^^^^^^^^^^^^^^^^^^^^^^^^^^^^^^^^^^^^^
[rank0]:   File "/home/piado/.local/lib/python3.11/site-packages/torch/_inductor/runtime/triton_heuristics.py", line 1071, in benchmark_all_configs
[rank0]:     timings = {
[rank0]:               ^
[rank0]:   File "/home/piado/.local/lib/python3.11/site-packages/torch/_inductor/runtime/triton_heuristics.py", line 1072, in <dictcomp>
[rank0]:     launcher: self.bench(launcher, *args, **kwargs)
[rank0]:               ^^^^^^^^^^^^^^^^^^^^^^^^^^^^^^^^^^^^^
[rank0]:   File "/home/piado/.local/lib/python3.11/site-packages/torch/_inductor/runtime/triton_heuristics.py", line 932, in bench
[rank0]:     return benchmarker.benchmark(
[rank0]:            ^^^^^^^^^^^^^^^^^^^^^^
[rank0]:   File "/home/piado/.local/lib/python3.11/site-packages/torch/_inductor/runtime/benchmarking.py", line 92, in wrapper
[rank0]:     return fn(self, *args, **kwargs)
[rank0]:            ^^^^^^^^^^^^^^^^^^^^^^^^^
[rank0]:   File "/home/piado/.local/lib/python3.11/site-packages/torch/_inductor/runtime/benchmarking.py", line 200, in benchmark
[rank0]:     return self.benchmark_gpu(_callable, **kwargs)
[rank0]:            ^^^^^^^^^^^^^^^^^^^^^^^^^^^^^^^^^^^^^^^
[rank0]:   File "/home/piado/.local/lib/python3.11/site-packages/torch/_inductor/runtime/benchmarking.py", line 92, in wrapper
[rank0]:     return fn(self, *args, **kwargs)
[rank0]:            ^^^^^^^^^^^^^^^^^^^^^^^^^
[rank0]:   File "/home/piado/.local/lib/python3.11/site-packages/torch/_inductor/runtime/benchmarking.py", line 377, in benchmark_gpu
[rank0]:     buffer = torch.empty(self.L2_cache_size // 4, dtype=torch.int, device="cuda")
[rank0]:              ^^^^^^^^^^^^^^^^^^^^^^^^^^^^^^^^^^^^^^^^^^^^^^^^^^^^^^^^^^^^^^^^^^^^
[rank0]:   File "/home/piado/.local/lib/python3.11/site-packages/torch/utils/_device.py", line 109, in __torch_function__
[rank0]:     return func(*args, **kwargs)
[rank0]:            ^^^^^^^^^^^^^^^^^^^^^
[rank0]: torch.OutOfMemoryError: CUDA out of memory. Tried to allocate 96.00 MiB. GPU 0 has a total capacity of 44.39 GiB of which 2.12 MiB is free. Including non-PyTorch memory, this process has 44.38 GiB memory in use. Of the allocated memory 12.51 GiB is allocated by PyTorch, with 240.05 MiB allocated in private pools (e.g., CUDA Graphs), and 30.91 GiB is reserved by PyTorch but unallocated. If reserved but unallocated memory is large try setting PYTORCH_ALLOC_CONF=expandable_segments:True to avoid fragmentation.  See documentation for Memory Management  (https://pytorch.org/docs/stable/notes/cuda.html#environment-variables)
[rank0]:[W614 13:40:30.875101310 ProcessGroupNCCL.cpp:1553] Warning: WARNING: destroy_process_group() was not called before program exit, which can leak resources. For more info, please see https://pytorch.org/docs/stable/distributed.html#shutdown (function operator())
Traceback (most recent call last):
  File "/home/piado/.local/bin/accelerate", line 8, in <module>
    sys.exit(main())
             ^^^^^^
  File "/home/piado/.local/lib/python3.11/site-packages/accelerate/commands/accelerate_cli.py", line 50, in main
    args.func(args)
  File "/home/piado/.local/lib/python3.11/site-packages/accelerate/commands/launch.py", line 1281, in launch_command
    simple_launcher(args)
  File "/home/piado/.local/lib/python3.11/site-packages/accelerate/commands/launch.py", line 869, in simple_launcher
    raise subprocess.CalledProcessError(returncode=process.returncode, cmd=cmd)
subprocess.CalledProcessError: Command '['/cvmfs/soft.computecanada.ca/easybuild/software/2023/x86-64-v3/Compiler/gcccore/python/3.11.5/bin/python', '/home/piado/projects/aip-lindell/piado/vae/Open-Sora/scripts/vae/train.py', '/home/piado/projects/aip-lindell/piado/vae/Open-Sora/configs/vae/train/wan_multiview_finetune.py', '--experiment_name', '4v_512px_allpeople_one_expr_lr5e4_compile__job3954042', '--wandb_expr_name', '4v_512px_allpeople_one_expr_lr5e4_compile', '--nersemble_processed_base', '/datasets/lindell-proj/neumayr/nersemble_v2/processed/4-frames', '--bucket_config', "{'512px_ar1:1':{9:(1.0,1)}}", '--data_preset', 'all_people_one_expression', '--learning_rate', '5e-4', '--lr_scheduler.warmup_steps', '0', '--lr_scheduler.use_exponential_decay', 'False', '--discriminator_choice', 'none', '--optimization', 'True', '--optimization_compile_mode', 'reduce-overhead', '--epochs', '100000', '--eval_at_steps', '[10,100,500,1000,1500]', '--eval_every', '500', '--full_eval_every', '500', '--log_every', '500', '--save_ckpt', 'True', '--fixed_seq_eval_every_epochs', '0', '--log_memory', 'True', '--num_reconstruction_vis_samples', '1', '--batch_size', '8', '--accumulation_steps', '4', '--max_steps', '5', '--wandb', 'False']' returned non-zero exit status 1.
 → status=oom  peak_gpu=nullGB  (exit 1)

──────────────────────────────────────────────
 PROBE  batch_size=4  accum=8  (5 steps)
──────────────────────────────────────────────
