wandb: WARNING Symlinked 1 file into the W&B run directory; call wandb.save again to sync new files.
[[34m2026-03-23 22:41:45[0m] Wandb run URL: https://wandb.ai/pia-uni/wan_multiview_vae/runs/ljg9x9be
train:   0%|          | 0/1 [00:02<?, ?it/s, epoch=10]
train:   0%|          | 0/1 [00:00<?, ?it/s, epoch=11]
train:   0%|          | 0/1 [00:00<?, ?it/s, epoch=12]
train:   0%|          | 0/1 [00:00<?, ?it/s, epoch=13]
train:   0%|          | 0/1 [00:00<?, ?it/s, epoch=14]
train:   0%|          | 0/1 [00:00<?, ?it/s, epoch=15]
train:   0%|          | 0/1 [00:00<?, ?it/s, epoch=16]
train:   0%|          | 0/1 [00:00<?, ?it/s, epoch=17]
train:   0%|          | 0/1 [00:00<?, ?it/s, epoch=18]
train:   0%|          | 0/1 [00:00<?, ?it/s, epoch=19]
train:   0%|          | 0/1 [00:00<?, ?it/s, epoch=20]
train:   0%|          | 0/1 [00:00<?, ?it/s, epoch=21]
train:   0%|          | 0/1 [00:00<?, ?it/s, epoch=22]
train:   0%|          | 0/1 [00:00<?, ?it/s, epoch=23]
train:   0%|          | 0/1 [00:00<?, ?it/s, epoch=24]
train:   0%|          | 0/1 [00:00<?, ?it/s, epoch=25]
train:   0%|          | 0/1 [00:00<?, ?it/s, epoch=26]
train:   0%|          | 0/1 [00:00<?, ?it/s, epoch=27]
train:   0%|          | 0/1 [00:00<?, ?it/s, epoch=28]
train:   0%|          | 0/1 [00:00<?, ?it/s, epoch=29]
train:   0%|          | 0/1 [00:00<?, ?it/s, epoch=30]
train:   0%|          | 0/1 [00:00<?, ?it/s, epoch=31]
train:   0%|          | 0/1 [00:00<?, ?it/s, epoch=32]
train:   0%|          | 0/1 [00:00<?, ?it/s, epoch=33]
train:   0%|          | 0/1 [00:00<?, ?it/s, epoch=34]
train:   0%|          | 0/1 [00:00<?, ?it/s, epoch=35]
train:   0%|          | 0/1 [00:00<?, ?it/s, epoch=36]
train:   0%|          | 0/1 [00:00<?, ?it/s, epoch=37]
train:   0%|          | 0/1 [00:00<?, ?it/s, epoch=38]
train:   0%|          | 0/1 [00:00<?, ?it/s, epoch=39]
train:   0%|          | 0/1 [00:00<?, ?it/s, epoch=40]
train:   0%|          | 0/1 [00:00<?, ?it/s, epoch=41]
train:   0%|          | 0/1 [00:00<?, ?it/s, epoch=42]
train:   0%|          | 0/1 [00:00<?, ?it/s, epoch=43]
train:   0%|          | 0/1 [00:00<?, ?it/s, epoch=44]
train:   0%|          | 0/1 [00:00<?, ?it/s, epoch=45]
train:   0%|          | 0/1 [00:00<?, ?it/s, epoch=46]
train:   0%|          | 0/1 [00:00<?, ?it/s, epoch=47]
train:   0%|          | 0/1 [00:00<?, ?it/s, epoch=48]
train:   0%|          | 0/1 [00:00<?, ?it/s, epoch=49]
train:   0%|          | 0/1 [00:00<?, ?it/s, epoch=50]
train:   0%|          | 0/1 [00:00<?, ?it/s, epoch=51]
train:   0%|          | 0/1 [00:00<?, ?it/s, epoch=52]
train:   0%|          | 0/1 [00:00<?, ?it/s, epoch=53]
train:   0%|          | 0/1 [00:00<?, ?it/s, epoch=54]
train:   0%|          | 0/1 [00:00<?, ?it/s, epoch=55]
train:   0%|          | 0/1 [00:00<?, ?it/s, epoch=56]
train:   0%|          | 0/1 [00:00<?, ?it/s, epoch=57]
train:   0%|          | 0/1 [00:00<?, ?it/s, epoch=58]
train:   0%|          | 0/1 [00:00<?, ?it/s, epoch=59]
train:   0%|          | 0/1 [00:00<?, ?it/s, epoch=60]
train:   0%|          | 0/1 [00:00<?, ?it/s, epoch=61]
train:   0%|          | 0/1 [00:00<?, ?it/s, epoch=62]
train:   0%|          | 0/1 [00:00<?, ?it/s, epoch=63]
train:   0%|          | 0/1 [00:00<?, ?it/s, epoch=64]
train:   0%|          | 0/1 [00:00<?, ?it/s, epoch=65]
train:   0%|          | 0/1 [00:00<?, ?it/s, epoch=66]
train:   0%|          | 0/1 [00:00<?, ?it/s, epoch=67]
train:   0%|          | 0/1 [00:00<?, ?it/s, epoch=68]
train:   0%|          | 0/1 [00:00<?, ?it/s, epoch=69]
train:   0%|          | 0/1 [00:00<?, ?it/s, epoch=70]
train:   0%|          | 0/1 [00:00<?, ?it/s, epoch=71]
train:   0%|          | 0/1 [00:00<?, ?it/s, epoch=72]
train:   0%|          | 0/1 [00:00<?, ?it/s, epoch=73]
train:   0%|          | 0/1 [00:00<?, ?it/s, epoch=74]
train:   0%|          | 0/1 [00:00<?, ?it/s, epoch=75]
train:   0%|          | 0/1 [00:00<?, ?it/s, epoch=76]
train:   0%|          | 0/1 [00:00<?, ?it/s, epoch=77]
train:   0%|          | 0/1 [00:00<?, ?it/s, epoch=78]
train:   0%|          | 0/1 [00:00<?, ?it/s, epoch=79]
train:   0%|          | 0/1 [00:00<?, ?it/s, epoch=80]
train:   0%|          | 0/1 [00:00<?, ?it/s, epoch=81]
train:   0%|          | 0/1 [00:00<?, ?it/s, epoch=82]
train:   0%|          | 0/1 [00:00<?, ?it/s, epoch=83]
train:   0%|          | 0/1 [00:00<?, ?it/s, epoch=84]
train:   0%|          | 0/1 [00:00<?, ?it/s, epoch=85]
train:   0%|          | 0/1 [00:00<?, ?it/s, epoch=86]
train:   0%|          | 0/1 [00:00<?, ?it/s, epoch=87]
train:   0%|          | 0/1 [00:00<?, ?it/s, epoch=88]
train:   0%|          | 0/1 [00:00<?, ?it/s, epoch=89]
train:   0%|          | 0/1 [00:00<?, ?it/s, epoch=90]
train:   0%|          | 0/1 [00:00<?, ?it/s, epoch=91]
train:   0%|          | 0/1 [00:00<?, ?it/s, epoch=92]
train:   0%|          | 0/1 [00:00<?, ?it/s, epoch=93]
train:   0%|          | 0/1 [00:00<?, ?it/s, epoch=94]
train:   0%|          | 0/1 [00:00<?, ?it/s, epoch=95]
train:   0%|          | 0/1 [00:00<?, ?it/s, epoch=96]
train:   0%|          | 0/1 [00:00<?, ?it/s, epoch=97]
train:   0%|          | 0/1 [00:00<?, ?it/s, epoch=98]
train:   0%|          | 0/1 [00:00<?, ?it/s, epoch=99][[34m2026-03-23 22:43:01[0m] Step 100 | Loss: 7.238027 | Timing: time/data_load: 0.000s, time/forward: 0.336s, time/loss_compute: 0.022s, time/discriminator: 0.000s, time/backward: 0.489s, time/optimizer: 0.035s, time/total_step: 0.911s
train:   0%|          | 0/1 [00:01<?, ?it/s, all=7.24, nll=0.50, nll_rec=0.27, nll_per=0.47, kl=6.75, gen=0.00, gen_w=0.00, disc=0.00, debug=0.00]
train:   0%|          | 0/1 [00:00<?, ?it/s, epoch=100]
train:   0%|          | 0/1 [00:00<?, ?it/s, epoch=101]
train:   0%|          | 0/1 [00:00<?, ?it/s, epoch=102]
train:   0%|          | 0/1 [00:00<?, ?it/s, epoch=103]
train:   0%|          | 0/1 [00:00<?, ?it/s, epoch=104]
train:   0%|          | 0/1 [00:00<?, ?it/s, epoch=105]
train:   0%|          | 0/1 [00:00<?, ?it/s, epoch=106]
train:   0%|          | 0/1 [00:00<?, ?it/s, epoch=107]
train:   0%|          | 0/1 [00:00<?, ?it/s, epoch=108]
train:   0%|          | 0/1 [00:00<?, ?it/s, epoch=109]
train:   0%|          | 0/1 [00:00<?, ?it/s, epoch=110]
train:   0%|          | 0/1 [00:00<?, ?it/s, epoch=111]
train:   0%|          | 0/1 [00:00<?, ?it/s, epoch=112]
train:   0%|          | 0/1 [00:00<?, ?it/s, epoch=113]
train:   0%|          | 0/1 [00:00<?, ?it/s, epoch=114]
train:   0%|          | 0/1 [00:00<?, ?it/s, epoch=115]
train:   0%|          | 0/1 [00:00<?, ?it/s, epoch=116]
train:   0%|          | 0/1 [00:00<?, ?it/s, epoch=117]
train:   0%|          | 0/1 [00:00<?, ?it/s, epoch=118]
train:   0%|          | 0/1 [00:00<?, ?it/s, epoch=119]
train:   0%|          | 0/1 [00:00<?, ?it/s, epoch=120]
train:   0%|          | 0/1 [00:00<?, ?it/s, epoch=121]
train:   0%|          | 0/1 [00:00<?, ?it/s, epoch=122]
train:   0%|          | 0/1 [00:00<?, ?it/s, epoch=123]
train:   0%|          | 0/1 [00:00<?, ?it/s, epoch=124]
train:   0%|          | 0/1 [00:00<?, ?it/s, epoch=125]
train:   0%|          | 0/1 [00:00<?, ?it/s, epoch=126]
train:   0%|          | 0/1 [00:00<?, ?it/s, epoch=127]
train:   0%|          | 0/1 [00:00<?, ?it/s, epoch=128]
train:   0%|          | 0/1 [00:00<?, ?it/s, epoch=129]
train:   0%|          | 0/1 [00:00<?, ?it/s, epoch=130]
train:   0%|          | 0/1 [00:00<?, ?it/s, epoch=131]
train:   0%|          | 0/1 [00:00<?, ?it/s, epoch=132]
train:   0%|          | 0/1 [00:00<?, ?it/s, epoch=133]
train:   0%|          | 0/1 [00:00<?, ?it/s, epoch=134]
train:   0%|          | 0/1 [00:00<?, ?it/s, epoch=135]
train:   0%|          | 0/1 [00:00<?, ?it/s, epoch=136]
train:   0%|          | 0/1 [00:00<?, ?it/s, epoch=137]
train:   0%|          | 0/1 [00:00<?, ?it/s, epoch=138]
train:   0%|          | 0/1 [00:00<?, ?it/s, epoch=139]
train:   0%|          | 0/1 [00:00<?, ?it/s, epoch=140]
train:   0%|          | 0/1 [00:00<?, ?it/s, epoch=141]
train:   0%|          | 0/1 [00:00<?, ?it/s, epoch=142]
train:   0%|          | 0/1 [00:00<?, ?it/s, epoch=143]
train:   0%|          | 0/1 [00:00<?, ?it/s, epoch=144]
train:   0%|          | 0/1 [00:00<?, ?it/s, epoch=145]
train:   0%|          | 0/1 [00:00<?, ?it/s, epoch=146]
train:   0%|          | 0/1 [00:00<?, ?it/s, epoch=147]
train:   0%|          | 0/1 [00:00<?, ?it/s, epoch=148]
train:   0%|          | 0/1 [00:00<?, ?it/s, epoch=149]
train:   0%|          | 0/1 [00:00<?, ?it/s, epoch=150]
train:   0%|          | 0/1 [00:00<?, ?it/s, epoch=151]
train:   0%|          | 0/1 [00:00<?, ?it/s, epoch=152]
train:   0%|          | 0/1 [00:00<?, ?it/s, epoch=153]
train:   0%|          | 0/1 [00:00<?, ?it/s, epoch=154]
train:   0%|          | 0/1 [00:00<?, ?it/s, epoch=155]
train:   0%|          | 0/1 [00:00<?, ?it/s, epoch=156]
train:   0%|          | 0/1 [00:00<?, ?it/s, epoch=157]
train:   0%|          | 0/1 [00:00<?, ?it/s, epoch=158]
train:   0%|          | 0/1 [00:00<?, ?it/s, epoch=159]
train:   0%|          | 0/1 [00:00<?, ?it/s, epoch=160]
train:   0%|          | 0/1 [00:00<?, ?it/s, epoch=161]
train:   0%|          | 0/1 [00:00<?, ?it/s, epoch=162]
train:   0%|          | 0/1 [00:00<?, ?it/s, epoch=163]
train:   0%|          | 0/1 [00:00<?, ?it/s, epoch=164]
train:   0%|          | 0/1 [00:00<?, ?it/s, epoch=165]
train:   0%|          | 0/1 [00:00<?, ?it/s, epoch=166]
train:   0%|          | 0/1 [00:00<?, ?it/s, epoch=167]
train:   0%|          | 0/1 [00:00<?, ?it/s, epoch=168]
train:   0%|          | 0/1 [00:00<?, ?it/s, epoch=169]
train:   0%|          | 0/1 [00:00<?, ?it/s, epoch=170]
train:   0%|          | 0/1 [00:00<?, ?it/s, epoch=171]
train:   0%|          | 0/1 [00:00<?, ?it/s, epoch=172]
train:   0%|          | 0/1 [00:00<?, ?it/s, epoch=173]
train:   0%|          | 0/1 [00:00<?, ?it/s, epoch=174]
train:   0%|          | 0/1 [00:00<?, ?it/s, epoch=175]
train:   0%|          | 0/1 [00:00<?, ?it/s, epoch=176]
train:   0%|          | 0/1 [00:00<?, ?it/s, epoch=177]
train:   0%|          | 0/1 [00:00<?, ?it/s, epoch=178]
train:   0%|          | 0/1 [00:00<?, ?it/s, epoch=179]
train:   0%|          | 0/1 [00:00<?, ?it/s, epoch=180]
train:   0%|          | 0/1 [00:00<?, ?it/s, epoch=181]
train:   0%|          | 0/1 [00:00<?, ?it/s, epoch=182]
train:   0%|          | 0/1 [00:00<?, ?it/s, epoch=183]
train:   0%|          | 0/1 [00:00<?, ?it/s, epoch=184]
train:   0%|          | 0/1 [00:00<?, ?it/s, epoch=185]
train:   0%|          | 0/1 [00:00<?, ?it/s, epoch=186]
train:   0%|          | 0/1 [00:00<?, ?it/s, epoch=187]
train:   0%|          | 0/1 [00:00<?, ?it/s, epoch=188]
train:   0%|          | 0/1 [00:00<?, ?it/s, epoch=189]
train:   0%|          | 0/1 [00:00<?, ?it/s, epoch=190]
train:   0%|          | 0/1 [00:00<?, ?it/s, epoch=191]
train:   0%|          | 0/1 [00:00<?, ?it/s, epoch=192]
train:   0%|          | 0/1 [00:00<?, ?it/s, epoch=193]
train:   0%|          | 0/1 [00:00<?, ?it/s, epoch=194]
train:   0%|          | 0/1 [00:00<?, ?it/s, epoch=195]
train:   0%|          | 0/1 [00:00<?, ?it/s, epoch=196]
train:   0%|          | 0/1 [00:00<?, ?it/s, epoch=197]
train:   0%|          | 0/1 [00:00<?, ?it/s, epoch=198]
train:   0%|          | 0/1 [00:00<?, ?it/s, epoch=199][[34m2026-03-23 22:44:26[0m] Step 200 | Loss: 0.231367 | Timing: time/data_load: 0.000s, time/forward: 0.288s, time/loss_compute: 0.011s, time/discriminator: 0.000s, time/backward: 0.387s, time/optimizer: 0.033s, time/total_step: 0.728s
[BOTTLENECK] step 200 | total_step 0.728s | time/data_load: 0.000s (0%) | time/forward: 0.288s (40%) | time/loss_compute: 0.011s (2%) | time/backward: 0.387s (53%) | time/optimizer: 0.033s (5%) | time/total_step: 0.728s (100%)
  -> at this rate 1000 steps ≈ 12.1 min
train:   0%|          | 0/1 [00:01<?, ?it/s, all=0.23, nll=0.23, nll_rec=0.11, nll_per=0.23, kl=0.00, gen=0.00, gen_w=0.00, disc=0.00, debug=0.00]
[[34m2026-03-23 22:44:26[0m] Running fixed per-frame evaluation at epoch 200 (sequence name: EMO-1-shout+laugh)...
train:   0%|          | 0/1 [00:00<?, ?it/s, epoch=200]
train:   0%|          | 0/1 [00:00<?, ?it/s, epoch=201]
train:   0%|          | 0/1 [00:00<?, ?it/s, epoch=202]
train:   0%|          | 0/1 [00:00<?, ?it/s, epoch=203]
train:   0%|          | 0/1 [00:00<?, ?it/s, epoch=204]
train:   0%|          | 0/1 [00:00<?, ?it/s, epoch=205]
train:   0%|          | 0/1 [00:00<?, ?it/s, epoch=206]
train:   0%|          | 0/1 [00:00<?, ?it/s, epoch=207]
train:   0%|          | 0/1 [00:00<?, ?it/s, epoch=208]
train:   0%|          | 0/1 [00:00<?, ?it/s, epoch=209]
train:   0%|          | 0/1 [00:00<?, ?it/s, epoch=210]
train:   0%|          | 0/1 [00:00<?, ?it/s, epoch=211]
train:   0%|          | 0/1 [00:00<?, ?it/s, epoch=212]
train:   0%|          | 0/1 [00:00<?, ?it/s, epoch=213]
train:   0%|          | 0/1 [00:00<?, ?it/s, epoch=214]
train:   0%|          | 0/1 [00:00<?, ?it/s, epoch=215]
train:   0%|          | 0/1 [00:00<?, ?it/s, epoch=216]
train:   0%|          | 0/1 [00:00<?, ?it/s, epoch=217]
train:   0%|          | 0/1 [00:00<?, ?it/s, epoch=218]
train:   0%|          | 0/1 [00:00<?, ?it/s, epoch=219]
train:   0%|          | 0/1 [00:00<?, ?it/s, epoch=220]
train:   0%|          | 0/1 [00:00<?, ?it/s, epoch=221]
train:   0%|          | 0/1 [00:00<?, ?it/s, epoch=222]
train:   0%|          | 0/1 [00:00<?, ?it/s, epoch=223]
train:   0%|          | 0/1 [00:00<?, ?it/s, epoch=224]
train:   0%|          | 0/1 [00:00<?, ?it/s, epoch=225]
train:   0%|          | 0/1 [00:00<?, ?it/s, epoch=226]
train:   0%|          | 0/1 [00:00<?, ?it/s, epoch=227]
train:   0%|          | 0/1 [00:00<?, ?it/s, epoch=228]
train:   0%|          | 0/1 [00:00<?, ?it/s, epoch=229]
train:   0%|          | 0/1 [00:00<?, ?it/s, epoch=230]
train:   0%|          | 0/1 [00:00<?, ?it/s, epoch=231]
train:   0%|          | 0/1 [00:00<?, ?it/s, epoch=232]
train:   0%|          | 0/1 [00:00<?, ?it/s, epoch=233]
train:   0%|          | 0/1 [00:00<?, ?it/s, epoch=234]
train:   0%|          | 0/1 [00:00<?, ?it/s, epoch=235]
train:   0%|          | 0/1 [00:00<?, ?it/s, epoch=236]
train:   0%|          | 0/1 [00:00<?, ?it/s, epoch=237]
train:   0%|          | 0/1 [00:00<?, ?it/s, epoch=238]
train:   0%|          | 0/1 [00:00<?, ?it/s, epoch=239]
train:   0%|          | 0/1 [00:00<?, ?it/s, epoch=240]
train:   0%|          | 0/1 [00:00<?, ?it/s, epoch=241]
train:   0%|          | 0/1 [00:00<?, ?it/s, epoch=242]
train:   0%|          | 0/1 [00:00<?, ?it/s, epoch=243]
train:   0%|          | 0/1 [00:00<?, ?it/s, epoch=244]
train:   0%|          | 0/1 [00:00<?, ?it/s, epoch=245]
train:   0%|          | 0/1 [00:00<?, ?it/s, epoch=246]
train:   0%|          | 0/1 [00:00<?, ?it/s, epoch=247]
train:   0%|          | 0/1 [00:00<?, ?it/s, epoch=248]
train:   0%|          | 0/1 [00:00<?, ?it/s, epoch=249]
train:   0%|          | 0/1 [00:00<?, ?it/s, epoch=250]
train:   0%|          | 0/1 [00:00<?, ?it/s, epoch=251]
train:   0%|          | 0/1 [00:00<?, ?it/s, epoch=252]
train:   0%|          | 0/1 [00:00<?, ?it/s, epoch=253]
train:   0%|          | 0/1 [00:00<?, ?it/s, epoch=254]
train:   0%|          | 0/1 [00:00<?, ?it/s, epoch=255]
train:   0%|          | 0/1 [00:00<?, ?it/s, epoch=256]
train:   0%|          | 0/1 [00:00<?, ?it/s, epoch=257]
train:   0%|          | 0/1 [00:00<?, ?it/s, epoch=258]
train:   0%|          | 0/1 [00:00<?, ?it/s, epoch=259]
train:   0%|          | 0/1 [00:00<?, ?it/s, epoch=260]
train:   0%|          | 0/1 [00:00<?, ?it/s, epoch=261]
train:   0%|          | 0/1 [00:00<?, ?it/s, epoch=262]
train:   0%|          | 0/1 [00:00<?, ?it/s, epoch=263]
train:   0%|          | 0/1 [00:00<?, ?it/s, epoch=264]
train:   0%|          | 0/1 [00:00<?, ?it/s, epoch=265]
train:   0%|          | 0/1 [00:00<?, ?it/s, epoch=266]
train:   0%|          | 0/1 [00:00<?, ?it/s, epoch=267]
train:   0%|          | 0/1 [00:00<?, ?it/s, epoch=268]
train:   0%|          | 0/1 [00:00<?, ?it/s, epoch=269]
train:   0%|          | 0/1 [00:00<?, ?it/s, epoch=270]
train:   0%|          | 0/1 [00:00<?, ?it/s, epoch=271]
train:   0%|          | 0/1 [00:00<?, ?it/s, epoch=272]
train:   0%|          | 0/1 [00:00<?, ?it/s, epoch=273]
train:   0%|          | 0/1 [00:00<?, ?it/s, epoch=274]
train:   0%|          | 0/1 [00:00<?, ?it/s, epoch=275]
train:   0%|          | 0/1 [00:00<?, ?it/s, epoch=276]
train:   0%|          | 0/1 [00:00<?, ?it/s, epoch=277]
train:   0%|          | 0/1 [00:00<?, ?it/s, epoch=278]
train:   0%|          | 0/1 [00:00<?, ?it/s, epoch=279]
train:   0%|          | 0/1 [00:00<?, ?it/s, epoch=280]
train:   0%|          | 0/1 [00:00<?, ?it/s, epoch=281]
train:   0%|          | 0/1 [00:00<?, ?it/s, epoch=282]
train:   0%|          | 0/1 [00:00<?, ?it/s, epoch=283]
train:   0%|          | 0/1 [00:00<?, ?it/s, epoch=284]
train:   0%|          | 0/1 [00:00<?, ?it/s, epoch=285]
train:   0%|          | 0/1 [00:00<?, ?it/s, epoch=286]
train:   0%|          | 0/1 [00:00<?, ?it/s, epoch=287]
train:   0%|          | 0/1 [00:00<?, ?it/s, epoch=288]
train:   0%|          | 0/1 [00:00<?, ?it/s, epoch=289]
train:   0%|          | 0/1 [00:00<?, ?it/s, epoch=290]
train:   0%|          | 0/1 [00:00<?, ?it/s, epoch=291]
train:   0%|          | 0/1 [00:00<?, ?it/s, epoch=292]
train:   0%|          | 0/1 [00:00<?, ?it/s, epoch=293]
train:   0%|          | 0/1 [00:00<?, ?it/s, epoch=294]
train:   0%|          | 0/1 [00:00<?, ?it/s, epoch=295]
train:   0%|          | 0/1 [00:00<?, ?it/s, epoch=296]
train:   0%|          | 0/1 [00:00<?, ?it/s, epoch=297]
train:   0%|          | 0/1 [00:00<?, ?it/s, epoch=298]
train:   0%|          | 0/1 [00:00<?, ?it/s, epoch=299][[34m2026-03-23 22:45:52[0m] Step 300 | Loss: 0.178584 | Timing: time/data_load: 0.000s, time/forward: 0.292s, time/loss_compute: 0.012s, time/discriminator: 0.000s, time/backward: 0.388s, time/optimizer: 0.033s, time/total_step: 0.733s
train:   0%|          | 0/1 [00:01<?, ?it/s, all=0.18, nll=0.17, nll_rec=0.09, nll_per=0.17, kl=0.00, gen=0.00, gen_w=0.00, disc=0.00, debug=0.00]
train:   0%|          | 0/1 [00:00<?, ?it/s, epoch=300]
train:   0%|          | 0/1 [00:00<?, ?it/s, epoch=301]
train:   0%|          | 0/1 [00:00<?, ?it/s, epoch=302]
train:   0%|          | 0/1 [00:00<?, ?it/s, epoch=303]
train:   0%|          | 0/1 [00:00<?, ?it/s, epoch=304]
train:   0%|          | 0/1 [00:00<?, ?it/s, epoch=305]
train:   0%|          | 0/1 [00:00<?, ?it/s, epoch=306]
train:   0%|          | 0/1 [00:00<?, ?it/s, epoch=307]
train:   0%|          | 0/1 [00:00<?, ?it/s, epoch=308]
train:   0%|          | 0/1 [00:00<?, ?it/s, epoch=309]
train:   0%|          | 0/1 [00:00<?, ?it/s, epoch=310]
train:   0%|          | 0/1 [00:00<?, ?it/s, epoch=311]
train:   0%|          | 0/1 [00:00<?, ?it/s, epoch=312]
train:   0%|          | 0/1 [00:00<?, ?it/s, epoch=313]
train:   0%|          | 0/1 [00:00<?, ?it/s, epoch=314]
train:   0%|          | 0/1 [00:00<?, ?it/s, epoch=315]
train:   0%|          | 0/1 [00:00<?, ?it/s, epoch=316]
train:   0%|          | 0/1 [00:00<?, ?it/s, epoch=317]
train:   0%|          | 0/1 [00:00<?, ?it/s, epoch=318]
train:   0%|          | 0/1 [00:00<?, ?it/s, epoch=319]
train:   0%|          | 0/1 [00:00<?, ?it/s, epoch=320]
train:   0%|          | 0/1 [00:00<?, ?it/s, epoch=321]
train:   0%|          | 0/1 [00:00<?, ?it/s, epoch=322]
train:   0%|          | 0/1 [00:00<?, ?it/s, epoch=323]
train:   0%|          | 0/1 [00:00<?, ?it/s, epoch=324]
train:   0%|          | 0/1 [00:00<?, ?it/s, epoch=325]
train:   0%|          | 0/1 [00:00<?, ?it/s, epoch=326]
train:   0%|          | 0/1 [00:00<?, ?it/s, epoch=327]
train:   0%|          | 0/1 [00:00<?, ?it/s, epoch=328]
train:   0%|          | 0/1 [00:00<?, ?it/s, epoch=329]
train:   0%|          | 0/1 [00:00<?, ?it/s, epoch=330]
train:   0%|          | 0/1 [00:00<?, ?it/s, epoch=331]
train:   0%|          | 0/1 [00:00<?, ?it/s, epoch=332]
train:   0%|          | 0/1 [00:00<?, ?it/s, epoch=333]
train:   0%|          | 0/1 [00:00<?, ?it/s, epoch=334]
train:   0%|          | 0/1 [00:00<?, ?it/s, epoch=335]
train:   0%|          | 0/1 [00:00<?, ?it/s, epoch=336]
train:   0%|          | 0/1 [00:00<?, ?it/s, epoch=337]
train:   0%|          | 0/1 [00:00<?, ?it/s, epoch=338]
train:   0%|          | 0/1 [00:00<?, ?it/s, epoch=339]
train:   0%|          | 0/1 [00:00<?, ?it/s, epoch=340]
train:   0%|          | 0/1 [00:00<?, ?it/s, epoch=341]
train:   0%|          | 0/1 [00:00<?, ?it/s, epoch=342]
train:   0%|          | 0/1 [00:00<?, ?it/s, epoch=343]
train:   0%|          | 0/1 [00:00<?, ?it/s, epoch=344]
train:   0%|          | 0/1 [00:00<?, ?it/s, epoch=345]
train:   0%|          | 0/1 [00:00<?, ?it/s, epoch=346]
train:   0%|          | 0/1 [00:00<?, ?it/s, epoch=347]
train:   0%|          | 0/1 [00:00<?, ?it/s, epoch=348]
train:   0%|          | 0/1 [00:00<?, ?it/s, epoch=349]
train:   0%|          | 0/1 [00:00<?, ?it/s, epoch=350]
train:   0%|          | 0/1 [00:00<?, ?it/s, epoch=351]
train:   0%|          | 0/1 [00:00<?, ?it/s, epoch=352]
train:   0%|          | 0/1 [00:00<?, ?it/s, epoch=353]
train:   0%|          | 0/1 [00:00<?, ?it/s, epoch=354]
train:   0%|          | 0/1 [00:00<?, ?it/s, epoch=355]
train:   0%|          | 0/1 [00:00<?, ?it/s, epoch=356]
train:   0%|          | 0/1 [00:00<?, ?it/s, epoch=357]
train:   0%|          | 0/1 [00:00<?, ?it/s, epoch=358]
train:   0%|          | 0/1 [00:00<?, ?it/s, epoch=359]
train:   0%|          | 0/1 [00:00<?, ?it/s, epoch=360]
train:   0%|          | 0/1 [00:00<?, ?it/s, epoch=361]
train:   0%|          | 0/1 [00:00<?, ?it/s, epoch=362]
train:   0%|          | 0/1 [00:00<?, ?it/s, epoch=363]
train:   0%|          | 0/1 [00:00<?, ?it/s, epoch=364]
train:   0%|          | 0/1 [00:00<?, ?it/s, epoch=365]
train:   0%|          | 0/1 [00:00<?, ?it/s, epoch=366]
train:   0%|          | 0/1 [00:00<?, ?it/s, epoch=367]
train:   0%|          | 0/1 [00:00<?, ?it/s, epoch=368]
train:   0%|          | 0/1 [00:00<?, ?it/s, epoch=369]
train:   0%|          | 0/1 [00:00<?, ?it/s, epoch=370]
train:   0%|          | 0/1 [00:00<?, ?it/s, epoch=371]
train:   0%|          | 0/1 [00:00<?, ?it/s, epoch=372]
train:   0%|          | 0/1 [00:00<?, ?it/s, epoch=373]
train:   0%|          | 0/1 [00:00<?, ?it/s, epoch=374]
train:   0%|          | 0/1 [00:00<?, ?it/s, epoch=375]
train:   0%|          | 0/1 [00:00<?, ?it/s, epoch=376]
train:   0%|          | 0/1 [00:00<?, ?it/s, epoch=377]
train:   0%|          | 0/1 [00:00<?, ?it/s, epoch=378]
train:   0%|          | 0/1 [00:00<?, ?it/s, epoch=379]
train:   0%|          | 0/1 [00:00<?, ?it/s, epoch=380]
train:   0%|          | 0/1 [00:00<?, ?it/s, epoch=381]
train:   0%|          | 0/1 [00:00<?, ?it/s, epoch=382]
train:   0%|          | 0/1 [00:00<?, ?it/s, epoch=383]
train:   0%|          | 0/1 [00:00<?, ?it/s, epoch=384]
train:   0%|          | 0/1 [00:00<?, ?it/s, epoch=385]
train:   0%|          | 0/1 [00:00<?, ?it/s, epoch=386]
train:   0%|          | 0/1 [00:00<?, ?it/s, epoch=387]
train:   0%|          | 0/1 [00:00<?, ?it/s, epoch=388]
train:   0%|          | 0/1 [00:00<?, ?it/s, epoch=389]
train:   0%|          | 0/1 [00:00<?, ?it/s, epoch=390]
train:   0%|          | 0/1 [00:00<?, ?it/s, epoch=391]
train:   0%|          | 0/1 [00:00<?, ?it/s, epoch=392]
train:   0%|          | 0/1 [00:00<?, ?it/s, epoch=393]
train:   0%|          | 0/1 [00:00<?, ?it/s, epoch=394]
train:   0%|          | 0/1 [00:00<?, ?it/s, epoch=395]
train:   0%|          | 0/1 [00:00<?, ?it/s, epoch=396]
train:   0%|          | 0/1 [00:00<?, ?it/s, epoch=397]
train:   0%|          | 0/1 [00:00<?, ?it/s, epoch=398]
train:   0%|          | 0/1 [00:00<?, ?it/s, epoch=399][[34m2026-03-23 22:47:17[0m] Step 400 | Loss: 0.148730 | Timing: time/data_load: 0.000s, time/forward: 0.293s, time/loss_compute: 0.012s, time/discriminator: 0.000s, time/backward: 0.388s, time/optimizer: 0.033s, time/total_step: 0.734s
[BOTTLENECK] step 400 | total_step 0.734s | time/data_load: 0.000s (0%) | time/forward: 0.293s (40%) | time/loss_compute: 0.012s (2%) | time/backward: 0.388s (53%) | time/optimizer: 0.033s (5%) | time/total_step: 0.734s (100%)
  -> at this rate 1000 steps ≈ 12.2 min
train:   0%|          | 0/1 [00:01<?, ?it/s, all=0.15, nll=0.14, nll_rec=0.07, nll_per=0.14, kl=0.00, gen=0.00, gen_w=0.00, disc=0.00, debug=0.00]
[[34m2026-03-23 22:47:17[0m] Running fixed per-frame evaluation at epoch 400 (sequence name: EMO-1-shout+laugh)...
train:   0%|          | 0/1 [00:00<?, ?it/s, epoch=400]
train:   0%|          | 0/1 [00:00<?, ?it/s, epoch=401]
train:   0%|          | 0/1 [00:00<?, ?it/s, epoch=402]
train:   0%|          | 0/1 [00:00<?, ?it/s, epoch=403]
train:   0%|          | 0/1 [00:00<?, ?it/s, epoch=404]
train:   0%|          | 0/1 [00:00<?, ?it/s, epoch=405]
train:   0%|          | 0/1 [00:00<?, ?it/s, epoch=406]
train:   0%|          | 0/1 [00:00<?, ?it/s, epoch=407]
train:   0%|          | 0/1 [00:00<?, ?it/s, epoch=408]
train:   0%|          | 0/1 [00:00<?, ?it/s, epoch=409]
train:   0%|          | 0/1 [00:00<?, ?it/s, epoch=410]
train:   0%|          | 0/1 [00:00<?, ?it/s, epoch=411]
train:   0%|          | 0/1 [00:00<?, ?it/s, epoch=412]
train:   0%|          | 0/1 [00:00<?, ?it/s, epoch=413]
train:   0%|          | 0/1 [00:00<?, ?it/s, epoch=414]
train:   0%|          | 0/1 [00:00<?, ?it/s, epoch=415]
train:   0%|          | 0/1 [00:00<?, ?it/s, epoch=416]
train:   0%|          | 0/1 [00:00<?, ?it/s, epoch=417]
train:   0%|          | 0/1 [00:00<?, ?it/s, epoch=418]
train:   0%|          | 0/1 [00:00<?, ?it/s, epoch=419]
train:   0%|          | 0/1 [00:00<?, ?it/s, epoch=420]
train:   0%|          | 0/1 [00:00<?, ?it/s, epoch=421]
train:   0%|          | 0/1 [00:00<?, ?it/s, epoch=422]
train:   0%|          | 0/1 [00:00<?, ?it/s, epoch=423]
train:   0%|          | 0/1 [00:00<?, ?it/s, epoch=424]
train:   0%|          | 0/1 [00:00<?, ?it/s, epoch=425]
train:   0%|          | 0/1 [00:00<?, ?it/s, epoch=426]
train:   0%|          | 0/1 [00:00<?, ?it/s, epoch=427]
train:   0%|          | 0/1 [00:00<?, ?it/s, epoch=428]
train:   0%|          | 0/1 [00:00<?, ?it/s, epoch=429]
train:   0%|          | 0/1 [00:00<?, ?it/s, epoch=430]
train:   0%|          | 0/1 [00:00<?, ?it/s, epoch=431]
train:   0%|          | 0/1 [00:00<?, ?it/s, epoch=432]
train:   0%|          | 0/1 [00:00<?, ?it/s, epoch=433]
train:   0%|          | 0/1 [00:00<?, ?it/s, epoch=434]
train:   0%|          | 0/1 [00:00<?, ?it/s, epoch=435]
train:   0%|          | 0/1 [00:00<?, ?it/s, epoch=436]
train:   0%|          | 0/1 [00:00<?, ?it/s, epoch=437]
train:   0%|          | 0/1 [00:00<?, ?it/s, epoch=438]
train:   0%|          | 0/1 [00:00<?, ?it/s, epoch=439]
train:   0%|          | 0/1 [00:00<?, ?it/s, epoch=440]
train:   0%|          | 0/1 [00:00<?, ?it/s, epoch=441]
train:   0%|          | 0/1 [00:00<?, ?it/s, epoch=442]
train:   0%|          | 0/1 [00:00<?, ?it/s, epoch=443]
train:   0%|          | 0/1 [00:00<?, ?it/s, epoch=444]
train:   0%|          | 0/1 [00:00<?, ?it/s, epoch=445]
train:   0%|          | 0/1 [00:00<?, ?it/s, epoch=446]
train:   0%|          | 0/1 [00:00<?, ?it/s, epoch=447]
train:   0%|          | 0/1 [00:00<?, ?it/s, epoch=448]
train:   0%|          | 0/1 [00:00<?, ?it/s, epoch=449]
train:   0%|          | 0/1 [00:00<?, ?it/s, epoch=450]
train:   0%|          | 0/1 [00:00<?, ?it/s, epoch=451]
train:   0%|          | 0/1 [00:00<?, ?it/s, epoch=452]
train:   0%|          | 0/1 [00:00<?, ?it/s, epoch=453]
train:   0%|          | 0/1 [00:00<?, ?it/s, epoch=454]
train:   0%|          | 0/1 [00:00<?, ?it/s, epoch=455]
train:   0%|          | 0/1 [00:00<?, ?it/s, epoch=456]
train:   0%|          | 0/1 [00:00<?, ?it/s, epoch=457]
train:   0%|          | 0/1 [00:00<?, ?it/s, epoch=458]
train:   0%|          | 0/1 [00:00<?, ?it/s, epoch=459]
train:   0%|          | 0/1 [00:00<?, ?it/s, epoch=460]
train:   0%|          | 0/1 [00:00<?, ?it/s, epoch=461]
train:   0%|          | 0/1 [00:00<?, ?it/s, epoch=462]
train:   0%|          | 0/1 [00:00<?, ?it/s, epoch=463]
train:   0%|          | 0/1 [00:00<?, ?it/s, epoch=464]
train:   0%|          | 0/1 [00:00<?, ?it/s, epoch=465]
train:   0%|          | 0/1 [00:00<?, ?it/s, epoch=466]
train:   0%|          | 0/1 [00:00<?, ?it/s, epoch=467]
train:   0%|          | 0/1 [00:00<?, ?it/s, epoch=468]
train:   0%|          | 0/1 [00:00<?, ?it/s, epoch=469]
train:   0%|          | 0/1 [00:00<?, ?it/s, epoch=470]
train:   0%|          | 0/1 [00:00<?, ?it/s, epoch=471]
train:   0%|          | 0/1 [00:00<?, ?it/s, epoch=472]
train:   0%|          | 0/1 [00:00<?, ?it/s, epoch=473]
train:   0%|          | 0/1 [00:00<?, ?it/s, epoch=474]
train:   0%|          | 0/1 [00:00<?, ?it/s, epoch=475]
train:   0%|          | 0/1 [00:00<?, ?it/s, epoch=476]
train:   0%|          | 0/1 [00:00<?, ?it/s, epoch=477]
train:   0%|          | 0/1 [00:00<?, ?it/s, epoch=478]
train:   0%|          | 0/1 [00:00<?, ?it/s, epoch=479]
train:   0%|          | 0/1 [00:00<?, ?it/s, epoch=480]
train:   0%|          | 0/1 [00:00<?, ?it/s, epoch=481]
train:   0%|          | 0/1 [00:00<?, ?it/s, epoch=482]
train:   0%|          | 0/1 [00:00<?, ?it/s, epoch=483]
train:   0%|          | 0/1 [00:00<?, ?it/s, epoch=484]
train:   0%|          | 0/1 [00:00<?, ?it/s, epoch=485]
train:   0%|          | 0/1 [00:00<?, ?it/s, epoch=486]
train:   0%|          | 0/1 [00:00<?, ?it/s, epoch=487]
train:   0%|          | 0/1 [00:00<?, ?it/s, epoch=488]
train:   0%|          | 0/1 [00:00<?, ?it/s, epoch=489]
train:   0%|          | 0/1 [00:00<?, ?it/s, epoch=490]
train:   0%|          | 0/1 [00:00<?, ?it/s, epoch=491]
train:   0%|          | 0/1 [00:00<?, ?it/s, epoch=492]
train:   0%|          | 0/1 [00:00<?, ?it/s, epoch=493]
train:   0%|          | 0/1 [00:00<?, ?it/s, epoch=494]
train:   0%|          | 0/1 [00:00<?, ?it/s, epoch=495]
train:   0%|          | 0/1 [00:00<?, ?it/s, epoch=496]
train:   0%|          | 0/1 [00:00<?, ?it/s, epoch=497]
train:   0%|          | 0/1 [00:00<?, ?it/s, epoch=498]
train:   0%|          | 0/1 [00:00<?, ?it/s, epoch=499][[34m2026-03-23 22:48:43[0m] Step 500 | Loss: 0.121484 | Timing: time/data_load: 0.000s, time/forward: 0.293s, time/loss_compute: 0.012s, time/discriminator: 0.000s, time/backward: 0.388s, time/optimizer: 0.034s, time/total_step: 0.733s
train:   0%|          | 0/1 [00:01<?, ?it/s, all=0.12, nll=0.11, nll_rec=0.06, nll_per=0.11, kl=0.01, gen=0.00, gen_w=0.00, disc=0.00, debug=0.00][[34m2026-03-23 22:48:44[0m] The model is going to be split to checkpoint shards. You can find where each parameters has been saved in the index located at model.safetensors.index.json.
[[34m2026-03-23 22:48:46[0m] Saved checkpoint at epoch 499, step 1, global_step 500 to outputs/self_attention_rank128/epoch499-global_step500
[[34m2026-03-23 22:48:46[0m] Removed old checkpoints and kept 3 latest ones.
train:   0%|          | 0/1 [00:03<?, ?it/s, all=0.12, nll=0.11, nll_rec=0.06, nll_per=0.11, kl=0.01, gen=0.00, gen_w=0.00, disc=0.00, debug=0.00]
train:   0%|          | 0/1 [00:00<?, ?it/s, epoch=500]
train:   0%|          | 0/1 [00:00<?, ?it/s, epoch=501]
train:   0%|          | 0/1 [00:00<?, ?it/s, epoch=502]
train:   0%|          | 0/1 [00:00<?, ?it/s, epoch=503]
train:   0%|          | 0/1 [00:00<?, ?it/s, epoch=504]
train:   0%|          | 0/1 [00:00<?, ?it/s, epoch=505]
train:   0%|          | 0/1 [00:00<?, ?it/s, epoch=506]
train:   0%|          | 0/1 [00:00<?, ?it/s, epoch=507]
train:   0%|          | 0/1 [00:00<?, ?it/s, epoch=508]
train:   0%|          | 0/1 [00:00<?, ?it/s, epoch=509]
train:   0%|          | 0/1 [00:00<?, ?it/s, epoch=510]
train:   0%|          | 0/1 [00:00<?, ?it/s, epoch=511]
train:   0%|          | 0/1 [00:00<?, ?it/s, epoch=512]
train:   0%|          | 0/1 [00:00<?, ?it/s, epoch=513]
train:   0%|          | 0/1 [00:00<?, ?it/s, epoch=514]
train:   0%|          | 0/1 [00:00<?, ?it/s, epoch=515]
train:   0%|          | 0/1 [00:00<?, ?it/s, epoch=516]
train:   0%|          | 0/1 [00:00<?, ?it/s, epoch=517]
train:   0%|          | 0/1 [00:00<?, ?it/s, epoch=518]
train:   0%|          | 0/1 [00:00<?, ?it/s, epoch=519]
train:   0%|          | 0/1 [00:00<?, ?it/s, epoch=520]
train:   0%|          | 0/1 [00:00<?, ?it/s, epoch=521]
train:   0%|          | 0/1 [00:00<?, ?it/s, epoch=522]
train:   0%|          | 0/1 [00:00<?, ?it/s, epoch=523]
train:   0%|          | 0/1 [00:00<?, ?it/s, epoch=524]
train:   0%|          | 0/1 [00:00<?, ?it/s, epoch=525]
train:   0%|          | 0/1 [00:00<?, ?it/s, epoch=526]
train:   0%|          | 0/1 [00:00<?, ?it/s, epoch=527]
train:   0%|          | 0/1 [00:00<?, ?it/s, epoch=528]
train:   0%|          | 0/1 [00:00<?, ?it/s, epoch=529]
train:   0%|          | 0/1 [00:00<?, ?it/s, epoch=530]
train:   0%|          | 0/1 [00:00<?, ?it/s, epoch=531]
train:   0%|          | 0/1 [00:00<?, ?it/s, epoch=532]
train:   0%|          | 0/1 [00:00<?, ?it/s, epoch=533]
train:   0%|          | 0/1 [00:00<?, ?it/s, epoch=534]
train:   0%|          | 0/1 [00:00<?, ?it/s, epoch=535]
train:   0%|          | 0/1 [00:00<?, ?it/s, epoch=536]
train:   0%|          | 0/1 [00:00<?, ?it/s, epoch=537]
train:   0%|          | 0/1 [00:00<?, ?it/s, epoch=538]
train:   0%|          | 0/1 [00:00<?, ?it/s, epoch=539]
train:   0%|          | 0/1 [00:00<?, ?it/s, epoch=540]
train:   0%|          | 0/1 [00:00<?, ?it/s, epoch=541]
train:   0%|          | 0/1 [00:00<?, ?it/s, epoch=542]
train:   0%|          | 0/1 [00:00<?, ?it/s, epoch=543]
train:   0%|          | 0/1 [00:00<?, ?it/s, epoch=544]
train:   0%|          | 0/1 [00:00<?, ?it/s, epoch=545]
train:   0%|          | 0/1 [00:00<?, ?it/s, epoch=546]
train:   0%|          | 0/1 [00:00<?, ?it/s, epoch=547]
train:   0%|          | 0/1 [00:00<?, ?it/s, epoch=548]
train:   0%|          | 0/1 [00:00<?, ?it/s, epoch=549]
train:   0%|          | 0/1 [00:00<?, ?it/s, epoch=550]
train:   0%|          | 0/1 [00:00<?, ?it/s, epoch=551]
train:   0%|          | 0/1 [00:00<?, ?it/s, epoch=552]
train:   0%|          | 0/1 [00:00<?, ?it/s, epoch=553]
train:   0%|          | 0/1 [00:00<?, ?it/s, epoch=554]
train:   0%|          | 0/1 [00:00<?, ?it/s, epoch=555]
train:   0%|          | 0/1 [00:00<?, ?it/s, epoch=556]
train:   0%|          | 0/1 [00:00<?, ?it/s, epoch=557]
train:   0%|          | 0/1 [00:00<?, ?it/s, epoch=558]
train:   0%|          | 0/1 [00:00<?, ?it/s, epoch=559]
train:   0%|          | 0/1 [00:00<?, ?it/s, epoch=560]
train:   0%|          | 0/1 [00:00<?, ?it/s, epoch=561]
train:   0%|          | 0/1 [00:00<?, ?it/s, epoch=562]
train:   0%|          | 0/1 [00:00<?, ?it/s, epoch=563]
train:   0%|          | 0/1 [00:00<?, ?it/s, epoch=564]
train:   0%|          | 0/1 [00:00<?, ?it/s, epoch=565]
train:   0%|          | 0/1 [00:00<?, ?it/s, epoch=566]
train:   0%|          | 0/1 [00:00<?, ?it/s, epoch=567]
train:   0%|          | 0/1 [00:00<?, ?it/s, epoch=568]
train:   0%|          | 0/1 [00:00<?, ?it/s, epoch=569]
train:   0%|          | 0/1 [00:00<?, ?it/s, epoch=570]
train:   0%|          | 0/1 [00:00<?, ?it/s, epoch=571]
train:   0%|          | 0/1 [00:00<?, ?it/s, epoch=572]
train:   0%|          | 0/1 [00:00<?, ?it/s, epoch=573]
train:   0%|          | 0/1 [00:00<?, ?it/s, epoch=574]
train:   0%|          | 0/1 [00:00<?, ?it/s, epoch=575]
train:   0%|          | 0/1 [00:00<?, ?it/s, epoch=576]
train:   0%|          | 0/1 [00:00<?, ?it/s, epoch=577]
train:   0%|          | 0/1 [00:00<?, ?it/s, epoch=578]
train:   0%|          | 0/1 [00:00<?, ?it/s, epoch=579]
train:   0%|          | 0/1 [00:00<?, ?it/s, epoch=580]
train:   0%|          | 0/1 [00:00<?, ?it/s, epoch=581]
train:   0%|          | 0/1 [00:00<?, ?it/s, epoch=582]
train:   0%|          | 0/1 [00:00<?, ?it/s, epoch=583]
train:   0%|          | 0/1 [00:00<?, ?it/s, epoch=584]
train:   0%|          | 0/1 [00:00<?, ?it/s, epoch=585]
train:   0%|          | 0/1 [00:00<?, ?it/s, epoch=586]
train:   0%|          | 0/1 [00:00<?, ?it/s, epoch=587]
train:   0%|          | 0/1 [00:00<?, ?it/s, epoch=588]
train:   0%|          | 0/1 [00:00<?, ?it/s, epoch=589]
train:   0%|          | 0/1 [00:00<?, ?it/s, epoch=590]
train:   0%|          | 0/1 [00:00<?, ?it/s, epoch=591]
train:   0%|          | 0/1 [00:00<?, ?it/s, epoch=592]
train:   0%|          | 0/1 [00:00<?, ?it/s, epoch=593]
train:   0%|          | 0/1 [00:00<?, ?it/s, epoch=594]
train:   0%|          | 0/1 [00:00<?, ?it/s, epoch=595]
train:   0%|          | 0/1 [00:00<?, ?it/s, epoch=596]
train:   0%|          | 0/1 [00:00<?, ?it/s, epoch=597]
train:   0%|          | 0/1 [00:00<?, ?it/s, epoch=598]
train:   0%|          | 0/1 [00:00<?, ?it/s, epoch=599][[34m2026-03-23 22:50:11[0m] Step 600 | Loss: 0.101626 | Timing: time/data_load: 0.000s, time/forward: 0.296s, time/loss_compute: 0.012s, time/discriminator: 0.000s, time/backward: 0.391s, time/optimizer: 0.034s, time/total_step: 0.741s
[BOTTLENECK] step 600 | total_step 0.741s | time/data_load: 0.000s (0%) | time/forward: 0.296s (40%) | time/loss_compute: 0.012s (2%) | time/backward: 0.391s (53%) | time/optimizer: 0.034s (5%) | time/total_step: 0.741s (100%)
  -> at this rate 1000 steps ≈ 12.3 min
train:   0%|          | 0/1 [00:01<?, ?it/s, all=0.10, nll=0.09, nll_rec=0.05, nll_per=0.08, kl=0.01, gen=0.00, gen_w=0.00, disc=0.00, debug=0.00]
[[34m2026-03-23 22:50:11[0m] Running fixed per-frame evaluation at epoch 600 (sequence name: EMO-1-shout+laugh)...
train:   0%|          | 0/1 [00:00<?, ?it/s, epoch=600]
train:   0%|          | 0/1 [00:00<?, ?it/s, epoch=601]
train:   0%|          | 0/1 [00:00<?, ?it/s, epoch=602]
train:   0%|          | 0/1 [00:00<?, ?it/s, epoch=603]
train:   0%|          | 0/1 [00:00<?, ?it/s, epoch=604]
train:   0%|          | 0/1 [00:00<?, ?it/s, epoch=605]
train:   0%|          | 0/1 [00:00<?, ?it/s, epoch=606]
train:   0%|          | 0/1 [00:00<?, ?it/s, epoch=607]
train:   0%|          | 0/1 [00:00<?, ?it/s, epoch=608]
train:   0%|          | 0/1 [00:00<?, ?it/s, epoch=609]
train:   0%|          | 0/1 [00:00<?, ?it/s, epoch=610]
train:   0%|          | 0/1 [00:00<?, ?it/s, epoch=611]
train:   0%|          | 0/1 [00:00<?, ?it/s, epoch=612]
train:   0%|          | 0/1 [00:00<?, ?it/s, epoch=613]
train:   0%|          | 0/1 [00:00<?, ?it/s, epoch=614]
train:   0%|          | 0/1 [00:00<?, ?it/s, epoch=615]
train:   0%|          | 0/1 [00:00<?, ?it/s, epoch=616]
train:   0%|          | 0/1 [00:00<?, ?it/s, epoch=617]
train:   0%|          | 0/1 [00:00<?, ?it/s, epoch=618]
train:   0%|          | 0/1 [00:00<?, ?it/s, epoch=619]
train:   0%|          | 0/1 [00:00<?, ?it/s, epoch=620]
train:   0%|          | 0/1 [00:00<?, ?it/s, epoch=621]
train:   0%|          | 0/1 [00:00<?, ?it/s, epoch=622]
train:   0%|          | 0/1 [00:00<?, ?it/s, epoch=623]
train:   0%|          | 0/1 [00:00<?, ?it/s, epoch=624]
train:   0%|          | 0/1 [00:00<?, ?it/s, epoch=625]
train:   0%|          | 0/1 [00:00<?, ?it/s, epoch=626]
train:   0%|          | 0/1 [00:00<?, ?it/s, epoch=627]
train:   0%|          | 0/1 [00:00<?, ?it/s, epoch=628]
train:   0%|          | 0/1 [00:00<?, ?it/s, epoch=629]
train:   0%|          | 0/1 [00:00<?, ?it/s, epoch=630]
train:   0%|          | 0/1 [00:00<?, ?it/s, epoch=631]
train:   0%|          | 0/1 [00:00<?, ?it/s, epoch=632]
train:   0%|          | 0/1 [00:00<?, ?it/s, epoch=633]
train:   0%|          | 0/1 [00:00<?, ?it/s, epoch=634]
train:   0%|          | 0/1 [00:00<?, ?it/s, epoch=635]
train:   0%|          | 0/1 [00:00<?, ?it/s, epoch=636]
train:   0%|          | 0/1 [00:00<?, ?it/s, epoch=637]
train:   0%|          | 0/1 [00:00<?, ?it/s, epoch=638]
train:   0%|          | 0/1 [00:00<?, ?it/s, epoch=639]
train:   0%|          | 0/1 [00:00<?, ?it/s, epoch=640]
train:   0%|          | 0/1 [00:00<?, ?it/s, epoch=641]
train:   0%|          | 0/1 [00:00<?, ?it/s, epoch=642]
train:   0%|          | 0/1 [00:00<?, ?it/s, epoch=643]
train:   0%|          | 0/1 [00:00<?, ?it/s, epoch=644]
train:   0%|          | 0/1 [00:00<?, ?it/s, epoch=645]
train:   0%|          | 0/1 [00:00<?, ?it/s, epoch=646]
train:   0%|          | 0/1 [00:00<?, ?it/s, epoch=647]
train:   0%|          | 0/1 [00:00<?, ?it/s, epoch=648]
train:   0%|          | 0/1 [00:00<?, ?it/s, epoch=649]
train:   0%|          | 0/1 [00:00<?, ?it/s, epoch=650]
train:   0%|          | 0/1 [00:00<?, ?it/s, epoch=651]
train:   0%|          | 0/1 [00:00<?, ?it/s, epoch=652]
train:   0%|          | 0/1 [00:00<?, ?it/s, epoch=653]
train:   0%|          | 0/1 [00:00<?, ?it/s, epoch=654]
train:   0%|          | 0/1 [00:00<?, ?it/s, epoch=655]
train:   0%|          | 0/1 [00:00<?, ?it/s, epoch=656]
train:   0%|          | 0/1 [00:00<?, ?it/s, epoch=657]
train:   0%|          | 0/1 [00:00<?, ?it/s, epoch=658]
train:   0%|          | 0/1 [00:00<?, ?it/s, epoch=659]
train:   0%|          | 0/1 [00:00<?, ?it/s, epoch=660]
train:   0%|          | 0/1 [00:00<?, ?it/s, epoch=661]
train:   0%|          | 0/1 [00:00<?, ?it/s, epoch=662]
train:   0%|          | 0/1 [00:00<?, ?it/s, epoch=663]
train:   0%|          | 0/1 [00:00<?, ?it/s, epoch=664]
train:   0%|          | 0/1 [00:00<?, ?it/s, epoch=665]
train:   0%|          | 0/1 [00:00<?, ?it/s, epoch=666]
train:   0%|          | 0/1 [00:00<?, ?it/s, epoch=667]
train:   0%|          | 0/1 [00:00<?, ?it/s, epoch=668]
train:   0%|          | 0/1 [00:00<?, ?it/s, epoch=669]
train:   0%|          | 0/1 [00:00<?, ?it/s, epoch=670]
train:   0%|          | 0/1 [00:00<?, ?it/s, epoch=671]
train:   0%|          | 0/1 [00:00<?, ?it/s, epoch=672]
train:   0%|          | 0/1 [00:00<?, ?it/s, epoch=673]
train:   0%|          | 0/1 [00:00<?, ?it/s, epoch=674]
train:   0%|          | 0/1 [00:00<?, ?it/s, epoch=675]
train:   0%|          | 0/1 [00:00<?, ?it/s, epoch=676]
train:   0%|          | 0/1 [00:00<?, ?it/s, epoch=677]
train:   0%|          | 0/1 [00:00<?, ?it/s, epoch=678]
train:   0%|          | 0/1 [00:00<?, ?it/s, epoch=679]
train:   0%|          | 0/1 [00:00<?, ?it/s, epoch=680]
train:   0%|          | 0/1 [00:00<?, ?it/s, epoch=681]
train:   0%|          | 0/1 [00:00<?, ?it/s, epoch=682]
train:   0%|          | 0/1 [00:00<?, ?it/s, epoch=683]
train:   0%|          | 0/1 [00:00<?, ?it/s, epoch=684]
train:   0%|          | 0/1 [00:00<?, ?it/s, epoch=685]
train:   0%|          | 0/1 [00:00<?, ?it/s, epoch=686]
train:   0%|          | 0/1 [00:00<?, ?it/s, epoch=687]
train:   0%|          | 0/1 [00:00<?, ?it/s, epoch=688]
train:   0%|          | 0/1 [00:00<?, ?it/s, epoch=689]
train:   0%|          | 0/1 [00:00<?, ?it/s, epoch=690]
train:   0%|          | 0/1 [00:00<?, ?it/s, epoch=691]
train:   0%|          | 0/1 [00:00<?, ?it/s, epoch=692]
train:   0%|          | 0/1 [00:00<?, ?it/s, epoch=693]
train:   0%|          | 0/1 [00:00<?, ?it/s, epoch=694]
train:   0%|          | 0/1 [00:00<?, ?it/s, epoch=695]
train:   0%|          | 0/1 [00:00<?, ?it/s, epoch=696]
train:   0%|          | 0/1 [00:00<?, ?it/s, epoch=697]
train:   0%|          | 0/1 [00:00<?, ?it/s, epoch=698]
train:   0%|          | 0/1 [00:00<?, ?it/s, epoch=699][[34m2026-03-23 22:51:38[0m] Step 700 | Loss: 0.094023 | Timing: time/data_load: 0.000s, time/forward: 0.297s, time/loss_compute: 0.012s, time/discriminator: 0.000s, time/backward: 0.391s, time/optimizer: 0.034s, time/total_step: 0.742s
train:   0%|          | 0/1 [00:01<?, ?it/s, all=0.09, nll=0.08, nll_rec=0.05, nll_per=0.07, kl=0.01, gen=0.00, gen_w=0.00, disc=0.00, debug=0.00]
train:   0%|          | 0/1 [00:00<?, ?it/s, epoch=700]
train:   0%|          | 0/1 [00:00<?, ?it/s, epoch=701]
train:   0%|          | 0/1 [00:00<?, ?it/s, epoch=702]
train:   0%|          | 0/1 [00:00<?, ?it/s, epoch=703]
train:   0%|          | 0/1 [00:00<?, ?it/s, epoch=704]
train:   0%|          | 0/1 [00:00<?, ?it/s, epoch=705]
train:   0%|          | 0/1 [00:00<?, ?it/s, epoch=706]
train:   0%|          | 0/1 [00:00<?, ?it/s, epoch=707]
train:   0%|          | 0/1 [00:00<?, ?it/s, epoch=708]
train:   0%|          | 0/1 [00:00<?, ?it/s, epoch=709]
train:   0%|          | 0/1 [00:00<?, ?it/s, epoch=710]
train:   0%|          | 0/1 [00:00<?, ?it/s, epoch=711]
train:   0%|          | 0/1 [00:00<?, ?it/s, epoch=712]
train:   0%|          | 0/1 [00:00<?, ?it/s, epoch=713]
train:   0%|          | 0/1 [00:00<?, ?it/s, epoch=714]
train:   0%|          | 0/1 [00:00<?, ?it/s, epoch=715]
train:   0%|          | 0/1 [00:00<?, ?it/s, epoch=716]
train:   0%|          | 0/1 [00:00<?, ?it/s, epoch=717]
train:   0%|          | 0/1 [00:00<?, ?it/s, epoch=718]
train:   0%|          | 0/1 [00:00<?, ?it/s, epoch=719]
train:   0%|          | 0/1 [00:00<?, ?it/s, epoch=720]
train:   0%|          | 0/1 [00:00<?, ?it/s, epoch=721]
train:   0%|          | 0/1 [00:00<?, ?it/s, epoch=722]
train:   0%|          | 0/1 [00:00<?, ?it/s, epoch=723]
train:   0%|          | 0/1 [00:00<?, ?it/s, epoch=724]
train:   0%|          | 0/1 [00:00<?, ?it/s, epoch=725]
train:   0%|          | 0/1 [00:00<?, ?it/s, epoch=726]
train:   0%|          | 0/1 [00:00<?, ?it/s, epoch=727]
train:   0%|          | 0/1 [00:00<?, ?it/s, epoch=728]
train:   0%|          | 0/1 [00:00<?, ?it/s, epoch=729]
train:   0%|          | 0/1 [00:00<?, ?it/s, epoch=730]
train:   0%|          | 0/1 [00:00<?, ?it/s, epoch=731]
train:   0%|          | 0/1 [00:00<?, ?it/s, epoch=732]
train:   0%|          | 0/1 [00:00<?, ?it/s, epoch=733]
train:   0%|          | 0/1 [00:00<?, ?it/s, epoch=734]
train:   0%|          | 0/1 [00:00<?, ?it/s, epoch=735]
train:   0%|          | 0/1 [00:00<?, ?it/s, epoch=736]
train:   0%|          | 0/1 [00:00<?, ?it/s, epoch=737]
train:   0%|          | 0/1 [00:00<?, ?it/s, epoch=738]
train:   0%|          | 0/1 [00:00<?, ?it/s, epoch=739]
train:   0%|          | 0/1 [00:00<?, ?it/s, epoch=740]
train:   0%|          | 0/1 [00:00<?, ?it/s, epoch=741]
train:   0%|          | 0/1 [00:00<?, ?it/s, epoch=742]
train:   0%|          | 0/1 [00:00<?, ?it/s, epoch=743]
train:   0%|          | 0/1 [00:00<?, ?it/s, epoch=744]
train:   0%|          | 0/1 [00:00<?, ?it/s, epoch=745]
train:   0%|          | 0/1 [00:00<?, ?it/s, epoch=746]
train:   0%|          | 0/1 [00:00<?, ?it/s, epoch=747]
train:   0%|          | 0/1 [00:00<?, ?it/s, epoch=748]
train:   0%|          | 0/1 [00:00<?, ?it/s, epoch=749]
train:   0%|          | 0/1 [00:00<?, ?it/s, epoch=750]
train:   0%|          | 0/1 [00:00<?, ?it/s, epoch=751]
train:   0%|          | 0/1 [00:00<?, ?it/s, epoch=752]
train:   0%|          | 0/1 [00:00<?, ?it/s, epoch=753]
train:   0%|          | 0/1 [00:00<?, ?it/s, epoch=754]
train:   0%|          | 0/1 [00:00<?, ?it/s, epoch=755]
train:   0%|          | 0/1 [00:00<?, ?it/s, epoch=756]
train:   0%|          | 0/1 [00:00<?, ?it/s, epoch=757]
train:   0%|          | 0/1 [00:00<?, ?it/s, epoch=758]
train:   0%|          | 0/1 [00:00<?, ?it/s, epoch=759]
train:   0%|          | 0/1 [00:00<?, ?it/s, epoch=760]
train:   0%|          | 0/1 [00:00<?, ?it/s, epoch=761]
train:   0%|          | 0/1 [00:00<?, ?it/s, epoch=762]
train:   0%|          | 0/1 [00:00<?, ?it/s, epoch=763]
train:   0%|          | 0/1 [00:00<?, ?it/s, epoch=764]
train:   0%|          | 0/1 [00:00<?, ?it/s, epoch=765]
train:   0%|          | 0/1 [00:00<?, ?it/s, epoch=766]
train:   0%|          | 0/1 [00:00<?, ?it/s, epoch=767]
train:   0%|          | 0/1 [00:00<?, ?it/s, epoch=768]
train:   0%|          | 0/1 [00:00<?, ?it/s, epoch=769]
train:   0%|          | 0/1 [00:00<?, ?it/s, epoch=770]
train:   0%|          | 0/1 [00:00<?, ?it/s, epoch=771]
train:   0%|          | 0/1 [00:00<?, ?it/s, epoch=772]
train:   0%|          | 0/1 [00:00<?, ?it/s, epoch=773]
train:   0%|          | 0/1 [00:00<?, ?it/s, epoch=774]
train:   0%|          | 0/1 [00:00<?, ?it/s, epoch=775]
train:   0%|          | 0/1 [00:00<?, ?it/s, epoch=776]
train:   0%|          | 0/1 [00:00<?, ?it/s, epoch=777]
train:   0%|          | 0/1 [00:00<?, ?it/s, epoch=778]
train:   0%|          | 0/1 [00:00<?, ?it/s, epoch=779]
train:   0%|          | 0/1 [00:00<?, ?it/s, epoch=780]
train:   0%|          | 0/1 [00:00<?, ?it/s, epoch=781]
train:   0%|          | 0/1 [00:00<?, ?it/s, epoch=782]
train:   0%|          | 0/1 [00:00<?, ?it/s, epoch=783]
train:   0%|          | 0/1 [00:00<?, ?it/s, epoch=784]
train:   0%|          | 0/1 [00:00<?, ?it/s, epoch=785]
train:   0%|          | 0/1 [00:00<?, ?it/s, epoch=786]
train:   0%|          | 0/1 [00:00<?, ?it/s, epoch=787]
train:   0%|          | 0/1 [00:00<?, ?it/s, epoch=788]
train:   0%|          | 0/1 [00:00<?, ?it/s, epoch=789]
train:   0%|          | 0/1 [00:00<?, ?it/s, epoch=790]
train:   0%|          | 0/1 [00:00<?, ?it/s, epoch=791]
train:   0%|          | 0/1 [00:00<?, ?it/s, epoch=792]
train:   0%|          | 0/1 [00:00<?, ?it/s, epoch=793]
train:   0%|          | 0/1 [00:00<?, ?it/s, epoch=794]
train:   0%|          | 0/1 [00:00<?, ?it/s, epoch=795]
train:   0%|          | 0/1 [00:00<?, ?it/s, epoch=796]
train:   0%|          | 0/1 [00:00<?, ?it/s, epoch=797]
train:   0%|          | 0/1 [00:00<?, ?it/s, epoch=798]
train:   0%|          | 0/1 [00:00<?, ?it/s, epoch=799][[34m2026-03-23 22:53:04[0m] Step 800 | Loss: 0.085552 | Timing: time/data_load: 0.000s, time/forward: 0.295s, time/loss_compute: 0.012s, time/discriminator: 0.000s, time/backward: 0.389s, time/optimizer: 0.034s, time/total_step: 0.737s
[BOTTLENECK] step 800 | total_step 0.737s | time/data_load: 0.000s (0%) | time/forward: 0.295s (40%) | time/loss_compute: 0.012s (2%) | time/backward: 0.389s (53%) | time/optimizer: 0.034s (5%) | time/total_step: 0.737s (100%)
  -> at this rate 1000 steps ≈ 12.3 min
train:   0%|          | 0/1 [00:01<?, ?it/s, all=0.09, nll=0.08, nll_rec=0.04, nll_per=0.06, kl=0.01, gen=0.00, gen_w=0.00, disc=0.00, debug=0.00]
[[34m2026-03-23 22:53:04[0m] Running fixed per-frame evaluation at epoch 800 (sequence name: EMO-1-shout+laugh)...
train:   0%|          | 0/1 [00:00<?, ?it/s, epoch=800]
train:   0%|          | 0/1 [00:00<?, ?it/s, epoch=801]
train:   0%|          | 0/1 [00:00<?, ?it/s, epoch=802]
train:   0%|          | 0/1 [00:00<?, ?it/s, epoch=803]
train:   0%|          | 0/1 [00:00<?, ?it/s, epoch=804]
train:   0%|          | 0/1 [00:00<?, ?it/s, epoch=805]
train:   0%|          | 0/1 [00:00<?, ?it/s, epoch=806]
train:   0%|          | 0/1 [00:00<?, ?it/s, epoch=807]
train:   0%|          | 0/1 [00:00<?, ?it/s, epoch=808]
train:   0%|          | 0/1 [00:00<?, ?it/s, epoch=809]
train:   0%|          | 0/1 [00:00<?, ?it/s, epoch=810]
train:   0%|          | 0/1 [00:00<?, ?it/s, epoch=811]
train:   0%|          | 0/1 [00:00<?, ?it/s, epoch=812]
train:   0%|          | 0/1 [00:00<?, ?it/s, epoch=813]
train:   0%|          | 0/1 [00:00<?, ?it/s, epoch=814]
train:   0%|          | 0/1 [00:00<?, ?it/s, epoch=815]
train:   0%|          | 0/1 [00:00<?, ?it/s, epoch=816]
train:   0%|          | 0/1 [00:00<?, ?it/s, epoch=817]
train:   0%|          | 0/1 [00:00<?, ?it/s, epoch=818]
train:   0%|          | 0/1 [00:00<?, ?it/s, epoch=819]
train:   0%|          | 0/1 [00:00<?, ?it/s, epoch=820]
train:   0%|          | 0/1 [00:00<?, ?it/s, epoch=821]
train:   0%|          | 0/1 [00:00<?, ?it/s, epoch=822]
train:   0%|          | 0/1 [00:00<?, ?it/s, epoch=823]
train:   0%|          | 0/1 [00:00<?, ?it/s, epoch=824]
train:   0%|          | 0/1 [00:00<?, ?it/s, epoch=825]
train:   0%|          | 0/1 [00:00<?, ?it/s, epoch=826]
train:   0%|          | 0/1 [00:00<?, ?it/s, epoch=827]
train:   0%|          | 0/1 [00:00<?, ?it/s, epoch=828]
train:   0%|          | 0/1 [00:00<?, ?it/s, epoch=829]
train:   0%|          | 0/1 [00:00<?, ?it/s, epoch=830]
train:   0%|          | 0/1 [00:00<?, ?it/s, epoch=831]
train:   0%|          | 0/1 [00:00<?, ?it/s, epoch=832]
train:   0%|          | 0/1 [00:00<?, ?it/s, epoch=833]
train:   0%|          | 0/1 [00:00<?, ?it/s, epoch=834]
train:   0%|          | 0/1 [00:00<?, ?it/s, epoch=835]
train:   0%|          | 0/1 [00:00<?, ?it/s, epoch=836]
train:   0%|          | 0/1 [00:00<?, ?it/s, epoch=837]
train:   0%|          | 0/1 [00:00<?, ?it/s, epoch=838]
train:   0%|          | 0/1 [00:00<?, ?it/s, epoch=839]
train:   0%|          | 0/1 [00:00<?, ?it/s, epoch=840]
train:   0%|          | 0/1 [00:00<?, ?it/s, epoch=841]
train:   0%|          | 0/1 [00:00<?, ?it/s, epoch=842]
train:   0%|          | 0/1 [00:00<?, ?it/s, epoch=843]
train:   0%|          | 0/1 [00:00<?, ?it/s, epoch=844]
train:   0%|          | 0/1 [00:00<?, ?it/s, epoch=845]
train:   0%|          | 0/1 [00:00<?, ?it/s, epoch=846]
train:   0%|          | 0/1 [00:00<?, ?it/s, epoch=847]
train:   0%|          | 0/1 [00:00<?, ?it/s, epoch=848]
train:   0%|          | 0/1 [00:00<?, ?it/s, epoch=849]
train:   0%|          | 0/1 [00:00<?, ?it/s, epoch=850]
train:   0%|          | 0/1 [00:00<?, ?it/s, epoch=851]
train:   0%|          | 0/1 [00:00<?, ?it/s, epoch=852]
train:   0%|          | 0/1 [00:00<?, ?it/s, epoch=853]
train:   0%|          | 0/1 [00:00<?, ?it/s, epoch=854]
train:   0%|          | 0/1 [00:00<?, ?it/s, epoch=855]
train:   0%|          | 0/1 [00:00<?, ?it/s, epoch=856]
train:   0%|          | 0/1 [00:00<?, ?it/s, epoch=857]
train:   0%|          | 0/1 [00:00<?, ?it/s, epoch=858]
train:   0%|          | 0/1 [00:00<?, ?it/s, epoch=859]
train:   0%|          | 0/1 [00:00<?, ?it/s, epoch=860]
train:   0%|          | 0/1 [00:00<?, ?it/s, epoch=861]
train:   0%|          | 0/1 [00:00<?, ?it/s, epoch=862]
train:   0%|          | 0/1 [00:00<?, ?it/s, epoch=863]
train:   0%|          | 0/1 [00:00<?, ?it/s, epoch=864]
train:   0%|          | 0/1 [00:00<?, ?it/s, epoch=865]
train:   0%|          | 0/1 [00:00<?, ?it/s, epoch=866]
train:   0%|          | 0/1 [00:00<?, ?it/s, epoch=867]
train:   0%|          | 0/1 [00:00<?, ?it/s, epoch=868]
train:   0%|          | 0/1 [00:00<?, ?it/s, epoch=869]
train:   0%|          | 0/1 [00:00<?, ?it/s, epoch=870]
train:   0%|          | 0/1 [00:00<?, ?it/s, epoch=871]
train:   0%|          | 0/1 [00:00<?, ?it/s, epoch=872]
train:   0%|          | 0/1 [00:00<?, ?it/s, epoch=873]
train:   0%|          | 0/1 [00:00<?, ?it/s, epoch=874]
train:   0%|          | 0/1 [00:00<?, ?it/s, epoch=875]
train:   0%|          | 0/1 [00:00<?, ?it/s, epoch=876]
train:   0%|          | 0/1 [00:00<?, ?it/s, epoch=877]
train:   0%|          | 0/1 [00:00<?, ?it/s, epoch=878]
train:   0%|          | 0/1 [00:00<?, ?it/s, epoch=879]
train:   0%|          | 0/1 [00:00<?, ?it/s, epoch=880]
train:   0%|          | 0/1 [00:00<?, ?it/s, epoch=881]
train:   0%|          | 0/1 [00:00<?, ?it/s, epoch=882]
train:   0%|          | 0/1 [00:00<?, ?it/s, epoch=883]
train:   0%|          | 0/1 [00:00<?, ?it/s, epoch=884]
train:   0%|          | 0/1 [00:00<?, ?it/s, epoch=885]
train:   0%|          | 0/1 [00:00<?, ?it/s, epoch=886]
train:   0%|          | 0/1 [00:00<?, ?it/s, epoch=887]
train:   0%|          | 0/1 [00:00<?, ?it/s, epoch=888]
train:   0%|          | 0/1 [00:00<?, ?it/s, epoch=889]
train:   0%|          | 0/1 [00:00<?, ?it/s, epoch=890]
train:   0%|          | 0/1 [00:00<?, ?it/s, epoch=891]
train:   0%|          | 0/1 [00:00<?, ?it/s, epoch=892]
train:   0%|          | 0/1 [00:00<?, ?it/s, epoch=893]
train:   0%|          | 0/1 [00:00<?, ?it/s, epoch=894]
train:   0%|          | 0/1 [00:00<?, ?it/s, epoch=895]
train:   0%|          | 0/1 [00:00<?, ?it/s, epoch=896]
train:   0%|          | 0/1 [00:00<?, ?it/s, epoch=897]
train:   0%|          | 0/1 [00:00<?, ?it/s, epoch=898]
train:   0%|          | 0/1 [00:00<?, ?it/s, epoch=899][[34m2026-03-23 22:54:30[0m] Step 900 | Loss: 0.079863 | Timing: time/data_load: 0.000s, time/forward: 0.295s, time/loss_compute: 0.012s, time/discriminator: 0.000s, time/backward: 0.388s, time/optimizer: 0.034s, time/total_step: 0.736s
train:   0%|          | 0/1 [00:01<?, ?it/s, all=0.08, nll=0.07, nll_rec=0.04, nll_per=0.06, kl=0.01, gen=0.00, gen_w=0.00, disc=0.00, debug=0.00]
train:   0%|          | 0/1 [00:00<?, ?it/s, epoch=900]
train:   0%|          | 0/1 [00:00<?, ?it/s, epoch=901]
train:   0%|          | 0/1 [00:00<?, ?it/s, epoch=902]
train:   0%|          | 0/1 [00:00<?, ?it/s, epoch=903]
train:   0%|          | 0/1 [00:00<?, ?it/s, epoch=904]
train:   0%|          | 0/1 [00:00<?, ?it/s, epoch=905]
train:   0%|          | 0/1 [00:00<?, ?it/s, epoch=906]
train:   0%|          | 0/1 [00:00<?, ?it/s, epoch=907]
train:   0%|          | 0/1 [00:00<?, ?it/s, epoch=908]
train:   0%|          | 0/1 [00:00<?, ?it/s, epoch=909]
train:   0%|          | 0/1 [00:00<?, ?it/s, epoch=910]
train:   0%|          | 0/1 [00:00<?, ?it/s, epoch=911]
train:   0%|          | 0/1 [00:00<?, ?it/s, epoch=912]
train:   0%|          | 0/1 [00:00<?, ?it/s, epoch=913]
train:   0%|          | 0/1 [00:00<?, ?it/s, epoch=914]
train:   0%|          | 0/1 [00:00<?, ?it/s, epoch=915]
train:   0%|          | 0/1 [00:00<?, ?it/s, epoch=916]
train:   0%|          | 0/1 [00:00<?, ?it/s, epoch=917]
train:   0%|          | 0/1 [00:00<?, ?it/s, epoch=918]
train:   0%|          | 0/1 [00:00<?, ?it/s, epoch=919]
train:   0%|          | 0/1 [00:00<?, ?it/s, epoch=920]
train:   0%|          | 0/1 [00:00<?, ?it/s, epoch=921]
train:   0%|          | 0/1 [00:00<?, ?it/s, epoch=922]
train:   0%|          | 0/1 [00:00<?, ?it/s, epoch=923]
train:   0%|          | 0/1 [00:00<?, ?it/s, epoch=924]
train:   0%|          | 0/1 [00:00<?, ?it/s, epoch=925]
train:   0%|          | 0/1 [00:00<?, ?it/s, epoch=926]
train:   0%|          | 0/1 [00:00<?, ?it/s, epoch=927]
train:   0%|          | 0/1 [00:00<?, ?it/s, epoch=928]
train:   0%|          | 0/1 [00:00<?, ?it/s, epoch=929]
train:   0%|          | 0/1 [00:00<?, ?it/s, epoch=930]
train:   0%|          | 0/1 [00:00<?, ?it/s, epoch=931]
train:   0%|          | 0/1 [00:00<?, ?it/s, epoch=932]
train:   0%|          | 0/1 [00:00<?, ?it/s, epoch=933]
train:   0%|          | 0/1 [00:00<?, ?it/s, epoch=934]
train:   0%|          | 0/1 [00:00<?, ?it/s, epoch=935]
train:   0%|          | 0/1 [00:00<?, ?it/s, epoch=936]
train:   0%|          | 0/1 [00:00<?, ?it/s, epoch=937]
train:   0%|          | 0/1 [00:00<?, ?it/s, epoch=938]
train:   0%|          | 0/1 [00:00<?, ?it/s, epoch=939]
train:   0%|          | 0/1 [00:00<?, ?it/s, epoch=940]
train:   0%|          | 0/1 [00:00<?, ?it/s, epoch=941]
train:   0%|          | 0/1 [00:00<?, ?it/s, epoch=942]
train:   0%|          | 0/1 [00:00<?, ?it/s, epoch=943]
train:   0%|          | 0/1 [00:00<?, ?it/s, epoch=944]
train:   0%|          | 0/1 [00:00<?, ?it/s, epoch=945]
train:   0%|          | 0/1 [00:00<?, ?it/s, epoch=946]
train:   0%|          | 0/1 [00:00<?, ?it/s, epoch=947]
train:   0%|          | 0/1 [00:00<?, ?it/s, epoch=948]
train:   0%|          | 0/1 [00:00<?, ?it/s, epoch=949]
train:   0%|          | 0/1 [00:00<?, ?it/s, epoch=950]
train:   0%|          | 0/1 [00:00<?, ?it/s, epoch=951]
train:   0%|          | 0/1 [00:00<?, ?it/s, epoch=952]
train:   0%|          | 0/1 [00:00<?, ?it/s, epoch=953]
train:   0%|          | 0/1 [00:00<?, ?it/s, epoch=954]
train:   0%|          | 0/1 [00:00<?, ?it/s, epoch=955]
train:   0%|          | 0/1 [00:00<?, ?it/s, epoch=956]
train:   0%|          | 0/1 [00:00<?, ?it/s, epoch=957]
train:   0%|          | 0/1 [00:00<?, ?it/s, epoch=958]
train:   0%|          | 0/1 [00:00<?, ?it/s, epoch=959]
train:   0%|          | 0/1 [00:00<?, ?it/s, epoch=960]
train:   0%|          | 0/1 [00:00<?, ?it/s, epoch=961]
train:   0%|          | 0/1 [00:00<?, ?it/s, epoch=962]
train:   0%|          | 0/1 [00:00<?, ?it/s, epoch=963]
train:   0%|          | 0/1 [00:00<?, ?it/s, epoch=964]
train:   0%|          | 0/1 [00:00<?, ?it/s, epoch=965]
train:   0%|          | 0/1 [00:00<?, ?it/s, epoch=966]
train:   0%|          | 0/1 [00:00<?, ?it/s, epoch=967]
train:   0%|          | 0/1 [00:00<?, ?it/s, epoch=968]
train:   0%|          | 0/1 [00:00<?, ?it/s, epoch=969]
train:   0%|          | 0/1 [00:00<?, ?it/s, epoch=970]
train:   0%|          | 0/1 [00:00<?, ?it/s, epoch=971]
train:   0%|          | 0/1 [00:00<?, ?it/s, epoch=972]
train:   0%|          | 0/1 [00:00<?, ?it/s, epoch=973]
train:   0%|          | 0/1 [00:00<?, ?it/s, epoch=974]
train:   0%|          | 0/1 [00:00<?, ?it/s, epoch=975]
train:   0%|          | 0/1 [00:00<?, ?it/s, epoch=976]
train:   0%|          | 0/1 [00:00<?, ?it/s, epoch=977]
train:   0%|          | 0/1 [00:00<?, ?it/s, epoch=978]
train:   0%|          | 0/1 [00:00<?, ?it/s, epoch=979]
train:   0%|          | 0/1 [00:00<?, ?it/s, epoch=980]
train:   0%|          | 0/1 [00:00<?, ?it/s, epoch=981]
train:   0%|          | 0/1 [00:00<?, ?it/s, epoch=982]
train:   0%|          | 0/1 [00:00<?, ?it/s, epoch=983]
train:   0%|          | 0/1 [00:00<?, ?it/s, epoch=984]
train:   0%|          | 0/1 [00:00<?, ?it/s, epoch=985]
train:   0%|          | 0/1 [00:00<?, ?it/s, epoch=986]
train:   0%|          | 0/1 [00:00<?, ?it/s, epoch=987]
train:   0%|          | 0/1 [00:00<?, ?it/s, epoch=988]
train:   0%|          | 0/1 [00:00<?, ?it/s, epoch=989]
train:   0%|          | 0/1 [00:00<?, ?it/s, epoch=990]
train:   0%|          | 0/1 [00:00<?, ?it/s, epoch=991]
train:   0%|          | 0/1 [00:00<?, ?it/s, epoch=992]
train:   0%|          | 0/1 [00:00<?, ?it/s, epoch=993]
train:   0%|          | 0/1 [00:00<?, ?it/s, epoch=994]
train:   0%|          | 0/1 [00:00<?, ?it/s, epoch=995]
train:   0%|          | 0/1 [00:00<?, ?it/s, epoch=996]
train:   0%|          | 0/1 [00:00<?, ?it/s, epoch=997]
train:   0%|          | 0/1 [00:00<?, ?it/s, epoch=998]
train:   0%|          | 0/1 [00:00<?, ?it/s, epoch=999][[34m2026-03-23 22:55:57[0m] Step 1000 | Loss: 0.073965 | Timing: time/data_load: 0.000s, time/forward: 0.296s, time/loss_compute: 0.012s, time/discriminator: 0.000s, time/backward: 0.390s, time/optimizer: 0.034s, time/total_step: 0.740s
[BOTTLENECK] step 1000 | total_step 0.740s | time/data_load: 0.000s (0%) | time/forward: 0.296s (40%) | time/loss_compute: 0.012s (2%) | time/backward: 0.390s (53%) | time/optimizer: 0.034s (5%) | time/total_step: 0.740s (100%)
  -> at this rate 1000 steps ≈ 12.3 min
train:   0%|          | 0/1 [00:01<?, ?it/s, all=0.07, nll=0.06, nll_rec=0.04, nll_per=0.05, kl=0.01, gen=0.00, gen_w=0.00, disc=0.00, debug=0.00][[34m2026-03-23 22:55:58[0m] The model is going to be split to checkpoint shards. You can find where each parameters has been saved in the index located at model.safetensors.index.json.
[[34m2026-03-23 22:55:59[0m] Saved checkpoint at epoch 999, step 1, global_step 1000 to outputs/self_attention_rank128/epoch999-global_step1000
[[34m2026-03-23 22:55:59[0m] Removed old checkpoints and kept 3 latest ones.
[[34m2026-03-23 22:55:59[0m] Running full evaluation at step 1000 (train)...
[[34m2026-03-23 22:56:00[0m] Evaluation (train) - PSNR: 24.38 ± 0.62, SSIM: 0.9902 ± 0.0020, MSE: 0.003708 ± 0.000000
train:   0%|          | 0/1 [00:04<?, ?it/s, all=0.07, nll=0.06, nll_rec=0.04, nll_per=0.05, kl=0.01, gen=0.00, gen_w=0.00, disc=0.00, debug=0.00]
[[34m2026-03-23 22:56:00[0m] Running fixed per-frame evaluation at epoch 1000 (sequence name: EMO-1-shout+laugh)...
train:   0%|          | 0/1 [00:00<?, ?it/s, epoch=1000]
train:   0%|          | 0/1 [00:00<?, ?it/s, epoch=1001]
train:   0%|          | 0/1 [00:00<?, ?it/s, epoch=1002]
train:   0%|          | 0/1 [00:00<?, ?it/s, epoch=1003]
train:   0%|          | 0/1 [00:00<?, ?it/s, epoch=1004]
train:   0%|          | 0/1 [00:00<?, ?it/s, epoch=1005]
train:   0%|          | 0/1 [00:00<?, ?it/s, epoch=1006]
train:   0%|          | 0/1 [00:00<?, ?it/s, epoch=1007]
train:   0%|          | 0/1 [00:00<?, ?it/s, epoch=1008]
train:   0%|          | 0/1 [00:00<?, ?it/s, epoch=1009]
train:   0%|          | 0/1 [00:00<?, ?it/s, epoch=1010]
train:   0%|          | 0/1 [00:00<?, ?it/s, epoch=1011]
train:   0%|          | 0/1 [00:00<?, ?it/s, epoch=1012]
train:   0%|          | 0/1 [00:00<?, ?it/s, epoch=1013]
train:   0%|          | 0/1 [00:00<?, ?it/s, epoch=1014]
train:   0%|          | 0/1 [00:00<?, ?it/s, epoch=1015]
train:   0%|          | 0/1 [00:00<?, ?it/s, epoch=1016]
train:   0%|          | 0/1 [00:00<?, ?it/s, epoch=1017]
train:   0%|          | 0/1 [00:00<?, ?it/s, epoch=1018]
train:   0%|          | 0/1 [00:00<?, ?it/s, epoch=1019]
train:   0%|          | 0/1 [00:00<?, ?it/s, epoch=1020]
train:   0%|          | 0/1 [00:00<?, ?it/s, epoch=1021]
train:   0%|          | 0/1 [00:00<?, ?it/s, epoch=1022]
train:   0%|          | 0/1 [00:00<?, ?it/s, epoch=1023]
train:   0%|          | 0/1 [00:00<?, ?it/s, epoch=1024]
train:   0%|          | 0/1 [00:00<?, ?it/s, epoch=1025]
train:   0%|          | 0/1 [00:00<?, ?it/s, epoch=1026]
train:   0%|          | 0/1 [00:00<?, ?it/s, epoch=1027]
train:   0%|          | 0/1 [00:00<?, ?it/s, epoch=1028]
train:   0%|          | 0/1 [00:00<?, ?it/s, epoch=1029]
train:   0%|          | 0/1 [00:00<?, ?it/s, epoch=1030]
train:   0%|          | 0/1 [00:00<?, ?it/s, epoch=1031]
train:   0%|          | 0/1 [00:00<?, ?it/s, epoch=1032]
train:   0%|          | 0/1 [00:00<?, ?it/s, epoch=1033]
train:   0%|          | 0/1 [00:00<?, ?it/s, epoch=1034]
train:   0%|          | 0/1 [00:00<?, ?it/s, epoch=1035]
train:   0%|          | 0/1 [00:00<?, ?it/s, epoch=1036]
train:   0%|          | 0/1 [00:00<?, ?it/s, epoch=1037]
train:   0%|          | 0/1 [00:00<?, ?it/s, epoch=1038]
train:   0%|          | 0/1 [00:00<?, ?it/s, epoch=1039]
train:   0%|          | 0/1 [00:00<?, ?it/s, epoch=1040]
train:   0%|          | 0/1 [00:00<?, ?it/s, epoch=1041]
train:   0%|          | 0/1 [00:00<?, ?it/s, epoch=1042]
train:   0%|          | 0/1 [00:00<?, ?it/s, epoch=1043]
train:   0%|          | 0/1 [00:00<?, ?it/s, epoch=1044]
train:   0%|          | 0/1 [00:00<?, ?it/s, epoch=1045]
train:   0%|          | 0/1 [00:00<?, ?it/s, epoch=1046]
train:   0%|          | 0/1 [00:00<?, ?it/s, epoch=1047]
train:   0%|          | 0/1 [00:00<?, ?it/s, epoch=1048]
train:   0%|          | 0/1 [00:00<?, ?it/s, epoch=1049]
train:   0%|          | 0/1 [00:00<?, ?it/s, epoch=1050]
train:   0%|          | 0/1 [00:00<?, ?it/s, epoch=1051]
train:   0%|          | 0/1 [00:00<?, ?it/s, epoch=1052]
train:   0%|          | 0/1 [00:00<?, ?it/s, epoch=1053]
train:   0%|          | 0/1 [00:00<?, ?it/s, epoch=1054]
train:   0%|          | 0/1 [00:00<?, ?it/s, epoch=1055]
train:   0%|          | 0/1 [00:00<?, ?it/s, epoch=1056]
train:   0%|          | 0/1 [00:00<?, ?it/s, epoch=1057]
train:   0%|          | 0/1 [00:00<?, ?it/s, epoch=1058]
train:   0%|          | 0/1 [00:00<?, ?it/s, epoch=1059]
train:   0%|          | 0/1 [00:00<?, ?it/s, epoch=1060]
train:   0%|          | 0/1 [00:00<?, ?it/s, epoch=1061]
train:   0%|          | 0/1 [00:00<?, ?it/s, epoch=1062]
train:   0%|          | 0/1 [00:00<?, ?it/s, epoch=1063]
train:   0%|          | 0/1 [00:00<?, ?it/s, epoch=1064]
train:   0%|          | 0/1 [00:00<?, ?it/s, epoch=1065]
train:   0%|          | 0/1 [00:00<?, ?it/s, epoch=1066]
train:   0%|          | 0/1 [00:00<?, ?it/s, epoch=1067]
train:   0%|          | 0/1 [00:00<?, ?it/s, epoch=1068]
train:   0%|          | 0/1 [00:00<?, ?it/s, epoch=1069]
train:   0%|          | 0/1 [00:00<?, ?it/s, epoch=1070]
train:   0%|          | 0/1 [00:00<?, ?it/s, epoch=1071]
train:   0%|          | 0/1 [00:00<?, ?it/s, epoch=1072]
train:   0%|          | 0/1 [00:00<?, ?it/s, epoch=1073]
train:   0%|          | 0/1 [00:00<?, ?it/s, epoch=1074]
train:   0%|          | 0/1 [00:00<?, ?it/s, epoch=1075]
train:   0%|          | 0/1 [00:00<?, ?it/s, epoch=1076]
train:   0%|          | 0/1 [00:00<?, ?it/s, epoch=1077]
train:   0%|          | 0/1 [00:00<?, ?it/s, epoch=1078]
train:   0%|          | 0/1 [00:00<?, ?it/s, epoch=1079]
train:   0%|          | 0/1 [00:00<?, ?it/s, epoch=1080]
train:   0%|          | 0/1 [00:00<?, ?it/s, epoch=1081]
train:   0%|          | 0/1 [00:00<?, ?it/s, epoch=1082]
train:   0%|          | 0/1 [00:00<?, ?it/s, epoch=1083]
train:   0%|          | 0/1 [00:00<?, ?it/s, epoch=1084]
train:   0%|          | 0/1 [00:00<?, ?it/s, epoch=1085]
train:   0%|          | 0/1 [00:00<?, ?it/s, epoch=1086]
train:   0%|          | 0/1 [00:00<?, ?it/s, epoch=1087]
train:   0%|          | 0/1 [00:00<?, ?it/s, epoch=1088]
train:   0%|          | 0/1 [00:00<?, ?it/s, epoch=1089]
train:   0%|          | 0/1 [00:00<?, ?it/s, epoch=1090]
train:   0%|          | 0/1 [00:00<?, ?it/s, epoch=1091]
train:   0%|          | 0/1 [00:00<?, ?it/s, epoch=1092]
train:   0%|          | 0/1 [00:00<?, ?it/s, epoch=1093]
train:   0%|          | 0/1 [00:00<?, ?it/s, epoch=1094]
train:   0%|          | 0/1 [00:00<?, ?it/s, epoch=1095]
train:   0%|          | 0/1 [00:00<?, ?it/s, epoch=1096]
train:   0%|          | 0/1 [00:00<?, ?it/s, epoch=1097]
train:   0%|          | 0/1 [00:00<?, ?it/s, epoch=1098]
train:   0%|          | 0/1 [00:00<?, ?it/s, epoch=1099][[34m2026-03-23 22:57:27[0m] Step 1100 | Loss: 0.069585 | Timing: time/data_load: 0.000s, time/forward: 0.296s, time/loss_compute: 0.012s, time/discriminator: 0.000s, time/backward: 0.390s, time/optimizer: 0.034s, time/total_step: 0.741s
train:   0%|          | 0/1 [00:01<?, ?it/s, all=0.07, nll=0.06, nll_rec=0.04, nll_per=0.05, kl=0.01, gen=0.00, gen_w=0.00, disc=0.00, debug=0.00]
train:   0%|          | 0/1 [00:00<?, ?it/s, epoch=1100]
train:   0%|          | 0/1 [00:00<?, ?it/s, epoch=1101]
train:   0%|          | 0/1 [00:00<?, ?it/s, epoch=1102]
train:   0%|          | 0/1 [00:00<?, ?it/s, epoch=1103]
train:   0%|          | 0/1 [00:00<?, ?it/s, epoch=1104]
train:   0%|          | 0/1 [00:00<?, ?it/s, epoch=1105]
train:   0%|          | 0/1 [00:00<?, ?it/s, epoch=1106]
train:   0%|          | 0/1 [00:00<?, ?it/s, epoch=1107]
train:   0%|          | 0/1 [00:00<?, ?it/s, epoch=1108]
train:   0%|          | 0/1 [00:00<?, ?it/s, epoch=1109]
train:   0%|          | 0/1 [00:00<?, ?it/s, epoch=1110]
train:   0%|          | 0/1 [00:00<?, ?it/s, epoch=1111]
train:   0%|          | 0/1 [00:00<?, ?it/s, epoch=1112]
train:   0%|          | 0/1 [00:00<?, ?it/s, epoch=1113]
train:   0%|          | 0/1 [00:00<?, ?it/s, epoch=1114]
train:   0%|          | 0/1 [00:00<?, ?it/s, epoch=1115]
train:   0%|          | 0/1 [00:00<?, ?it/s, epoch=1116]
train:   0%|          | 0/1 [00:00<?, ?it/s, epoch=1117]
train:   0%|          | 0/1 [00:00<?, ?it/s, epoch=1118]
train:   0%|          | 0/1 [00:00<?, ?it/s, epoch=1119]
train:   0%|          | 0/1 [00:00<?, ?it/s, epoch=1120]
train:   0%|          | 0/1 [00:00<?, ?it/s, epoch=1121]
train:   0%|          | 0/1 [00:00<?, ?it/s, epoch=1122]
train:   0%|          | 0/1 [00:00<?, ?it/s, epoch=1123]
train:   0%|          | 0/1 [00:00<?, ?it/s, epoch=1124]
train:   0%|          | 0/1 [00:00<?, ?it/s, epoch=1125]
train:   0%|          | 0/1 [00:00<?, ?it/s, epoch=1126]
train:   0%|          | 0/1 [00:00<?, ?it/s, epoch=1127]
train:   0%|          | 0/1 [00:00<?, ?it/s, epoch=1128]
train:   0%|          | 0/1 [00:00<?, ?it/s, epoch=1129]
train:   0%|          | 0/1 [00:00<?, ?it/s, epoch=1130]
train:   0%|          | 0/1 [00:00<?, ?it/s, epoch=1131]
train:   0%|          | 0/1 [00:00<?, ?it/s, epoch=1132]
train:   0%|          | 0/1 [00:00<?, ?it/s, epoch=1133]
train:   0%|          | 0/1 [00:00<?, ?it/s, epoch=1134]
train:   0%|          | 0/1 [00:00<?, ?it/s, epoch=1135]
train:   0%|          | 0/1 [00:00<?, ?it/s, epoch=1136]
train:   0%|          | 0/1 [00:00<?, ?it/s, epoch=1137]
train:   0%|          | 0/1 [00:00<?, ?it/s, epoch=1138]
train:   0%|          | 0/1 [00:00<?, ?it/s, epoch=1139]
train:   0%|          | 0/1 [00:00<?, ?it/s, epoch=1140]
train:   0%|          | 0/1 [00:00<?, ?it/s, epoch=1141]
train:   0%|          | 0/1 [00:00<?, ?it/s, epoch=1142]
train:   0%|          | 0/1 [00:00<?, ?it/s, epoch=1143]
train:   0%|          | 0/1 [00:00<?, ?it/s, epoch=1144]
train:   0%|          | 0/1 [00:00<?, ?it/s, epoch=1145]
train:   0%|          | 0/1 [00:00<?, ?it/s, epoch=1146]
train:   0%|          | 0/1 [00:00<?, ?it/s, epoch=1147]
train:   0%|          | 0/1 [00:00<?, ?it/s, epoch=1148]
train:   0%|          | 0/1 [00:00<?, ?it/s, epoch=1149]
train:   0%|          | 0/1 [00:00<?, ?it/s, epoch=1150]
train:   0%|          | 0/1 [00:00<?, ?it/s, epoch=1151]
train:   0%|          | 0/1 [00:00<?, ?it/s, epoch=1152]
train:   0%|          | 0/1 [00:00<?, ?it/s, epoch=1153]
train:   0%|          | 0/1 [00:00<?, ?it/s, epoch=1154]
train:   0%|          | 0/1 [00:00<?, ?it/s, epoch=1155]
train:   0%|          | 0/1 [00:00<?, ?it/s, epoch=1156]
train:   0%|          | 0/1 [00:00<?, ?it/s, epoch=1157]
train:   0%|          | 0/1 [00:00<?, ?it/s, epoch=1158]
train:   0%|          | 0/1 [00:00<?, ?it/s, epoch=1159]
train:   0%|          | 0/1 [00:00<?, ?it/s, epoch=1160]
train:   0%|          | 0/1 [00:00<?, ?it/s, epoch=1161]
train:   0%|          | 0/1 [00:00<?, ?it/s, epoch=1162]
train:   0%|          | 0/1 [00:00<?, ?it/s, epoch=1163]
train:   0%|          | 0/1 [00:00<?, ?it/s, epoch=1164]
train:   0%|          | 0/1 [00:00<?, ?it/s, epoch=1165]
train:   0%|          | 0/1 [00:00<?, ?it/s, epoch=1166]
train:   0%|          | 0/1 [00:00<?, ?it/s, epoch=1167]
train:   0%|          | 0/1 [00:00<?, ?it/s, epoch=1168]
train:   0%|          | 0/1 [00:00<?, ?it/s, epoch=1169]
train:   0%|          | 0/1 [00:00<?, ?it/s, epoch=1170]
train:   0%|          | 0/1 [00:00<?, ?it/s, epoch=1171]
train:   0%|          | 0/1 [00:00<?, ?it/s, epoch=1172]
train:   0%|          | 0/1 [00:00<?, ?it/s, epoch=1173]
train:   0%|          | 0/1 [00:00<?, ?it/s, epoch=1174]
train:   0%|          | 0/1 [00:00<?, ?it/s, epoch=1175]
train:   0%|          | 0/1 [00:00<?, ?it/s, epoch=1176]
train:   0%|          | 0/1 [00:00<?, ?it/s, epoch=1177]
train:   0%|          | 0/1 [00:00<?, ?it/s, epoch=1178]
train:   0%|          | 0/1 [00:00<?, ?it/s, epoch=1179]
train:   0%|          | 0/1 [00:00<?, ?it/s, epoch=1180]
train:   0%|          | 0/1 [00:00<?, ?it/s, epoch=1181]
train:   0%|          | 0/1 [00:00<?, ?it/s, epoch=1182]
train:   0%|          | 0/1 [00:00<?, ?it/s, epoch=1183]
train:   0%|          | 0/1 [00:00<?, ?it/s, epoch=1184]
train:   0%|          | 0/1 [00:00<?, ?it/s, epoch=1185]
train:   0%|          | 0/1 [00:00<?, ?it/s, epoch=1186]
train:   0%|          | 0/1 [00:00<?, ?it/s, epoch=1187]
train:   0%|          | 0/1 [00:00<?, ?it/s, epoch=1188]
train:   0%|          | 0/1 [00:00<?, ?it/s, epoch=1189]
train:   0%|          | 0/1 [00:00<?, ?it/s, epoch=1190]
train:   0%|          | 0/1 [00:00<?, ?it/s, epoch=1191]
train:   0%|          | 0/1 [00:00<?, ?it/s, epoch=1192]
train:   0%|          | 0/1 [00:00<?, ?it/s, epoch=1193]
train:   0%|          | 0/1 [00:00<?, ?it/s, epoch=1194]
train:   0%|          | 0/1 [00:00<?, ?it/s, epoch=1195]
train:   0%|          | 0/1 [00:00<?, ?it/s, epoch=1196]
train:   0%|          | 0/1 [00:00<?, ?it/s, epoch=1197]
train:   0%|          | 0/1 [00:00<?, ?it/s, epoch=1198]
train:   0%|          | 0/1 [00:00<?, ?it/s, epoch=1199][[34m2026-03-23 22:58:54[0m] Step 1200 | Loss: 0.066841 | Timing: time/data_load: 0.000s, time/forward: 0.300s, time/loss_compute: 0.013s, time/discriminator: 0.000s, time/backward: 0.393s, time/optimizer: 0.035s, time/total_step: 0.748s
[BOTTLENECK] step 1200 | total_step 0.748s | time/data_load: 0.000s (0%) | time/forward: 0.300s (40%) | time/loss_compute: 0.013s (2%) | time/backward: 0.393s (52%) | time/optimizer: 0.035s (5%) | time/total_step: 0.748s (100%)
  -> at this rate 1000 steps ≈ 12.5 min
train:   0%|          | 0/1 [00:01<?, ?it/s, all=0.07, nll=0.06, nll_rec=0.03, nll_per=0.04, kl=0.01, gen=0.00, gen_w=0.00, disc=0.00, debug=0.00]
[[34m2026-03-23 22:58:54[0m] Running fixed per-frame evaluation at epoch 1200 (sequence name: EMO-1-shout+laugh)...
train:   0%|          | 0/1 [00:00<?, ?it/s, epoch=1200]
train:   0%|          | 0/1 [00:00<?, ?it/s, epoch=1201]
train:   0%|          | 0/1 [00:00<?, ?it/s, epoch=1202]
train:   0%|          | 0/1 [00:00<?, ?it/s, epoch=1203]
train:   0%|          | 0/1 [00:00<?, ?it/s, epoch=1204]
train:   0%|          | 0/1 [00:00<?, ?it/s, epoch=1205]
train:   0%|          | 0/1 [00:00<?, ?it/s, epoch=1206]
train:   0%|          | 0/1 [00:00<?, ?it/s, epoch=1207]
train:   0%|          | 0/1 [00:00<?, ?it/s, epoch=1208]
train:   0%|          | 0/1 [00:00<?, ?it/s, epoch=1209]
train:   0%|          | 0/1 [00:00<?, ?it/s, epoch=1210]
train:   0%|          | 0/1 [00:00<?, ?it/s, epoch=1211]
train:   0%|          | 0/1 [00:00<?, ?it/s, epoch=1212]
train:   0%|          | 0/1 [00:00<?, ?it/s, epoch=1213]
train:   0%|          | 0/1 [00:00<?, ?it/s, epoch=1214]
train:   0%|          | 0/1 [00:00<?, ?it/s, epoch=1215]
train:   0%|          | 0/1 [00:00<?, ?it/s, epoch=1216]
train:   0%|          | 0/1 [00:00<?, ?it/s, epoch=1217]
train:   0%|          | 0/1 [00:00<?, ?it/s, epoch=1218]
train:   0%|          | 0/1 [00:00<?, ?it/s, epoch=1219]
train:   0%|          | 0/1 [00:00<?, ?it/s, epoch=1220]
train:   0%|          | 0/1 [00:00<?, ?it/s, epoch=1221]
train:   0%|          | 0/1 [00:00<?, ?it/s, epoch=1222]
train:   0%|          | 0/1 [00:00<?, ?it/s, epoch=1223]
train:   0%|          | 0/1 [00:00<?, ?it/s, epoch=1224]
train:   0%|          | 0/1 [00:00<?, ?it/s, epoch=1225]
train:   0%|          | 0/1 [00:00<?, ?it/s, epoch=1226]
train:   0%|          | 0/1 [00:00<?, ?it/s, epoch=1227]
train:   0%|          | 0/1 [00:00<?, ?it/s, epoch=1228]
train:   0%|          | 0/1 [00:00<?, ?it/s, epoch=1229]
train:   0%|          | 0/1 [00:00<?, ?it/s, epoch=1230]
train:   0%|          | 0/1 [00:00<?, ?it/s, epoch=1231]
train:   0%|          | 0/1 [00:00<?, ?it/s, epoch=1232]
train:   0%|          | 0/1 [00:00<?, ?it/s, epoch=1233]
train:   0%|          | 0/1 [00:00<?, ?it/s, epoch=1234]
train:   0%|          | 0/1 [00:00<?, ?it/s, epoch=1235]
train:   0%|          | 0/1 [00:00<?, ?it/s, epoch=1236]
train:   0%|          | 0/1 [00:00<?, ?it/s, epoch=1237]
train:   0%|          | 0/1 [00:00<?, ?it/s, epoch=1238]
train:   0%|          | 0/1 [00:00<?, ?it/s, epoch=1239]
train:   0%|          | 0/1 [00:00<?, ?it/s, epoch=1240]
train:   0%|          | 0/1 [00:00<?, ?it/s, epoch=1241]
train:   0%|          | 0/1 [00:00<?, ?it/s, epoch=1242]
train:   0%|          | 0/1 [00:00<?, ?it/s, epoch=1243]
train:   0%|          | 0/1 [00:00<?, ?it/s, epoch=1244]
train:   0%|          | 0/1 [00:00<?, ?it/s, epoch=1245]
train:   0%|          | 0/1 [00:00<?, ?it/s, epoch=1246]
train:   0%|          | 0/1 [00:00<?, ?it/s, epoch=1247]
train:   0%|          | 0/1 [00:00<?, ?it/s, epoch=1248]
train:   0%|          | 0/1 [00:00<?, ?it/s, epoch=1249]
train:   0%|          | 0/1 [00:00<?, ?it/s, epoch=1250]
train:   0%|          | 0/1 [00:00<?, ?it/s, epoch=1251]
train:   0%|          | 0/1 [00:00<?, ?it/s, epoch=1252]
train:   0%|          | 0/1 [00:00<?, ?it/s, epoch=1253]
train:   0%|          | 0/1 [00:00<?, ?it/s, epoch=1254]
train:   0%|          | 0/1 [00:00<?, ?it/s, epoch=1255]
train:   0%|          | 0/1 [00:00<?, ?it/s, epoch=1256]
train:   0%|          | 0/1 [00:00<?, ?it/s, epoch=1257]
train:   0%|          | 0/1 [00:00<?, ?it/s, epoch=1258]
train:   0%|          | 0/1 [00:00<?, ?it/s, epoch=1259]
train:   0%|          | 0/1 [00:00<?, ?it/s, epoch=1260]
train:   0%|          | 0/1 [00:00<?, ?it/s, epoch=1261]
train:   0%|          | 0/1 [00:00<?, ?it/s, epoch=1262]
train:   0%|          | 0/1 [00:00<?, ?it/s, epoch=1263]
train:   0%|          | 0/1 [00:00<?, ?it/s, epoch=1264]
train:   0%|          | 0/1 [00:00<?, ?it/s, epoch=1265]
train:   0%|          | 0/1 [00:00<?, ?it/s, epoch=1266]
train:   0%|          | 0/1 [00:00<?, ?it/s, epoch=1267]
train:   0%|          | 0/1 [00:00<?, ?it/s, epoch=1268]
train:   0%|          | 0/1 [00:00<?, ?it/s, epoch=1269]
train:   0%|          | 0/1 [00:00<?, ?it/s, epoch=1270]
train:   0%|          | 0/1 [00:00<?, ?it/s, epoch=1271]
train:   0%|          | 0/1 [00:00<?, ?it/s, epoch=1272]
train:   0%|          | 0/1 [00:00<?, ?it/s, epoch=1273]
train:   0%|          | 0/1 [00:00<?, ?it/s, epoch=1274]
train:   0%|          | 0/1 [00:00<?, ?it/s, epoch=1275]
train:   0%|          | 0/1 [00:00<?, ?it/s, epoch=1276]
train:   0%|          | 0/1 [00:00<?, ?it/s, epoch=1277]
train:   0%|          | 0/1 [00:00<?, ?it/s, epoch=1278]
train:   0%|          | 0/1 [00:00<?, ?it/s, epoch=1279]
train:   0%|          | 0/1 [00:00<?, ?it/s, epoch=1280]
train:   0%|          | 0/1 [00:00<?, ?it/s, epoch=1281]
train:   0%|          | 0/1 [00:00<?, ?it/s, epoch=1282]
train:   0%|          | 0/1 [00:00<?, ?it/s, epoch=1283]
train:   0%|          | 0/1 [00:00<?, ?it/s, epoch=1284]
train:   0%|          | 0/1 [00:00<?, ?it/s, epoch=1285]
train:   0%|          | 0/1 [00:00<?, ?it/s, epoch=1286]
train:   0%|          | 0/1 [00:00<?, ?it/s, epoch=1287]
train:   0%|          | 0/1 [00:00<?, ?it/s, epoch=1288]
train:   0%|          | 0/1 [00:00<?, ?it/s, epoch=1289]
train:   0%|          | 0/1 [00:00<?, ?it/s, epoch=1290]
train:   0%|          | 0/1 [00:00<?, ?it/s, epoch=1291]
train:   0%|          | 0/1 [00:00<?, ?it/s, epoch=1292]
train:   0%|          | 0/1 [00:00<?, ?it/s, epoch=1293]
train:   0%|          | 0/1 [00:00<?, ?it/s, epoch=1294]
train:   0%|          | 0/1 [00:00<?, ?it/s, epoch=1295]
train:   0%|          | 0/1 [00:00<?, ?it/s, epoch=1296]
train:   0%|          | 0/1 [00:00<?, ?it/s, epoch=1297]
train:   0%|          | 0/1 [00:00<?, ?it/s, epoch=1298]
train:   0%|          | 0/1 [00:00<?, ?it/s, epoch=1299][[34m2026-03-23 23:00:21[0m] Step 1300 | Loss: 0.063386 | Timing: time/data_load: 0.000s, time/forward: 0.299s, time/loss_compute: 0.012s, time/discriminator: 0.000s, time/backward: 0.390s, time/optimizer: 0.034s, time/total_step: 0.744s
train:   0%|          | 0/1 [00:01<?, ?it/s, all=0.06, nll=0.05, nll_rec=0.03, nll_per=0.04, kl=0.01, gen=0.00, gen_w=0.00, disc=0.00, debug=0.00]
train:   0%|          | 0/1 [00:00<?, ?it/s, epoch=1300]
train:   0%|          | 0/1 [00:00<?, ?it/s, epoch=1301]
train:   0%|          | 0/1 [00:00<?, ?it/s, epoch=1302]
train:   0%|          | 0/1 [00:00<?, ?it/s, epoch=1303]
train:   0%|          | 0/1 [00:00<?, ?it/s, epoch=1304]
train:   0%|          | 0/1 [00:00<?, ?it/s, epoch=1305]
train:   0%|          | 0/1 [00:00<?, ?it/s, epoch=1306]
train:   0%|          | 0/1 [00:00<?, ?it/s, epoch=1307]
train:   0%|          | 0/1 [00:00<?, ?it/s, epoch=1308]
train:   0%|          | 0/1 [00:00<?, ?it/s, epoch=1309]
train:   0%|          | 0/1 [00:00<?, ?it/s, epoch=1310]
train:   0%|          | 0/1 [00:00<?, ?it/s, epoch=1311]
train:   0%|          | 0/1 [00:00<?, ?it/s, epoch=1312]
train:   0%|          | 0/1 [00:00<?, ?it/s, epoch=1313]
train:   0%|          | 0/1 [00:00<?, ?it/s, epoch=1314]
train:   0%|          | 0/1 [00:00<?, ?it/s, epoch=1315]
train:   0%|          | 0/1 [00:00<?, ?it/s, epoch=1316]
train:   0%|          | 0/1 [00:00<?, ?it/s, epoch=1317]
train:   0%|          | 0/1 [00:00<?, ?it/s, epoch=1318]
train:   0%|          | 0/1 [00:00<?, ?it/s, epoch=1319]
train:   0%|          | 0/1 [00:00<?, ?it/s, epoch=1320]
train:   0%|          | 0/1 [00:00<?, ?it/s, epoch=1321]
train:   0%|          | 0/1 [00:00<?, ?it/s, epoch=1322]
train:   0%|          | 0/1 [00:00<?, ?it/s, epoch=1323]
train:   0%|          | 0/1 [00:00<?, ?it/s, epoch=1324]
train:   0%|          | 0/1 [00:00<?, ?it/s, epoch=1325]
train:   0%|          | 0/1 [00:00<?, ?it/s, epoch=1326]
train:   0%|          | 0/1 [00:00<?, ?it/s, epoch=1327]
train:   0%|          | 0/1 [00:00<?, ?it/s, epoch=1328]
train:   0%|          | 0/1 [00:00<?, ?it/s, epoch=1329]
train:   0%|          | 0/1 [00:00<?, ?it/s, epoch=1330]
train:   0%|          | 0/1 [00:00<?, ?it/s, epoch=1331]
train:   0%|          | 0/1 [00:00<?, ?it/s, epoch=1332]
train:   0%|          | 0/1 [00:00<?, ?it/s, epoch=1333]
train:   0%|          | 0/1 [00:00<?, ?it/s, epoch=1334]
train:   0%|          | 0/1 [00:00<?, ?it/s, epoch=1335]
train:   0%|          | 0/1 [00:00<?, ?it/s, epoch=1336]
train:   0%|          | 0/1 [00:00<?, ?it/s, epoch=1337]
train:   0%|          | 0/1 [00:00<?, ?it/s, epoch=1338]
train:   0%|          | 0/1 [00:00<?, ?it/s, epoch=1339]
train:   0%|          | 0/1 [00:00<?, ?it/s, epoch=1340]
train:   0%|          | 0/1 [00:00<?, ?it/s, epoch=1341]
train:   0%|          | 0/1 [00:00<?, ?it/s, epoch=1342]
train:   0%|          | 0/1 [00:00<?, ?it/s, epoch=1343]
train:   0%|          | 0/1 [00:00<?, ?it/s, epoch=1344]
train:   0%|          | 0/1 [00:00<?, ?it/s, epoch=1345]
train:   0%|          | 0/1 [00:00<?, ?it/s, epoch=1346]
train:   0%|          | 0/1 [00:00<?, ?it/s, epoch=1347]
train:   0%|          | 0/1 [00:00<?, ?it/s, epoch=1348]
train:   0%|          | 0/1 [00:00<?, ?it/s, epoch=1349]
train:   0%|          | 0/1 [00:00<?, ?it/s, epoch=1350]
train:   0%|          | 0/1 [00:00<?, ?it/s, epoch=1351]
train:   0%|          | 0/1 [00:00<?, ?it/s, epoch=1352]
train:   0%|          | 0/1 [00:00<?, ?it/s, epoch=1353]
train:   0%|          | 0/1 [00:00<?, ?it/s, epoch=1354]
train:   0%|          | 0/1 [00:00<?, ?it/s, epoch=1355]
train:   0%|          | 0/1 [00:00<?, ?it/s, epoch=1356]
train:   0%|          | 0/1 [00:00<?, ?it/s, epoch=1357]
train:   0%|          | 0/1 [00:00<?, ?it/s, epoch=1358]
train:   0%|          | 0/1 [00:00<?, ?it/s, epoch=1359]
train:   0%|          | 0/1 [00:00<?, ?it/s, epoch=1360]
train:   0%|          | 0/1 [00:00<?, ?it/s, epoch=1361]
train:   0%|          | 0/1 [00:00<?, ?it/s, epoch=1362]
train:   0%|          | 0/1 [00:00<?, ?it/s, epoch=1363]
train:   0%|          | 0/1 [00:00<?, ?it/s, epoch=1364]
train:   0%|          | 0/1 [00:00<?, ?it/s, epoch=1365]
train:   0%|          | 0/1 [00:00<?, ?it/s, epoch=1366]
train:   0%|          | 0/1 [00:00<?, ?it/s, epoch=1367]
train:   0%|          | 0/1 [00:00<?, ?it/s, epoch=1368]
train:   0%|          | 0/1 [00:00<?, ?it/s, epoch=1369]
train:   0%|          | 0/1 [00:00<?, ?it/s, epoch=1370]
train:   0%|          | 0/1 [00:00<?, ?it/s, epoch=1371]
train:   0%|          | 0/1 [00:00<?, ?it/s, epoch=1372]
train:   0%|          | 0/1 [00:00<?, ?it/s, epoch=1373]
train:   0%|          | 0/1 [00:00<?, ?it/s, epoch=1374]
train:   0%|          | 0/1 [00:00<?, ?it/s, epoch=1375]
train:   0%|          | 0/1 [00:00<?, ?it/s, epoch=1376]
train:   0%|          | 0/1 [00:00<?, ?it/s, epoch=1377]
train:   0%|          | 0/1 [00:00<?, ?it/s, epoch=1378]
train:   0%|          | 0/1 [00:00<?, ?it/s, epoch=1379]
train:   0%|          | 0/1 [00:00<?, ?it/s, epoch=1380]
train:   0%|          | 0/1 [00:00<?, ?it/s, epoch=1381]
train:   0%|          | 0/1 [00:00<?, ?it/s, epoch=1382]
train:   0%|          | 0/1 [00:00<?, ?it/s, epoch=1383]
train:   0%|          | 0/1 [00:00<?, ?it/s, epoch=1384]
train:   0%|          | 0/1 [00:00<?, ?it/s, epoch=1385]
train:   0%|          | 0/1 [00:00<?, ?it/s, epoch=1386]
train:   0%|          | 0/1 [00:00<?, ?it/s, epoch=1387]
train:   0%|          | 0/1 [00:00<?, ?it/s, epoch=1388]
train:   0%|          | 0/1 [00:00<?, ?it/s, epoch=1389]
train:   0%|          | 0/1 [00:00<?, ?it/s, epoch=1390]
train:   0%|          | 0/1 [00:00<?, ?it/s, epoch=1391]
train:   0%|          | 0/1 [00:00<?, ?it/s, epoch=1392]
train:   0%|          | 0/1 [00:00<?, ?it/s, epoch=1393]
train:   0%|          | 0/1 [00:00<?, ?it/s, epoch=1394]
train:   0%|          | 0/1 [00:00<?, ?it/s, epoch=1395]
train:   0%|          | 0/1 [00:00<?, ?it/s, epoch=1396]
train:   0%|          | 0/1 [00:00<?, ?it/s, epoch=1397]
train:   0%|          | 0/1 [00:00<?, ?it/s, epoch=1398]
train:   0%|          | 0/1 [00:00<?, ?it/s, epoch=1399][[34m2026-03-23 23:01:49[0m] Step 1400 | Loss: 0.060476 | Timing: time/data_load: 0.000s, time/forward: 0.299s, time/loss_compute: 0.013s, time/discriminator: 0.000s, time/backward: 0.392s, time/optimizer: 0.034s, time/total_step: 0.745s
[BOTTLENECK] step 1400 | total_step 0.745s | time/data_load: 0.000s (0%) | time/forward: 0.299s (40%) | time/loss_compute: 0.013s (2%) | time/backward: 0.392s (53%) | time/optimizer: 0.034s (5%) | time/total_step: 0.745s (100%)
  -> at this rate 1000 steps ≈ 12.4 min
train:   0%|          | 0/1 [00:01<?, ?it/s, all=0.06, nll=0.05, nll_rec=0.03, nll_per=0.04, kl=0.01, gen=0.00, gen_w=0.00, disc=0.00, debug=0.00]
[[34m2026-03-23 23:01:49[0m] Running fixed per-frame evaluation at epoch 1400 (sequence name: EMO-1-shout+laugh)...
train:   0%|          | 0/1 [00:00<?, ?it/s, epoch=1400]
train:   0%|          | 0/1 [00:00<?, ?it/s, epoch=1401]
train:   0%|          | 0/1 [00:00<?, ?it/s, epoch=1402]
train:   0%|          | 0/1 [00:00<?, ?it/s, epoch=1403]
train:   0%|          | 0/1 [00:00<?, ?it/s, epoch=1404]
train:   0%|          | 0/1 [00:00<?, ?it/s, epoch=1405]
train:   0%|          | 0/1 [00:00<?, ?it/s, epoch=1406]
train:   0%|          | 0/1 [00:00<?, ?it/s, epoch=1407]
train:   0%|          | 0/1 [00:00<?, ?it/s, epoch=1408]
train:   0%|          | 0/1 [00:00<?, ?it/s, epoch=1409]
train:   0%|          | 0/1 [00:00<?, ?it/s, epoch=1410]
train:   0%|          | 0/1 [00:00<?, ?it/s, epoch=1411]
train:   0%|          | 0/1 [00:00<?, ?it/s, epoch=1412]
train:   0%|          | 0/1 [00:00<?, ?it/s, epoch=1413]
train:   0%|          | 0/1 [00:00<?, ?it/s, epoch=1414]
train:   0%|          | 0/1 [00:00<?, ?it/s, epoch=1415]
train:   0%|          | 0/1 [00:00<?, ?it/s, epoch=1416]
train:   0%|          | 0/1 [00:00<?, ?it/s, epoch=1417]
train:   0%|          | 0/1 [00:00<?, ?it/s, epoch=1418]
train:   0%|          | 0/1 [00:00<?, ?it/s, epoch=1419]
train:   0%|          | 0/1 [00:00<?, ?it/s, epoch=1420]
train:   0%|          | 0/1 [00:00<?, ?it/s, epoch=1421]
train:   0%|          | 0/1 [00:00<?, ?it/s, epoch=1422]
train:   0%|          | 0/1 [00:00<?, ?it/s, epoch=1423]
train:   0%|          | 0/1 [00:00<?, ?it/s, epoch=1424]
train:   0%|          | 0/1 [00:00<?, ?it/s, epoch=1425]
train:   0%|          | 0/1 [00:00<?, ?it/s, epoch=1426]
train:   0%|          | 0/1 [00:00<?, ?it/s, epoch=1427]
train:   0%|          | 0/1 [00:00<?, ?it/s, epoch=1428]
train:   0%|          | 0/1 [00:00<?, ?it/s, epoch=1429]
train:   0%|          | 0/1 [00:00<?, ?it/s, epoch=1430]
train:   0%|          | 0/1 [00:00<?, ?it/s, epoch=1431]
train:   0%|          | 0/1 [00:00<?, ?it/s, epoch=1432]
train:   0%|          | 0/1 [00:00<?, ?it/s, epoch=1433]
train:   0%|          | 0/1 [00:00<?, ?it/s, epoch=1434]
train:   0%|          | 0/1 [00:00<?, ?it/s, epoch=1435]
train:   0%|          | 0/1 [00:00<?, ?it/s, epoch=1436]
train:   0%|          | 0/1 [00:00<?, ?it/s, epoch=1437]
train:   0%|          | 0/1 [00:00<?, ?it/s, epoch=1438]
train:   0%|          | 0/1 [00:00<?, ?it/s, epoch=1439]
train:   0%|          | 0/1 [00:00<?, ?it/s, epoch=1440]
train:   0%|          | 0/1 [00:00<?, ?it/s, epoch=1441]
train:   0%|          | 0/1 [00:00<?, ?it/s, epoch=1442]
train:   0%|          | 0/1 [00:00<?, ?it/s, epoch=1443]
train:   0%|          | 0/1 [00:00<?, ?it/s, epoch=1444]
train:   0%|          | 0/1 [00:00<?, ?it/s, epoch=1445]
train:   0%|          | 0/1 [00:00<?, ?it/s, epoch=1446]
train:   0%|          | 0/1 [00:00<?, ?it/s, epoch=1447]
train:   0%|          | 0/1 [00:00<?, ?it/s, epoch=1448]
train:   0%|          | 0/1 [00:00<?, ?it/s, epoch=1449]
train:   0%|          | 0/1 [00:00<?, ?it/s, epoch=1450]
train:   0%|          | 0/1 [00:00<?, ?it/s, epoch=1451]
train:   0%|          | 0/1 [00:00<?, ?it/s, epoch=1452]
train:   0%|          | 0/1 [00:00<?, ?it/s, epoch=1453]
train:   0%|          | 0/1 [00:00<?, ?it/s, epoch=1454]
train:   0%|          | 0/1 [00:00<?, ?it/s, epoch=1455]
train:   0%|          | 0/1 [00:00<?, ?it/s, epoch=1456]
train:   0%|          | 0/1 [00:00<?, ?it/s, epoch=1457]
train:   0%|          | 0/1 [00:00<?, ?it/s, epoch=1458]
train:   0%|          | 0/1 [00:00<?, ?it/s, epoch=1459]
train:   0%|          | 0/1 [00:00<?, ?it/s, epoch=1460]
train:   0%|          | 0/1 [00:00<?, ?it/s, epoch=1461]
train:   0%|          | 0/1 [00:00<?, ?it/s, epoch=1462]
train:   0%|          | 0/1 [00:00<?, ?it/s, epoch=1463]
train:   0%|          | 0/1 [00:00<?, ?it/s, epoch=1464]
train:   0%|          | 0/1 [00:00<?, ?it/s, epoch=1465]
train:   0%|          | 0/1 [00:00<?, ?it/s, epoch=1466]
train:   0%|          | 0/1 [00:00<?, ?it/s, epoch=1467]
train:   0%|          | 0/1 [00:00<?, ?it/s, epoch=1468]
train:   0%|          | 0/1 [00:00<?, ?it/s, epoch=1469]
train:   0%|          | 0/1 [00:00<?, ?it/s, epoch=1470]
train:   0%|          | 0/1 [00:00<?, ?it/s, epoch=1471]
train:   0%|          | 0/1 [00:00<?, ?it/s, epoch=1472]
train:   0%|          | 0/1 [00:00<?, ?it/s, epoch=1473]
train:   0%|          | 0/1 [00:00<?, ?it/s, epoch=1474]
train:   0%|          | 0/1 [00:00<?, ?it/s, epoch=1475]
train:   0%|          | 0/1 [00:00<?, ?it/s, epoch=1476]
train:   0%|          | 0/1 [00:00<?, ?it/s, epoch=1477]
train:   0%|          | 0/1 [00:00<?, ?it/s, epoch=1478]
train:   0%|          | 0/1 [00:00<?, ?it/s, epoch=1479]
train:   0%|          | 0/1 [00:00<?, ?it/s, epoch=1480]
train:   0%|          | 0/1 [00:00<?, ?it/s, epoch=1481]
train:   0%|          | 0/1 [00:00<?, ?it/s, epoch=1482]
train:   0%|          | 0/1 [00:00<?, ?it/s, epoch=1483]
train:   0%|          | 0/1 [00:00<?, ?it/s, epoch=1484]
train:   0%|          | 0/1 [00:00<?, ?it/s, epoch=1485]
train:   0%|          | 0/1 [00:00<?, ?it/s, epoch=1486]
train:   0%|          | 0/1 [00:00<?, ?it/s, epoch=1487]
train:   0%|          | 0/1 [00:00<?, ?it/s, epoch=1488]
train:   0%|          | 0/1 [00:00<?, ?it/s, epoch=1489]
train:   0%|          | 0/1 [00:00<?, ?it/s, epoch=1490]
train:   0%|          | 0/1 [00:00<?, ?it/s, epoch=1491]
train:   0%|          | 0/1 [00:00<?, ?it/s, epoch=1492]
train:   0%|          | 0/1 [00:00<?, ?it/s, epoch=1493]
train:   0%|          | 0/1 [00:00<?, ?it/s, epoch=1494]
train:   0%|          | 0/1 [00:00<?, ?it/s, epoch=1495]
train:   0%|          | 0/1 [00:00<?, ?it/s, epoch=1496]
train:   0%|          | 0/1 [00:00<?, ?it/s, epoch=1497]
train:   0%|          | 0/1 [00:00<?, ?it/s, epoch=1498]
train:   0%|          | 0/1 [00:00<?, ?it/s, epoch=1499][[34m2026-03-23 23:03:16[0m] Step 1500 | Loss: 0.056665 | Timing: time/data_load: 0.000s, time/forward: 0.300s, time/loss_compute: 0.013s, time/discriminator: 0.000s, time/backward: 0.391s, time/optimizer: 0.034s, time/total_step: 0.745s
train:   0%|          | 0/1 [00:01<?, ?it/s, all=0.06, nll=0.05, nll_rec=0.03, nll_per=0.03, kl=0.01, gen=0.00, gen_w=0.00, disc=0.00, debug=0.00][[34m2026-03-23 23:03:17[0m] The model is going to be split to checkpoint shards. You can find where each parameters has been saved in the index located at model.safetensors.index.json.
[[34m2026-03-23 23:03:19[0m] Saved checkpoint at epoch 1499, step 1, global_step 1500 to outputs/self_attention_rank128/epoch1499-global_step1500
[[34m2026-03-23 23:03:19[0m] Removed old checkpoints and kept 3 latest ones.
train:   0%|          | 0/1 [00:04<?, ?it/s, all=0.06, nll=0.05, nll_rec=0.03, nll_per=0.03, kl=0.01, gen=0.00, gen_w=0.00, disc=0.00, debug=0.00]
train:   0%|          | 0/1 [00:00<?, ?it/s, epoch=1500]
train:   0%|          | 0/1 [00:00<?, ?it/s, epoch=1501]
train:   0%|          | 0/1 [00:00<?, ?it/s, epoch=1502]
train:   0%|          | 0/1 [00:00<?, ?it/s, epoch=1503]
train:   0%|          | 0/1 [00:00<?, ?it/s, epoch=1504]
train:   0%|          | 0/1 [00:00<?, ?it/s, epoch=1505]
train:   0%|          | 0/1 [00:00<?, ?it/s, epoch=1506]
train:   0%|          | 0/1 [00:00<?, ?it/s, epoch=1507]
train:   0%|          | 0/1 [00:00<?, ?it/s, epoch=1508]
train:   0%|          | 0/1 [00:00<?, ?it/s, epoch=1509]
train:   0%|          | 0/1 [00:00<?, ?it/s, epoch=1510]
train:   0%|          | 0/1 [00:00<?, ?it/s, epoch=1511]
train:   0%|          | 0/1 [00:00<?, ?it/s, epoch=1512]
train:   0%|          | 0/1 [00:00<?, ?it/s, epoch=1513]
train:   0%|          | 0/1 [00:00<?, ?it/s, epoch=1514]
train:   0%|          | 0/1 [00:00<?, ?it/s, epoch=1515]
train:   0%|          | 0/1 [00:00<?, ?it/s, epoch=1516]
train:   0%|          | 0/1 [00:00<?, ?it/s, epoch=1517]
train:   0%|          | 0/1 [00:00<?, ?it/s, epoch=1518]
train:   0%|          | 0/1 [00:00<?, ?it/s, epoch=1519]
train:   0%|          | 0/1 [00:00<?, ?it/s, epoch=1520]
train:   0%|          | 0/1 [00:00<?, ?it/s, epoch=1521]
train:   0%|          | 0/1 [00:00<?, ?it/s, epoch=1522]
train:   0%|          | 0/1 [00:00<?, ?it/s, epoch=1523]
train:   0%|          | 0/1 [00:00<?, ?it/s, epoch=1524]
train:   0%|          | 0/1 [00:00<?, ?it/s, epoch=1525]
train:   0%|          | 0/1 [00:00<?, ?it/s, epoch=1526]
train:   0%|          | 0/1 [00:00<?, ?it/s, epoch=1527]
train:   0%|          | 0/1 [00:00<?, ?it/s, epoch=1528]
train:   0%|          | 0/1 [00:00<?, ?it/s, epoch=1529]
train:   0%|          | 0/1 [00:00<?, ?it/s, epoch=1530]
train:   0%|          | 0/1 [00:00<?, ?it/s, epoch=1531]
train:   0%|          | 0/1 [00:00<?, ?it/s, epoch=1532]
train:   0%|          | 0/1 [00:00<?, ?it/s, epoch=1533]
train:   0%|          | 0/1 [00:00<?, ?it/s, epoch=1534]
train:   0%|          | 0/1 [00:00<?, ?it/s, epoch=1535]
train:   0%|          | 0/1 [00:00<?, ?it/s, epoch=1536]
train:   0%|          | 0/1 [00:00<?, ?it/s, epoch=1537]
train:   0%|          | 0/1 [00:00<?, ?it/s, epoch=1538]
train:   0%|          | 0/1 [00:00<?, ?it/s, epoch=1539]
train:   0%|          | 0/1 [00:00<?, ?it/s, epoch=1540]
train:   0%|          | 0/1 [00:00<?, ?it/s, epoch=1541]
train:   0%|          | 0/1 [00:00<?, ?it/s, epoch=1542]
train:   0%|          | 0/1 [00:00<?, ?it/s, epoch=1543]
train:   0%|          | 0/1 [00:00<?, ?it/s, epoch=1544]
train:   0%|          | 0/1 [00:00<?, ?it/s, epoch=1545]
train:   0%|          | 0/1 [00:00<?, ?it/s, epoch=1546]
train:   0%|          | 0/1 [00:00<?, ?it/s, epoch=1547]
train:   0%|          | 0/1 [00:00<?, ?it/s, epoch=1548]
train:   0%|          | 0/1 [00:00<?, ?it/s, epoch=1549]
train:   0%|          | 0/1 [00:00<?, ?it/s, epoch=1550]
train:   0%|          | 0/1 [00:00<?, ?it/s, epoch=1551]
train:   0%|          | 0/1 [00:00<?, ?it/s, epoch=1552]
train:   0%|          | 0/1 [00:00<?, ?it/s, epoch=1553]
train:   0%|          | 0/1 [00:00<?, ?it/s, epoch=1554]
train:   0%|          | 0/1 [00:00<?, ?it/s, epoch=1555]
train:   0%|          | 0/1 [00:00<?, ?it/s, epoch=1556]
train:   0%|          | 0/1 [00:00<?, ?it/s, epoch=1557]
train:   0%|          | 0/1 [00:00<?, ?it/s, epoch=1558]
train:   0%|          | 0/1 [00:00<?, ?it/s, epoch=1559]
train:   0%|          | 0/1 [00:00<?, ?it/s, epoch=1560]
train:   0%|          | 0/1 [00:00<?, ?it/s, epoch=1561]
train:   0%|          | 0/1 [00:00<?, ?it/s, epoch=1562]
train:   0%|          | 0/1 [00:00<?, ?it/s, epoch=1563]
train:   0%|          | 0/1 [00:00<?, ?it/s, epoch=1564]
train:   0%|          | 0/1 [00:00<?, ?it/s, epoch=1565]
train:   0%|          | 0/1 [00:00<?, ?it/s, epoch=1566]
train:   0%|          | 0/1 [00:00<?, ?it/s, epoch=1567]
train:   0%|          | 0/1 [00:00<?, ?it/s, epoch=1568]
train:   0%|          | 0/1 [00:00<?, ?it/s, epoch=1569]
train:   0%|          | 0/1 [00:00<?, ?it/s, epoch=1570]
train:   0%|          | 0/1 [00:00<?, ?it/s, epoch=1571]
train:   0%|          | 0/1 [00:00<?, ?it/s, epoch=1572]
train:   0%|          | 0/1 [00:00<?, ?it/s, epoch=1573]
train:   0%|          | 0/1 [00:00<?, ?it/s, epoch=1574]
train:   0%|          | 0/1 [00:00<?, ?it/s, epoch=1575]
train:   0%|          | 0/1 [00:00<?, ?it/s, epoch=1576]
train:   0%|          | 0/1 [00:00<?, ?it/s, epoch=1577]
train:   0%|          | 0/1 [00:00<?, ?it/s, epoch=1578]
train:   0%|          | 0/1 [00:00<?, ?it/s, epoch=1579]
train:   0%|          | 0/1 [00:00<?, ?it/s, epoch=1580]
train:   0%|          | 0/1 [00:00<?, ?it/s, epoch=1581]
train:   0%|          | 0/1 [00:00<?, ?it/s, epoch=1582]
train:   0%|          | 0/1 [00:00<?, ?it/s, epoch=1583]
train:   0%|          | 0/1 [00:00<?, ?it/s, epoch=1584]
train:   0%|          | 0/1 [00:00<?, ?it/s, epoch=1585]
train:   0%|          | 0/1 [00:00<?, ?it/s, epoch=1586]
train:   0%|          | 0/1 [00:00<?, ?it/s, epoch=1587]
train:   0%|          | 0/1 [00:00<?, ?it/s, epoch=1588]
train:   0%|          | 0/1 [00:00<?, ?it/s, epoch=1589]
train:   0%|          | 0/1 [00:00<?, ?it/s, epoch=1590]
train:   0%|          | 0/1 [00:00<?, ?it/s, epoch=1591]
train:   0%|          | 0/1 [00:00<?, ?it/s, epoch=1592]
train:   0%|          | 0/1 [00:00<?, ?it/s, epoch=1593]
train:   0%|          | 0/1 [00:00<?, ?it/s, epoch=1594]
train:   0%|          | 0/1 [00:00<?, ?it/s, epoch=1595]
train:   0%|          | 0/1 [00:00<?, ?it/s, epoch=1596]
train:   0%|          | 0/1 [00:00<?, ?it/s, epoch=1597]
train:   0%|          | 0/1 [00:00<?, ?it/s, epoch=1598]
train:   0%|          | 0/1 [00:00<?, ?it/s, epoch=1599][[34m2026-03-23 23:04:49[0m] Step 1600 | Loss: 0.056387 | Timing: time/data_load: 0.000s, time/forward: 0.304s, time/loss_compute: 0.013s, time/discriminator: 0.000s, time/backward: 0.393s, time/optimizer: 0.035s, time/total_step: 0.753s
[BOTTLENECK] step 1600 | total_step 0.753s | time/data_load: 0.000s (0%) | time/forward: 0.304s (40%) | time/loss_compute: 0.013s (2%) | time/backward: 0.393s (52%) | time/optimizer: 0.035s (5%) | time/total_step: 0.753s (100%)
  -> at this rate 1000 steps ≈ 12.5 min
train:   0%|          | 0/1 [00:01<?, ?it/s, all=0.06, nll=0.05, nll_rec=0.03, nll_per=0.03, kl=0.01, gen=0.00, gen_w=0.00, disc=0.00, debug=0.00]
[[34m2026-03-23 23:04:49[0m] Running fixed per-frame evaluation at epoch 1600 (sequence name: EMO-1-shout+laugh)...
train:   0%|          | 0/1 [00:00<?, ?it/s, epoch=1600]
train:   0%|          | 0/1 [00:00<?, ?it/s, epoch=1601]
train:   0%|          | 0/1 [00:00<?, ?it/s, epoch=1602]
train:   0%|          | 0/1 [00:00<?, ?it/s, epoch=1603]
train:   0%|          | 0/1 [00:00<?, ?it/s, epoch=1604]
train:   0%|          | 0/1 [00:00<?, ?it/s, epoch=1605]
train:   0%|          | 0/1 [00:00<?, ?it/s, epoch=1606]
train:   0%|          | 0/1 [00:00<?, ?it/s, epoch=1607]
train:   0%|          | 0/1 [00:00<?, ?it/s, epoch=1608]
train:   0%|          | 0/1 [00:00<?, ?it/s, epoch=1609]
train:   0%|          | 0/1 [00:00<?, ?it/s, epoch=1610]
train:   0%|          | 0/1 [00:00<?, ?it/s, epoch=1611]
train:   0%|          | 0/1 [00:00<?, ?it/s, epoch=1612]
train:   0%|          | 0/1 [00:00<?, ?it/s, epoch=1613]
train:   0%|          | 0/1 [00:00<?, ?it/s, epoch=1614]
train:   0%|          | 0/1 [00:00<?, ?it/s, epoch=1615]
train:   0%|          | 0/1 [00:00<?, ?it/s, epoch=1616]
train:   0%|          | 0/1 [00:00<?, ?it/s, epoch=1617]
train:   0%|          | 0/1 [00:00<?, ?it/s, epoch=1618]
train:   0%|          | 0/1 [00:00<?, ?it/s, epoch=1619]
train:   0%|          | 0/1 [00:00<?, ?it/s, epoch=1620]
train:   0%|          | 0/1 [00:00<?, ?it/s, epoch=1621]
train:   0%|          | 0/1 [00:00<?, ?it/s, epoch=1622]
train:   0%|          | 0/1 [00:00<?, ?it/s, epoch=1623]
train:   0%|          | 0/1 [00:00<?, ?it/s, epoch=1624]
train:   0%|          | 0/1 [00:00<?, ?it/s, epoch=1625]
train:   0%|          | 0/1 [00:00<?, ?it/s, epoch=1626]
train:   0%|          | 0/1 [00:00<?, ?it/s, epoch=1627]
train:   0%|          | 0/1 [00:00<?, ?it/s, epoch=1628]
train:   0%|          | 0/1 [00:00<?, ?it/s, epoch=1629]
train:   0%|          | 0/1 [00:00<?, ?it/s, epoch=1630]
train:   0%|          | 0/1 [00:00<?, ?it/s, epoch=1631]
train:   0%|          | 0/1 [00:00<?, ?it/s, epoch=1632]
train:   0%|          | 0/1 [00:00<?, ?it/s, epoch=1633]
train:   0%|          | 0/1 [00:00<?, ?it/s, epoch=1634]
train:   0%|          | 0/1 [00:00<?, ?it/s, epoch=1635]
train:   0%|          | 0/1 [00:00<?, ?it/s, epoch=1636]
train:   0%|          | 0/1 [00:00<?, ?it/s, epoch=1637]
train:   0%|          | 0/1 [00:00<?, ?it/s, epoch=1638]
train:   0%|          | 0/1 [00:00<?, ?it/s, epoch=1639]
train:   0%|          | 0/1 [00:00<?, ?it/s, epoch=1640]
train:   0%|          | 0/1 [00:00<?, ?it/s, epoch=1641]
train:   0%|          | 0/1 [00:00<?, ?it/s, epoch=1642]
train:   0%|          | 0/1 [00:00<?, ?it/s, epoch=1643]
train:   0%|          | 0/1 [00:00<?, ?it/s, epoch=1644]
train:   0%|          | 0/1 [00:00<?, ?it/s, epoch=1645]
train:   0%|          | 0/1 [00:00<?, ?it/s, epoch=1646]
train:   0%|          | 0/1 [00:00<?, ?it/s, epoch=1647]
train:   0%|          | 0/1 [00:00<?, ?it/s, epoch=1648]
train:   0%|          | 0/1 [00:00<?, ?it/s, epoch=1649]
train:   0%|          | 0/1 [00:00<?, ?it/s, epoch=1650]
train:   0%|          | 0/1 [00:00<?, ?it/s, epoch=1651]
train:   0%|          | 0/1 [00:00<?, ?it/s, epoch=1652]
train:   0%|          | 0/1 [00:00<?, ?it/s, epoch=1653]
train:   0%|          | 0/1 [00:00<?, ?it/s, epoch=1654]
train:   0%|          | 0/1 [00:00<?, ?it/s, epoch=1655]
train:   0%|          | 0/1 [00:00<?, ?it/s, epoch=1656]
train:   0%|          | 0/1 [00:00<?, ?it/s, epoch=1657]
train:   0%|          | 0/1 [00:00<?, ?it/s, epoch=1658]
train:   0%|          | 0/1 [00:00<?, ?it/s, epoch=1659]
train:   0%|          | 0/1 [00:00<?, ?it/s, epoch=1660]
train:   0%|          | 0/1 [00:00<?, ?it/s, epoch=1661]
train:   0%|          | 0/1 [00:00<?, ?it/s, epoch=1662]
train:   0%|          | 0/1 [00:00<?, ?it/s, epoch=1663]
train:   0%|          | 0/1 [00:00<?, ?it/s, epoch=1664]
train:   0%|          | 0/1 [00:00<?, ?it/s, epoch=1665]
train:   0%|          | 0/1 [00:00<?, ?it/s, epoch=1666]
train:   0%|          | 0/1 [00:00<?, ?it/s, epoch=1667]
train:   0%|          | 0/1 [00:00<?, ?it/s, epoch=1668]
train:   0%|          | 0/1 [00:00<?, ?it/s, epoch=1669]
train:   0%|          | 0/1 [00:00<?, ?it/s, epoch=1670]
train:   0%|          | 0/1 [00:00<?, ?it/s, epoch=1671]
train:   0%|          | 0/1 [00:00<?, ?it/s, epoch=1672]
train:   0%|          | 0/1 [00:00<?, ?it/s, epoch=1673]
train:   0%|          | 0/1 [00:00<?, ?it/s, epoch=1674]
train:   0%|          | 0/1 [00:00<?, ?it/s, epoch=1675]
train:   0%|          | 0/1 [00:00<?, ?it/s, epoch=1676]
train:   0%|          | 0/1 [00:00<?, ?it/s, epoch=1677]
train:   0%|          | 0/1 [00:00<?, ?it/s, epoch=1678]
train:   0%|          | 0/1 [00:00<?, ?it/s, epoch=1679]
train:   0%|          | 0/1 [00:00<?, ?it/s, epoch=1680]
train:   0%|          | 0/1 [00:00<?, ?it/s, epoch=1681]
train:   0%|          | 0/1 [00:00<?, ?it/s, epoch=1682]
train:   0%|          | 0/1 [00:00<?, ?it/s, epoch=1683]
train:   0%|          | 0/1 [00:00<?, ?it/s, epoch=1684]
train:   0%|          | 0/1 [00:00<?, ?it/s, epoch=1685]
train:   0%|          | 0/1 [00:00<?, ?it/s, epoch=1686]
train:   0%|          | 0/1 [00:00<?, ?it/s, epoch=1687]
train:   0%|          | 0/1 [00:00<?, ?it/s, epoch=1688]
train:   0%|          | 0/1 [00:00<?, ?it/s, epoch=1689]
train:   0%|          | 0/1 [00:00<?, ?it/s, epoch=1690]
train:   0%|          | 0/1 [00:00<?, ?it/s, epoch=1691]
train:   0%|          | 0/1 [00:00<?, ?it/s, epoch=1692]
train:   0%|          | 0/1 [00:00<?, ?it/s, epoch=1693]
train:   0%|          | 0/1 [00:00<?, ?it/s, epoch=1694]
train:   0%|          | 0/1 [00:00<?, ?it/s, epoch=1695]
train:   0%|          | 0/1 [00:00<?, ?it/s, epoch=1696]
train:   0%|          | 0/1 [00:00<?, ?it/s, epoch=1697]
train:   0%|          | 0/1 [00:00<?, ?it/s, epoch=1698]
train:   0%|          | 0/1 [00:00<?, ?it/s, epoch=1699][[34m2026-03-23 23:06:20[0m] Step 1700 | Loss: 0.054976 | Timing: time/data_load: 0.000s, time/forward: 0.306s, time/loss_compute: 0.014s, time/discriminator: 0.000s, time/backward: 0.397s, time/optimizer: 0.035s, time/total_step: 0.760s
train:   0%|          | 0/1 [00:01<?, ?it/s, all=0.05, nll=0.04, nll_rec=0.03, nll_per=0.03, kl=0.01, gen=0.00, gen_w=0.00, disc=0.00, debug=0.00]
train:   0%|          | 0/1 [00:00<?, ?it/s, epoch=1700]
train:   0%|          | 0/1 [00:00<?, ?it/s, epoch=1701]
train:   0%|          | 0/1 [00:00<?, ?it/s, epoch=1702]
train:   0%|          | 0/1 [00:00<?, ?it/s, epoch=1703]
train:   0%|          | 0/1 [00:00<?, ?it/s, epoch=1704]
train:   0%|          | 0/1 [00:00<?, ?it/s, epoch=1705]
train:   0%|          | 0/1 [00:00<?, ?it/s, epoch=1706]
train:   0%|          | 0/1 [00:00<?, ?it/s, epoch=1707]
train:   0%|          | 0/1 [00:00<?, ?it/s, epoch=1708]
train:   0%|          | 0/1 [00:00<?, ?it/s, epoch=1709]
train:   0%|          | 0/1 [00:00<?, ?it/s, epoch=1710]
train:   0%|          | 0/1 [00:00<?, ?it/s, epoch=1711]
train:   0%|          | 0/1 [00:00<?, ?it/s, epoch=1712]
train:   0%|          | 0/1 [00:00<?, ?it/s, epoch=1713]
train:   0%|          | 0/1 [00:00<?, ?it/s, epoch=1714]
train:   0%|          | 0/1 [00:00<?, ?it/s, epoch=1715]
train:   0%|          | 0/1 [00:00<?, ?it/s, epoch=1716]
train:   0%|          | 0/1 [00:00<?, ?it/s, epoch=1717]
train:   0%|          | 0/1 [00:00<?, ?it/s, epoch=1718]
train:   0%|          | 0/1 [00:00<?, ?it/s, epoch=1719]
train:   0%|          | 0/1 [00:00<?, ?it/s, epoch=1720]
train:   0%|          | 0/1 [00:00<?, ?it/s, epoch=1721]
train:   0%|          | 0/1 [00:00<?, ?it/s, epoch=1722]
train:   0%|          | 0/1 [00:00<?, ?it/s, epoch=1723]
train:   0%|          | 0/1 [00:00<?, ?it/s, epoch=1724]
train:   0%|          | 0/1 [00:00<?, ?it/s, epoch=1725]
train:   0%|          | 0/1 [00:00<?, ?it/s, epoch=1726]
train:   0%|          | 0/1 [00:00<?, ?it/s, epoch=1727]
train:   0%|          | 0/1 [00:00<?, ?it/s, epoch=1728]
train:   0%|          | 0/1 [00:00<?, ?it/s, epoch=1729]
train:   0%|          | 0/1 [00:00<?, ?it/s, epoch=1730]
train:   0%|          | 0/1 [00:00<?, ?it/s, epoch=1731]
train:   0%|          | 0/1 [00:00<?, ?it/s, epoch=1732]
train:   0%|          | 0/1 [00:00<?, ?it/s, epoch=1733]
train:   0%|          | 0/1 [00:00<?, ?it/s, epoch=1734]
train:   0%|          | 0/1 [00:00<?, ?it/s, epoch=1735]
train:   0%|          | 0/1 [00:00<?, ?it/s, epoch=1736]
train:   0%|          | 0/1 [00:00<?, ?it/s, epoch=1737]
train:   0%|          | 0/1 [00:00<?, ?it/s, epoch=1738]
train:   0%|          | 0/1 [00:00<?, ?it/s, epoch=1739]
train:   0%|          | 0/1 [00:00<?, ?it/s, epoch=1740]
train:   0%|          | 0/1 [00:00<?, ?it/s, epoch=1741]
train:   0%|          | 0/1 [00:00<?, ?it/s, epoch=1742]
train:   0%|          | 0/1 [00:00<?, ?it/s, epoch=1743]
train:   0%|          | 0/1 [00:00<?, ?it/s, epoch=1744]
train:   0%|          | 0/1 [00:00<?, ?it/s, epoch=1745]
train:   0%|          | 0/1 [00:00<?, ?it/s, epoch=1746]
train:   0%|          | 0/1 [00:00<?, ?it/s, epoch=1747]
train:   0%|          | 0/1 [00:00<?, ?it/s, epoch=1748]
train:   0%|          | 0/1 [00:00<?, ?it/s, epoch=1749]
train:   0%|          | 0/1 [00:00<?, ?it/s, epoch=1750]
train:   0%|          | 0/1 [00:00<?, ?it/s, epoch=1751]
train:   0%|          | 0/1 [00:00<?, ?it/s, epoch=1752]
train:   0%|          | 0/1 [00:00<?, ?it/s, epoch=1753]
train:   0%|          | 0/1 [00:00<?, ?it/s, epoch=1754]
train:   0%|          | 0/1 [00:00<?, ?it/s, epoch=1755]
train:   0%|          | 0/1 [00:00<?, ?it/s, epoch=1756]
train:   0%|          | 0/1 [00:00<?, ?it/s, epoch=1757]
train:   0%|          | 0/1 [00:00<?, ?it/s, epoch=1758]
train:   0%|          | 0/1 [00:00<?, ?it/s, epoch=1759]
train:   0%|          | 0/1 [00:00<?, ?it/s, epoch=1760]
train:   0%|          | 0/1 [00:00<?, ?it/s, epoch=1761]
train:   0%|          | 0/1 [00:00<?, ?it/s, epoch=1762]
train:   0%|          | 0/1 [00:00<?, ?it/s, epoch=1763]
train:   0%|          | 0/1 [00:00<?, ?it/s, epoch=1764]
train:   0%|          | 0/1 [00:00<?, ?it/s, epoch=1765]
train:   0%|          | 0/1 [00:00<?, ?it/s, epoch=1766]
train:   0%|          | 0/1 [00:00<?, ?it/s, epoch=1767]
train:   0%|          | 0/1 [00:00<?, ?it/s, epoch=1768]
train:   0%|          | 0/1 [00:00<?, ?it/s, epoch=1769]
train:   0%|          | 0/1 [00:00<?, ?it/s, epoch=1770]
train:   0%|          | 0/1 [00:00<?, ?it/s, epoch=1771]
train:   0%|          | 0/1 [00:00<?, ?it/s, epoch=1772]
train:   0%|          | 0/1 [00:00<?, ?it/s, epoch=1773]
train:   0%|          | 0/1 [00:00<?, ?it/s, epoch=1774]
train:   0%|          | 0/1 [00:00<?, ?it/s, epoch=1775]
train:   0%|          | 0/1 [00:00<?, ?it/s, epoch=1776]
train:   0%|          | 0/1 [00:00<?, ?it/s, epoch=1777]
train:   0%|          | 0/1 [00:00<?, ?it/s, epoch=1778]
train:   0%|          | 0/1 [00:00<?, ?it/s, epoch=1779]
train:   0%|          | 0/1 [00:00<?, ?it/s, epoch=1780]
train:   0%|          | 0/1 [00:00<?, ?it/s, epoch=1781]
train:   0%|          | 0/1 [00:00<?, ?it/s, epoch=1782]
train:   0%|          | 0/1 [00:00<?, ?it/s, epoch=1783]
train:   0%|          | 0/1 [00:00<?, ?it/s, epoch=1784]
train:   0%|          | 0/1 [00:00<?, ?it/s, epoch=1785]
train:   0%|          | 0/1 [00:00<?, ?it/s, epoch=1786]
train:   0%|          | 0/1 [00:00<?, ?it/s, epoch=1787]
train:   0%|          | 0/1 [00:00<?, ?it/s, epoch=1788]
train:   0%|          | 0/1 [00:00<?, ?it/s, epoch=1789]
train:   0%|          | 0/1 [00:00<?, ?it/s, epoch=1790]
train:   0%|          | 0/1 [00:00<?, ?it/s, epoch=1791]
train:   0%|          | 0/1 [00:00<?, ?it/s, epoch=1792]
train:   0%|          | 0/1 [00:00<?, ?it/s, epoch=1793]
train:   0%|          | 0/1 [00:00<?, ?it/s, epoch=1794]
train:   0%|          | 0/1 [00:00<?, ?it/s, epoch=1795]
train:   0%|          | 0/1 [00:00<?, ?it/s, epoch=1796]
train:   0%|          | 0/1 [00:00<?, ?it/s, epoch=1797]
train:   0%|          | 0/1 [00:00<?, ?it/s, epoch=1798]
train:   0%|          | 0/1 [00:00<?, ?it/s, epoch=1799][[34m2026-03-23 23:07:49[0m] Step 1800 | Loss: 0.052620 | Timing: time/data_load: 0.000s, time/forward: 0.306s, time/loss_compute: 0.014s, time/discriminator: 0.000s, time/backward: 0.396s, time/optimizer: 0.035s, time/total_step: 0.759s
[BOTTLENECK] step 1800 | total_step 0.759s | time/data_load: 0.000s (0%) | time/forward: 0.306s (40%) | time/loss_compute: 0.014s (2%) | time/backward: 0.396s (52%) | time/optimizer: 0.035s (5%) | time/total_step: 0.759s (100%)
  -> at this rate 1000 steps ≈ 12.7 min
train:   0%|          | 0/1 [00:01<?, ?it/s, all=0.05, nll=0.04, nll_rec=0.03, nll_per=0.03, kl=0.01, gen=0.00, gen_w=0.00, disc=0.00, debug=0.00]
[[34m2026-03-23 23:07:49[0m] Running fixed per-frame evaluation at epoch 1800 (sequence name: EMO-1-shout+laugh)...
train:   0%|          | 0/1 [00:00<?, ?it/s, epoch=1800]
train:   0%|          | 0/1 [00:00<?, ?it/s, epoch=1801]
train:   0%|          | 0/1 [00:00<?, ?it/s, epoch=1802]
train:   0%|          | 0/1 [00:00<?, ?it/s, epoch=1803]
train:   0%|          | 0/1 [00:00<?, ?it/s, epoch=1804]
train:   0%|          | 0/1 [00:00<?, ?it/s, epoch=1805]
train:   0%|          | 0/1 [00:00<?, ?it/s, epoch=1806]
train:   0%|          | 0/1 [00:00<?, ?it/s, epoch=1807]
train:   0%|          | 0/1 [00:00<?, ?it/s, epoch=1808]
train:   0%|          | 0/1 [00:00<?, ?it/s, epoch=1809]
train:   0%|          | 0/1 [00:00<?, ?it/s, epoch=1810]
train:   0%|          | 0/1 [00:00<?, ?it/s, epoch=1811]
train:   0%|          | 0/1 [00:00<?, ?it/s, epoch=1812]
train:   0%|          | 0/1 [00:00<?, ?it/s, epoch=1813]
train:   0%|          | 0/1 [00:00<?, ?it/s, epoch=1814]
train:   0%|          | 0/1 [00:00<?, ?it/s, epoch=1815]
train:   0%|          | 0/1 [00:00<?, ?it/s, epoch=1816]
train:   0%|          | 0/1 [00:00<?, ?it/s, epoch=1817]
train:   0%|          | 0/1 [00:00<?, ?it/s, epoch=1818]
train:   0%|          | 0/1 [00:00<?, ?it/s, epoch=1819]
train:   0%|          | 0/1 [00:00<?, ?it/s, epoch=1820]
train:   0%|          | 0/1 [00:00<?, ?it/s, epoch=1821]
train:   0%|          | 0/1 [00:00<?, ?it/s, epoch=1822]
train:   0%|          | 0/1 [00:00<?, ?it/s, epoch=1823]
train:   0%|          | 0/1 [00:00<?, ?it/s, epoch=1824]
train:   0%|          | 0/1 [00:00<?, ?it/s, epoch=1825]
train:   0%|          | 0/1 [00:00<?, ?it/s, epoch=1826]
train:   0%|          | 0/1 [00:00<?, ?it/s, epoch=1827]
train:   0%|          | 0/1 [00:00<?, ?it/s, epoch=1828]
train:   0%|          | 0/1 [00:00<?, ?it/s, epoch=1829]
train:   0%|          | 0/1 [00:00<?, ?it/s, epoch=1830]
train:   0%|          | 0/1 [00:00<?, ?it/s, epoch=1831]
train:   0%|          | 0/1 [00:00<?, ?it/s, epoch=1832]
train:   0%|          | 0/1 [00:00<?, ?it/s, epoch=1833]
train:   0%|          | 0/1 [00:00<?, ?it/s, epoch=1834]
train:   0%|          | 0/1 [00:00<?, ?it/s, epoch=1835]
train:   0%|          | 0/1 [00:00<?, ?it/s, epoch=1836]
train:   0%|          | 0/1 [00:00<?, ?it/s, epoch=1837]
train:   0%|          | 0/1 [00:00<?, ?it/s, epoch=1838]
train:   0%|          | 0/1 [00:00<?, ?it/s, epoch=1839]
train:   0%|          | 0/1 [00:00<?, ?it/s, epoch=1840]
train:   0%|          | 0/1 [00:00<?, ?it/s, epoch=1841]
train:   0%|          | 0/1 [00:00<?, ?it/s, epoch=1842]
train:   0%|          | 0/1 [00:00<?, ?it/s, epoch=1843]
train:   0%|          | 0/1 [00:00<?, ?it/s, epoch=1844]
train:   0%|          | 0/1 [00:00<?, ?it/s, epoch=1845]
train:   0%|          | 0/1 [00:00<?, ?it/s, epoch=1846]
train:   0%|          | 0/1 [00:00<?, ?it/s, epoch=1847]
train:   0%|          | 0/1 [00:00<?, ?it/s, epoch=1848]
train:   0%|          | 0/1 [00:00<?, ?it/s, epoch=1849]
train:   0%|          | 0/1 [00:00<?, ?it/s, epoch=1850]
train:   0%|          | 0/1 [00:00<?, ?it/s, epoch=1851]
train:   0%|          | 0/1 [00:00<?, ?it/s, epoch=1852]
train:   0%|          | 0/1 [00:00<?, ?it/s, epoch=1853]
train:   0%|          | 0/1 [00:00<?, ?it/s, epoch=1854]
train:   0%|          | 0/1 [00:00<?, ?it/s, epoch=1855]
train:   0%|          | 0/1 [00:00<?, ?it/s, epoch=1856]
train:   0%|          | 0/1 [00:00<?, ?it/s, epoch=1857]
train:   0%|          | 0/1 [00:00<?, ?it/s, epoch=1858]
train:   0%|          | 0/1 [00:00<?, ?it/s, epoch=1859]
train:   0%|          | 0/1 [00:00<?, ?it/s, epoch=1860]
train:   0%|          | 0/1 [00:00<?, ?it/s, epoch=1861]
train:   0%|          | 0/1 [00:00<?, ?it/s, epoch=1862]
train:   0%|          | 0/1 [00:00<?, ?it/s, epoch=1863]
train:   0%|          | 0/1 [00:00<?, ?it/s, epoch=1864]
train:   0%|          | 0/1 [00:00<?, ?it/s, epoch=1865]
train:   0%|          | 0/1 [00:00<?, ?it/s, epoch=1866]
train:   0%|          | 0/1 [00:00<?, ?it/s, epoch=1867]
train:   0%|          | 0/1 [00:00<?, ?it/s, epoch=1868]
train:   0%|          | 0/1 [00:00<?, ?it/s, epoch=1869]
train:   0%|          | 0/1 [00:00<?, ?it/s, epoch=1870]
train:   0%|          | 0/1 [00:00<?, ?it/s, epoch=1871]
train:   0%|          | 0/1 [00:00<?, ?it/s, epoch=1872]
train:   0%|          | 0/1 [00:00<?, ?it/s, epoch=1873]
train:   0%|          | 0/1 [00:00<?, ?it/s, epoch=1874]
train:   0%|          | 0/1 [00:00<?, ?it/s, epoch=1875]
train:   0%|          | 0/1 [00:00<?, ?it/s, epoch=1876]
train:   0%|          | 0/1 [00:00<?, ?it/s, epoch=1877]
train:   0%|          | 0/1 [00:00<?, ?it/s, epoch=1878]
train:   0%|          | 0/1 [00:00<?, ?it/s, epoch=1879]
train:   0%|          | 0/1 [00:00<?, ?it/s, epoch=1880]
train:   0%|          | 0/1 [00:00<?, ?it/s, epoch=1881]
train:   0%|          | 0/1 [00:00<?, ?it/s, epoch=1882]
train:   0%|          | 0/1 [00:00<?, ?it/s, epoch=1883]
train:   0%|          | 0/1 [00:00<?, ?it/s, epoch=1884]
train:   0%|          | 0/1 [00:00<?, ?it/s, epoch=1885]
train:   0%|          | 0/1 [00:00<?, ?it/s, epoch=1886]
train:   0%|          | 0/1 [00:00<?, ?it/s, epoch=1887]
train:   0%|          | 0/1 [00:00<?, ?it/s, epoch=1888]
train:   0%|          | 0/1 [00:00<?, ?it/s, epoch=1889]
train:   0%|          | 0/1 [00:00<?, ?it/s, epoch=1890]
train:   0%|          | 0/1 [00:00<?, ?it/s, epoch=1891]
train:   0%|          | 0/1 [00:00<?, ?it/s, epoch=1892]
train:   0%|          | 0/1 [00:00<?, ?it/s, epoch=1893]
train:   0%|          | 0/1 [00:00<?, ?it/s, epoch=1894]
train:   0%|          | 0/1 [00:00<?, ?it/s, epoch=1895]
train:   0%|          | 0/1 [00:00<?, ?it/s, epoch=1896]
train:   0%|          | 0/1 [00:00<?, ?it/s, epoch=1897]
train:   0%|          | 0/1 [00:00<?, ?it/s, epoch=1898]
train:   0%|          | 0/1 [00:00<?, ?it/s, epoch=1899][[34m2026-03-23 23:09:17[0m] Step 1900 | Loss: 0.052358 | Timing: time/data_load: 0.000s, time/forward: 0.301s, time/loss_compute: 0.013s, time/discriminator: 0.000s, time/backward: 0.392s, time/optimizer: 0.035s, time/total_step: 0.748s
train:   0%|          | 0/1 [00:01<?, ?it/s, all=0.05, nll=0.04, nll_rec=0.03, nll_per=0.03, kl=0.01, gen=0.00, gen_w=0.00, disc=0.00, debug=0.00]
train:   0%|          | 0/1 [00:00<?, ?it/s, epoch=1900]
train:   0%|          | 0/1 [00:00<?, ?it/s, epoch=1901]
train:   0%|          | 0/1 [00:00<?, ?it/s, epoch=1902]
train:   0%|          | 0/1 [00:00<?, ?it/s, epoch=1903]
train:   0%|          | 0/1 [00:00<?, ?it/s, epoch=1904]
train:   0%|          | 0/1 [00:00<?, ?it/s, epoch=1905]
train:   0%|          | 0/1 [00:00<?, ?it/s, epoch=1906]
train:   0%|          | 0/1 [00:00<?, ?it/s, epoch=1907]
train:   0%|          | 0/1 [00:00<?, ?it/s, epoch=1908]
train:   0%|          | 0/1 [00:00<?, ?it/s, epoch=1909]
train:   0%|          | 0/1 [00:00<?, ?it/s, epoch=1910]
train:   0%|          | 0/1 [00:00<?, ?it/s, epoch=1911]
train:   0%|          | 0/1 [00:00<?, ?it/s, epoch=1912]
train:   0%|          | 0/1 [00:00<?, ?it/s, epoch=1913]
train:   0%|          | 0/1 [00:00<?, ?it/s, epoch=1914]
train:   0%|          | 0/1 [00:00<?, ?it/s, epoch=1915]
train:   0%|          | 0/1 [00:00<?, ?it/s, epoch=1916]
train:   0%|          | 0/1 [00:00<?, ?it/s, epoch=1917]
train:   0%|          | 0/1 [00:00<?, ?it/s, epoch=1918]
train:   0%|          | 0/1 [00:00<?, ?it/s, epoch=1919]
train:   0%|          | 0/1 [00:00<?, ?it/s, epoch=1920]
train:   0%|          | 0/1 [00:00<?, ?it/s, epoch=1921]
train:   0%|          | 0/1 [00:00<?, ?it/s, epoch=1922]
train:   0%|          | 0/1 [00:00<?, ?it/s, epoch=1923]
train:   0%|          | 0/1 [00:00<?, ?it/s, epoch=1924]
train:   0%|          | 0/1 [00:00<?, ?it/s, epoch=1925]
train:   0%|          | 0/1 [00:00<?, ?it/s, epoch=1926]
train:   0%|          | 0/1 [00:00<?, ?it/s, epoch=1927]
train:   0%|          | 0/1 [00:00<?, ?it/s, epoch=1928]
train:   0%|          | 0/1 [00:00<?, ?it/s, epoch=1929]
train:   0%|          | 0/1 [00:00<?, ?it/s, epoch=1930]
train:   0%|          | 0/1 [00:00<?, ?it/s, epoch=1931]
train:   0%|          | 0/1 [00:00<?, ?it/s, epoch=1932]
train:   0%|          | 0/1 [00:00<?, ?it/s, epoch=1933]
train:   0%|          | 0/1 [00:00<?, ?it/s, epoch=1934]
train:   0%|          | 0/1 [00:00<?, ?it/s, epoch=1935]
train:   0%|          | 0/1 [00:00<?, ?it/s, epoch=1936]
train:   0%|          | 0/1 [00:00<?, ?it/s, epoch=1937]
train:   0%|          | 0/1 [00:00<?, ?it/s, epoch=1938]
train:   0%|          | 0/1 [00:00<?, ?it/s, epoch=1939]
train:   0%|          | 0/1 [00:00<?, ?it/s, epoch=1940]
train:   0%|          | 0/1 [00:00<?, ?it/s, epoch=1941]
train:   0%|          | 0/1 [00:00<?, ?it/s, epoch=1942]
train:   0%|          | 0/1 [00:00<?, ?it/s, epoch=1943]
train:   0%|          | 0/1 [00:00<?, ?it/s, epoch=1944]
train:   0%|          | 0/1 [00:00<?, ?it/s, epoch=1945]
train:   0%|          | 0/1 [00:00<?, ?it/s, epoch=1946]
train:   0%|          | 0/1 [00:00<?, ?it/s, epoch=1947]
train:   0%|          | 0/1 [00:00<?, ?it/s, epoch=1948]
train:   0%|          | 0/1 [00:00<?, ?it/s, epoch=1949]
train:   0%|          | 0/1 [00:00<?, ?it/s, epoch=1950]
train:   0%|          | 0/1 [00:00<?, ?it/s, epoch=1951]
train:   0%|          | 0/1 [00:00<?, ?it/s, epoch=1952]
train:   0%|          | 0/1 [00:00<?, ?it/s, epoch=1953]
train:   0%|          | 0/1 [00:00<?, ?it/s, epoch=1954]
train:   0%|          | 0/1 [00:00<?, ?it/s, epoch=1955]
train:   0%|          | 0/1 [00:00<?, ?it/s, epoch=1956]
train:   0%|          | 0/1 [00:00<?, ?it/s, epoch=1957]
train:   0%|          | 0/1 [00:00<?, ?it/s, epoch=1958]
train:   0%|          | 0/1 [00:00<?, ?it/s, epoch=1959]
train:   0%|          | 0/1 [00:00<?, ?it/s, epoch=1960]
train:   0%|          | 0/1 [00:00<?, ?it/s, epoch=1961]
train:   0%|          | 0/1 [00:00<?, ?it/s, epoch=1962]
train:   0%|          | 0/1 [00:00<?, ?it/s, epoch=1963]
train:   0%|          | 0/1 [00:00<?, ?it/s, epoch=1964]
train:   0%|          | 0/1 [00:00<?, ?it/s, epoch=1965]
train:   0%|          | 0/1 [00:00<?, ?it/s, epoch=1966]
train:   0%|          | 0/1 [00:00<?, ?it/s, epoch=1967]
train:   0%|          | 0/1 [00:00<?, ?it/s, epoch=1968]
train:   0%|          | 0/1 [00:00<?, ?it/s, epoch=1969]
train:   0%|          | 0/1 [00:00<?, ?it/s, epoch=1970]
train:   0%|          | 0/1 [00:00<?, ?it/s, epoch=1971]
train:   0%|          | 0/1 [00:00<?, ?it/s, epoch=1972]
train:   0%|          | 0/1 [00:00<?, ?it/s, epoch=1973]
train:   0%|          | 0/1 [00:00<?, ?it/s, epoch=1974]
train:   0%|          | 0/1 [00:00<?, ?it/s, epoch=1975]
train:   0%|          | 0/1 [00:00<?, ?it/s, epoch=1976]
train:   0%|          | 0/1 [00:00<?, ?it/s, epoch=1977]
train:   0%|          | 0/1 [00:00<?, ?it/s, epoch=1978]
train:   0%|          | 0/1 [00:00<?, ?it/s, epoch=1979]
train:   0%|          | 0/1 [00:00<?, ?it/s, epoch=1980]
train:   0%|          | 0/1 [00:00<?, ?it/s, epoch=1981]
train:   0%|          | 0/1 [00:00<?, ?it/s, epoch=1982]
train:   0%|          | 0/1 [00:00<?, ?it/s, epoch=1983]
train:   0%|          | 0/1 [00:00<?, ?it/s, epoch=1984]
train:   0%|          | 0/1 [00:00<?, ?it/s, epoch=1985]
train:   0%|          | 0/1 [00:00<?, ?it/s, epoch=1986]
train:   0%|          | 0/1 [00:00<?, ?it/s, epoch=1987]
train:   0%|          | 0/1 [00:00<?, ?it/s, epoch=1988]
train:   0%|          | 0/1 [00:00<?, ?it/s, epoch=1989]
train:   0%|          | 0/1 [00:00<?, ?it/s, epoch=1990]
train:   0%|          | 0/1 [00:00<?, ?it/s, epoch=1991]
train:   0%|          | 0/1 [00:00<?, ?it/s, epoch=1992]
train:   0%|          | 0/1 [00:00<?, ?it/s, epoch=1993]
train:   0%|          | 0/1 [00:00<?, ?it/s, epoch=1994]
train:   0%|          | 0/1 [00:00<?, ?it/s, epoch=1995]
train:   0%|          | 0/1 [00:00<?, ?it/s, epoch=1996]
train:   0%|          | 0/1 [00:00<?, ?it/s, epoch=1997]
train:   0%|          | 0/1 [00:00<?, ?it/s, epoch=1998]
train:   0%|          | 0/1 [00:00<?, ?it/s, epoch=1999][[34m2026-03-23 23:10:46[0m] Step 2000 | Loss: 0.052083 | Timing: time/data_load: 0.000s, time/forward: 0.310s, time/loss_compute: 0.013s, time/discriminator: 0.000s, time/backward: 0.398s, time/optimizer: 0.035s, time/total_step: 0.763s
[BOTTLENECK] step 2000 | total_step 0.763s | time/data_load: 0.000s (0%) | time/forward: 0.310s (41%) | time/loss_compute: 0.013s (2%) | time/backward: 0.398s (52%) | time/optimizer: 0.035s (5%) | time/total_step: 0.763s (100%)
  -> at this rate 1000 steps ≈ 12.7 min
train:   0%|          | 0/1 [00:01<?, ?it/s, all=0.05, nll=0.04, nll_rec=0.03, nll_per=0.03, kl=0.01, gen=0.00, gen_w=0.00, disc=0.00, debug=0.00][[34m2026-03-23 23:10:47[0m] The model is going to be split to checkpoint shards. You can find where each parameters has been saved in the index located at model.safetensors.index.json.
[[34m2026-03-23 23:10:49[0m] Saved checkpoint at epoch 1999, step 1, global_step 2000 to outputs/self_attention_rank128/epoch1999-global_step2000
[[34m2026-03-23 23:10:49[0m] Removed old checkpoints and kept 3 latest ones.
[[34m2026-03-23 23:10:49[0m] Running full evaluation at step 2000 (train)...
[[34m2026-03-23 23:10:49[0m] Evaluation (train) - PSNR: 23.88 ± 1.25, SSIM: 0.9883 ± 0.0039, MSE: 0.004242 ± 0.000000
train:   0%|          | 0/1 [00:04<?, ?it/s, all=0.05, nll=0.04, nll_rec=0.03, nll_per=0.03, kl=0.01, gen=0.00, gen_w=0.00, disc=0.00, debug=0.00]
[[34m2026-03-23 23:10:49[0m] Running fixed per-frame evaluation at epoch 2000 (sequence name: EMO-1-shout+laugh)...
train:   0%|          | 0/1 [00:00<?, ?it/s, epoch=2000]
train:   0%|          | 0/1 [00:00<?, ?it/s, epoch=2001]
train:   0%|          | 0/1 [00:00<?, ?it/s, epoch=2002]
train:   0%|          | 0/1 [00:00<?, ?it/s, epoch=2003]
train:   0%|          | 0/1 [00:00<?, ?it/s, epoch=2004]
train:   0%|          | 0/1 [00:00<?, ?it/s, epoch=2005]
train:   0%|          | 0/1 [00:00<?, ?it/s, epoch=2006]
train:   0%|          | 0/1 [00:00<?, ?it/s, epoch=2007]
train:   0%|          | 0/1 [00:00<?, ?it/s, epoch=2008]
train:   0%|          | 0/1 [00:00<?, ?it/s, epoch=2009]
train:   0%|          | 0/1 [00:00<?, ?it/s, epoch=2010]
train:   0%|          | 0/1 [00:00<?, ?it/s, epoch=2011]
train:   0%|          | 0/1 [00:00<?, ?it/s, epoch=2012]
train:   0%|          | 0/1 [00:00<?, ?it/s, epoch=2013]
train:   0%|          | 0/1 [00:00<?, ?it/s, epoch=2014]
train:   0%|          | 0/1 [00:00<?, ?it/s, epoch=2015]
train:   0%|          | 0/1 [00:00<?, ?it/s, epoch=2016]
train:   0%|          | 0/1 [00:00<?, ?it/s, epoch=2017]
train:   0%|          | 0/1 [00:00<?, ?it/s, epoch=2018]
train:   0%|          | 0/1 [00:00<?, ?it/s, epoch=2019]
train:   0%|          | 0/1 [00:00<?, ?it/s, epoch=2020]
train:   0%|          | 0/1 [00:00<?, ?it/s, epoch=2021]
train:   0%|          | 0/1 [00:00<?, ?it/s, epoch=2022]
train:   0%|          | 0/1 [00:00<?, ?it/s, epoch=2023]
train:   0%|          | 0/1 [00:00<?, ?it/s, epoch=2024]
train:   0%|          | 0/1 [00:00<?, ?it/s, epoch=2025]
train:   0%|          | 0/1 [00:00<?, ?it/s, epoch=2026]
train:   0%|          | 0/1 [00:00<?, ?it/s, epoch=2027]
train:   0%|          | 0/1 [00:00<?, ?it/s, epoch=2028]
train:   0%|          | 0/1 [00:00<?, ?it/s, epoch=2029]
train:   0%|          | 0/1 [00:00<?, ?it/s, epoch=2030]
train:   0%|          | 0/1 [00:00<?, ?it/s, epoch=2031]
train:   0%|          | 0/1 [00:00<?, ?it/s, epoch=2032]
train:   0%|          | 0/1 [00:00<?, ?it/s, epoch=2033]
train:   0%|          | 0/1 [00:00<?, ?it/s, epoch=2034]
train:   0%|          | 0/1 [00:00<?, ?it/s, epoch=2035]
train:   0%|          | 0/1 [00:00<?, ?it/s, epoch=2036]
train:   0%|          | 0/1 [00:00<?, ?it/s, epoch=2037]
train:   0%|          | 0/1 [00:00<?, ?it/s, epoch=2038]
train:   0%|          | 0/1 [00:00<?, ?it/s, epoch=2039]
train:   0%|          | 0/1 [00:00<?, ?it/s, epoch=2040]
train:   0%|          | 0/1 [00:00<?, ?it/s, epoch=2041]
train:   0%|          | 0/1 [00:00<?, ?it/s, epoch=2042]
train:   0%|          | 0/1 [00:00<?, ?it/s, epoch=2043]
train:   0%|          | 0/1 [00:00<?, ?it/s, epoch=2044]
train:   0%|          | 0/1 [00:00<?, ?it/s, epoch=2045]
train:   0%|          | 0/1 [00:00<?, ?it/s, epoch=2046]
train:   0%|          | 0/1 [00:00<?, ?it/s, epoch=2047]
train:   0%|          | 0/1 [00:00<?, ?it/s, epoch=2048]
train:   0%|          | 0/1 [00:00<?, ?it/s, epoch=2049]
train:   0%|          | 0/1 [00:00<?, ?it/s, epoch=2050]
train:   0%|          | 0/1 [00:00<?, ?it/s, epoch=2051]
train:   0%|          | 0/1 [00:00<?, ?it/s, epoch=2052]
train:   0%|          | 0/1 [00:00<?, ?it/s, epoch=2053]
train:   0%|          | 0/1 [00:00<?, ?it/s, epoch=2054]
train:   0%|          | 0/1 [00:00<?, ?it/s, epoch=2055]
train:   0%|          | 0/1 [00:00<?, ?it/s, epoch=2056]
train:   0%|          | 0/1 [00:00<?, ?it/s, epoch=2057]
train:   0%|          | 0/1 [00:00<?, ?it/s, epoch=2058]
train:   0%|          | 0/1 [00:00<?, ?it/s, epoch=2059]
train:   0%|          | 0/1 [00:00<?, ?it/s, epoch=2060]
train:   0%|          | 0/1 [00:00<?, ?it/s, epoch=2061]
train:   0%|          | 0/1 [00:00<?, ?it/s, epoch=2062]
train:   0%|          | 0/1 [00:00<?, ?it/s, epoch=2063]
train:   0%|          | 0/1 [00:00<?, ?it/s, epoch=2064]
train:   0%|          | 0/1 [00:00<?, ?it/s, epoch=2065]
train:   0%|          | 0/1 [00:00<?, ?it/s, epoch=2066]
train:   0%|          | 0/1 [00:00<?, ?it/s, epoch=2067]
train:   0%|          | 0/1 [00:00<?, ?it/s, epoch=2068]
train:   0%|          | 0/1 [00:00<?, ?it/s, epoch=2069]
train:   0%|          | 0/1 [00:00<?, ?it/s, epoch=2070]
train:   0%|          | 0/1 [00:00<?, ?it/s, epoch=2071]
train:   0%|          | 0/1 [00:00<?, ?it/s, epoch=2072]
train:   0%|          | 0/1 [00:00<?, ?it/s, epoch=2073]
train:   0%|          | 0/1 [00:00<?, ?it/s, epoch=2074]
train:   0%|          | 0/1 [00:00<?, ?it/s, epoch=2075]
train:   0%|          | 0/1 [00:00<?, ?it/s, epoch=2076]
train:   0%|          | 0/1 [00:00<?, ?it/s, epoch=2077]
train:   0%|          | 0/1 [00:00<?, ?it/s, epoch=2078]
train:   0%|          | 0/1 [00:00<?, ?it/s, epoch=2079]
train:   0%|          | 0/1 [00:00<?, ?it/s, epoch=2080]
train:   0%|          | 0/1 [00:00<?, ?it/s, epoch=2081]
train:   0%|          | 0/1 [00:00<?, ?it/s, epoch=2082]
train:   0%|          | 0/1 [00:00<?, ?it/s, epoch=2083]
train:   0%|          | 0/1 [00:00<?, ?it/s, epoch=2084]
train:   0%|          | 0/1 [00:00<?, ?it/s, epoch=2085]
train:   0%|          | 0/1 [00:00<?, ?it/s, epoch=2086]
train:   0%|          | 0/1 [00:00<?, ?it/s, epoch=2087]
train:   0%|          | 0/1 [00:00<?, ?it/s, epoch=2088]
train:   0%|          | 0/1 [00:00<?, ?it/s, epoch=2089]
train:   0%|          | 0/1 [00:00<?, ?it/s, epoch=2090]
train:   0%|          | 0/1 [00:00<?, ?it/s, epoch=2091]
train:   0%|          | 0/1 [00:00<?, ?it/s, epoch=2092]
train:   0%|          | 0/1 [00:00<?, ?it/s, epoch=2093]
train:   0%|          | 0/1 [00:00<?, ?it/s, epoch=2094]
train:   0%|          | 0/1 [00:00<?, ?it/s, epoch=2095]
train:   0%|          | 0/1 [00:00<?, ?it/s, epoch=2096]
train:   0%|          | 0/1 [00:00<?, ?it/s, epoch=2097]
train:   0%|          | 0/1 [00:00<?, ?it/s, epoch=2098]
train:   0%|          | 0/1 [00:00<?, ?it/s, epoch=2099][[34m2026-03-23 23:12:20[0m] Step 2100 | Loss: 0.047170 | Timing: time/data_load: 0.000s, time/forward: 0.303s, time/loss_compute: 0.012s, time/discriminator: 0.000s, time/backward: 0.397s, time/optimizer: 0.035s, time/total_step: 0.754s
train:   0%|          | 0/1 [00:01<?, ?it/s, all=0.05, nll=0.04, nll_rec=0.02, nll_per=0.03, kl=0.01, gen=0.00, gen_w=0.00, disc=0.00, debug=0.00]
train:   0%|          | 0/1 [00:00<?, ?it/s, epoch=2100]
train:   0%|          | 0/1 [00:00<?, ?it/s, epoch=2101]
train:   0%|          | 0/1 [00:00<?, ?it/s, epoch=2102]
train:   0%|          | 0/1 [00:00<?, ?it/s, epoch=2103]
train:   0%|          | 0/1 [00:00<?, ?it/s, epoch=2104]
train:   0%|          | 0/1 [00:00<?, ?it/s, epoch=2105]
train:   0%|          | 0/1 [00:00<?, ?it/s, epoch=2106]
train:   0%|          | 0/1 [00:00<?, ?it/s, epoch=2107]
train:   0%|          | 0/1 [00:00<?, ?it/s, epoch=2108]
train:   0%|          | 0/1 [00:00<?, ?it/s, epoch=2109]
train:   0%|          | 0/1 [00:00<?, ?it/s, epoch=2110]
train:   0%|          | 0/1 [00:00<?, ?it/s, epoch=2111]
train:   0%|          | 0/1 [00:00<?, ?it/s, epoch=2112]
train:   0%|          | 0/1 [00:00<?, ?it/s, epoch=2113]
train:   0%|          | 0/1 [00:00<?, ?it/s, epoch=2114]
train:   0%|          | 0/1 [00:00<?, ?it/s, epoch=2115]
train:   0%|          | 0/1 [00:00<?, ?it/s, epoch=2116]
train:   0%|          | 0/1 [00:00<?, ?it/s, epoch=2117]
train:   0%|          | 0/1 [00:00<?, ?it/s, epoch=2118]
train:   0%|          | 0/1 [00:00<?, ?it/s, epoch=2119]
train:   0%|          | 0/1 [00:00<?, ?it/s, epoch=2120]
train:   0%|          | 0/1 [00:00<?, ?it/s, epoch=2121]
train:   0%|          | 0/1 [00:00<?, ?it/s, epoch=2122]
train:   0%|          | 0/1 [00:00<?, ?it/s, epoch=2123]
train:   0%|          | 0/1 [00:00<?, ?it/s, epoch=2124]
train:   0%|          | 0/1 [00:00<?, ?it/s, epoch=2125]
train:   0%|          | 0/1 [00:00<?, ?it/s, epoch=2126]
train:   0%|          | 0/1 [00:00<?, ?it/s, epoch=2127]
train:   0%|          | 0/1 [00:00<?, ?it/s, epoch=2128]
train:   0%|          | 0/1 [00:00<?, ?it/s, epoch=2129]
train:   0%|          | 0/1 [00:00<?, ?it/s, epoch=2130]
train:   0%|          | 0/1 [00:00<?, ?it/s, epoch=2131]
train:   0%|          | 0/1 [00:00<?, ?it/s, epoch=2132]
train:   0%|          | 0/1 [00:00<?, ?it/s, epoch=2133]
train:   0%|          | 0/1 [00:00<?, ?it/s, epoch=2134]
train:   0%|          | 0/1 [00:00<?, ?it/s, epoch=2135]
train:   0%|          | 0/1 [00:00<?, ?it/s, epoch=2136]
train:   0%|          | 0/1 [00:00<?, ?it/s, epoch=2137]
train:   0%|          | 0/1 [00:00<?, ?it/s, epoch=2138]
train:   0%|          | 0/1 [00:00<?, ?it/s, epoch=2139]
train:   0%|          | 0/1 [00:00<?, ?it/s, epoch=2140]
train:   0%|          | 0/1 [00:00<?, ?it/s, epoch=2141]
train:   0%|          | 0/1 [00:00<?, ?it/s, epoch=2142]
train:   0%|          | 0/1 [00:00<?, ?it/s, epoch=2143]
train:   0%|          | 0/1 [00:00<?, ?it/s, epoch=2144]
train:   0%|          | 0/1 [00:00<?, ?it/s, epoch=2145]
train:   0%|          | 0/1 [00:00<?, ?it/s, epoch=2146]
train:   0%|          | 0/1 [00:00<?, ?it/s, epoch=2147]
train:   0%|          | 0/1 [00:00<?, ?it/s, epoch=2148]
train:   0%|          | 0/1 [00:00<?, ?it/s, epoch=2149]
train:   0%|          | 0/1 [00:00<?, ?it/s, epoch=2150]
train:   0%|          | 0/1 [00:00<?, ?it/s, epoch=2151]
train:   0%|          | 0/1 [00:00<?, ?it/s, epoch=2152]
train:   0%|          | 0/1 [00:00<?, ?it/s, epoch=2153]
train:   0%|          | 0/1 [00:00<?, ?it/s, epoch=2154]
train:   0%|          | 0/1 [00:00<?, ?it/s, epoch=2155]
train:   0%|          | 0/1 [00:00<?, ?it/s, epoch=2156]
train:   0%|          | 0/1 [00:00<?, ?it/s, epoch=2157]
train:   0%|          | 0/1 [00:00<?, ?it/s, epoch=2158]
train:   0%|          | 0/1 [00:00<?, ?it/s, epoch=2159]
train:   0%|          | 0/1 [00:00<?, ?it/s, epoch=2160]
train:   0%|          | 0/1 [00:00<?, ?it/s, epoch=2161]
train:   0%|          | 0/1 [00:00<?, ?it/s, epoch=2162]
train:   0%|          | 0/1 [00:00<?, ?it/s, epoch=2163]
train:   0%|          | 0/1 [00:00<?, ?it/s, epoch=2164]
train:   0%|          | 0/1 [00:00<?, ?it/s, epoch=2165]
train:   0%|          | 0/1 [00:00<?, ?it/s, epoch=2166]
train:   0%|          | 0/1 [00:00<?, ?it/s, epoch=2167]
train:   0%|          | 0/1 [00:00<?, ?it/s, epoch=2168]
train:   0%|          | 0/1 [00:00<?, ?it/s, epoch=2169]
train:   0%|          | 0/1 [00:00<?, ?it/s, epoch=2170]
train:   0%|          | 0/1 [00:00<?, ?it/s, epoch=2171]
train:   0%|          | 0/1 [00:00<?, ?it/s, epoch=2172]
train:   0%|          | 0/1 [00:00<?, ?it/s, epoch=2173]
train:   0%|          | 0/1 [00:00<?, ?it/s, epoch=2174]
train:   0%|          | 0/1 [00:00<?, ?it/s, epoch=2175]
train:   0%|          | 0/1 [00:00<?, ?it/s, epoch=2176]
train:   0%|          | 0/1 [00:00<?, ?it/s, epoch=2177]
train:   0%|          | 0/1 [00:00<?, ?it/s, epoch=2178]
train:   0%|          | 0/1 [00:00<?, ?it/s, epoch=2179]
train:   0%|          | 0/1 [00:00<?, ?it/s, epoch=2180]
train:   0%|          | 0/1 [00:00<?, ?it/s, epoch=2181]
train:   0%|          | 0/1 [00:00<?, ?it/s, epoch=2182]
train:   0%|          | 0/1 [00:00<?, ?it/s, epoch=2183]
train:   0%|          | 0/1 [00:00<?, ?it/s, epoch=2184]
train:   0%|          | 0/1 [00:00<?, ?it/s, epoch=2185]
train:   0%|          | 0/1 [00:00<?, ?it/s, epoch=2186]
train:   0%|          | 0/1 [00:00<?, ?it/s, epoch=2187]
train:   0%|          | 0/1 [00:00<?, ?it/s, epoch=2188]
train:   0%|          | 0/1 [00:00<?, ?it/s, epoch=2189]
train:   0%|          | 0/1 [00:00<?, ?it/s, epoch=2190]
train:   0%|          | 0/1 [00:00<?, ?it/s, epoch=2191]
train:   0%|          | 0/1 [00:00<?, ?it/s, epoch=2192]
train:   0%|          | 0/1 [00:00<?, ?it/s, epoch=2193]
train:   0%|          | 0/1 [00:00<?, ?it/s, epoch=2194]
train:   0%|          | 0/1 [00:00<?, ?it/s, epoch=2195]
train:   0%|          | 0/1 [00:00<?, ?it/s, epoch=2196]
train:   0%|          | 0/1 [00:00<?, ?it/s, epoch=2197]
train:   0%|          | 0/1 [00:00<?, ?it/s, epoch=2198]
train:   0%|          | 0/1 [00:00<?, ?it/s, epoch=2199][[34m2026-03-23 23:13:50[0m] Step 2200 | Loss: 0.049285 | Timing: time/data_load: 0.000s, time/forward: 0.304s, time/loss_compute: 0.012s, time/discriminator: 0.000s, time/backward: 0.399s, time/optimizer: 0.035s, time/total_step: 0.758s
[BOTTLENECK] step 2200 | total_step 0.758s | time/data_load: 0.000s (0%) | time/forward: 0.304s (40%) | time/loss_compute: 0.012s (2%) | time/backward: 0.399s (53%) | time/optimizer: 0.035s (5%) | time/total_step: 0.758s (100%)
  -> at this rate 1000 steps ≈ 12.6 min
train:   0%|          | 0/1 [00:01<?, ?it/s, all=0.05, nll=0.04, nll_rec=0.03, nll_per=0.03, kl=0.01, gen=0.00, gen_w=0.00, disc=0.00, debug=0.00]
[[34m2026-03-23 23:13:50[0m] Running fixed per-frame evaluation at epoch 2200 (sequence name: EMO-1-shout+laugh)...
train:   0%|          | 0/1 [00:00<?, ?it/s, epoch=2200]
train:   0%|          | 0/1 [00:00<?, ?it/s, epoch=2201]
train:   0%|          | 0/1 [00:00<?, ?it/s, epoch=2202]
train:   0%|          | 0/1 [00:00<?, ?it/s, epoch=2203]
train:   0%|          | 0/1 [00:00<?, ?it/s, epoch=2204]
train:   0%|          | 0/1 [00:00<?, ?it/s, epoch=2205]
train:   0%|          | 0/1 [00:00<?, ?it/s, epoch=2206]
train:   0%|          | 0/1 [00:00<?, ?it/s, epoch=2207]
train:   0%|          | 0/1 [00:00<?, ?it/s, epoch=2208]
train:   0%|          | 0/1 [00:00<?, ?it/s, epoch=2209]
train:   0%|          | 0/1 [00:00<?, ?it/s, epoch=2210]
train:   0%|          | 0/1 [00:00<?, ?it/s, epoch=2211]
train:   0%|          | 0/1 [00:00<?, ?it/s, epoch=2212]
train:   0%|          | 0/1 [00:00<?, ?it/s, epoch=2213]
train:   0%|          | 0/1 [00:00<?, ?it/s, epoch=2214]
train:   0%|          | 0/1 [00:00<?, ?it/s, epoch=2215]
train:   0%|          | 0/1 [00:00<?, ?it/s, epoch=2216]
train:   0%|          | 0/1 [00:00<?, ?it/s, epoch=2217]
train:   0%|          | 0/1 [00:00<?, ?it/s, epoch=2218]
train:   0%|          | 0/1 [00:00<?, ?it/s, epoch=2219]
train:   0%|          | 0/1 [00:00<?, ?it/s, epoch=2220]
train:   0%|          | 0/1 [00:00<?, ?it/s, epoch=2221]
train:   0%|          | 0/1 [00:00<?, ?it/s, epoch=2222]
train:   0%|          | 0/1 [00:00<?, ?it/s, epoch=2223]
train:   0%|          | 0/1 [00:00<?, ?it/s, epoch=2224]
train:   0%|          | 0/1 [00:00<?, ?it/s, epoch=2225]
train:   0%|          | 0/1 [00:00<?, ?it/s, epoch=2226]
train:   0%|          | 0/1 [00:00<?, ?it/s, epoch=2227]
train:   0%|          | 0/1 [00:00<?, ?it/s, epoch=2228]
train:   0%|          | 0/1 [00:00<?, ?it/s, epoch=2229]
train:   0%|          | 0/1 [00:00<?, ?it/s, epoch=2230]
train:   0%|          | 0/1 [00:00<?, ?it/s, epoch=2231]
train:   0%|          | 0/1 [00:00<?, ?it/s, epoch=2232]
train:   0%|          | 0/1 [00:00<?, ?it/s, epoch=2233]
train:   0%|          | 0/1 [00:00<?, ?it/s, epoch=2234]
train:   0%|          | 0/1 [00:00<?, ?it/s, epoch=2235]
train:   0%|          | 0/1 [00:00<?, ?it/s, epoch=2236]
train:   0%|          | 0/1 [00:00<?, ?it/s, epoch=2237]
train:   0%|          | 0/1 [00:00<?, ?it/s, epoch=2238]
train:   0%|          | 0/1 [00:00<?, ?it/s, epoch=2239]
train:   0%|          | 0/1 [00:00<?, ?it/s, epoch=2240]
train:   0%|          | 0/1 [00:00<?, ?it/s, epoch=2241]
train:   0%|          | 0/1 [00:00<?, ?it/s, epoch=2242]
train:   0%|          | 0/1 [00:00<?, ?it/s, epoch=2243]
train:   0%|          | 0/1 [00:00<?, ?it/s, epoch=2244]
train:   0%|          | 0/1 [00:00<?, ?it/s, epoch=2245]
train:   0%|          | 0/1 [00:00<?, ?it/s, epoch=2246]
train:   0%|          | 0/1 [00:00<?, ?it/s, epoch=2247]
train:   0%|          | 0/1 [00:00<?, ?it/s, epoch=2248]
train:   0%|          | 0/1 [00:00<?, ?it/s, epoch=2249]
train:   0%|          | 0/1 [00:00<?, ?it/s, epoch=2250]
train:   0%|          | 0/1 [00:00<?, ?it/s, epoch=2251]
train:   0%|          | 0/1 [00:00<?, ?it/s, epoch=2252]
train:   0%|          | 0/1 [00:00<?, ?it/s, epoch=2253]
train:   0%|          | 0/1 [00:00<?, ?it/s, epoch=2254]
train:   0%|          | 0/1 [00:00<?, ?it/s, epoch=2255]
train:   0%|          | 0/1 [00:00<?, ?it/s, epoch=2256]
train:   0%|          | 0/1 [00:00<?, ?it/s, epoch=2257]
train:   0%|          | 0/1 [00:00<?, ?it/s, epoch=2258]
train:   0%|          | 0/1 [00:00<?, ?it/s, epoch=2259]
train:   0%|          | 0/1 [00:00<?, ?it/s, epoch=2260]
train:   0%|          | 0/1 [00:00<?, ?it/s, epoch=2261]
train:   0%|          | 0/1 [00:00<?, ?it/s, epoch=2262]
train:   0%|          | 0/1 [00:00<?, ?it/s, epoch=2263]
train:   0%|          | 0/1 [00:00<?, ?it/s, epoch=2264]
train:   0%|          | 0/1 [00:00<?, ?it/s, epoch=2265]
train:   0%|          | 0/1 [00:00<?, ?it/s, epoch=2266]
train:   0%|          | 0/1 [00:00<?, ?it/s, epoch=2267]
train:   0%|          | 0/1 [00:00<?, ?it/s, epoch=2268]
train:   0%|          | 0/1 [00:00<?, ?it/s, epoch=2269]
train:   0%|          | 0/1 [00:00<?, ?it/s, epoch=2270]
train:   0%|          | 0/1 [00:00<?, ?it/s, epoch=2271]
train:   0%|          | 0/1 [00:00<?, ?it/s, epoch=2272]
train:   0%|          | 0/1 [00:00<?, ?it/s, epoch=2273]
train:   0%|          | 0/1 [00:00<?, ?it/s, epoch=2274]
train:   0%|          | 0/1 [00:00<?, ?it/s, epoch=2275]
train:   0%|          | 0/1 [00:00<?, ?it/s, epoch=2276]
train:   0%|          | 0/1 [00:00<?, ?it/s, epoch=2277]
train:   0%|          | 0/1 [00:00<?, ?it/s, epoch=2278]
train:   0%|          | 0/1 [00:00<?, ?it/s, epoch=2279]
train:   0%|          | 0/1 [00:00<?, ?it/s, epoch=2280]
train:   0%|          | 0/1 [00:00<?, ?it/s, epoch=2281]
train:   0%|          | 0/1 [00:00<?, ?it/s, epoch=2282]
train:   0%|          | 0/1 [00:00<?, ?it/s, epoch=2283]
train:   0%|          | 0/1 [00:00<?, ?it/s, epoch=2284]
train:   0%|          | 0/1 [00:00<?, ?it/s, epoch=2285]
train:   0%|          | 0/1 [00:00<?, ?it/s, epoch=2286]
train:   0%|          | 0/1 [00:00<?, ?it/s, epoch=2287]
train:   0%|          | 0/1 [00:00<?, ?it/s, epoch=2288]
train:   0%|          | 0/1 [00:00<?, ?it/s, epoch=2289]
train:   0%|          | 0/1 [00:00<?, ?it/s, epoch=2290]
train:   0%|          | 0/1 [00:00<?, ?it/s, epoch=2291]
train:   0%|          | 0/1 [00:00<?, ?it/s, epoch=2292]
train:   0%|          | 0/1 [00:00<?, ?it/s, epoch=2293]
train:   0%|          | 0/1 [00:00<?, ?it/s, epoch=2294]
train:   0%|          | 0/1 [00:00<?, ?it/s, epoch=2295]
train:   0%|          | 0/1 [00:00<?, ?it/s, epoch=2296]
train:   0%|          | 0/1 [00:00<?, ?it/s, epoch=2297]
train:   0%|          | 0/1 [00:00<?, ?it/s, epoch=2298]
train:   0%|          | 0/1 [00:00<?, ?it/s, epoch=2299][[34m2026-03-23 23:15:20[0m] Step 2300 | Loss: 0.046860 | Timing: time/data_load: 0.000s, time/forward: 0.304s, time/loss_compute: 0.012s, time/discriminator: 0.000s, time/backward: 0.399s, time/optimizer: 0.035s, time/total_step: 0.758s
train:   0%|          | 0/1 [00:01<?, ?it/s, all=0.05, nll=0.04, nll_rec=0.02, nll_per=0.02, kl=0.01, gen=0.00, gen_w=0.00, disc=0.00, debug=0.00]
train:   0%|          | 0/1 [00:00<?, ?it/s, epoch=2300]
train:   0%|          | 0/1 [00:00<?, ?it/s, epoch=2301]
train:   0%|          | 0/1 [00:00<?, ?it/s, epoch=2302]
train:   0%|          | 0/1 [00:00<?, ?it/s, epoch=2303]
train:   0%|          | 0/1 [00:00<?, ?it/s, epoch=2304]
train:   0%|          | 0/1 [00:00<?, ?it/s, epoch=2305]
train:   0%|          | 0/1 [00:00<?, ?it/s, epoch=2306]
train:   0%|          | 0/1 [00:00<?, ?it/s, epoch=2307]
train:   0%|          | 0/1 [00:00<?, ?it/s, epoch=2308]
train:   0%|          | 0/1 [00:00<?, ?it/s, epoch=2309]
train:   0%|          | 0/1 [00:00<?, ?it/s, epoch=2310]
train:   0%|          | 0/1 [00:00<?, ?it/s, epoch=2311]
train:   0%|          | 0/1 [00:00<?, ?it/s, epoch=2312]
train:   0%|          | 0/1 [00:00<?, ?it/s, epoch=2313]
train:   0%|          | 0/1 [00:00<?, ?it/s, epoch=2314]
train:   0%|          | 0/1 [00:00<?, ?it/s, epoch=2315]
train:   0%|          | 0/1 [00:00<?, ?it/s, epoch=2316]
train:   0%|          | 0/1 [00:00<?, ?it/s, epoch=2317]
train:   0%|          | 0/1 [00:00<?, ?it/s, epoch=2318]
train:   0%|          | 0/1 [00:00<?, ?it/s, epoch=2319]
train:   0%|          | 0/1 [00:00<?, ?it/s, epoch=2320]
train:   0%|          | 0/1 [00:00<?, ?it/s, epoch=2321]
train:   0%|          | 0/1 [00:00<?, ?it/s, epoch=2322]
train:   0%|          | 0/1 [00:00<?, ?it/s, epoch=2323]
train:   0%|          | 0/1 [00:00<?, ?it/s, epoch=2324]
train:   0%|          | 0/1 [00:00<?, ?it/s, epoch=2325]
train:   0%|          | 0/1 [00:00<?, ?it/s, epoch=2326]
train:   0%|          | 0/1 [00:00<?, ?it/s, epoch=2327]
train:   0%|          | 0/1 [00:00<?, ?it/s, epoch=2328]
train:   0%|          | 0/1 [00:00<?, ?it/s, epoch=2329]
train:   0%|          | 0/1 [00:00<?, ?it/s, epoch=2330]
train:   0%|          | 0/1 [00:00<?, ?it/s, epoch=2331]
train:   0%|          | 0/1 [00:00<?, ?it/s, epoch=2332]
train:   0%|          | 0/1 [00:00<?, ?it/s, epoch=2333]
train:   0%|          | 0/1 [00:00<?, ?it/s, epoch=2334]
train:   0%|          | 0/1 [00:00<?, ?it/s, epoch=2335]
train:   0%|          | 0/1 [00:00<?, ?it/s, epoch=2336]
train:   0%|          | 0/1 [00:00<?, ?it/s, epoch=2337]
train:   0%|          | 0/1 [00:00<?, ?it/s, epoch=2338]
train:   0%|          | 0/1 [00:00<?, ?it/s, epoch=2339]
train:   0%|          | 0/1 [00:00<?, ?it/s, epoch=2340]
train:   0%|          | 0/1 [00:00<?, ?it/s, epoch=2341]
train:   0%|          | 0/1 [00:00<?, ?it/s, epoch=2342]
train:   0%|          | 0/1 [00:00<?, ?it/s, epoch=2343]
train:   0%|          | 0/1 [00:00<?, ?it/s, epoch=2344]
train:   0%|          | 0/1 [00:00<?, ?it/s, epoch=2345]
train:   0%|          | 0/1 [00:00<?, ?it/s, epoch=2346]
train:   0%|          | 0/1 [00:00<?, ?it/s, epoch=2347]
train:   0%|          | 0/1 [00:00<?, ?it/s, epoch=2348]
train:   0%|          | 0/1 [00:00<?, ?it/s, epoch=2349]
train:   0%|          | 0/1 [00:00<?, ?it/s, epoch=2350]
train:   0%|          | 0/1 [00:00<?, ?it/s, epoch=2351]
train:   0%|          | 0/1 [00:00<?, ?it/s, epoch=2352]
train:   0%|          | 0/1 [00:00<?, ?it/s, epoch=2353]
train:   0%|          | 0/1 [00:00<?, ?it/s, epoch=2354]
train:   0%|          | 0/1 [00:00<?, ?it/s, epoch=2355]
train:   0%|          | 0/1 [00:00<?, ?it/s, epoch=2356]
train:   0%|          | 0/1 [00:00<?, ?it/s, epoch=2357]
train:   0%|          | 0/1 [00:00<?, ?it/s, epoch=2358]
train:   0%|          | 0/1 [00:00<?, ?it/s, epoch=2359]
train:   0%|          | 0/1 [00:00<?, ?it/s, epoch=2360]
train:   0%|          | 0/1 [00:00<?, ?it/s, epoch=2361]
train:   0%|          | 0/1 [00:00<?, ?it/s, epoch=2362]
train:   0%|          | 0/1 [00:00<?, ?it/s, epoch=2363]
train:   0%|          | 0/1 [00:00<?, ?it/s, epoch=2364]
train:   0%|          | 0/1 [00:00<?, ?it/s, epoch=2365]
train:   0%|          | 0/1 [00:00<?, ?it/s, epoch=2366]
train:   0%|          | 0/1 [00:00<?, ?it/s, epoch=2367]
train:   0%|          | 0/1 [00:00<?, ?it/s, epoch=2368]
train:   0%|          | 0/1 [00:00<?, ?it/s, epoch=2369]
train:   0%|          | 0/1 [00:00<?, ?it/s, epoch=2370]
train:   0%|          | 0/1 [00:00<?, ?it/s, epoch=2371]
train:   0%|          | 0/1 [00:00<?, ?it/s, epoch=2372]
train:   0%|          | 0/1 [00:00<?, ?it/s, epoch=2373]
train:   0%|          | 0/1 [00:00<?, ?it/s, epoch=2374]
train:   0%|          | 0/1 [00:00<?, ?it/s, epoch=2375]
train:   0%|          | 0/1 [00:00<?, ?it/s, epoch=2376]
train:   0%|          | 0/1 [00:00<?, ?it/s, epoch=2377]
train:   0%|          | 0/1 [00:00<?, ?it/s, epoch=2378]
train:   0%|          | 0/1 [00:00<?, ?it/s, epoch=2379]
train:   0%|          | 0/1 [00:00<?, ?it/s, epoch=2380]
train:   0%|          | 0/1 [00:00<?, ?it/s, epoch=2381]
train:   0%|          | 0/1 [00:00<?, ?it/s, epoch=2382]
train:   0%|          | 0/1 [00:00<?, ?it/s, epoch=2383]
train:   0%|          | 0/1 [00:00<?, ?it/s, epoch=2384]
train:   0%|          | 0/1 [00:00<?, ?it/s, epoch=2385]
train:   0%|          | 0/1 [00:00<?, ?it/s, epoch=2386]
train:   0%|          | 0/1 [00:00<?, ?it/s, epoch=2387]
train:   0%|          | 0/1 [00:00<?, ?it/s, epoch=2388]
train:   0%|          | 0/1 [00:00<?, ?it/s, epoch=2389]
train:   0%|          | 0/1 [00:00<?, ?it/s, epoch=2390]
train:   0%|          | 0/1 [00:00<?, ?it/s, epoch=2391]
train:   0%|          | 0/1 [00:00<?, ?it/s, epoch=2392]
train:   0%|          | 0/1 [00:00<?, ?it/s, epoch=2393]
train:   0%|          | 0/1 [00:00<?, ?it/s, epoch=2394]
train:   0%|          | 0/1 [00:00<?, ?it/s, epoch=2395]
train:   0%|          | 0/1 [00:00<?, ?it/s, epoch=2396]
train:   0%|          | 0/1 [00:00<?, ?it/s, epoch=2397]
train:   0%|          | 0/1 [00:00<?, ?it/s, epoch=2398]
train:   0%|          | 0/1 [00:00<?, ?it/s, epoch=2399][[34m2026-03-23 23:16:53[0m] Step 2400 | Loss: 0.048840 | Timing: time/data_load: 0.000s, time/forward: 0.318s, time/loss_compute: 0.015s, time/discriminator: 0.000s, time/backward: 0.412s, time/optimizer: 0.037s, time/total_step: 0.789s
[BOTTLENECK] step 2400 | total_step 0.789s | time/data_load: 0.000s (0%) | time/forward: 0.318s (40%) | time/loss_compute: 0.015s (2%) | time/backward: 0.412s (52%) | time/optimizer: 0.037s (5%) | time/total_step: 0.789s (100%)
  -> at this rate 1000 steps ≈ 13.1 min
train:   0%|          | 0/1 [00:01<?, ?it/s, all=0.05, nll=0.04, nll_rec=0.03, nll_per=0.03, kl=0.01, gen=0.00, gen_w=0.00, disc=0.00, debug=0.00]
[[34m2026-03-23 23:16:53[0m] Running fixed per-frame evaluation at epoch 2400 (sequence name: EMO-1-shout+laugh)...
train:   0%|          | 0/1 [00:00<?, ?it/s, epoch=2400]
train:   0%|          | 0/1 [00:00<?, ?it/s, epoch=2401]
train:   0%|          | 0/1 [00:00<?, ?it/s, epoch=2402]
train:   0%|          | 0/1 [00:00<?, ?it/s, epoch=2403]
train:   0%|          | 0/1 [00:00<?, ?it/s, epoch=2404]
train:   0%|          | 0/1 [00:00<?, ?it/s, epoch=2405]
train:   0%|          | 0/1 [00:00<?, ?it/s, epoch=2406]
train:   0%|          | 0/1 [00:00<?, ?it/s, epoch=2407]
train:   0%|          | 0/1 [00:00<?, ?it/s, epoch=2408]
train:   0%|          | 0/1 [00:00<?, ?it/s, epoch=2409]
train:   0%|          | 0/1 [00:00<?, ?it/s, epoch=2410]
train:   0%|          | 0/1 [00:00<?, ?it/s, epoch=2411]
train:   0%|          | 0/1 [00:00<?, ?it/s, epoch=2412]
train:   0%|          | 0/1 [00:00<?, ?it/s, epoch=2413]
train:   0%|          | 0/1 [00:00<?, ?it/s, epoch=2414]
train:   0%|          | 0/1 [00:00<?, ?it/s, epoch=2415]
train:   0%|          | 0/1 [00:00<?, ?it/s, epoch=2416]
train:   0%|          | 0/1 [00:00<?, ?it/s, epoch=2417]
train:   0%|          | 0/1 [00:00<?, ?it/s, epoch=2418]
train:   0%|          | 0/1 [00:00<?, ?it/s, epoch=2419]
train:   0%|          | 0/1 [00:00<?, ?it/s, epoch=2420]
train:   0%|          | 0/1 [00:00<?, ?it/s, epoch=2421]
train:   0%|          | 0/1 [00:00<?, ?it/s, epoch=2422]
train:   0%|          | 0/1 [00:00<?, ?it/s, epoch=2423]
train:   0%|          | 0/1 [00:00<?, ?it/s, epoch=2424]
train:   0%|          | 0/1 [00:00<?, ?it/s, epoch=2425]
train:   0%|          | 0/1 [00:00<?, ?it/s, epoch=2426]
train:   0%|          | 0/1 [00:00<?, ?it/s, epoch=2427]
train:   0%|          | 0/1 [00:00<?, ?it/s, epoch=2428]
train:   0%|          | 0/1 [00:00<?, ?it/s, epoch=2429]
train:   0%|          | 0/1 [00:00<?, ?it/s, epoch=2430]
train:   0%|          | 0/1 [00:00<?, ?it/s, epoch=2431]
train:   0%|          | 0/1 [00:00<?, ?it/s, epoch=2432]
train:   0%|          | 0/1 [00:00<?, ?it/s, epoch=2433]
train:   0%|          | 0/1 [00:00<?, ?it/s, epoch=2434]
train:   0%|          | 0/1 [00:00<?, ?it/s, epoch=2435]
train:   0%|          | 0/1 [00:00<?, ?it/s, epoch=2436]
train:   0%|          | 0/1 [00:00<?, ?it/s, epoch=2437]
train:   0%|          | 0/1 [00:00<?, ?it/s, epoch=2438]
train:   0%|          | 0/1 [00:00<?, ?it/s, epoch=2439]
train:   0%|          | 0/1 [00:00<?, ?it/s, epoch=2440]
train:   0%|          | 0/1 [00:00<?, ?it/s, epoch=2441]
train:   0%|          | 0/1 [00:00<?, ?it/s, epoch=2442]
train:   0%|          | 0/1 [00:00<?, ?it/s, epoch=2443]
train:   0%|          | 0/1 [00:00<?, ?it/s, epoch=2444]
train:   0%|          | 0/1 [00:00<?, ?it/s, epoch=2445]
train:   0%|          | 0/1 [00:00<?, ?it/s, epoch=2446]
train:   0%|          | 0/1 [00:00<?, ?it/s, epoch=2447]
train:   0%|          | 0/1 [00:00<?, ?it/s, epoch=2448]
train:   0%|          | 0/1 [00:00<?, ?it/s, epoch=2449]
train:   0%|          | 0/1 [00:00<?, ?it/s, epoch=2450]
train:   0%|          | 0/1 [00:00<?, ?it/s, epoch=2451]
train:   0%|          | 0/1 [00:00<?, ?it/s, epoch=2452]
train:   0%|          | 0/1 [00:00<?, ?it/s, epoch=2453]
train:   0%|          | 0/1 [00:00<?, ?it/s, epoch=2454]
train:   0%|          | 0/1 [00:00<?, ?it/s, epoch=2455]
train:   0%|          | 0/1 [00:00<?, ?it/s, epoch=2456]
train:   0%|          | 0/1 [00:00<?, ?it/s, epoch=2457]
train:   0%|          | 0/1 [00:00<?, ?it/s, epoch=2458]
train:   0%|          | 0/1 [00:00<?, ?it/s, epoch=2459]
train:   0%|          | 0/1 [00:00<?, ?it/s, epoch=2460]
train:   0%|          | 0/1 [00:00<?, ?it/s, epoch=2461]
train:   0%|          | 0/1 [00:00<?, ?it/s, epoch=2462]
train:   0%|          | 0/1 [00:00<?, ?it/s, epoch=2463]
train:   0%|          | 0/1 [00:00<?, ?it/s, epoch=2464]
train:   0%|          | 0/1 [00:00<?, ?it/s, epoch=2465]
train:   0%|          | 0/1 [00:00<?, ?it/s, epoch=2466]
train:   0%|          | 0/1 [00:00<?, ?it/s, epoch=2467]
train:   0%|          | 0/1 [00:00<?, ?it/s, epoch=2468]
train:   0%|          | 0/1 [00:00<?, ?it/s, epoch=2469]
train:   0%|          | 0/1 [00:00<?, ?it/s, epoch=2470]
train:   0%|          | 0/1 [00:00<?, ?it/s, epoch=2471]
train:   0%|          | 0/1 [00:00<?, ?it/s, epoch=2472]
train:   0%|          | 0/1 [00:00<?, ?it/s, epoch=2473]
train:   0%|          | 0/1 [00:00<?, ?it/s, epoch=2474]
train:   0%|          | 0/1 [00:00<?, ?it/s, epoch=2475]
train:   0%|          | 0/1 [00:00<?, ?it/s, epoch=2476]
train:   0%|          | 0/1 [00:00<?, ?it/s, epoch=2477]
train:   0%|          | 0/1 [00:00<?, ?it/s, epoch=2478]
train:   0%|          | 0/1 [00:00<?, ?it/s, epoch=2479]
train:   0%|          | 0/1 [00:00<?, ?it/s, epoch=2480]
train:   0%|          | 0/1 [00:00<?, ?it/s, epoch=2481]
train:   0%|          | 0/1 [00:00<?, ?it/s, epoch=2482]
train:   0%|          | 0/1 [00:00<?, ?it/s, epoch=2483]
train:   0%|          | 0/1 [00:00<?, ?it/s, epoch=2484]
train:   0%|          | 0/1 [00:00<?, ?it/s, epoch=2485]
train:   0%|          | 0/1 [00:00<?, ?it/s, epoch=2486]
train:   0%|          | 0/1 [00:00<?, ?it/s, epoch=2487]
train:   0%|          | 0/1 [00:00<?, ?it/s, epoch=2488]
train:   0%|          | 0/1 [00:00<?, ?it/s, epoch=2489]
train:   0%|          | 0/1 [00:00<?, ?it/s, epoch=2490]
train:   0%|          | 0/1 [00:00<?, ?it/s, epoch=2491]
train:   0%|          | 0/1 [00:00<?, ?it/s, epoch=2492]
train:   0%|          | 0/1 [00:00<?, ?it/s, epoch=2493]
train:   0%|          | 0/1 [00:00<?, ?it/s, epoch=2494]
train:   0%|          | 0/1 [00:00<?, ?it/s, epoch=2495]
train:   0%|          | 0/1 [00:00<?, ?it/s, epoch=2496]
train:   0%|          | 0/1 [00:00<?, ?it/s, epoch=2497]
train:   0%|          | 0/1 [00:00<?, ?it/s, epoch=2498]
train:   0%|          | 0/1 [00:00<?, ?it/s, epoch=2499][[34m2026-03-23 23:18:28[0m] Step 2500 | Loss: 0.045527 | Timing: time/data_load: 0.000s, time/forward: 0.324s, time/loss_compute: 0.016s, time/discriminator: 0.000s, time/backward: 0.416s, time/optimizer: 0.037s, time/total_step: 0.802s
train:   0%|          | 0/1 [00:01<?, ?it/s, all=0.05, nll=0.04, nll_rec=0.02, nll_per=0.02, kl=0.01, gen=0.00, gen_w=0.00, disc=0.00, debug=0.00][[34m2026-03-23 23:18:29[0m] The model is going to be split to checkpoint shards. You can find where each parameters has been saved in the index located at model.safetensors.index.json.
[[34m2026-03-23 23:18:30[0m] Saved checkpoint at epoch 2499, step 1, global_step 2500 to outputs/self_attention_rank128/epoch2499-global_step2500
[[34m2026-03-23 23:18:30[0m] Removed old checkpoints and kept 3 latest ones.
train:   0%|          | 0/1 [00:03<?, ?it/s, all=0.05, nll=0.04, nll_rec=0.02, nll_per=0.02, kl=0.01, gen=0.00, gen_w=0.00, disc=0.00, debug=0.00]
train:   0%|          | 0/1 [00:00<?, ?it/s, epoch=2500]
train:   0%|          | 0/1 [00:00<?, ?it/s, epoch=2501]
train:   0%|          | 0/1 [00:00<?, ?it/s, epoch=2502]
train:   0%|          | 0/1 [00:00<?, ?it/s, epoch=2503]
train:   0%|          | 0/1 [00:00<?, ?it/s, epoch=2504]
train:   0%|          | 0/1 [00:00<?, ?it/s, epoch=2505]
train:   0%|          | 0/1 [00:00<?, ?it/s, epoch=2506]
train:   0%|          | 0/1 [00:00<?, ?it/s, epoch=2507]
train:   0%|          | 0/1 [00:00<?, ?it/s, epoch=2508]
train:   0%|          | 0/1 [00:00<?, ?it/s, epoch=2509]
train:   0%|          | 0/1 [00:00<?, ?it/s, epoch=2510]
train:   0%|          | 0/1 [00:00<?, ?it/s, epoch=2511]
train:   0%|          | 0/1 [00:00<?, ?it/s, epoch=2512]
train:   0%|          | 0/1 [00:00<?, ?it/s, epoch=2513]
train:   0%|          | 0/1 [00:00<?, ?it/s, epoch=2514]
train:   0%|          | 0/1 [00:00<?, ?it/s, epoch=2515]
train:   0%|          | 0/1 [00:00<?, ?it/s, epoch=2516]
train:   0%|          | 0/1 [00:00<?, ?it/s, epoch=2517]
train:   0%|          | 0/1 [00:00<?, ?it/s, epoch=2518]
train:   0%|          | 0/1 [00:00<?, ?it/s, epoch=2519]
train:   0%|          | 0/1 [00:00<?, ?it/s, epoch=2520]
train:   0%|          | 0/1 [00:00<?, ?it/s, epoch=2521]
train:   0%|          | 0/1 [00:00<?, ?it/s, epoch=2522]
train:   0%|          | 0/1 [00:00<?, ?it/s, epoch=2523]
train:   0%|          | 0/1 [00:00<?, ?it/s, epoch=2524]
train:   0%|          | 0/1 [00:00<?, ?it/s, epoch=2525]
train:   0%|          | 0/1 [00:00<?, ?it/s, epoch=2526]
train:   0%|          | 0/1 [00:00<?, ?it/s, epoch=2527]
train:   0%|          | 0/1 [00:00<?, ?it/s, epoch=2528]
train:   0%|          | 0/1 [00:00<?, ?it/s, epoch=2529]
train:   0%|          | 0/1 [00:00<?, ?it/s, epoch=2530]
train:   0%|          | 0/1 [00:00<?, ?it/s, epoch=2531]
train:   0%|          | 0/1 [00:00<?, ?it/s, epoch=2532]
train:   0%|          | 0/1 [00:00<?, ?it/s, epoch=2533]
train:   0%|          | 0/1 [00:00<?, ?it/s, epoch=2534]
train:   0%|          | 0/1 [00:00<?, ?it/s, epoch=2535]
train:   0%|          | 0/1 [00:00<?, ?it/s, epoch=2536]
train:   0%|          | 0/1 [00:00<?, ?it/s, epoch=2537]
train:   0%|          | 0/1 [00:00<?, ?it/s, epoch=2538]
train:   0%|          | 0/1 [00:00<?, ?it/s, epoch=2539]
train:   0%|          | 0/1 [00:00<?, ?it/s, epoch=2540]
train:   0%|          | 0/1 [00:00<?, ?it/s, epoch=2541]
train:   0%|          | 0/1 [00:00<?, ?it/s, epoch=2542]
train:   0%|          | 0/1 [00:00<?, ?it/s, epoch=2543]
train:   0%|          | 0/1 [00:00<?, ?it/s, epoch=2544]
train:   0%|          | 0/1 [00:00<?, ?it/s, epoch=2545]
train:   0%|          | 0/1 [00:00<?, ?it/s, epoch=2546]
train:   0%|          | 0/1 [00:00<?, ?it/s, epoch=2547]
train:   0%|          | 0/1 [00:00<?, ?it/s, epoch=2548]
train:   0%|          | 0/1 [00:00<?, ?it/s, epoch=2549]
train:   0%|          | 0/1 [00:00<?, ?it/s, epoch=2550]
train:   0%|          | 0/1 [00:00<?, ?it/s, epoch=2551]
train:   0%|          | 0/1 [00:00<?, ?it/s, epoch=2552]
train:   0%|          | 0/1 [00:00<?, ?it/s, epoch=2553]
train:   0%|          | 0/1 [00:00<?, ?it/s, epoch=2554]
train:   0%|          | 0/1 [00:00<?, ?it/s, epoch=2555]
train:   0%|          | 0/1 [00:00<?, ?it/s, epoch=2556]
train:   0%|          | 0/1 [00:00<?, ?it/s, epoch=2557]
train:   0%|          | 0/1 [00:00<?, ?it/s, epoch=2558]
train:   0%|          | 0/1 [00:00<?, ?it/s, epoch=2559]
train:   0%|          | 0/1 [00:00<?, ?it/s, epoch=2560]
train:   0%|          | 0/1 [00:00<?, ?it/s, epoch=2561]
train:   0%|          | 0/1 [00:00<?, ?it/s, epoch=2562]
train:   0%|          | 0/1 [00:00<?, ?it/s, epoch=2563]
train:   0%|          | 0/1 [00:00<?, ?it/s, epoch=2564]
train:   0%|          | 0/1 [00:00<?, ?it/s, epoch=2565]
train:   0%|          | 0/1 [00:00<?, ?it/s, epoch=2566]
train:   0%|          | 0/1 [00:00<?, ?it/s, epoch=2567]
train:   0%|          | 0/1 [00:00<?, ?it/s, epoch=2568]
train:   0%|          | 0/1 [00:00<?, ?it/s, epoch=2569]
train:   0%|          | 0/1 [00:00<?, ?it/s, epoch=2570]
train:   0%|          | 0/1 [00:00<?, ?it/s, epoch=2571]
train:   0%|          | 0/1 [00:00<?, ?it/s, epoch=2572]
train:   0%|          | 0/1 [00:00<?, ?it/s, epoch=2573]
train:   0%|          | 0/1 [00:00<?, ?it/s, epoch=2574]
train:   0%|          | 0/1 [00:00<?, ?it/s, epoch=2575]
train:   0%|          | 0/1 [00:00<?, ?it/s, epoch=2576]
train:   0%|          | 0/1 [00:00<?, ?it/s, epoch=2577]
train:   0%|          | 0/1 [00:00<?, ?it/s, epoch=2578]
train:   0%|          | 0/1 [00:00<?, ?it/s, epoch=2579]
train:   0%|          | 0/1 [00:00<?, ?it/s, epoch=2580]
train:   0%|          | 0/1 [00:00<?, ?it/s, epoch=2581]
train:   0%|          | 0/1 [00:00<?, ?it/s, epoch=2582]
train:   0%|          | 0/1 [00:00<?, ?it/s, epoch=2583]
train:   0%|          | 0/1 [00:00<?, ?it/s, epoch=2584]
train:   0%|          | 0/1 [00:00<?, ?it/s, epoch=2585]
train:   0%|          | 0/1 [00:00<?, ?it/s, epoch=2586]
train:   0%|          | 0/1 [00:00<?, ?it/s, epoch=2587]
train:   0%|          | 0/1 [00:00<?, ?it/s, epoch=2588]
train:   0%|          | 0/1 [00:00<?, ?it/s, epoch=2589]
train:   0%|          | 0/1 [00:00<?, ?it/s, epoch=2590]
train:   0%|          | 0/1 [00:00<?, ?it/s, epoch=2591]
train:   0%|          | 0/1 [00:00<?, ?it/s, epoch=2592]
train:   0%|          | 0/1 [00:00<?, ?it/s, epoch=2593]
train:   0%|          | 0/1 [00:00<?, ?it/s, epoch=2594]
train:   0%|          | 0/1 [00:00<?, ?it/s, epoch=2595]
train:   0%|          | 0/1 [00:00<?, ?it/s, epoch=2596]
train:   0%|          | 0/1 [00:00<?, ?it/s, epoch=2597]
train:   0%|          | 0/1 [00:00<?, ?it/s, epoch=2598]
train:   0%|          | 0/1 [00:00<?, ?it/s, epoch=2599][[34m2026-03-23 23:20:01[0m] Step 2600 | Loss: 0.043608 | Timing: time/data_load: 0.000s, time/forward: 0.308s, time/loss_compute: 0.013s, time/discriminator: 0.000s, time/backward: 0.403s, time/optimizer: 0.036s, time/total_step: 0.767s
[BOTTLENECK] step 2600 | total_step 0.767s | time/data_load: 0.000s (0%) | time/forward: 0.308s (40%) | time/loss_compute: 0.013s (2%) | time/backward: 0.403s (52%) | time/optimizer: 0.036s (5%) | time/total_step: 0.767s (100%)
  -> at this rate 1000 steps ≈ 12.8 min
train:   0%|          | 0/1 [00:01<?, ?it/s, all=0.04, nll=0.03, nll_rec=0.02, nll_per=0.02, kl=0.01, gen=0.00, gen_w=0.00, disc=0.00, debug=0.00]
[[34m2026-03-23 23:20:01[0m] Running fixed per-frame evaluation at epoch 2600 (sequence name: EMO-1-shout+laugh)...
train:   0%|          | 0/1 [00:00<?, ?it/s, epoch=2600]
train:   0%|          | 0/1 [00:00<?, ?it/s, epoch=2601]
train:   0%|          | 0/1 [00:00<?, ?it/s, epoch=2602]
train:   0%|          | 0/1 [00:00<?, ?it/s, epoch=2603]
train:   0%|          | 0/1 [00:00<?, ?it/s, epoch=2604]
train:   0%|          | 0/1 [00:00<?, ?it/s, epoch=2605]
train:   0%|          | 0/1 [00:00<?, ?it/s, epoch=2606]
train:   0%|          | 0/1 [00:00<?, ?it/s, epoch=2607]
train:   0%|          | 0/1 [00:00<?, ?it/s, epoch=2608]
train:   0%|          | 0/1 [00:00<?, ?it/s, epoch=2609]
train:   0%|          | 0/1 [00:00<?, ?it/s, epoch=2610]
train:   0%|          | 0/1 [00:00<?, ?it/s, epoch=2611]
train:   0%|          | 0/1 [00:00<?, ?it/s, epoch=2612]
train:   0%|          | 0/1 [00:00<?, ?it/s, epoch=2613]
train:   0%|          | 0/1 [00:00<?, ?it/s, epoch=2614]
train:   0%|          | 0/1 [00:00<?, ?it/s, epoch=2615]
train:   0%|          | 0/1 [00:00<?, ?it/s, epoch=2616]
train:   0%|          | 0/1 [00:00<?, ?it/s, epoch=2617]
train:   0%|          | 0/1 [00:00<?, ?it/s, epoch=2618]
train:   0%|          | 0/1 [00:00<?, ?it/s, epoch=2619]
train:   0%|          | 0/1 [00:00<?, ?it/s, epoch=2620]
train:   0%|          | 0/1 [00:00<?, ?it/s, epoch=2621]
train:   0%|          | 0/1 [00:00<?, ?it/s, epoch=2622]
train:   0%|          | 0/1 [00:00<?, ?it/s, epoch=2623]
train:   0%|          | 0/1 [00:00<?, ?it/s, epoch=2624]
train:   0%|          | 0/1 [00:00<?, ?it/s, epoch=2625]
train:   0%|          | 0/1 [00:00<?, ?it/s, epoch=2626]
train:   0%|          | 0/1 [00:00<?, ?it/s, epoch=2627]
train:   0%|          | 0/1 [00:00<?, ?it/s, epoch=2628]
train:   0%|          | 0/1 [00:00<?, ?it/s, epoch=2629]
train:   0%|          | 0/1 [00:00<?, ?it/s, epoch=2630]
train:   0%|          | 0/1 [00:00<?, ?it/s, epoch=2631]
train:   0%|          | 0/1 [00:00<?, ?it/s, epoch=2632]
train:   0%|          | 0/1 [00:00<?, ?it/s, epoch=2633]
train:   0%|          | 0/1 [00:00<?, ?it/s, epoch=2634]
train:   0%|          | 0/1 [00:00<?, ?it/s, epoch=2635]
train:   0%|          | 0/1 [00:00<?, ?it/s, epoch=2636]
train:   0%|          | 0/1 [00:00<?, ?it/s, epoch=2637]
train:   0%|          | 0/1 [00:00<?, ?it/s, epoch=2638]
train:   0%|          | 0/1 [00:00<?, ?it/s, epoch=2639]
train:   0%|          | 0/1 [00:00<?, ?it/s, epoch=2640]
train:   0%|          | 0/1 [00:00<?, ?it/s, epoch=2641]
train:   0%|          | 0/1 [00:00<?, ?it/s, epoch=2642]
train:   0%|          | 0/1 [00:00<?, ?it/s, epoch=2643]
train:   0%|          | 0/1 [00:00<?, ?it/s, epoch=2644]
train:   0%|          | 0/1 [00:00<?, ?it/s, epoch=2645]
train:   0%|          | 0/1 [00:00<?, ?it/s, epoch=2646]
train:   0%|          | 0/1 [00:00<?, ?it/s, epoch=2647]
train:   0%|          | 0/1 [00:00<?, ?it/s, epoch=2648]
train:   0%|          | 0/1 [00:00<?, ?it/s, epoch=2649]
train:   0%|          | 0/1 [00:00<?, ?it/s, epoch=2650]
train:   0%|          | 0/1 [00:00<?, ?it/s, epoch=2651]
train:   0%|          | 0/1 [00:00<?, ?it/s, epoch=2652]
train:   0%|          | 0/1 [00:00<?, ?it/s, epoch=2653]
train:   0%|          | 0/1 [00:00<?, ?it/s, epoch=2654]
train:   0%|          | 0/1 [00:00<?, ?it/s, epoch=2655]
train:   0%|          | 0/1 [00:00<?, ?it/s, epoch=2656]
train:   0%|          | 0/1 [00:00<?, ?it/s, epoch=2657]
train:   0%|          | 0/1 [00:00<?, ?it/s, epoch=2658]
train:   0%|          | 0/1 [00:00<?, ?it/s, epoch=2659]
train:   0%|          | 0/1 [00:00<?, ?it/s, epoch=2660]
train:   0%|          | 0/1 [00:00<?, ?it/s, epoch=2661]
train:   0%|          | 0/1 [00:00<?, ?it/s, epoch=2662]
train:   0%|          | 0/1 [00:00<?, ?it/s, epoch=2663]
train:   0%|          | 0/1 [00:00<?, ?it/s, epoch=2664]
train:   0%|          | 0/1 [00:00<?, ?it/s, epoch=2665]
train:   0%|          | 0/1 [00:00<?, ?it/s, epoch=2666]
train:   0%|          | 0/1 [00:00<?, ?it/s, epoch=2667]
train:   0%|          | 0/1 [00:00<?, ?it/s, epoch=2668]
train:   0%|          | 0/1 [00:00<?, ?it/s, epoch=2669]
train:   0%|          | 0/1 [00:00<?, ?it/s, epoch=2670]
train:   0%|          | 0/1 [00:00<?, ?it/s, epoch=2671]
train:   0%|          | 0/1 [00:00<?, ?it/s, epoch=2672]
train:   0%|          | 0/1 [00:00<?, ?it/s, epoch=2673]
train:   0%|          | 0/1 [00:00<?, ?it/s, epoch=2674]
train:   0%|          | 0/1 [00:00<?, ?it/s, epoch=2675]
train:   0%|          | 0/1 [00:00<?, ?it/s, epoch=2676]
train:   0%|          | 0/1 [00:00<?, ?it/s, epoch=2677]
train:   0%|          | 0/1 [00:00<?, ?it/s, epoch=2678]
train:   0%|          | 0/1 [00:00<?, ?it/s, epoch=2679]
train:   0%|          | 0/1 [00:00<?, ?it/s, epoch=2680]
train:   0%|          | 0/1 [00:00<?, ?it/s, epoch=2681]
train:   0%|          | 0/1 [00:00<?, ?it/s, epoch=2682]
train:   0%|          | 0/1 [00:00<?, ?it/s, epoch=2683]
train:   0%|          | 0/1 [00:00<?, ?it/s, epoch=2684]
train:   0%|          | 0/1 [00:00<?, ?it/s, epoch=2685]
train:   0%|          | 0/1 [00:00<?, ?it/s, epoch=2686]
train:   0%|          | 0/1 [00:00<?, ?it/s, epoch=2687]
train:   0%|          | 0/1 [00:00<?, ?it/s, epoch=2688]
train:   0%|          | 0/1 [00:00<?, ?it/s, epoch=2689]
train:   0%|          | 0/1 [00:00<?, ?it/s, epoch=2690]
train:   0%|          | 0/1 [00:00<?, ?it/s, epoch=2691]
train:   0%|          | 0/1 [00:00<?, ?it/s, epoch=2692]
train:   0%|          | 0/1 [00:00<?, ?it/s, epoch=2693]
train:   0%|          | 0/1 [00:00<?, ?it/s, epoch=2694]
train:   0%|          | 0/1 [00:00<?, ?it/s, epoch=2695]
train:   0%|          | 0/1 [00:00<?, ?it/s, epoch=2696]
train:   0%|          | 0/1 [00:00<?, ?it/s, epoch=2697]
train:   0%|          | 0/1 [00:00<?, ?it/s, epoch=2698]
train:   0%|          | 0/1 [00:00<?, ?it/s, epoch=2699][[34m2026-03-23 23:21:36[0m] Step 2700 | Loss: 0.042825 | Timing: time/data_load: 0.000s, time/forward: 0.324s, time/loss_compute: 0.015s, time/discriminator: 0.000s, time/backward: 0.415s, time/optimizer: 0.037s, time/total_step: 0.799s
train:   0%|          | 0/1 [00:01<?, ?it/s, all=0.04, nll=0.03, nll_rec=0.02, nll_per=0.02, kl=0.01, gen=0.00, gen_w=0.00, disc=0.00, debug=0.00]
train:   0%|          | 0/1 [00:00<?, ?it/s, epoch=2700]
train:   0%|          | 0/1 [00:00<?, ?it/s, epoch=2701]
train:   0%|          | 0/1 [00:00<?, ?it/s, epoch=2702]
train:   0%|          | 0/1 [00:00<?, ?it/s, epoch=2703]
train:   0%|          | 0/1 [00:00<?, ?it/s, epoch=2704]
train:   0%|          | 0/1 [00:00<?, ?it/s, epoch=2705]
train:   0%|          | 0/1 [00:00<?, ?it/s, epoch=2706]
train:   0%|          | 0/1 [00:00<?, ?it/s, epoch=2707]
train:   0%|          | 0/1 [00:00<?, ?it/s, epoch=2708]
train:   0%|          | 0/1 [00:00<?, ?it/s, epoch=2709]
train:   0%|          | 0/1 [00:00<?, ?it/s, epoch=2710]
train:   0%|          | 0/1 [00:00<?, ?it/s, epoch=2711]
train:   0%|          | 0/1 [00:00<?, ?it/s, epoch=2712]
train:   0%|          | 0/1 [00:00<?, ?it/s, epoch=2713]
train:   0%|          | 0/1 [00:00<?, ?it/s, epoch=2714]
train:   0%|          | 0/1 [00:00<?, ?it/s, epoch=2715]
train:   0%|          | 0/1 [00:00<?, ?it/s, epoch=2716]
train:   0%|          | 0/1 [00:00<?, ?it/s, epoch=2717]
train:   0%|          | 0/1 [00:00<?, ?it/s, epoch=2718]
train:   0%|          | 0/1 [00:00<?, ?it/s, epoch=2719]
train:   0%|          | 0/1 [00:00<?, ?it/s, epoch=2720]
train:   0%|          | 0/1 [00:00<?, ?it/s, epoch=2721]
train:   0%|          | 0/1 [00:00<?, ?it/s, epoch=2722]
train:   0%|          | 0/1 [00:00<?, ?it/s, epoch=2723]
train:   0%|          | 0/1 [00:00<?, ?it/s, epoch=2724]
train:   0%|          | 0/1 [00:00<?, ?it/s, epoch=2725]
train:   0%|          | 0/1 [00:00<?, ?it/s, epoch=2726]
train:   0%|          | 0/1 [00:00<?, ?it/s, epoch=2727]
train:   0%|          | 0/1 [00:00<?, ?it/s, epoch=2728]
train:   0%|          | 0/1 [00:00<?, ?it/s, epoch=2729]
train:   0%|          | 0/1 [00:00<?, ?it/s, epoch=2730]
train:   0%|          | 0/1 [00:00<?, ?it/s, epoch=2731]
train:   0%|          | 0/1 [00:00<?, ?it/s, epoch=2732]
train:   0%|          | 0/1 [00:00<?, ?it/s, epoch=2733]
train:   0%|          | 0/1 [00:00<?, ?it/s, epoch=2734]
train:   0%|          | 0/1 [00:00<?, ?it/s, epoch=2735]
train:   0%|          | 0/1 [00:00<?, ?it/s, epoch=2736]
train:   0%|          | 0/1 [00:00<?, ?it/s, epoch=2737]
train:   0%|          | 0/1 [00:00<?, ?it/s, epoch=2738]
train:   0%|          | 0/1 [00:00<?, ?it/s, epoch=2739]
train:   0%|          | 0/1 [00:00<?, ?it/s, epoch=2740]
train:   0%|          | 0/1 [00:00<?, ?it/s, epoch=2741]
train:   0%|          | 0/1 [00:00<?, ?it/s, epoch=2742]
train:   0%|          | 0/1 [00:00<?, ?it/s, epoch=2743]
train:   0%|          | 0/1 [00:00<?, ?it/s, epoch=2744]
train:   0%|          | 0/1 [00:00<?, ?it/s, epoch=2745]
train:   0%|          | 0/1 [00:00<?, ?it/s, epoch=2746]
train:   0%|          | 0/1 [00:00<?, ?it/s, epoch=2747]
train:   0%|          | 0/1 [00:00<?, ?it/s, epoch=2748]
train:   0%|          | 0/1 [00:00<?, ?it/s, epoch=2749]
train:   0%|          | 0/1 [00:00<?, ?it/s, epoch=2750]
train:   0%|          | 0/1 [00:00<?, ?it/s, epoch=2751]
train:   0%|          | 0/1 [00:00<?, ?it/s, epoch=2752]
train:   0%|          | 0/1 [00:00<?, ?it/s, epoch=2753]
train:   0%|          | 0/1 [00:00<?, ?it/s, epoch=2754]
train:   0%|          | 0/1 [00:00<?, ?it/s, epoch=2755]
train:   0%|          | 0/1 [00:00<?, ?it/s, epoch=2756]
train:   0%|          | 0/1 [00:00<?, ?it/s, epoch=2757]
train:   0%|          | 0/1 [00:00<?, ?it/s, epoch=2758]
train:   0%|          | 0/1 [00:00<?, ?it/s, epoch=2759]
train:   0%|          | 0/1 [00:00<?, ?it/s, epoch=2760]
train:   0%|          | 0/1 [00:00<?, ?it/s, epoch=2761]
train:   0%|          | 0/1 [00:00<?, ?it/s, epoch=2762]
train:   0%|          | 0/1 [00:00<?, ?it/s, epoch=2763]
train:   0%|          | 0/1 [00:00<?, ?it/s, epoch=2764]
train:   0%|          | 0/1 [00:00<?, ?it/s, epoch=2765]
train:   0%|          | 0/1 [00:00<?, ?it/s, epoch=2766]
train:   0%|          | 0/1 [00:00<?, ?it/s, epoch=2767]
train:   0%|          | 0/1 [00:00<?, ?it/s, epoch=2768]
train:   0%|          | 0/1 [00:00<?, ?it/s, epoch=2769]
train:   0%|          | 0/1 [00:00<?, ?it/s, epoch=2770]
train:   0%|          | 0/1 [00:00<?, ?it/s, epoch=2771]
train:   0%|          | 0/1 [00:00<?, ?it/s, epoch=2772]
train:   0%|          | 0/1 [00:00<?, ?it/s, epoch=2773]
train:   0%|          | 0/1 [00:00<?, ?it/s, epoch=2774]
train:   0%|          | 0/1 [00:00<?, ?it/s, epoch=2775]
train:   0%|          | 0/1 [00:00<?, ?it/s, epoch=2776]
train:   0%|          | 0/1 [00:00<?, ?it/s, epoch=2777]
train:   0%|          | 0/1 [00:00<?, ?it/s, epoch=2778]
train:   0%|          | 0/1 [00:00<?, ?it/s, epoch=2779]
train:   0%|          | 0/1 [00:00<?, ?it/s, epoch=2780]
train:   0%|          | 0/1 [00:00<?, ?it/s, epoch=2781]
train:   0%|          | 0/1 [00:00<?, ?it/s, epoch=2782]
train:   0%|          | 0/1 [00:00<?, ?it/s, epoch=2783]
train:   0%|          | 0/1 [00:00<?, ?it/s, epoch=2784]
train:   0%|          | 0/1 [00:00<?, ?it/s, epoch=2785]
train:   0%|          | 0/1 [00:00<?, ?it/s, epoch=2786]
train:   0%|          | 0/1 [00:00<?, ?it/s, epoch=2787]
train:   0%|          | 0/1 [00:00<?, ?it/s, epoch=2788]
train:   0%|          | 0/1 [00:00<?, ?it/s, epoch=2789]
train:   0%|          | 0/1 [00:00<?, ?it/s, epoch=2790]
train:   0%|          | 0/1 [00:00<?, ?it/s, epoch=2791]
train:   0%|          | 0/1 [00:00<?, ?it/s, epoch=2792]
train:   0%|          | 0/1 [00:00<?, ?it/s, epoch=2793]
train:   0%|          | 0/1 [00:00<?, ?it/s, epoch=2794]
train:   0%|          | 0/1 [00:00<?, ?it/s, epoch=2795]
train:   0%|          | 0/1 [00:00<?, ?it/s, epoch=2796]
train:   0%|          | 0/1 [00:00<?, ?it/s, epoch=2797]
train:   0%|          | 0/1 [00:00<?, ?it/s, epoch=2798]
train:   0%|          | 0/1 [00:00<?, ?it/s, epoch=2799][[34m2026-03-23 23:23:06[0m] Step 2800 | Loss: 0.042920 | Timing: time/data_load: 0.000s, time/forward: 0.308s, time/loss_compute: 0.013s, time/discriminator: 0.000s, time/backward: 0.401s, time/optimizer: 0.036s, time/total_step: 0.767s
[BOTTLENECK] step 2800 | total_step 0.767s | time/data_load: 0.000s (0%) | time/forward: 0.308s (40%) | time/loss_compute: 0.013s (2%) | time/backward: 0.401s (52%) | time/optimizer: 0.036s (5%) | time/total_step: 0.767s (100%)
  -> at this rate 1000 steps ≈ 12.8 min
train:   0%|          | 0/1 [00:01<?, ?it/s, all=0.04, nll=0.03, nll_rec=0.02, nll_per=0.02, kl=0.01, gen=0.00, gen_w=0.00, disc=0.00, debug=0.00]
[[34m2026-03-23 23:23:06[0m] Running fixed per-frame evaluation at epoch 2800 (sequence name: EMO-1-shout+laugh)...
train:   0%|          | 0/1 [00:00<?, ?it/s, epoch=2800]
train:   0%|          | 0/1 [00:00<?, ?it/s, epoch=2801]
train:   0%|          | 0/1 [00:00<?, ?it/s, epoch=2802]
train:   0%|          | 0/1 [00:00<?, ?it/s, epoch=2803]
train:   0%|          | 0/1 [00:00<?, ?it/s, epoch=2804]
train:   0%|          | 0/1 [00:00<?, ?it/s, epoch=2805]
train:   0%|          | 0/1 [00:00<?, ?it/s, epoch=2806]
train:   0%|          | 0/1 [00:00<?, ?it/s, epoch=2807]
train:   0%|          | 0/1 [00:00<?, ?it/s, epoch=2808]
train:   0%|          | 0/1 [00:00<?, ?it/s, epoch=2809]
train:   0%|          | 0/1 [00:00<?, ?it/s, epoch=2810]
train:   0%|          | 0/1 [00:00<?, ?it/s, epoch=2811]
train:   0%|          | 0/1 [00:00<?, ?it/s, epoch=2812]
train:   0%|          | 0/1 [00:00<?, ?it/s, epoch=2813]
train:   0%|          | 0/1 [00:00<?, ?it/s, epoch=2814]
train:   0%|          | 0/1 [00:00<?, ?it/s, epoch=2815]
train:   0%|          | 0/1 [00:00<?, ?it/s, epoch=2816]
train:   0%|          | 0/1 [00:00<?, ?it/s, epoch=2817]
train:   0%|          | 0/1 [00:00<?, ?it/s, epoch=2818]
train:   0%|          | 0/1 [00:00<?, ?it/s, epoch=2819]
train:   0%|          | 0/1 [00:00<?, ?it/s, epoch=2820]
train:   0%|          | 0/1 [00:00<?, ?it/s, epoch=2821]
train:   0%|          | 0/1 [00:00<?, ?it/s, epoch=2822]
train:   0%|          | 0/1 [00:00<?, ?it/s, epoch=2823]
train:   0%|          | 0/1 [00:00<?, ?it/s, epoch=2824]
train:   0%|          | 0/1 [00:00<?, ?it/s, epoch=2825]
train:   0%|          | 0/1 [00:00<?, ?it/s, epoch=2826]
train:   0%|          | 0/1 [00:00<?, ?it/s, epoch=2827]
train:   0%|          | 0/1 [00:00<?, ?it/s, epoch=2828]
train:   0%|          | 0/1 [00:00<?, ?it/s, epoch=2829]
train:   0%|          | 0/1 [00:00<?, ?it/s, epoch=2830]
train:   0%|          | 0/1 [00:00<?, ?it/s, epoch=2831]
train:   0%|          | 0/1 [00:00<?, ?it/s, epoch=2832]
train:   0%|          | 0/1 [00:00<?, ?it/s, epoch=2833]
train:   0%|          | 0/1 [00:00<?, ?it/s, epoch=2834]
train:   0%|          | 0/1 [00:00<?, ?it/s, epoch=2835]
train:   0%|          | 0/1 [00:00<?, ?it/s, epoch=2836]
train:   0%|          | 0/1 [00:00<?, ?it/s, epoch=2837]
train:   0%|          | 0/1 [00:00<?, ?it/s, epoch=2838]
train:   0%|          | 0/1 [00:00<?, ?it/s, epoch=2839]
train:   0%|          | 0/1 [00:00<?, ?it/s, epoch=2840]
train:   0%|          | 0/1 [00:00<?, ?it/s, epoch=2841]
train:   0%|          | 0/1 [00:00<?, ?it/s, epoch=2842]
train:   0%|          | 0/1 [00:00<?, ?it/s, epoch=2843]
train:   0%|          | 0/1 [00:00<?, ?it/s, epoch=2844]
train:   0%|          | 0/1 [00:00<?, ?it/s, epoch=2845]
train:   0%|          | 0/1 [00:00<?, ?it/s, epoch=2846]
train:   0%|          | 0/1 [00:00<?, ?it/s, epoch=2847]
train:   0%|          | 0/1 [00:00<?, ?it/s, epoch=2848]
train:   0%|          | 0/1 [00:00<?, ?it/s, epoch=2849]
train:   0%|          | 0/1 [00:00<?, ?it/s, epoch=2850]
train:   0%|          | 0/1 [00:00<?, ?it/s, epoch=2851]
train:   0%|          | 0/1 [00:00<?, ?it/s, epoch=2852]
train:   0%|          | 0/1 [00:00<?, ?it/s, epoch=2853]
train:   0%|          | 0/1 [00:00<?, ?it/s, epoch=2854]
train:   0%|          | 0/1 [00:00<?, ?it/s, epoch=2855]
train:   0%|          | 0/1 [00:00<?, ?it/s, epoch=2856]
train:   0%|          | 0/1 [00:00<?, ?it/s, epoch=2857]
train:   0%|          | 0/1 [00:00<?, ?it/s, epoch=2858]
train:   0%|          | 0/1 [00:00<?, ?it/s, epoch=2859]
train:   0%|          | 0/1 [00:00<?, ?it/s, epoch=2860]
train:   0%|          | 0/1 [00:00<?, ?it/s, epoch=2861]
train:   0%|          | 0/1 [00:00<?, ?it/s, epoch=2862]
train:   0%|          | 0/1 [00:00<?, ?it/s, epoch=2863]
train:   0%|          | 0/1 [00:00<?, ?it/s, epoch=2864]
train:   0%|          | 0/1 [00:00<?, ?it/s, epoch=2865]
train:   0%|          | 0/1 [00:00<?, ?it/s, epoch=2866]
train:   0%|          | 0/1 [00:00<?, ?it/s, epoch=2867]
train:   0%|          | 0/1 [00:00<?, ?it/s, epoch=2868]
train:   0%|          | 0/1 [00:00<?, ?it/s, epoch=2869]
train:   0%|          | 0/1 [00:00<?, ?it/s, epoch=2870]
train:   0%|          | 0/1 [00:00<?, ?it/s, epoch=2871]
train:   0%|          | 0/1 [00:00<?, ?it/s, epoch=2872]
train:   0%|          | 0/1 [00:00<?, ?it/s, epoch=2873]
train:   0%|          | 0/1 [00:00<?, ?it/s, epoch=2874]
train:   0%|          | 0/1 [00:00<?, ?it/s, epoch=2875]
train:   0%|          | 0/1 [00:00<?, ?it/s, epoch=2876]
train:   0%|          | 0/1 [00:00<?, ?it/s, epoch=2877]
train:   0%|          | 0/1 [00:00<?, ?it/s, epoch=2878]
train:   0%|          | 0/1 [00:00<?, ?it/s, epoch=2879]
train:   0%|          | 0/1 [00:00<?, ?it/s, epoch=2880]
train:   0%|          | 0/1 [00:00<?, ?it/s, epoch=2881]
train:   0%|          | 0/1 [00:00<?, ?it/s, epoch=2882]
train:   0%|          | 0/1 [00:00<?, ?it/s, epoch=2883]
train:   0%|          | 0/1 [00:00<?, ?it/s, epoch=2884]
train:   0%|          | 0/1 [00:00<?, ?it/s, epoch=2885]
train:   0%|          | 0/1 [00:00<?, ?it/s, epoch=2886]
train:   0%|          | 0/1 [00:00<?, ?it/s, epoch=2887]
train:   0%|          | 0/1 [00:00<?, ?it/s, epoch=2888]
train:   0%|          | 0/1 [00:00<?, ?it/s, epoch=2889]
train:   0%|          | 0/1 [00:00<?, ?it/s, epoch=2890]
train:   0%|          | 0/1 [00:00<?, ?it/s, epoch=2891]
train:   0%|          | 0/1 [00:00<?, ?it/s, epoch=2892]
train:   0%|          | 0/1 [00:00<?, ?it/s, epoch=2893]
train:   0%|          | 0/1 [00:00<?, ?it/s, epoch=2894]
train:   0%|          | 0/1 [00:00<?, ?it/s, epoch=2895]
train:   0%|          | 0/1 [00:00<?, ?it/s, epoch=2896]
train:   0%|          | 0/1 [00:00<?, ?it/s, epoch=2897]
train:   0%|          | 0/1 [00:00<?, ?it/s, epoch=2898]
train:   0%|          | 0/1 [00:00<?, ?it/s, epoch=2899][[34m2026-03-23 23:24:38[0m] Step 2900 | Loss: 0.041934 | Timing: time/data_load: 0.000s, time/forward: 0.313s, time/loss_compute: 0.014s, time/discriminator: 0.000s, time/backward: 0.405s, time/optimizer: 0.036s, time/total_step: 0.775s
train:   0%|          | 0/1 [00:01<?, ?it/s, all=0.04, nll=0.03, nll_rec=0.02, nll_per=0.02, kl=0.01, gen=0.00, gen_w=0.00, disc=0.00, debug=0.00]
train:   0%|          | 0/1 [00:00<?, ?it/s, epoch=2900]
train:   0%|          | 0/1 [00:00<?, ?it/s, epoch=2901]
train:   0%|          | 0/1 [00:00<?, ?it/s, epoch=2902]
train:   0%|          | 0/1 [00:00<?, ?it/s, epoch=2903]
train:   0%|          | 0/1 [00:00<?, ?it/s, epoch=2904]
train:   0%|          | 0/1 [00:00<?, ?it/s, epoch=2905]
train:   0%|          | 0/1 [00:00<?, ?it/s, epoch=2906]
train:   0%|          | 0/1 [00:00<?, ?it/s, epoch=2907]
train:   0%|          | 0/1 [00:00<?, ?it/s, epoch=2908]
train:   0%|          | 0/1 [00:00<?, ?it/s, epoch=2909]
train:   0%|          | 0/1 [00:00<?, ?it/s, epoch=2910]
train:   0%|          | 0/1 [00:00<?, ?it/s, epoch=2911]
train:   0%|          | 0/1 [00:00<?, ?it/s, epoch=2912]
train:   0%|          | 0/1 [00:00<?, ?it/s, epoch=2913]
train:   0%|          | 0/1 [00:00<?, ?it/s, epoch=2914]
train:   0%|          | 0/1 [00:00<?, ?it/s, epoch=2915]
train:   0%|          | 0/1 [00:00<?, ?it/s, epoch=2916]
train:   0%|          | 0/1 [00:00<?, ?it/s, epoch=2917]
train:   0%|          | 0/1 [00:00<?, ?it/s, epoch=2918]
train:   0%|          | 0/1 [00:00<?, ?it/s, epoch=2919]
train:   0%|          | 0/1 [00:00<?, ?it/s, epoch=2920]
train:   0%|          | 0/1 [00:00<?, ?it/s, epoch=2921]
train:   0%|          | 0/1 [00:00<?, ?it/s, epoch=2922]
train:   0%|          | 0/1 [00:00<?, ?it/s, epoch=2923]
train:   0%|          | 0/1 [00:00<?, ?it/s, epoch=2924]
train:   0%|          | 0/1 [00:00<?, ?it/s, epoch=2925]
train:   0%|          | 0/1 [00:00<?, ?it/s, epoch=2926]
train:   0%|          | 0/1 [00:00<?, ?it/s, epoch=2927]
train:   0%|          | 0/1 [00:00<?, ?it/s, epoch=2928]
train:   0%|          | 0/1 [00:00<?, ?it/s, epoch=2929]
train:   0%|          | 0/1 [00:00<?, ?it/s, epoch=2930]
train:   0%|          | 0/1 [00:00<?, ?it/s, epoch=2931]
train:   0%|          | 0/1 [00:00<?, ?it/s, epoch=2932]
train:   0%|          | 0/1 [00:00<?, ?it/s, epoch=2933]
train:   0%|          | 0/1 [00:00<?, ?it/s, epoch=2934]
train:   0%|          | 0/1 [00:00<?, ?it/s, epoch=2935]
train:   0%|          | 0/1 [00:00<?, ?it/s, epoch=2936]
train:   0%|          | 0/1 [00:00<?, ?it/s, epoch=2937]
train:   0%|          | 0/1 [00:00<?, ?it/s, epoch=2938]
train:   0%|          | 0/1 [00:00<?, ?it/s, epoch=2939]
train:   0%|          | 0/1 [00:00<?, ?it/s, epoch=2940]
train:   0%|          | 0/1 [00:00<?, ?it/s, epoch=2941]
train:   0%|          | 0/1 [00:00<?, ?it/s, epoch=2942]
train:   0%|          | 0/1 [00:00<?, ?it/s, epoch=2943]
train:   0%|          | 0/1 [00:00<?, ?it/s, epoch=2944]
train:   0%|          | 0/1 [00:00<?, ?it/s, epoch=2945]
train:   0%|          | 0/1 [00:00<?, ?it/s, epoch=2946]
train:   0%|          | 0/1 [00:00<?, ?it/s, epoch=2947]
train:   0%|          | 0/1 [00:00<?, ?it/s, epoch=2948]
train:   0%|          | 0/1 [00:00<?, ?it/s, epoch=2949]
train:   0%|          | 0/1 [00:00<?, ?it/s, epoch=2950]
train:   0%|          | 0/1 [00:00<?, ?it/s, epoch=2951]
train:   0%|          | 0/1 [00:00<?, ?it/s, epoch=2952]
train:   0%|          | 0/1 [00:00<?, ?it/s, epoch=2953]
train:   0%|          | 0/1 [00:00<?, ?it/s, epoch=2954]
train:   0%|          | 0/1 [00:00<?, ?it/s, epoch=2955]
train:   0%|          | 0/1 [00:00<?, ?it/s, epoch=2956]
train:   0%|          | 0/1 [00:00<?, ?it/s, epoch=2957]
train:   0%|          | 0/1 [00:00<?, ?it/s, epoch=2958]
train:   0%|          | 0/1 [00:00<?, ?it/s, epoch=2959]
train:   0%|          | 0/1 [00:00<?, ?it/s, epoch=2960]
train:   0%|          | 0/1 [00:00<?, ?it/s, epoch=2961]
train:   0%|          | 0/1 [00:00<?, ?it/s, epoch=2962]
train:   0%|          | 0/1 [00:00<?, ?it/s, epoch=2963]
train:   0%|          | 0/1 [00:00<?, ?it/s, epoch=2964]
train:   0%|          | 0/1 [00:00<?, ?it/s, epoch=2965]
train:   0%|          | 0/1 [00:00<?, ?it/s, epoch=2966]
train:   0%|          | 0/1 [00:00<?, ?it/s, epoch=2967]
train:   0%|          | 0/1 [00:00<?, ?it/s, epoch=2968]
train:   0%|          | 0/1 [00:00<?, ?it/s, epoch=2969]
train:   0%|          | 0/1 [00:00<?, ?it/s, epoch=2970]
train:   0%|          | 0/1 [00:00<?, ?it/s, epoch=2971]
train:   0%|          | 0/1 [00:00<?, ?it/s, epoch=2972]
train:   0%|          | 0/1 [00:00<?, ?it/s, epoch=2973]
train:   0%|          | 0/1 [00:00<?, ?it/s, epoch=2974]
train:   0%|          | 0/1 [00:00<?, ?it/s, epoch=2975]
train:   0%|          | 0/1 [00:00<?, ?it/s, epoch=2976]
train:   0%|          | 0/1 [00:00<?, ?it/s, epoch=2977]
train:   0%|          | 0/1 [00:00<?, ?it/s, epoch=2978]
train:   0%|          | 0/1 [00:00<?, ?it/s, epoch=2979]
train:   0%|          | 0/1 [00:00<?, ?it/s, epoch=2980]
train:   0%|          | 0/1 [00:00<?, ?it/s, epoch=2981]
train:   0%|          | 0/1 [00:00<?, ?it/s, epoch=2982]
train:   0%|          | 0/1 [00:00<?, ?it/s, epoch=2983]
train:   0%|          | 0/1 [00:00<?, ?it/s, epoch=2984]
train:   0%|          | 0/1 [00:00<?, ?it/s, epoch=2985]
train:   0%|          | 0/1 [00:00<?, ?it/s, epoch=2986]
train:   0%|          | 0/1 [00:00<?, ?it/s, epoch=2987]
train:   0%|          | 0/1 [00:00<?, ?it/s, epoch=2988]
train:   0%|          | 0/1 [00:00<?, ?it/s, epoch=2989]
train:   0%|          | 0/1 [00:00<?, ?it/s, epoch=2990]
train:   0%|          | 0/1 [00:00<?, ?it/s, epoch=2991]
train:   0%|          | 0/1 [00:00<?, ?it/s, epoch=2992]
train:   0%|          | 0/1 [00:00<?, ?it/s, epoch=2993]
train:   0%|          | 0/1 [00:00<?, ?it/s, epoch=2994]
train:   0%|          | 0/1 [00:00<?, ?it/s, epoch=2995]
train:   0%|          | 0/1 [00:00<?, ?it/s, epoch=2996]
train:   0%|          | 0/1 [00:00<?, ?it/s, epoch=2997]
train:   0%|          | 0/1 [00:00<?, ?it/s, epoch=2998]
train:   0%|          | 0/1 [00:00<?, ?it/s, epoch=2999][[34m2026-03-23 23:26:10[0m] Step 3000 | Loss: 0.042527 | Timing: time/data_load: 0.000s, time/forward: 0.317s, time/loss_compute: 0.014s, time/discriminator: 0.000s, time/backward: 0.410s, time/optimizer: 0.037s, time/total_step: 0.786s
[BOTTLENECK] step 3000 | total_step 0.786s | time/data_load: 0.000s (0%) | time/forward: 0.317s (40%) | time/loss_compute: 0.014s (2%) | time/backward: 0.410s (52%) | time/optimizer: 0.037s (5%) | time/total_step: 0.786s (100%)
  -> at this rate 1000 steps ≈ 13.1 min
train:   0%|          | 0/1 [00:01<?, ?it/s, all=0.04, nll=0.03, nll_rec=0.02, nll_per=0.02, kl=0.01, gen=0.00, gen_w=0.00, disc=0.00, debug=0.00][[34m2026-03-23 23:26:11[0m] The model is going to be split to checkpoint shards. You can find where each parameters has been saved in the index located at model.safetensors.index.json.
[[34m2026-03-23 23:26:13[0m] Saved checkpoint at epoch 2999, step 1, global_step 3000 to outputs/self_attention_rank128/epoch2999-global_step3000
[[34m2026-03-23 23:26:13[0m] Removed old checkpoints and kept 3 latest ones.
[[34m2026-03-23 23:26:13[0m] Running full evaluation at step 3000 (train)...
[[34m2026-03-23 23:26:13[0m] Evaluation (train) - PSNR: 23.00 ± 0.75, SSIM: 0.9863 ± 0.0020, MSE: 0.005112 ± 0.000000
train:   0%|          | 0/1 [00:04<?, ?it/s, all=0.04, nll=0.03, nll_rec=0.02, nll_per=0.02, kl=0.01, gen=0.00, gen_w=0.00, disc=0.00, debug=0.00]
[[34m2026-03-23 23:26:14[0m] Running fixed per-frame evaluation at epoch 3000 (sequence name: EMO-1-shout+laugh)...
train:   0%|          | 0/1 [00:00<?, ?it/s, epoch=3000]
train:   0%|          | 0/1 [00:00<?, ?it/s, epoch=3001]
train:   0%|          | 0/1 [00:00<?, ?it/s, epoch=3002]
train:   0%|          | 0/1 [00:00<?, ?it/s, epoch=3003]
train:   0%|          | 0/1 [00:00<?, ?it/s, epoch=3004]
train:   0%|          | 0/1 [00:00<?, ?it/s, epoch=3005]
train:   0%|          | 0/1 [00:00<?, ?it/s, epoch=3006]
train:   0%|          | 0/1 [00:00<?, ?it/s, epoch=3007]
train:   0%|          | 0/1 [00:00<?, ?it/s, epoch=3008]
train:   0%|          | 0/1 [00:00<?, ?it/s, epoch=3009]
train:   0%|          | 0/1 [00:00<?, ?it/s, epoch=3010]
train:   0%|          | 0/1 [00:00<?, ?it/s, epoch=3011]
train:   0%|          | 0/1 [00:00<?, ?it/s, epoch=3012]
train:   0%|          | 0/1 [00:00<?, ?it/s, epoch=3013]
train:   0%|          | 0/1 [00:00<?, ?it/s, epoch=3014]
train:   0%|          | 0/1 [00:00<?, ?it/s, epoch=3015]
train:   0%|          | 0/1 [00:00<?, ?it/s, epoch=3016]
train:   0%|          | 0/1 [00:00<?, ?it/s, epoch=3017]
train:   0%|          | 0/1 [00:00<?, ?it/s, epoch=3018]
train:   0%|          | 0/1 [00:00<?, ?it/s, epoch=3019]
train:   0%|          | 0/1 [00:00<?, ?it/s, epoch=3020]
train:   0%|          | 0/1 [00:00<?, ?it/s, epoch=3021]
train:   0%|          | 0/1 [00:00<?, ?it/s, epoch=3022]
train:   0%|          | 0/1 [00:00<?, ?it/s, epoch=3023]
train:   0%|          | 0/1 [00:00<?, ?it/s, epoch=3024]
train:   0%|          | 0/1 [00:00<?, ?it/s, epoch=3025]
train:   0%|          | 0/1 [00:00<?, ?it/s, epoch=3026]
train:   0%|          | 0/1 [00:00<?, ?it/s, epoch=3027]
train:   0%|          | 0/1 [00:00<?, ?it/s, epoch=3028]
train:   0%|          | 0/1 [00:00<?, ?it/s, epoch=3029]
train:   0%|          | 0/1 [00:00<?, ?it/s, epoch=3030]
train:   0%|          | 0/1 [00:00<?, ?it/s, epoch=3031]
train:   0%|          | 0/1 [00:00<?, ?it/s, epoch=3032]
train:   0%|          | 0/1 [00:00<?, ?it/s, epoch=3033]
train:   0%|          | 0/1 [00:00<?, ?it/s, epoch=3034]
train:   0%|          | 0/1 [00:00<?, ?it/s, epoch=3035]
train:   0%|          | 0/1 [00:00<?, ?it/s, epoch=3036]
train:   0%|          | 0/1 [00:00<?, ?it/s, epoch=3037]
train:   0%|          | 0/1 [00:00<?, ?it/s, epoch=3038]
train:   0%|          | 0/1 [00:00<?, ?it/s, epoch=3039]
train:   0%|          | 0/1 [00:00<?, ?it/s, epoch=3040]
train:   0%|          | 0/1 [00:00<?, ?it/s, epoch=3041]
train:   0%|          | 0/1 [00:00<?, ?it/s, epoch=3042]
train:   0%|          | 0/1 [00:00<?, ?it/s, epoch=3043]
train:   0%|          | 0/1 [00:00<?, ?it/s, epoch=3044]
train:   0%|          | 0/1 [00:00<?, ?it/s, epoch=3045]
train:   0%|          | 0/1 [00:00<?, ?it/s, epoch=3046]
train:   0%|          | 0/1 [00:00<?, ?it/s, epoch=3047]
train:   0%|          | 0/1 [00:00<?, ?it/s, epoch=3048]
train:   0%|          | 0/1 [00:00<?, ?it/s, epoch=3049]
train:   0%|          | 0/1 [00:00<?, ?it/s, epoch=3050]
train:   0%|          | 0/1 [00:00<?, ?it/s, epoch=3051]
train:   0%|          | 0/1 [00:00<?, ?it/s, epoch=3052]
train:   0%|          | 0/1 [00:00<?, ?it/s, epoch=3053]
train:   0%|          | 0/1 [00:00<?, ?it/s, epoch=3054]
train:   0%|          | 0/1 [00:00<?, ?it/s, epoch=3055]
train:   0%|          | 0/1 [00:00<?, ?it/s, epoch=3056]
train:   0%|          | 0/1 [00:00<?, ?it/s, epoch=3057]
train:   0%|          | 0/1 [00:00<?, ?it/s, epoch=3058]
train:   0%|          | 0/1 [00:00<?, ?it/s, epoch=3059]
train:   0%|          | 0/1 [00:00<?, ?it/s, epoch=3060]
train:   0%|          | 0/1 [00:00<?, ?it/s, epoch=3061]
train:   0%|          | 0/1 [00:00<?, ?it/s, epoch=3062]
train:   0%|          | 0/1 [00:00<?, ?it/s, epoch=3063]
train:   0%|          | 0/1 [00:00<?, ?it/s, epoch=3064]
train:   0%|          | 0/1 [00:00<?, ?it/s, epoch=3065]
train:   0%|          | 0/1 [00:00<?, ?it/s, epoch=3066]
train:   0%|          | 0/1 [00:00<?, ?it/s, epoch=3067]
train:   0%|          | 0/1 [00:00<?, ?it/s, epoch=3068]
train:   0%|          | 0/1 [00:00<?, ?it/s, epoch=3069]
train:   0%|          | 0/1 [00:00<?, ?it/s, epoch=3070]
train:   0%|          | 0/1 [00:00<?, ?it/s, epoch=3071]
train:   0%|          | 0/1 [00:00<?, ?it/s, epoch=3072]
train:   0%|          | 0/1 [00:00<?, ?it/s, epoch=3073]
train:   0%|          | 0/1 [00:00<?, ?it/s, epoch=3074]
train:   0%|          | 0/1 [00:00<?, ?it/s, epoch=3075]
train:   0%|          | 0/1 [00:00<?, ?it/s, epoch=3076]
train:   0%|          | 0/1 [00:00<?, ?it/s, epoch=3077]
train:   0%|          | 0/1 [00:00<?, ?it/s, epoch=3078]
train:   0%|          | 0/1 [00:00<?, ?it/s, epoch=3079]
train:   0%|          | 0/1 [00:00<?, ?it/s, epoch=3080]
train:   0%|          | 0/1 [00:00<?, ?it/s, epoch=3081]
train:   0%|          | 0/1 [00:00<?, ?it/s, epoch=3082]
train:   0%|          | 0/1 [00:00<?, ?it/s, epoch=3083]
train:   0%|          | 0/1 [00:00<?, ?it/s, epoch=3084]
train:   0%|          | 0/1 [00:00<?, ?it/s, epoch=3085]
train:   0%|          | 0/1 [00:00<?, ?it/s, epoch=3086]
train:   0%|          | 0/1 [00:00<?, ?it/s, epoch=3087]
train:   0%|          | 0/1 [00:00<?, ?it/s, epoch=3088]
train:   0%|          | 0/1 [00:00<?, ?it/s, epoch=3089]
train:   0%|          | 0/1 [00:00<?, ?it/s, epoch=3090]
train:   0%|          | 0/1 [00:00<?, ?it/s, epoch=3091]
train:   0%|          | 0/1 [00:00<?, ?it/s, epoch=3092]
train:   0%|          | 0/1 [00:00<?, ?it/s, epoch=3093]
train:   0%|          | 0/1 [00:00<?, ?it/s, epoch=3094]
train:   0%|          | 0/1 [00:00<?, ?it/s, epoch=3095]
train:   0%|          | 0/1 [00:00<?, ?it/s, epoch=3096]
train:   0%|          | 0/1 [00:00<?, ?it/s, epoch=3097]
train:   0%|          | 0/1 [00:00<?, ?it/s, epoch=3098]
train:   0%|          | 0/1 [00:00<?, ?it/s, epoch=3099][[34m2026-03-23 23:27:47[0m] Step 3100 | Loss: 0.040835 | Timing: time/data_load: 0.000s, time/forward: 0.313s, time/loss_compute: 0.013s, time/discriminator: 0.000s, time/backward: 0.407s, time/optimizer: 0.036s, time/total_step: 0.777s
train:   0%|          | 0/1 [00:01<?, ?it/s, all=0.04, nll=0.03, nll_rec=0.02, nll_per=0.02, kl=0.01, gen=0.00, gen_w=0.00, disc=0.00, debug=0.00]
train:   0%|          | 0/1 [00:00<?, ?it/s, epoch=3100]
train:   0%|          | 0/1 [00:00<?, ?it/s, epoch=3101]
train:   0%|          | 0/1 [00:00<?, ?it/s, epoch=3102]
train:   0%|          | 0/1 [00:00<?, ?it/s, epoch=3103]
train:   0%|          | 0/1 [00:00<?, ?it/s, epoch=3104]
train:   0%|          | 0/1 [00:00<?, ?it/s, epoch=3105]
train:   0%|          | 0/1 [00:00<?, ?it/s, epoch=3106]
train:   0%|          | 0/1 [00:00<?, ?it/s, epoch=3107]
train:   0%|          | 0/1 [00:00<?, ?it/s, epoch=3108]
train:   0%|          | 0/1 [00:00<?, ?it/s, epoch=3109]
train:   0%|          | 0/1 [00:00<?, ?it/s, epoch=3110]
train:   0%|          | 0/1 [00:00<?, ?it/s, epoch=3111]
train:   0%|          | 0/1 [00:00<?, ?it/s, epoch=3112]
train:   0%|          | 0/1 [00:00<?, ?it/s, epoch=3113]
train:   0%|          | 0/1 [00:00<?, ?it/s, epoch=3114]
train:   0%|          | 0/1 [00:00<?, ?it/s, epoch=3115]
train:   0%|          | 0/1 [00:00<?, ?it/s, epoch=3116]
train:   0%|          | 0/1 [00:00<?, ?it/s, epoch=3117]
train:   0%|          | 0/1 [00:00<?, ?it/s, epoch=3118]
train:   0%|          | 0/1 [00:00<?, ?it/s, epoch=3119]
train:   0%|          | 0/1 [00:00<?, ?it/s, epoch=3120]
train:   0%|          | 0/1 [00:00<?, ?it/s, epoch=3121]
train:   0%|          | 0/1 [00:00<?, ?it/s, epoch=3122]
train:   0%|          | 0/1 [00:00<?, ?it/s, epoch=3123]
train:   0%|          | 0/1 [00:00<?, ?it/s, epoch=3124]
train:   0%|          | 0/1 [00:00<?, ?it/s, epoch=3125]
train:   0%|          | 0/1 [00:00<?, ?it/s, epoch=3126]
train:   0%|          | 0/1 [00:00<?, ?it/s, epoch=3127]
train:   0%|          | 0/1 [00:00<?, ?it/s, epoch=3128]
train:   0%|          | 0/1 [00:00<?, ?it/s, epoch=3129]
train:   0%|          | 0/1 [00:00<?, ?it/s, epoch=3130]
train:   0%|          | 0/1 [00:00<?, ?it/s, epoch=3131]
train:   0%|          | 0/1 [00:00<?, ?it/s, epoch=3132]
train:   0%|          | 0/1 [00:00<?, ?it/s, epoch=3133]
train:   0%|          | 0/1 [00:00<?, ?it/s, epoch=3134]
train:   0%|          | 0/1 [00:00<?, ?it/s, epoch=3135]
train:   0%|          | 0/1 [00:00<?, ?it/s, epoch=3136]
train:   0%|          | 0/1 [00:00<?, ?it/s, epoch=3137]
train:   0%|          | 0/1 [00:00<?, ?it/s, epoch=3138]
train:   0%|          | 0/1 [00:00<?, ?it/s, epoch=3139]
train:   0%|          | 0/1 [00:00<?, ?it/s, epoch=3140]
train:   0%|          | 0/1 [00:00<?, ?it/s, epoch=3141]
train:   0%|          | 0/1 [00:00<?, ?it/s, epoch=3142]
train:   0%|          | 0/1 [00:00<?, ?it/s, epoch=3143]
train:   0%|          | 0/1 [00:00<?, ?it/s, epoch=3144]
train:   0%|          | 0/1 [00:00<?, ?it/s, epoch=3145]
train:   0%|          | 0/1 [00:00<?, ?it/s, epoch=3146]
train:   0%|          | 0/1 [00:00<?, ?it/s, epoch=3147]
train:   0%|          | 0/1 [00:00<?, ?it/s, epoch=3148]
train:   0%|          | 0/1 [00:00<?, ?it/s, epoch=3149]
train:   0%|          | 0/1 [00:00<?, ?it/s, epoch=3150]
train:   0%|          | 0/1 [00:00<?, ?it/s, epoch=3151]
train:   0%|          | 0/1 [00:00<?, ?it/s, epoch=3152]
train:   0%|          | 0/1 [00:00<?, ?it/s, epoch=3153]
train:   0%|          | 0/1 [00:00<?, ?it/s, epoch=3154]
train:   0%|          | 0/1 [00:00<?, ?it/s, epoch=3155]
train:   0%|          | 0/1 [00:00<?, ?it/s, epoch=3156]
train:   0%|          | 0/1 [00:00<?, ?it/s, epoch=3157]
train:   0%|          | 0/1 [00:00<?, ?it/s, epoch=3158]
train:   0%|          | 0/1 [00:00<?, ?it/s, epoch=3159]
train:   0%|          | 0/1 [00:00<?, ?it/s, epoch=3160]
train:   0%|          | 0/1 [00:00<?, ?it/s, epoch=3161]
train:   0%|          | 0/1 [00:00<?, ?it/s, epoch=3162]
train:   0%|          | 0/1 [00:00<?, ?it/s, epoch=3163]
train:   0%|          | 0/1 [00:00<?, ?it/s, epoch=3164]
train:   0%|          | 0/1 [00:00<?, ?it/s, epoch=3165]
train:   0%|          | 0/1 [00:00<?, ?it/s, epoch=3166]
train:   0%|          | 0/1 [00:00<?, ?it/s, epoch=3167]
train:   0%|          | 0/1 [00:00<?, ?it/s, epoch=3168]
train:   0%|          | 0/1 [00:00<?, ?it/s, epoch=3169]
train:   0%|          | 0/1 [00:00<?, ?it/s, epoch=3170]
train:   0%|          | 0/1 [00:00<?, ?it/s, epoch=3171]
train:   0%|          | 0/1 [00:00<?, ?it/s, epoch=3172]
train:   0%|          | 0/1 [00:00<?, ?it/s, epoch=3173]
train:   0%|          | 0/1 [00:00<?, ?it/s, epoch=3174]
train:   0%|          | 0/1 [00:00<?, ?it/s, epoch=3175]
train:   0%|          | 0/1 [00:00<?, ?it/s, epoch=3176]
train:   0%|          | 0/1 [00:00<?, ?it/s, epoch=3177]
train:   0%|          | 0/1 [00:00<?, ?it/s, epoch=3178]
train:   0%|          | 0/1 [00:00<?, ?it/s, epoch=3179]
train:   0%|          | 0/1 [00:00<?, ?it/s, epoch=3180]
train:   0%|          | 0/1 [00:00<?, ?it/s, epoch=3181]
train:   0%|          | 0/1 [00:00<?, ?it/s, epoch=3182]
train:   0%|          | 0/1 [00:00<?, ?it/s, epoch=3183]
train:   0%|          | 0/1 [00:00<?, ?it/s, epoch=3184]
train:   0%|          | 0/1 [00:00<?, ?it/s, epoch=3185]
train:   0%|          | 0/1 [00:00<?, ?it/s, epoch=3186]
train:   0%|          | 0/1 [00:00<?, ?it/s, epoch=3187]
train:   0%|          | 0/1 [00:00<?, ?it/s, epoch=3188]
train:   0%|          | 0/1 [00:00<?, ?it/s, epoch=3189]
train:   0%|          | 0/1 [00:00<?, ?it/s, epoch=3190]
train:   0%|          | 0/1 [00:00<?, ?it/s, epoch=3191]
train:   0%|          | 0/1 [00:00<?, ?it/s, epoch=3192]
train:   0%|          | 0/1 [00:00<?, ?it/s, epoch=3193]
train:   0%|          | 0/1 [00:00<?, ?it/s, epoch=3194]
train:   0%|          | 0/1 [00:00<?, ?it/s, epoch=3195]
train:   0%|          | 0/1 [00:00<?, ?it/s, epoch=3196]
train:   0%|          | 0/1 [00:00<?, ?it/s, epoch=3197]
train:   0%|          | 0/1 [00:00<?, ?it/s, epoch=3198]
train:   0%|          | 0/1 [00:00<?, ?it/s, epoch=3199][[34m2026-03-23 23:29:18[0m] Step 3200 | Loss: 0.040793 | Timing: time/data_load: 0.000s, time/forward: 0.313s, time/loss_compute: 0.013s, time/discriminator: 0.000s, time/backward: 0.408s, time/optimizer: 0.036s, time/total_step: 0.778s
[BOTTLENECK] step 3200 | total_step 0.778s | time/data_load: 0.000s (0%) | time/forward: 0.313s (40%) | time/loss_compute: 0.013s (2%) | time/backward: 0.408s (52%) | time/optimizer: 0.036s (5%) | time/total_step: 0.778s (100%)
  -> at this rate 1000 steps ≈ 13.0 min
train:   0%|          | 0/1 [00:01<?, ?it/s, all=0.04, nll=0.03, nll_rec=0.02, nll_per=0.02, kl=0.01, gen=0.00, gen_w=0.00, disc=0.00, debug=0.00]
[[34m2026-03-23 23:29:18[0m] Running fixed per-frame evaluation at epoch 3200 (sequence name: EMO-1-shout+laugh)...
train:   0%|          | 0/1 [00:00<?, ?it/s, epoch=3200]
train:   0%|          | 0/1 [00:00<?, ?it/s, epoch=3201]
train:   0%|          | 0/1 [00:00<?, ?it/s, epoch=3202]
train:   0%|          | 0/1 [00:00<?, ?it/s, epoch=3203]
train:   0%|          | 0/1 [00:00<?, ?it/s, epoch=3204]
train:   0%|          | 0/1 [00:00<?, ?it/s, epoch=3205]
train:   0%|          | 0/1 [00:00<?, ?it/s, epoch=3206]
train:   0%|          | 0/1 [00:00<?, ?it/s, epoch=3207]
train:   0%|          | 0/1 [00:00<?, ?it/s, epoch=3208]
train:   0%|          | 0/1 [00:00<?, ?it/s, epoch=3209]
train:   0%|          | 0/1 [00:00<?, ?it/s, epoch=3210]
train:   0%|          | 0/1 [00:00<?, ?it/s, epoch=3211]
train:   0%|          | 0/1 [00:00<?, ?it/s, epoch=3212]
train:   0%|          | 0/1 [00:00<?, ?it/s, epoch=3213]
train:   0%|          | 0/1 [00:00<?, ?it/s, epoch=3214]
train:   0%|          | 0/1 [00:00<?, ?it/s, epoch=3215]
train:   0%|          | 0/1 [00:00<?, ?it/s, epoch=3216]
train:   0%|          | 0/1 [00:00<?, ?it/s, epoch=3217]
train:   0%|          | 0/1 [00:00<?, ?it/s, epoch=3218]
train:   0%|          | 0/1 [00:00<?, ?it/s, epoch=3219]
train:   0%|          | 0/1 [00:00<?, ?it/s, epoch=3220]
train:   0%|          | 0/1 [00:00<?, ?it/s, epoch=3221]
train:   0%|          | 0/1 [00:00<?, ?it/s, epoch=3222]
train:   0%|          | 0/1 [00:00<?, ?it/s, epoch=3223]
train:   0%|          | 0/1 [00:00<?, ?it/s, epoch=3224]
train:   0%|          | 0/1 [00:00<?, ?it/s, epoch=3225]
train:   0%|          | 0/1 [00:00<?, ?it/s, epoch=3226]
train:   0%|          | 0/1 [00:00<?, ?it/s, epoch=3227]
train:   0%|          | 0/1 [00:00<?, ?it/s, epoch=3228]
train:   0%|          | 0/1 [00:00<?, ?it/s, epoch=3229]
train:   0%|          | 0/1 [00:00<?, ?it/s, epoch=3230]
train:   0%|          | 0/1 [00:00<?, ?it/s, epoch=3231]
train:   0%|          | 0/1 [00:00<?, ?it/s, epoch=3232]
train:   0%|          | 0/1 [00:00<?, ?it/s, epoch=3233]
train:   0%|          | 0/1 [00:00<?, ?it/s, epoch=3234]
train:   0%|          | 0/1 [00:00<?, ?it/s, epoch=3235]
train:   0%|          | 0/1 [00:00<?, ?it/s, epoch=3236]
train:   0%|          | 0/1 [00:00<?, ?it/s, epoch=3237]
train:   0%|          | 0/1 [00:00<?, ?it/s, epoch=3238]
train:   0%|          | 0/1 [00:00<?, ?it/s, epoch=3239]
train:   0%|          | 0/1 [00:00<?, ?it/s, epoch=3240]
train:   0%|          | 0/1 [00:00<?, ?it/s, epoch=3241]
train:   0%|          | 0/1 [00:00<?, ?it/s, epoch=3242]
train:   0%|          | 0/1 [00:00<?, ?it/s, epoch=3243]
train:   0%|          | 0/1 [00:00<?, ?it/s, epoch=3244]
train:   0%|          | 0/1 [00:00<?, ?it/s, epoch=3245]
train:   0%|          | 0/1 [00:00<?, ?it/s, epoch=3246]
train:   0%|          | 0/1 [00:00<?, ?it/s, epoch=3247]
train:   0%|          | 0/1 [00:00<?, ?it/s, epoch=3248]
train:   0%|          | 0/1 [00:00<?, ?it/s, epoch=3249]
train:   0%|          | 0/1 [00:00<?, ?it/s, epoch=3250]
train:   0%|          | 0/1 [00:00<?, ?it/s, epoch=3251]
train:   0%|          | 0/1 [00:00<?, ?it/s, epoch=3252]
train:   0%|          | 0/1 [00:00<?, ?it/s, epoch=3253]
train:   0%|          | 0/1 [00:00<?, ?it/s, epoch=3254]
train:   0%|          | 0/1 [00:00<?, ?it/s, epoch=3255]
train:   0%|          | 0/1 [00:00<?, ?it/s, epoch=3256]
train:   0%|          | 0/1 [00:00<?, ?it/s, epoch=3257]
train:   0%|          | 0/1 [00:00<?, ?it/s, epoch=3258]
train:   0%|          | 0/1 [00:00<?, ?it/s, epoch=3259]
train:   0%|          | 0/1 [00:00<?, ?it/s, epoch=3260]
train:   0%|          | 0/1 [00:00<?, ?it/s, epoch=3261]
train:   0%|          | 0/1 [00:00<?, ?it/s, epoch=3262]
train:   0%|          | 0/1 [00:00<?, ?it/s, epoch=3263]
train:   0%|          | 0/1 [00:00<?, ?it/s, epoch=3264]
train:   0%|          | 0/1 [00:00<?, ?it/s, epoch=3265]
train:   0%|          | 0/1 [00:00<?, ?it/s, epoch=3266]
train:   0%|          | 0/1 [00:00<?, ?it/s, epoch=3267]
train:   0%|          | 0/1 [00:00<?, ?it/s, epoch=3268]
train:   0%|          | 0/1 [00:00<?, ?it/s, epoch=3269]
train:   0%|          | 0/1 [00:00<?, ?it/s, epoch=3270]
train:   0%|          | 0/1 [00:00<?, ?it/s, epoch=3271]
train:   0%|          | 0/1 [00:00<?, ?it/s, epoch=3272]
train:   0%|          | 0/1 [00:00<?, ?it/s, epoch=3273]
train:   0%|          | 0/1 [00:00<?, ?it/s, epoch=3274]
train:   0%|          | 0/1 [00:00<?, ?it/s, epoch=3275]
train:   0%|          | 0/1 [00:00<?, ?it/s, epoch=3276]
train:   0%|          | 0/1 [00:00<?, ?it/s, epoch=3277]
train:   0%|          | 0/1 [00:00<?, ?it/s, epoch=3278]
train:   0%|          | 0/1 [00:00<?, ?it/s, epoch=3279]
train:   0%|          | 0/1 [00:00<?, ?it/s, epoch=3280]
train:   0%|          | 0/1 [00:00<?, ?it/s, epoch=3281]
train:   0%|          | 0/1 [00:00<?, ?it/s, epoch=3282]
train:   0%|          | 0/1 [00:00<?, ?it/s, epoch=3283]
train:   0%|          | 0/1 [00:00<?, ?it/s, epoch=3284]
train:   0%|          | 0/1 [00:00<?, ?it/s, epoch=3285]
train:   0%|          | 0/1 [00:00<?, ?it/s, epoch=3286]
train:   0%|          | 0/1 [00:00<?, ?it/s, epoch=3287]
train:   0%|          | 0/1 [00:00<?, ?it/s, epoch=3288]
train:   0%|          | 0/1 [00:00<?, ?it/s, epoch=3289]
train:   0%|          | 0/1 [00:00<?, ?it/s, epoch=3290]
train:   0%|          | 0/1 [00:00<?, ?it/s, epoch=3291]
train:   0%|          | 0/1 [00:00<?, ?it/s, epoch=3292]
train:   0%|          | 0/1 [00:00<?, ?it/s, epoch=3293]
train:   0%|          | 0/1 [00:00<?, ?it/s, epoch=3294]
train:   0%|          | 0/1 [00:00<?, ?it/s, epoch=3295]
train:   0%|          | 0/1 [00:00<?, ?it/s, epoch=3296]
train:   0%|          | 0/1 [00:00<?, ?it/s, epoch=3297]
train:   0%|          | 0/1 [00:00<?, ?it/s, epoch=3298]
train:   0%|          | 0/1 [00:00<?, ?it/s, epoch=3299][[34m2026-03-23 23:30:54[0m] Step 3300 | Loss: 0.041248 | Timing: time/data_load: 0.000s, time/forward: 0.329s, time/loss_compute: 0.016s, time/discriminator: 0.000s, time/backward: 0.422s, time/optimizer: 0.038s, time/total_step: 0.812s
train:   0%|          | 0/1 [00:01<?, ?it/s, all=0.04, nll=0.03, nll_rec=0.02, nll_per=0.02, kl=0.01, gen=0.00, gen_w=0.00, disc=0.00, debug=0.00]
train:   0%|          | 0/1 [00:00<?, ?it/s, epoch=3300]
train:   0%|          | 0/1 [00:00<?, ?it/s, epoch=3301]
train:   0%|          | 0/1 [00:00<?, ?it/s, epoch=3302]
train:   0%|          | 0/1 [00:00<?, ?it/s, epoch=3303]
train:   0%|          | 0/1 [00:00<?, ?it/s, epoch=3304]
train:   0%|          | 0/1 [00:00<?, ?it/s, epoch=3305]
train:   0%|          | 0/1 [00:00<?, ?it/s, epoch=3306]
train:   0%|          | 0/1 [00:00<?, ?it/s, epoch=3307]
train:   0%|          | 0/1 [00:00<?, ?it/s, epoch=3308]
train:   0%|          | 0/1 [00:00<?, ?it/s, epoch=3309]
train:   0%|          | 0/1 [00:00<?, ?it/s, epoch=3310]
train:   0%|          | 0/1 [00:00<?, ?it/s, epoch=3311]
train:   0%|          | 0/1 [00:00<?, ?it/s, epoch=3312]
train:   0%|          | 0/1 [00:00<?, ?it/s, epoch=3313]
train:   0%|          | 0/1 [00:00<?, ?it/s, epoch=3314]
train:   0%|          | 0/1 [00:00<?, ?it/s, epoch=3315]
train:   0%|          | 0/1 [00:00<?, ?it/s, epoch=3316]
train:   0%|          | 0/1 [00:00<?, ?it/s, epoch=3317]
train:   0%|          | 0/1 [00:00<?, ?it/s, epoch=3318]
train:   0%|          | 0/1 [00:00<?, ?it/s, epoch=3319]
train:   0%|          | 0/1 [00:00<?, ?it/s, epoch=3320]
train:   0%|          | 0/1 [00:00<?, ?it/s, epoch=3321]
train:   0%|          | 0/1 [00:00<?, ?it/s, epoch=3322]
train:   0%|          | 0/1 [00:00<?, ?it/s, epoch=3323]
train:   0%|          | 0/1 [00:00<?, ?it/s, epoch=3324]
train:   0%|          | 0/1 [00:00<?, ?it/s, epoch=3325]
train:   0%|          | 0/1 [00:00<?, ?it/s, epoch=3326]
train:   0%|          | 0/1 [00:00<?, ?it/s, epoch=3327]
train:   0%|          | 0/1 [00:00<?, ?it/s, epoch=3328]
train:   0%|          | 0/1 [00:00<?, ?it/s, epoch=3329]
train:   0%|          | 0/1 [00:00<?, ?it/s, epoch=3330]
train:   0%|          | 0/1 [00:00<?, ?it/s, epoch=3331]
train:   0%|          | 0/1 [00:00<?, ?it/s, epoch=3332]
train:   0%|          | 0/1 [00:00<?, ?it/s, epoch=3333]
train:   0%|          | 0/1 [00:00<?, ?it/s, epoch=3334]
train:   0%|          | 0/1 [00:00<?, ?it/s, epoch=3335]
train:   0%|          | 0/1 [00:00<?, ?it/s, epoch=3336]
train:   0%|          | 0/1 [00:00<?, ?it/s, epoch=3337]
train:   0%|          | 0/1 [00:00<?, ?it/s, epoch=3338]
train:   0%|          | 0/1 [00:00<?, ?it/s, epoch=3339]
train:   0%|          | 0/1 [00:00<?, ?it/s, epoch=3340]
train:   0%|          | 0/1 [00:00<?, ?it/s, epoch=3341]
train:   0%|          | 0/1 [00:00<?, ?it/s, epoch=3342]
train:   0%|          | 0/1 [00:00<?, ?it/s, epoch=3343]
train:   0%|          | 0/1 [00:00<?, ?it/s, epoch=3344]
train:   0%|          | 0/1 [00:00<?, ?it/s, epoch=3345]
train:   0%|          | 0/1 [00:00<?, ?it/s, epoch=3346]
train:   0%|          | 0/1 [00:00<?, ?it/s, epoch=3347]
train:   0%|          | 0/1 [00:00<?, ?it/s, epoch=3348]
train:   0%|          | 0/1 [00:00<?, ?it/s, epoch=3349]
train:   0%|          | 0/1 [00:00<?, ?it/s, epoch=3350]
train:   0%|          | 0/1 [00:00<?, ?it/s, epoch=3351]
train:   0%|          | 0/1 [00:00<?, ?it/s, epoch=3352]
train:   0%|          | 0/1 [00:00<?, ?it/s, epoch=3353]
train:   0%|          | 0/1 [00:00<?, ?it/s, epoch=3354]
train:   0%|          | 0/1 [00:00<?, ?it/s, epoch=3355]
train:   0%|          | 0/1 [00:00<?, ?it/s, epoch=3356]
train:   0%|          | 0/1 [00:00<?, ?it/s, epoch=3357]
train:   0%|          | 0/1 [00:00<?, ?it/s, epoch=3358]
train:   0%|          | 0/1 [00:00<?, ?it/s, epoch=3359]
train:   0%|          | 0/1 [00:00<?, ?it/s, epoch=3360]
train:   0%|          | 0/1 [00:00<?, ?it/s, epoch=3361]
train:   0%|          | 0/1 [00:00<?, ?it/s, epoch=3362]
train:   0%|          | 0/1 [00:00<?, ?it/s, epoch=3363]
train:   0%|          | 0/1 [00:00<?, ?it/s, epoch=3364]
train:   0%|          | 0/1 [00:00<?, ?it/s, epoch=3365]
train:   0%|          | 0/1 [00:00<?, ?it/s, epoch=3366]
train:   0%|          | 0/1 [00:00<?, ?it/s, epoch=3367]
train:   0%|          | 0/1 [00:00<?, ?it/s, epoch=3368]
train:   0%|          | 0/1 [00:00<?, ?it/s, epoch=3369]
train:   0%|          | 0/1 [00:00<?, ?it/s, epoch=3370]
train:   0%|          | 0/1 [00:00<?, ?it/s, epoch=3371]
train:   0%|          | 0/1 [00:00<?, ?it/s, epoch=3372]
train:   0%|          | 0/1 [00:00<?, ?it/s, epoch=3373]
train:   0%|          | 0/1 [00:00<?, ?it/s, epoch=3374]
train:   0%|          | 0/1 [00:00<?, ?it/s, epoch=3375]
train:   0%|          | 0/1 [00:00<?, ?it/s, epoch=3376]
train:   0%|          | 0/1 [00:00<?, ?it/s, epoch=3377]
train:   0%|          | 0/1 [00:00<?, ?it/s, epoch=3378]
train:   0%|          | 0/1 [00:00<?, ?it/s, epoch=3379]
train:   0%|          | 0/1 [00:00<?, ?it/s, epoch=3380]
train:   0%|          | 0/1 [00:00<?, ?it/s, epoch=3381]
train:   0%|          | 0/1 [00:00<?, ?it/s, epoch=3382]
train:   0%|          | 0/1 [00:00<?, ?it/s, epoch=3383]
train:   0%|          | 0/1 [00:00<?, ?it/s, epoch=3384]
train:   0%|          | 0/1 [00:00<?, ?it/s, epoch=3385]
train:   0%|          | 0/1 [00:00<?, ?it/s, epoch=3386]
train:   0%|          | 0/1 [00:00<?, ?it/s, epoch=3387]
train:   0%|          | 0/1 [00:00<?, ?it/s, epoch=3388]
train:   0%|          | 0/1 [00:00<?, ?it/s, epoch=3389]
train:   0%|          | 0/1 [00:00<?, ?it/s, epoch=3390]
train:   0%|          | 0/1 [00:00<?, ?it/s, epoch=3391]
train:   0%|          | 0/1 [00:00<?, ?it/s, epoch=3392]
train:   0%|          | 0/1 [00:00<?, ?it/s, epoch=3393]
train:   0%|          | 0/1 [00:00<?, ?it/s, epoch=3394]
train:   0%|          | 0/1 [00:00<?, ?it/s, epoch=3395]
train:   0%|          | 0/1 [00:00<?, ?it/s, epoch=3396]
train:   0%|          | 0/1 [00:00<?, ?it/s, epoch=3397]
train:   0%|          | 0/1 [00:00<?, ?it/s, epoch=3398]
train:   0%|          | 0/1 [00:00<?, ?it/s, epoch=3399][[34m2026-03-23 23:32:31[0m] Step 3400 | Loss: 0.040347 | Timing: time/data_load: 0.000s, time/forward: 0.333s, time/loss_compute: 0.016s, time/discriminator: 0.000s, time/backward: 0.424s, time/optimizer: 0.038s, time/total_step: 0.820s
[BOTTLENECK] step 3400 | total_step 0.820s | time/data_load: 0.000s (0%) | time/forward: 0.333s (41%) | time/loss_compute: 0.016s (2%) | time/backward: 0.424s (52%) | time/optimizer: 0.038s (5%) | time/total_step: 0.820s (100%)
  -> at this rate 1000 steps ≈ 13.7 min
train:   0%|          | 0/1 [00:01<?, ?it/s, all=0.04, nll=0.03, nll_rec=0.02, nll_per=0.02, kl=0.01, gen=0.00, gen_w=0.00, disc=0.00, debug=0.00]
[[34m2026-03-23 23:32:31[0m] Running fixed per-frame evaluation at epoch 3400 (sequence name: EMO-1-shout+laugh)...
train:   0%|          | 0/1 [00:00<?, ?it/s, epoch=3400]
train:   0%|          | 0/1 [00:00<?, ?it/s, epoch=3401]
train:   0%|          | 0/1 [00:00<?, ?it/s, epoch=3402]
train:   0%|          | 0/1 [00:00<?, ?it/s, epoch=3403]
train:   0%|          | 0/1 [00:00<?, ?it/s, epoch=3404]
train:   0%|          | 0/1 [00:00<?, ?it/s, epoch=3405]
train:   0%|          | 0/1 [00:00<?, ?it/s, epoch=3406]
train:   0%|          | 0/1 [00:00<?, ?it/s, epoch=3407]
train:   0%|          | 0/1 [00:00<?, ?it/s, epoch=3408]
train:   0%|          | 0/1 [00:00<?, ?it/s, epoch=3409]
train:   0%|          | 0/1 [00:00<?, ?it/s, epoch=3410]
train:   0%|          | 0/1 [00:00<?, ?it/s, epoch=3411]
train:   0%|          | 0/1 [00:00<?, ?it/s, epoch=3412]
train:   0%|          | 0/1 [00:00<?, ?it/s, epoch=3413]
train:   0%|          | 0/1 [00:00<?, ?it/s, epoch=3414]
train:   0%|          | 0/1 [00:00<?, ?it/s, epoch=3415]
train:   0%|          | 0/1 [00:00<?, ?it/s, epoch=3416]
train:   0%|          | 0/1 [00:00<?, ?it/s, epoch=3417]
train:   0%|          | 0/1 [00:00<?, ?it/s, epoch=3418]
train:   0%|          | 0/1 [00:00<?, ?it/s, epoch=3419]
train:   0%|          | 0/1 [00:00<?, ?it/s, epoch=3420]
train:   0%|          | 0/1 [00:00<?, ?it/s, epoch=3421]
train:   0%|          | 0/1 [00:00<?, ?it/s, epoch=3422]
train:   0%|          | 0/1 [00:00<?, ?it/s, epoch=3423]
train:   0%|          | 0/1 [00:00<?, ?it/s, epoch=3424]
train:   0%|          | 0/1 [00:00<?, ?it/s, epoch=3425]
train:   0%|          | 0/1 [00:00<?, ?it/s, epoch=3426]
train:   0%|          | 0/1 [00:00<?, ?it/s, epoch=3427]
train:   0%|          | 0/1 [00:00<?, ?it/s, epoch=3428]
train:   0%|          | 0/1 [00:00<?, ?it/s, epoch=3429]
train:   0%|          | 0/1 [00:00<?, ?it/s, epoch=3430]
train:   0%|          | 0/1 [00:00<?, ?it/s, epoch=3431]
train:   0%|          | 0/1 [00:00<?, ?it/s, epoch=3432]
train:   0%|          | 0/1 [00:00<?, ?it/s, epoch=3433]
train:   0%|          | 0/1 [00:00<?, ?it/s, epoch=3434]
train:   0%|          | 0/1 [00:00<?, ?it/s, epoch=3435]
train:   0%|          | 0/1 [00:00<?, ?it/s, epoch=3436]
train:   0%|          | 0/1 [00:00<?, ?it/s, epoch=3437]
train:   0%|          | 0/1 [00:00<?, ?it/s, epoch=3438]
train:   0%|          | 0/1 [00:00<?, ?it/s, epoch=3439]
train:   0%|          | 0/1 [00:00<?, ?it/s, epoch=3440]
train:   0%|          | 0/1 [00:00<?, ?it/s, epoch=3441]
train:   0%|          | 0/1 [00:00<?, ?it/s, epoch=3442]
train:   0%|          | 0/1 [00:00<?, ?it/s, epoch=3443]
train:   0%|          | 0/1 [00:00<?, ?it/s, epoch=3444]
train:   0%|          | 0/1 [00:00<?, ?it/s, epoch=3445]
train:   0%|          | 0/1 [00:00<?, ?it/s, epoch=3446]
train:   0%|          | 0/1 [00:00<?, ?it/s, epoch=3447]
train:   0%|          | 0/1 [00:00<?, ?it/s, epoch=3448]
train:   0%|          | 0/1 [00:00<?, ?it/s, epoch=3449]
train:   0%|          | 0/1 [00:00<?, ?it/s, epoch=3450]
train:   0%|          | 0/1 [00:00<?, ?it/s, epoch=3451]
train:   0%|          | 0/1 [00:00<?, ?it/s, epoch=3452]
train:   0%|          | 0/1 [00:00<?, ?it/s, epoch=3453]
train:   0%|          | 0/1 [00:00<?, ?it/s, epoch=3454]
train:   0%|          | 0/1 [00:00<?, ?it/s, epoch=3455]
train:   0%|          | 0/1 [00:00<?, ?it/s, epoch=3456]
train:   0%|          | 0/1 [00:00<?, ?it/s, epoch=3457]
train:   0%|          | 0/1 [00:00<?, ?it/s, epoch=3458]
train:   0%|          | 0/1 [00:00<?, ?it/s, epoch=3459]
train:   0%|          | 0/1 [00:00<?, ?it/s, epoch=3460]
train:   0%|          | 0/1 [00:00<?, ?it/s, epoch=3461]
train:   0%|          | 0/1 [00:00<?, ?it/s, epoch=3462]
train:   0%|          | 0/1 [00:00<?, ?it/s, epoch=3463]
train:   0%|          | 0/1 [00:00<?, ?it/s, epoch=3464]
train:   0%|          | 0/1 [00:00<?, ?it/s, epoch=3465]
train:   0%|          | 0/1 [00:00<?, ?it/s, epoch=3466]
train:   0%|          | 0/1 [00:00<?, ?it/s, epoch=3467]
train:   0%|          | 0/1 [00:00<?, ?it/s, epoch=3468]
train:   0%|          | 0/1 [00:00<?, ?it/s, epoch=3469]
train:   0%|          | 0/1 [00:00<?, ?it/s, epoch=3470]
train:   0%|          | 0/1 [00:00<?, ?it/s, epoch=3471]
train:   0%|          | 0/1 [00:00<?, ?it/s, epoch=3472]
train:   0%|          | 0/1 [00:00<?, ?it/s, epoch=3473]
train:   0%|          | 0/1 [00:00<?, ?it/s, epoch=3474]
train:   0%|          | 0/1 [00:00<?, ?it/s, epoch=3475]
train:   0%|          | 0/1 [00:00<?, ?it/s, epoch=3476]
train:   0%|          | 0/1 [00:00<?, ?it/s, epoch=3477]
train:   0%|          | 0/1 [00:00<?, ?it/s, epoch=3478]
train:   0%|          | 0/1 [00:00<?, ?it/s, epoch=3479]
train:   0%|          | 0/1 [00:00<?, ?it/s, epoch=3480]
train:   0%|          | 0/1 [00:00<?, ?it/s, epoch=3481]
train:   0%|          | 0/1 [00:00<?, ?it/s, epoch=3482]
train:   0%|          | 0/1 [00:00<?, ?it/s, epoch=3483]
train:   0%|          | 0/1 [00:00<?, ?it/s, epoch=3484]
train:   0%|          | 0/1 [00:00<?, ?it/s, epoch=3485]
train:   0%|          | 0/1 [00:00<?, ?it/s, epoch=3486]
train:   0%|          | 0/1 [00:00<?, ?it/s, epoch=3487]
train:   0%|          | 0/1 [00:00<?, ?it/s, epoch=3488]
train:   0%|          | 0/1 [00:00<?, ?it/s, epoch=3489]
train:   0%|          | 0/1 [00:00<?, ?it/s, epoch=3490]
train:   0%|          | 0/1 [00:00<?, ?it/s, epoch=3491]
train:   0%|          | 0/1 [00:00<?, ?it/s, epoch=3492]
train:   0%|          | 0/1 [00:00<?, ?it/s, epoch=3493]
train:   0%|          | 0/1 [00:00<?, ?it/s, epoch=3494]
train:   0%|          | 0/1 [00:00<?, ?it/s, epoch=3495]
train:   0%|          | 0/1 [00:00<?, ?it/s, epoch=3496]
train:   0%|          | 0/1 [00:00<?, ?it/s, epoch=3497]
train:   0%|          | 0/1 [00:00<?, ?it/s, epoch=3498]
train:   0%|          | 0/1 [00:00<?, ?it/s, epoch=3499][[34m2026-03-23 23:34:08[0m] Step 3500 | Loss: 0.040605 | Timing: time/data_load: 0.000s, time/forward: 0.337s, time/loss_compute: 0.017s, time/discriminator: 0.000s, time/backward: 0.428s, time/optimizer: 0.038s, time/total_step: 0.828s
train:   0%|          | 0/1 [00:01<?, ?it/s, all=0.04, nll=0.03, nll_rec=0.02, nll_per=0.02, kl=0.01, gen=0.00, gen_w=0.00, disc=0.00, debug=0.00][[34m2026-03-23 23:34:10[0m] The model is going to be split to checkpoint shards. You can find where each parameters has been saved in the index located at model.safetensors.index.json.
[[34m2026-03-23 23:34:11[0m] Saved checkpoint at epoch 3499, step 1, global_step 3500 to outputs/self_attention_rank128/epoch3499-global_step3500
[[34m2026-03-23 23:34:11[0m] Removed old checkpoints and kept 3 latest ones.
train:   0%|          | 0/1 [00:04<?, ?it/s, all=0.04, nll=0.03, nll_rec=0.02, nll_per=0.02, kl=0.01, gen=0.00, gen_w=0.00, disc=0.00, debug=0.00]
train:   0%|          | 0/1 [00:00<?, ?it/s, epoch=3500]
train:   0%|          | 0/1 [00:00<?, ?it/s, epoch=3501]
train:   0%|          | 0/1 [00:00<?, ?it/s, epoch=3502]
train:   0%|          | 0/1 [00:00<?, ?it/s, epoch=3503]
train:   0%|          | 0/1 [00:00<?, ?it/s, epoch=3504]
train:   0%|          | 0/1 [00:00<?, ?it/s, epoch=3505]
train:   0%|          | 0/1 [00:00<?, ?it/s, epoch=3506]
train:   0%|          | 0/1 [00:00<?, ?it/s, epoch=3507]
train:   0%|          | 0/1 [00:00<?, ?it/s, epoch=3508]
train:   0%|          | 0/1 [00:00<?, ?it/s, epoch=3509]
train:   0%|          | 0/1 [00:00<?, ?it/s, epoch=3510]
train:   0%|          | 0/1 [00:00<?, ?it/s, epoch=3511]
train:   0%|          | 0/1 [00:00<?, ?it/s, epoch=3512]
train:   0%|          | 0/1 [00:00<?, ?it/s, epoch=3513]
train:   0%|          | 0/1 [00:00<?, ?it/s, epoch=3514]
train:   0%|          | 0/1 [00:00<?, ?it/s, epoch=3515]
train:   0%|          | 0/1 [00:00<?, ?it/s, epoch=3516]
train:   0%|          | 0/1 [00:00<?, ?it/s, epoch=3517]
train:   0%|          | 0/1 [00:00<?, ?it/s, epoch=3518]
train:   0%|          | 0/1 [00:00<?, ?it/s, epoch=3519]
train:   0%|          | 0/1 [00:00<?, ?it/s, epoch=3520]
train:   0%|          | 0/1 [00:00<?, ?it/s, epoch=3521]
train:   0%|          | 0/1 [00:00<?, ?it/s, epoch=3522]
train:   0%|          | 0/1 [00:00<?, ?it/s, epoch=3523]
train:   0%|          | 0/1 [00:00<?, ?it/s, epoch=3524]
train:   0%|          | 0/1 [00:00<?, ?it/s, epoch=3525]
train:   0%|          | 0/1 [00:00<?, ?it/s, epoch=3526]
train:   0%|          | 0/1 [00:00<?, ?it/s, epoch=3527]
train:   0%|          | 0/1 [00:00<?, ?it/s, epoch=3528]
train:   0%|          | 0/1 [00:00<?, ?it/s, epoch=3529]
train:   0%|          | 0/1 [00:00<?, ?it/s, epoch=3530]
train:   0%|          | 0/1 [00:00<?, ?it/s, epoch=3531]
train:   0%|          | 0/1 [00:00<?, ?it/s, epoch=3532]
train:   0%|          | 0/1 [00:00<?, ?it/s, epoch=3533]
train:   0%|          | 0/1 [00:00<?, ?it/s, epoch=3534]
train:   0%|          | 0/1 [00:00<?, ?it/s, epoch=3535]
train:   0%|          | 0/1 [00:00<?, ?it/s, epoch=3536]
train:   0%|          | 0/1 [00:00<?, ?it/s, epoch=3537]
train:   0%|          | 0/1 [00:00<?, ?it/s, epoch=3538]
train:   0%|          | 0/1 [00:00<?, ?it/s, epoch=3539]
train:   0%|          | 0/1 [00:00<?, ?it/s, epoch=3540]
train:   0%|          | 0/1 [00:00<?, ?it/s, epoch=3541]
train:   0%|          | 0/1 [00:00<?, ?it/s, epoch=3542]
train:   0%|          | 0/1 [00:00<?, ?it/s, epoch=3543]
train:   0%|          | 0/1 [00:00<?, ?it/s, epoch=3544]
train:   0%|          | 0/1 [00:00<?, ?it/s, epoch=3545]
train:   0%|          | 0/1 [00:00<?, ?it/s, epoch=3546]
train:   0%|          | 0/1 [00:00<?, ?it/s, epoch=3547]
train:   0%|          | 0/1 [00:00<?, ?it/s, epoch=3548]
train:   0%|          | 0/1 [00:00<?, ?it/s, epoch=3549]
train:   0%|          | 0/1 [00:00<?, ?it/s, epoch=3550]
train:   0%|          | 0/1 [00:00<?, ?it/s, epoch=3551]
train:   0%|          | 0/1 [00:00<?, ?it/s, epoch=3552]
train:   0%|          | 0/1 [00:00<?, ?it/s, epoch=3553]
train:   0%|          | 0/1 [00:00<?, ?it/s, epoch=3554]
train:   0%|          | 0/1 [00:00<?, ?it/s, epoch=3555]
train:   0%|          | 0/1 [00:00<?, ?it/s, epoch=3556]
train:   0%|          | 0/1 [00:00<?, ?it/s, epoch=3557]
train:   0%|          | 0/1 [00:00<?, ?it/s, epoch=3558]
train:   0%|          | 0/1 [00:00<?, ?it/s, epoch=3559]
train:   0%|          | 0/1 [00:00<?, ?it/s, epoch=3560]
train:   0%|          | 0/1 [00:00<?, ?it/s, epoch=3561]
train:   0%|          | 0/1 [00:00<?, ?it/s, epoch=3562]
train:   0%|          | 0/1 [00:00<?, ?it/s, epoch=3563]
train:   0%|          | 0/1 [00:00<?, ?it/s, epoch=3564]
train:   0%|          | 0/1 [00:00<?, ?it/s, epoch=3565]
train:   0%|          | 0/1 [00:00<?, ?it/s, epoch=3566]
train:   0%|          | 0/1 [00:00<?, ?it/s, epoch=3567]
train:   0%|          | 0/1 [00:00<?, ?it/s, epoch=3568]
train:   0%|          | 0/1 [00:00<?, ?it/s, epoch=3569]
train:   0%|          | 0/1 [00:00<?, ?it/s, epoch=3570]
train:   0%|          | 0/1 [00:00<?, ?it/s, epoch=3571]
train:   0%|          | 0/1 [00:00<?, ?it/s, epoch=3572]
train:   0%|          | 0/1 [00:00<?, ?it/s, epoch=3573]
train:   0%|          | 0/1 [00:00<?, ?it/s, epoch=3574]
train:   0%|          | 0/1 [00:00<?, ?it/s, epoch=3575]
train:   0%|          | 0/1 [00:00<?, ?it/s, epoch=3576]
train:   0%|          | 0/1 [00:00<?, ?it/s, epoch=3577]
train:   0%|          | 0/1 [00:00<?, ?it/s, epoch=3578]
train:   0%|          | 0/1 [00:00<?, ?it/s, epoch=3579]
train:   0%|          | 0/1 [00:00<?, ?it/s, epoch=3580]
train:   0%|          | 0/1 [00:00<?, ?it/s, epoch=3581]
train:   0%|          | 0/1 [00:00<?, ?it/s, epoch=3582]
train:   0%|          | 0/1 [00:00<?, ?it/s, epoch=3583]
train:   0%|          | 0/1 [00:00<?, ?it/s, epoch=3584]
train:   0%|          | 0/1 [00:00<?, ?it/s, epoch=3585]
train:   0%|          | 0/1 [00:00<?, ?it/s, epoch=3586]
train:   0%|          | 0/1 [00:00<?, ?it/s, epoch=3587]
train:   0%|          | 0/1 [00:00<?, ?it/s, epoch=3588]
train:   0%|          | 0/1 [00:00<?, ?it/s, epoch=3589]
train:   0%|          | 0/1 [00:00<?, ?it/s, epoch=3590]
train:   0%|          | 0/1 [00:00<?, ?it/s, epoch=3591]
train:   0%|          | 0/1 [00:00<?, ?it/s, epoch=3592]
train:   0%|          | 0/1 [00:00<?, ?it/s, epoch=3593]
train:   0%|          | 0/1 [00:00<?, ?it/s, epoch=3594]
train:   0%|          | 0/1 [00:00<?, ?it/s, epoch=3595]
train:   0%|          | 0/1 [00:00<?, ?it/s, epoch=3596]
train:   0%|          | 0/1 [00:00<?, ?it/s, epoch=3597]
train:   0%|          | 0/1 [00:00<?, ?it/s, epoch=3598]
train:   0%|          | 0/1 [00:00<?, ?it/s, epoch=3599][[34m2026-03-23 23:35:45[0m] Step 3600 | Loss: 0.041063 | Timing: time/data_load: 0.000s, time/forward: 0.322s, time/loss_compute: 0.014s, time/discriminator: 0.000s, time/backward: 0.413s, time/optimizer: 0.037s, time/total_step: 0.795s
[BOTTLENECK] step 3600 | total_step 0.795s | time/data_load: 0.000s (0%) | time/forward: 0.322s (41%) | time/loss_compute: 0.014s (2%) | time/backward: 0.413s (52%) | time/optimizer: 0.037s (5%) | time/total_step: 0.795s (100%)
  -> at this rate 1000 steps ≈ 13.2 min
train:   0%|          | 0/1 [00:01<?, ?it/s, all=0.04, nll=0.03, nll_rec=0.02, nll_per=0.02, kl=0.01, gen=0.00, gen_w=0.00, disc=0.00, debug=0.00]
[[34m2026-03-23 23:35:45[0m] Running fixed per-frame evaluation at epoch 3600 (sequence name: EMO-1-shout+laugh)...
train:   0%|          | 0/1 [00:00<?, ?it/s, epoch=3600]
train:   0%|          | 0/1 [00:00<?, ?it/s, epoch=3601]
train:   0%|          | 0/1 [00:00<?, ?it/s, epoch=3602]
train:   0%|          | 0/1 [00:00<?, ?it/s, epoch=3603]
train:   0%|          | 0/1 [00:00<?, ?it/s, epoch=3604]
train:   0%|          | 0/1 [00:00<?, ?it/s, epoch=3605]
train:   0%|          | 0/1 [00:00<?, ?it/s, epoch=3606]
train:   0%|          | 0/1 [00:00<?, ?it/s, epoch=3607]
train:   0%|          | 0/1 [00:00<?, ?it/s, epoch=3608]
train:   0%|          | 0/1 [00:00<?, ?it/s, epoch=3609]
train:   0%|          | 0/1 [00:00<?, ?it/s, epoch=3610]
train:   0%|          | 0/1 [00:00<?, ?it/s, epoch=3611]
train:   0%|          | 0/1 [00:00<?, ?it/s, epoch=3612]
train:   0%|          | 0/1 [00:00<?, ?it/s, epoch=3613]
train:   0%|          | 0/1 [00:00<?, ?it/s, epoch=3614]
train:   0%|          | 0/1 [00:00<?, ?it/s, epoch=3615]
train:   0%|          | 0/1 [00:00<?, ?it/s, epoch=3616]
train:   0%|          | 0/1 [00:00<?, ?it/s, epoch=3617]
train:   0%|          | 0/1 [00:00<?, ?it/s, epoch=3618]
train:   0%|          | 0/1 [00:00<?, ?it/s, epoch=3619]
train:   0%|          | 0/1 [00:00<?, ?it/s, epoch=3620]
train:   0%|          | 0/1 [00:00<?, ?it/s, epoch=3621]
train:   0%|          | 0/1 [00:00<?, ?it/s, epoch=3622]
train:   0%|          | 0/1 [00:00<?, ?it/s, epoch=3623]
train:   0%|          | 0/1 [00:00<?, ?it/s, epoch=3624]
train:   0%|          | 0/1 [00:00<?, ?it/s, epoch=3625]
train:   0%|          | 0/1 [00:00<?, ?it/s, epoch=3626]
train:   0%|          | 0/1 [00:00<?, ?it/s, epoch=3627]
train:   0%|          | 0/1 [00:00<?, ?it/s, epoch=3628]
train:   0%|          | 0/1 [00:00<?, ?it/s, epoch=3629]
train:   0%|          | 0/1 [00:00<?, ?it/s, epoch=3630]
train:   0%|          | 0/1 [00:00<?, ?it/s, epoch=3631]
train:   0%|          | 0/1 [00:00<?, ?it/s, epoch=3632]
train:   0%|          | 0/1 [00:00<?, ?it/s, epoch=3633]
train:   0%|          | 0/1 [00:00<?, ?it/s, epoch=3634]
train:   0%|          | 0/1 [00:00<?, ?it/s, epoch=3635]
train:   0%|          | 0/1 [00:00<?, ?it/s, epoch=3636]
train:   0%|          | 0/1 [00:00<?, ?it/s, epoch=3637]
train:   0%|          | 0/1 [00:00<?, ?it/s, epoch=3638]
train:   0%|          | 0/1 [00:00<?, ?it/s, epoch=3639]
train:   0%|          | 0/1 [00:00<?, ?it/s, epoch=3640]
train:   0%|          | 0/1 [00:00<?, ?it/s, epoch=3641]
train:   0%|          | 0/1 [00:00<?, ?it/s, epoch=3642]
train:   0%|          | 0/1 [00:00<?, ?it/s, epoch=3643]
train:   0%|          | 0/1 [00:00<?, ?it/s, epoch=3644]
train:   0%|          | 0/1 [00:00<?, ?it/s, epoch=3645]
train:   0%|          | 0/1 [00:00<?, ?it/s, epoch=3646]
train:   0%|          | 0/1 [00:00<?, ?it/s, epoch=3647]
train:   0%|          | 0/1 [00:00<?, ?it/s, epoch=3648]
train:   0%|          | 0/1 [00:00<?, ?it/s, epoch=3649]
train:   0%|          | 0/1 [00:00<?, ?it/s, epoch=3650]
train:   0%|          | 0/1 [00:00<?, ?it/s, epoch=3651]
train:   0%|          | 0/1 [00:00<?, ?it/s, epoch=3652]
train:   0%|          | 0/1 [00:00<?, ?it/s, epoch=3653]
train:   0%|          | 0/1 [00:00<?, ?it/s, epoch=3654]
train:   0%|          | 0/1 [00:00<?, ?it/s, epoch=3655]
train:   0%|          | 0/1 [00:00<?, ?it/s, epoch=3656]
train:   0%|          | 0/1 [00:00<?, ?it/s, epoch=3657]
train:   0%|          | 0/1 [00:00<?, ?it/s, epoch=3658]
train:   0%|          | 0/1 [00:00<?, ?it/s, epoch=3659]
train:   0%|          | 0/1 [00:00<?, ?it/s, epoch=3660]
train:   0%|          | 0/1 [00:00<?, ?it/s, epoch=3661]
train:   0%|          | 0/1 [00:00<?, ?it/s, epoch=3662]
train:   0%|          | 0/1 [00:00<?, ?it/s, epoch=3663]
train:   0%|          | 0/1 [00:00<?, ?it/s, epoch=3664]
train:   0%|          | 0/1 [00:00<?, ?it/s, epoch=3665]
train:   0%|          | 0/1 [00:00<?, ?it/s, epoch=3666]
train:   0%|          | 0/1 [00:00<?, ?it/s, epoch=3667]
train:   0%|          | 0/1 [00:00<?, ?it/s, epoch=3668]
train:   0%|          | 0/1 [00:00<?, ?it/s, epoch=3669]
train:   0%|          | 0/1 [00:00<?, ?it/s, epoch=3670]
train:   0%|          | 0/1 [00:00<?, ?it/s, epoch=3671]
train:   0%|          | 0/1 [00:00<?, ?it/s, epoch=3672]
train:   0%|          | 0/1 [00:00<?, ?it/s, epoch=3673]
train:   0%|          | 0/1 [00:00<?, ?it/s, epoch=3674]
train:   0%|          | 0/1 [00:00<?, ?it/s, epoch=3675]
train:   0%|          | 0/1 [00:00<?, ?it/s, epoch=3676]
train:   0%|          | 0/1 [00:00<?, ?it/s, epoch=3677]
train:   0%|          | 0/1 [00:00<?, ?it/s, epoch=3678]
train:   0%|          | 0/1 [00:00<?, ?it/s, epoch=3679]
train:   0%|          | 0/1 [00:00<?, ?it/s, epoch=3680]
train:   0%|          | 0/1 [00:00<?, ?it/s, epoch=3681]
train:   0%|          | 0/1 [00:00<?, ?it/s, epoch=3682]
train:   0%|          | 0/1 [00:00<?, ?it/s, epoch=3683]
train:   0%|          | 0/1 [00:00<?, ?it/s, epoch=3684]
train:   0%|          | 0/1 [00:00<?, ?it/s, epoch=3685]
train:   0%|          | 0/1 [00:00<?, ?it/s, epoch=3686]
train:   0%|          | 0/1 [00:00<?, ?it/s, epoch=3687]
train:   0%|          | 0/1 [00:00<?, ?it/s, epoch=3688]
train:   0%|          | 0/1 [00:00<?, ?it/s, epoch=3689]
train:   0%|          | 0/1 [00:00<?, ?it/s, epoch=3690]
train:   0%|          | 0/1 [00:00<?, ?it/s, epoch=3691]
train:   0%|          | 0/1 [00:00<?, ?it/s, epoch=3692]
train:   0%|          | 0/1 [00:00<?, ?it/s, epoch=3693]
train:   0%|          | 0/1 [00:00<?, ?it/s, epoch=3694]
train:   0%|          | 0/1 [00:00<?, ?it/s, epoch=3695]
train:   0%|          | 0/1 [00:00<?, ?it/s, epoch=3696]
train:   0%|          | 0/1 [00:00<?, ?it/s, epoch=3697]
train:   0%|          | 0/1 [00:00<?, ?it/s, epoch=3698]
train:   0%|          | 0/1 [00:00<?, ?it/s, epoch=3699][[34m2026-03-23 23:37:20[0m] Step 3700 | Loss: 0.040636 | Timing: time/data_load: 0.000s, time/forward: 0.322s, time/loss_compute: 0.014s, time/discriminator: 0.000s, time/backward: 0.414s, time/optimizer: 0.037s, time/total_step: 0.794s
train:   0%|          | 0/1 [00:01<?, ?it/s, all=0.04, nll=0.03, nll_rec=0.02, nll_per=0.02, kl=0.01, gen=0.00, gen_w=0.00, disc=0.00, debug=0.00]
train:   0%|          | 0/1 [00:00<?, ?it/s, epoch=3700]
train:   0%|          | 0/1 [00:00<?, ?it/s, epoch=3701]
train:   0%|          | 0/1 [00:00<?, ?it/s, epoch=3702]
train:   0%|          | 0/1 [00:00<?, ?it/s, epoch=3703]
train:   0%|          | 0/1 [00:00<?, ?it/s, epoch=3704]
train:   0%|          | 0/1 [00:00<?, ?it/s, epoch=3705]
train:   0%|          | 0/1 [00:00<?, ?it/s, epoch=3706]
train:   0%|          | 0/1 [00:00<?, ?it/s, epoch=3707]
train:   0%|          | 0/1 [00:00<?, ?it/s, epoch=3708]
train:   0%|          | 0/1 [00:00<?, ?it/s, epoch=3709]
train:   0%|          | 0/1 [00:00<?, ?it/s, epoch=3710]
train:   0%|          | 0/1 [00:00<?, ?it/s, epoch=3711]
train:   0%|          | 0/1 [00:00<?, ?it/s, epoch=3712]
train:   0%|          | 0/1 [00:00<?, ?it/s, epoch=3713]
train:   0%|          | 0/1 [00:00<?, ?it/s, epoch=3714]
train:   0%|          | 0/1 [00:00<?, ?it/s, epoch=3715]
train:   0%|          | 0/1 [00:00<?, ?it/s, epoch=3716]
train:   0%|          | 0/1 [00:00<?, ?it/s, epoch=3717]
train:   0%|          | 0/1 [00:00<?, ?it/s, epoch=3718]
train:   0%|          | 0/1 [00:00<?, ?it/s, epoch=3719]
train:   0%|          | 0/1 [00:00<?, ?it/s, epoch=3720]
train:   0%|          | 0/1 [00:00<?, ?it/s, epoch=3721]
train:   0%|          | 0/1 [00:00<?, ?it/s, epoch=3722]
train:   0%|          | 0/1 [00:00<?, ?it/s, epoch=3723]
train:   0%|          | 0/1 [00:00<?, ?it/s, epoch=3724]
train:   0%|          | 0/1 [00:00<?, ?it/s, epoch=3725]
train:   0%|          | 0/1 [00:00<?, ?it/s, epoch=3726]
train:   0%|          | 0/1 [00:00<?, ?it/s, epoch=3727]
train:   0%|          | 0/1 [00:00<?, ?it/s, epoch=3728]
train:   0%|          | 0/1 [00:00<?, ?it/s, epoch=3729]
train:   0%|          | 0/1 [00:00<?, ?it/s, epoch=3730]
train:   0%|          | 0/1 [00:00<?, ?it/s, epoch=3731]
train:   0%|          | 0/1 [00:00<?, ?it/s, epoch=3732]
train:   0%|          | 0/1 [00:00<?, ?it/s, epoch=3733]
train:   0%|          | 0/1 [00:00<?, ?it/s, epoch=3734]
train:   0%|          | 0/1 [00:00<?, ?it/s, epoch=3735]
train:   0%|          | 0/1 [00:00<?, ?it/s, epoch=3736]
train:   0%|          | 0/1 [00:00<?, ?it/s, epoch=3737]
train:   0%|          | 0/1 [00:00<?, ?it/s, epoch=3738]
train:   0%|          | 0/1 [00:00<?, ?it/s, epoch=3739]
train:   0%|          | 0/1 [00:00<?, ?it/s, epoch=3740]
train:   0%|          | 0/1 [00:00<?, ?it/s, epoch=3741]
train:   0%|          | 0/1 [00:00<?, ?it/s, epoch=3742]
train:   0%|          | 0/1 [00:00<?, ?it/s, epoch=3743]
train:   0%|          | 0/1 [00:00<?, ?it/s, epoch=3744]
train:   0%|          | 0/1 [00:00<?, ?it/s, epoch=3745]
train:   0%|          | 0/1 [00:00<?, ?it/s, epoch=3746]
train:   0%|          | 0/1 [00:00<?, ?it/s, epoch=3747]
train:   0%|          | 0/1 [00:00<?, ?it/s, epoch=3748]
train:   0%|          | 0/1 [00:00<?, ?it/s, epoch=3749]
train:   0%|          | 0/1 [00:00<?, ?it/s, epoch=3750]
train:   0%|          | 0/1 [00:00<?, ?it/s, epoch=3751]
train:   0%|          | 0/1 [00:00<?, ?it/s, epoch=3752]
train:   0%|          | 0/1 [00:00<?, ?it/s, epoch=3753]
train:   0%|          | 0/1 [00:00<?, ?it/s, epoch=3754]
train:   0%|          | 0/1 [00:00<?, ?it/s, epoch=3755]
train:   0%|          | 0/1 [00:00<?, ?it/s, epoch=3756]
train:   0%|          | 0/1 [00:00<?, ?it/s, epoch=3757]
train:   0%|          | 0/1 [00:00<?, ?it/s, epoch=3758]
train:   0%|          | 0/1 [00:00<?, ?it/s, epoch=3759]
train:   0%|          | 0/1 [00:00<?, ?it/s, epoch=3760]
train:   0%|          | 0/1 [00:00<?, ?it/s, epoch=3761]
train:   0%|          | 0/1 [00:00<?, ?it/s, epoch=3762]
train:   0%|          | 0/1 [00:00<?, ?it/s, epoch=3763]
train:   0%|          | 0/1 [00:00<?, ?it/s, epoch=3764]
train:   0%|          | 0/1 [00:00<?, ?it/s, epoch=3765]
train:   0%|          | 0/1 [00:00<?, ?it/s, epoch=3766]
train:   0%|          | 0/1 [00:00<?, ?it/s, epoch=3767]
train:   0%|          | 0/1 [00:00<?, ?it/s, epoch=3768]
train:   0%|          | 0/1 [00:00<?, ?it/s, epoch=3769]
train:   0%|          | 0/1 [00:00<?, ?it/s, epoch=3770]
train:   0%|          | 0/1 [00:00<?, ?it/s, epoch=3771]
train:   0%|          | 0/1 [00:00<?, ?it/s, epoch=3772]
train:   0%|          | 0/1 [00:00<?, ?it/s, epoch=3773]
train:   0%|          | 0/1 [00:00<?, ?it/s, epoch=3774]
train:   0%|          | 0/1 [00:00<?, ?it/s, epoch=3775]
train:   0%|          | 0/1 [00:00<?, ?it/s, epoch=3776]
train:   0%|          | 0/1 [00:00<?, ?it/s, epoch=3777]
train:   0%|          | 0/1 [00:00<?, ?it/s, epoch=3778]
train:   0%|          | 0/1 [00:00<?, ?it/s, epoch=3779]
train:   0%|          | 0/1 [00:00<?, ?it/s, epoch=3780]
train:   0%|          | 0/1 [00:00<?, ?it/s, epoch=3781]
train:   0%|          | 0/1 [00:00<?, ?it/s, epoch=3782]
train:   0%|          | 0/1 [00:00<?, ?it/s, epoch=3783]
train:   0%|          | 0/1 [00:00<?, ?it/s, epoch=3784]
train:   0%|          | 0/1 [00:00<?, ?it/s, epoch=3785]
train:   0%|          | 0/1 [00:00<?, ?it/s, epoch=3786]
train:   0%|          | 0/1 [00:00<?, ?it/s, epoch=3787]
train:   0%|          | 0/1 [00:00<?, ?it/s, epoch=3788]
train:   0%|          | 0/1 [00:00<?, ?it/s, epoch=3789]
train:   0%|          | 0/1 [00:00<?, ?it/s, epoch=3790]
train:   0%|          | 0/1 [00:00<?, ?it/s, epoch=3791]
train:   0%|          | 0/1 [00:00<?, ?it/s, epoch=3792]
train:   0%|          | 0/1 [00:00<?, ?it/s, epoch=3793]
train:   0%|          | 0/1 [00:00<?, ?it/s, epoch=3794]
train:   0%|          | 0/1 [00:00<?, ?it/s, epoch=3795]
train:   0%|          | 0/1 [00:00<?, ?it/s, epoch=3796]
train:   0%|          | 0/1 [00:00<?, ?it/s, epoch=3797]
train:   0%|          | 0/1 [00:00<?, ?it/s, epoch=3798]
train:   0%|          | 0/1 [00:00<?, ?it/s, epoch=3799][[34m2026-03-23 23:38:53[0m] Step 3800 | Loss: 0.038445 | Timing: time/data_load: 0.000s, time/forward: 0.321s, time/loss_compute: 0.014s, time/discriminator: 0.000s, time/backward: 0.413s, time/optimizer: 0.037s, time/total_step: 0.792s
[BOTTLENECK] step 3800 | total_step 0.792s | time/data_load: 0.000s (0%) | time/forward: 0.321s (41%) | time/loss_compute: 0.014s (2%) | time/backward: 0.413s (52%) | time/optimizer: 0.037s (5%) | time/total_step: 0.792s (100%)
  -> at this rate 1000 steps ≈ 13.2 min
train:   0%|          | 0/1 [00:01<?, ?it/s, all=0.04, nll=0.03, nll_rec=0.02, nll_per=0.02, kl=0.01, gen=0.00, gen_w=0.00, disc=0.00, debug=0.00]
[[34m2026-03-23 23:38:53[0m] Running fixed per-frame evaluation at epoch 3800 (sequence name: EMO-1-shout+laugh)...
train:   0%|          | 0/1 [00:00<?, ?it/s, epoch=3800]
train:   0%|          | 0/1 [00:00<?, ?it/s, epoch=3801]
train:   0%|          | 0/1 [00:00<?, ?it/s, epoch=3802]
train:   0%|          | 0/1 [00:00<?, ?it/s, epoch=3803]
train:   0%|          | 0/1 [00:00<?, ?it/s, epoch=3804]
train:   0%|          | 0/1 [00:00<?, ?it/s, epoch=3805]
train:   0%|          | 0/1 [00:00<?, ?it/s, epoch=3806]
train:   0%|          | 0/1 [00:00<?, ?it/s, epoch=3807]
train:   0%|          | 0/1 [00:00<?, ?it/s, epoch=3808]
train:   0%|          | 0/1 [00:00<?, ?it/s, epoch=3809]
train:   0%|          | 0/1 [00:00<?, ?it/s, epoch=3810]
train:   0%|          | 0/1 [00:00<?, ?it/s, epoch=3811]
train:   0%|          | 0/1 [00:00<?, ?it/s, epoch=3812]
train:   0%|          | 0/1 [00:00<?, ?it/s, epoch=3813]
train:   0%|          | 0/1 [00:00<?, ?it/s, epoch=3814]
train:   0%|          | 0/1 [00:00<?, ?it/s, epoch=3815]
train:   0%|          | 0/1 [00:00<?, ?it/s, epoch=3816]
train:   0%|          | 0/1 [00:00<?, ?it/s, epoch=3817]
train:   0%|          | 0/1 [00:00<?, ?it/s, epoch=3818]
train:   0%|          | 0/1 [00:00<?, ?it/s, epoch=3819]
train:   0%|          | 0/1 [00:00<?, ?it/s, epoch=3820]
train:   0%|          | 0/1 [00:00<?, ?it/s, epoch=3821]
train:   0%|          | 0/1 [00:00<?, ?it/s, epoch=3822]
train:   0%|          | 0/1 [00:00<?, ?it/s, epoch=3823]
train:   0%|          | 0/1 [00:00<?, ?it/s, epoch=3824]
train:   0%|          | 0/1 [00:00<?, ?it/s, epoch=3825]
train:   0%|          | 0/1 [00:00<?, ?it/s, epoch=3826]
train:   0%|          | 0/1 [00:00<?, ?it/s, epoch=3827]
train:   0%|          | 0/1 [00:00<?, ?it/s, epoch=3828]
train:   0%|          | 0/1 [00:00<?, ?it/s, epoch=3829]
train:   0%|          | 0/1 [00:00<?, ?it/s, epoch=3830]
train:   0%|          | 0/1 [00:00<?, ?it/s, epoch=3831]
train:   0%|          | 0/1 [00:00<?, ?it/s, epoch=3832]
train:   0%|          | 0/1 [00:00<?, ?it/s, epoch=3833]
train:   0%|          | 0/1 [00:00<?, ?it/s, epoch=3834]
train:   0%|          | 0/1 [00:00<?, ?it/s, epoch=3835]
train:   0%|          | 0/1 [00:00<?, ?it/s, epoch=3836]
train:   0%|          | 0/1 [00:00<?, ?it/s, epoch=3837]
train:   0%|          | 0/1 [00:00<?, ?it/s, epoch=3838]
train:   0%|          | 0/1 [00:00<?, ?it/s, epoch=3839]
train:   0%|          | 0/1 [00:00<?, ?it/s, epoch=3840]
train:   0%|          | 0/1 [00:00<?, ?it/s, epoch=3841]
train:   0%|          | 0/1 [00:00<?, ?it/s, epoch=3842]
train:   0%|          | 0/1 [00:00<?, ?it/s, epoch=3843]
train:   0%|          | 0/1 [00:00<?, ?it/s, epoch=3844]
train:   0%|          | 0/1 [00:00<?, ?it/s, epoch=3845]
train:   0%|          | 0/1 [00:00<?, ?it/s, epoch=3846]
train:   0%|          | 0/1 [00:00<?, ?it/s, epoch=3847]
train:   0%|          | 0/1 [00:00<?, ?it/s, epoch=3848]
train:   0%|          | 0/1 [00:00<?, ?it/s, epoch=3849]
train:   0%|          | 0/1 [00:00<?, ?it/s, epoch=3850]
train:   0%|          | 0/1 [00:00<?, ?it/s, epoch=3851]
train:   0%|          | 0/1 [00:00<?, ?it/s, epoch=3852]
train:   0%|          | 0/1 [00:00<?, ?it/s, epoch=3853]
train:   0%|          | 0/1 [00:00<?, ?it/s, epoch=3854]
train:   0%|          | 0/1 [00:00<?, ?it/s, epoch=3855]
train:   0%|          | 0/1 [00:00<?, ?it/s, epoch=3856]
train:   0%|          | 0/1 [00:00<?, ?it/s, epoch=3857]
train:   0%|          | 0/1 [00:00<?, ?it/s, epoch=3858]
train:   0%|          | 0/1 [00:00<?, ?it/s, epoch=3859]
train:   0%|          | 0/1 [00:00<?, ?it/s, epoch=3860]
train:   0%|          | 0/1 [00:00<?, ?it/s, epoch=3861]
train:   0%|          | 0/1 [00:00<?, ?it/s, epoch=3862]
train:   0%|          | 0/1 [00:00<?, ?it/s, epoch=3863]
train:   0%|          | 0/1 [00:00<?, ?it/s, epoch=3864]
train:   0%|          | 0/1 [00:00<?, ?it/s, epoch=3865]
train:   0%|          | 0/1 [00:00<?, ?it/s, epoch=3866]
train:   0%|          | 0/1 [00:00<?, ?it/s, epoch=3867]
train:   0%|          | 0/1 [00:00<?, ?it/s, epoch=3868]
train:   0%|          | 0/1 [00:00<?, ?it/s, epoch=3869]
train:   0%|          | 0/1 [00:00<?, ?it/s, epoch=3870]
train:   0%|          | 0/1 [00:00<?, ?it/s, epoch=3871]
train:   0%|          | 0/1 [00:00<?, ?it/s, epoch=3872]
train:   0%|          | 0/1 [00:00<?, ?it/s, epoch=3873]
train:   0%|          | 0/1 [00:00<?, ?it/s, epoch=3874]
train:   0%|          | 0/1 [00:00<?, ?it/s, epoch=3875]
train:   0%|          | 0/1 [00:00<?, ?it/s, epoch=3876]
train:   0%|          | 0/1 [00:00<?, ?it/s, epoch=3877]
train:   0%|          | 0/1 [00:00<?, ?it/s, epoch=3878]
train:   0%|          | 0/1 [00:00<?, ?it/s, epoch=3879]
train:   0%|          | 0/1 [00:00<?, ?it/s, epoch=3880]
train:   0%|          | 0/1 [00:00<?, ?it/s, epoch=3881]
train:   0%|          | 0/1 [00:00<?, ?it/s, epoch=3882]
train:   0%|          | 0/1 [00:00<?, ?it/s, epoch=3883]
train:   0%|          | 0/1 [00:00<?, ?it/s, epoch=3884]
train:   0%|          | 0/1 [00:00<?, ?it/s, epoch=3885]
train:   0%|          | 0/1 [00:00<?, ?it/s, epoch=3886]
train:   0%|          | 0/1 [00:00<?, ?it/s, epoch=3887]
train:   0%|          | 0/1 [00:00<?, ?it/s, epoch=3888]
train:   0%|          | 0/1 [00:00<?, ?it/s, epoch=3889]
train:   0%|          | 0/1 [00:00<?, ?it/s, epoch=3890]
train:   0%|          | 0/1 [00:00<?, ?it/s, epoch=3891]
train:   0%|          | 0/1 [00:00<?, ?it/s, epoch=3892]
train:   0%|          | 0/1 [00:00<?, ?it/s, epoch=3893]
train:   0%|          | 0/1 [00:00<?, ?it/s, epoch=3894]
train:   0%|          | 0/1 [00:00<?, ?it/s, epoch=3895]
train:   0%|          | 0/1 [00:00<?, ?it/s, epoch=3896]
train:   0%|          | 0/1 [00:00<?, ?it/s, epoch=3897]
train:   0%|          | 0/1 [00:00<?, ?it/s, epoch=3898]
train:   0%|          | 0/1 [00:00<?, ?it/s, epoch=3899][[34m2026-03-23 23:40:31[0m] Step 3900 | Loss: 0.038882 | Timing: time/data_load: 0.000s, time/forward: 0.335s, time/loss_compute: 0.016s, time/discriminator: 0.000s, time/backward: 0.426s, time/optimizer: 0.038s, time/total_step: 0.823s
train:   0%|          | 0/1 [00:01<?, ?it/s, all=0.04, nll=0.03, nll_rec=0.02, nll_per=0.02, kl=0.01, gen=0.00, gen_w=0.00, disc=0.00, debug=0.00]
train:   0%|          | 0/1 [00:00<?, ?it/s, epoch=3900]
train:   0%|          | 0/1 [00:00<?, ?it/s, epoch=3901]
train:   0%|          | 0/1 [00:00<?, ?it/s, epoch=3902]
train:   0%|          | 0/1 [00:00<?, ?it/s, epoch=3903]
train:   0%|          | 0/1 [00:00<?, ?it/s, epoch=3904]
train:   0%|          | 0/1 [00:00<?, ?it/s, epoch=3905]
train:   0%|          | 0/1 [00:00<?, ?it/s, epoch=3906]
train:   0%|          | 0/1 [00:00<?, ?it/s, epoch=3907]
train:   0%|          | 0/1 [00:00<?, ?it/s, epoch=3908]
train:   0%|          | 0/1 [00:00<?, ?it/s, epoch=3909]
train:   0%|          | 0/1 [00:00<?, ?it/s, epoch=3910]
train:   0%|          | 0/1 [00:00<?, ?it/s, epoch=3911]
train:   0%|          | 0/1 [00:00<?, ?it/s, epoch=3912]
train:   0%|          | 0/1 [00:00<?, ?it/s, epoch=3913]
train:   0%|          | 0/1 [00:00<?, ?it/s, epoch=3914]
train:   0%|          | 0/1 [00:00<?, ?it/s, epoch=3915]
train:   0%|          | 0/1 [00:00<?, ?it/s, epoch=3916]
train:   0%|          | 0/1 [00:00<?, ?it/s, epoch=3917]
train:   0%|          | 0/1 [00:00<?, ?it/s, epoch=3918]
train:   0%|          | 0/1 [00:00<?, ?it/s, epoch=3919]
train:   0%|          | 0/1 [00:00<?, ?it/s, epoch=3920]
train:   0%|          | 0/1 [00:00<?, ?it/s, epoch=3921]
train:   0%|          | 0/1 [00:00<?, ?it/s, epoch=3922]
train:   0%|          | 0/1 [00:00<?, ?it/s, epoch=3923]
train:   0%|          | 0/1 [00:00<?, ?it/s, epoch=3924]
train:   0%|          | 0/1 [00:00<?, ?it/s, epoch=3925]
train:   0%|          | 0/1 [00:00<?, ?it/s, epoch=3926]
train:   0%|          | 0/1 [00:00<?, ?it/s, epoch=3927]
train:   0%|          | 0/1 [00:00<?, ?it/s, epoch=3928]
train:   0%|          | 0/1 [00:00<?, ?it/s, epoch=3929]
train:   0%|          | 0/1 [00:00<?, ?it/s, epoch=3930]
train:   0%|          | 0/1 [00:00<?, ?it/s, epoch=3931]
train:   0%|          | 0/1 [00:00<?, ?it/s, epoch=3932]
train:   0%|          | 0/1 [00:00<?, ?it/s, epoch=3933]
train:   0%|          | 0/1 [00:00<?, ?it/s, epoch=3934]
train:   0%|          | 0/1 [00:00<?, ?it/s, epoch=3935]
train:   0%|          | 0/1 [00:00<?, ?it/s, epoch=3936]
train:   0%|          | 0/1 [00:00<?, ?it/s, epoch=3937]
train:   0%|          | 0/1 [00:00<?, ?it/s, epoch=3938]
train:   0%|          | 0/1 [00:00<?, ?it/s, epoch=3939]
train:   0%|          | 0/1 [00:00<?, ?it/s, epoch=3940]
train:   0%|          | 0/1 [00:00<?, ?it/s, epoch=3941]
train:   0%|          | 0/1 [00:00<?, ?it/s, epoch=3942]
train:   0%|          | 0/1 [00:00<?, ?it/s, epoch=3943]
train:   0%|          | 0/1 [00:00<?, ?it/s, epoch=3944]
train:   0%|          | 0/1 [00:00<?, ?it/s, epoch=3945]
train:   0%|          | 0/1 [00:00<?, ?it/s, epoch=3946]
train:   0%|          | 0/1 [00:00<?, ?it/s, epoch=3947]
train:   0%|          | 0/1 [00:00<?, ?it/s, epoch=3948]
train:   0%|          | 0/1 [00:00<?, ?it/s, epoch=3949]
train:   0%|          | 0/1 [00:00<?, ?it/s, epoch=3950]
train:   0%|          | 0/1 [00:00<?, ?it/s, epoch=3951]
train:   0%|          | 0/1 [00:00<?, ?it/s, epoch=3952]
train:   0%|          | 0/1 [00:00<?, ?it/s, epoch=3953]
train:   0%|          | 0/1 [00:00<?, ?it/s, epoch=3954]
train:   0%|          | 0/1 [00:00<?, ?it/s, epoch=3955]
train:   0%|          | 0/1 [00:00<?, ?it/s, epoch=3956]
train:   0%|          | 0/1 [00:00<?, ?it/s, epoch=3957]
train:   0%|          | 0/1 [00:00<?, ?it/s, epoch=3958]
train:   0%|          | 0/1 [00:00<?, ?it/s, epoch=3959]
train:   0%|          | 0/1 [00:00<?, ?it/s, epoch=3960]
train:   0%|          | 0/1 [00:00<?, ?it/s, epoch=3961]
train:   0%|          | 0/1 [00:00<?, ?it/s, epoch=3962]
train:   0%|          | 0/1 [00:00<?, ?it/s, epoch=3963]
train:   0%|          | 0/1 [00:00<?, ?it/s, epoch=3964]
train:   0%|          | 0/1 [00:00<?, ?it/s, epoch=3965]
train:   0%|          | 0/1 [00:00<?, ?it/s, epoch=3966]
train:   0%|          | 0/1 [00:00<?, ?it/s, epoch=3967]
train:   0%|          | 0/1 [00:00<?, ?it/s, epoch=3968]
train:   0%|          | 0/1 [00:00<?, ?it/s, epoch=3969]
train:   0%|          | 0/1 [00:00<?, ?it/s, epoch=3970]
train:   0%|          | 0/1 [00:00<?, ?it/s, epoch=3971]
train:   0%|          | 0/1 [00:00<?, ?it/s, epoch=3972]
train:   0%|          | 0/1 [00:00<?, ?it/s, epoch=3973]
train:   0%|          | 0/1 [00:00<?, ?it/s, epoch=3974]
train:   0%|          | 0/1 [00:00<?, ?it/s, epoch=3975]
train:   0%|          | 0/1 [00:00<?, ?it/s, epoch=3976]
train:   0%|          | 0/1 [00:00<?, ?it/s, epoch=3977]
train:   0%|          | 0/1 [00:00<?, ?it/s, epoch=3978]
train:   0%|          | 0/1 [00:00<?, ?it/s, epoch=3979]
train:   0%|          | 0/1 [00:00<?, ?it/s, epoch=3980]
train:   0%|          | 0/1 [00:00<?, ?it/s, epoch=3981]
train:   0%|          | 0/1 [00:00<?, ?it/s, epoch=3982]
train:   0%|          | 0/1 [00:00<?, ?it/s, epoch=3983]
train:   0%|          | 0/1 [00:00<?, ?it/s, epoch=3984]
train:   0%|          | 0/1 [00:00<?, ?it/s, epoch=3985]
train:   0%|          | 0/1 [00:00<?, ?it/s, epoch=3986]
train:   0%|          | 0/1 [00:00<?, ?it/s, epoch=3987]
train:   0%|          | 0/1 [00:00<?, ?it/s, epoch=3988]
train:   0%|          | 0/1 [00:00<?, ?it/s, epoch=3989]
train:   0%|          | 0/1 [00:00<?, ?it/s, epoch=3990]
train:   0%|          | 0/1 [00:00<?, ?it/s, epoch=3991]
train:   0%|          | 0/1 [00:00<?, ?it/s, epoch=3992]
train:   0%|          | 0/1 [00:00<?, ?it/s, epoch=3993]
train:   0%|          | 0/1 [00:00<?, ?it/s, epoch=3994]
train:   0%|          | 0/1 [00:00<?, ?it/s, epoch=3995]
train:   0%|          | 0/1 [00:00<?, ?it/s, epoch=3996]
train:   0%|          | 0/1 [00:00<?, ?it/s, epoch=3997]
train:   0%|          | 0/1 [00:00<?, ?it/s, epoch=3998]
train:   0%|          | 0/1 [00:00<?, ?it/s, epoch=3999][[34m2026-03-23 23:42:09[0m] Step 4000 | Loss: 0.037845 | Timing: time/data_load: 0.000s, time/forward: 0.339s, time/loss_compute: 0.017s, time/discriminator: 0.000s, time/backward: 0.426s, time/optimizer: 0.038s, time/total_step: 0.828s
[BOTTLENECK] step 4000 | total_step 0.828s | time/data_load: 0.000s (0%) | time/forward: 0.339s (41%) | time/loss_compute: 0.017s (2%) | time/backward: 0.426s (52%) | time/optimizer: 0.038s (5%) | time/total_step: 0.828s (100%)
  -> at this rate 1000 steps ≈ 13.8 min
train:   0%|          | 0/1 [00:01<?, ?it/s, all=0.04, nll=0.03, nll_rec=0.02, nll_per=0.02, kl=0.01, gen=0.00, gen_w=0.00, disc=0.00, debug=0.00][[34m2026-03-23 23:42:10[0m] The model is going to be split to checkpoint shards. You can find where each parameters has been saved in the index located at model.safetensors.index.json.
[[34m2026-03-23 23:42:12[0m] Saved checkpoint at epoch 3999, step 1, global_step 4000 to outputs/self_attention_rank128/epoch3999-global_step4000
[[34m2026-03-23 23:42:12[0m] Removed old checkpoints and kept 3 latest ones.
[[34m2026-03-23 23:42:12[0m] Running full evaluation at step 4000 (train)...
[[34m2026-03-23 23:42:13[0m] Evaluation (train) - PSNR: 23.00 ± 0.75, SSIM: 0.9844 ± 0.0039, MSE: 0.005112 ± 0.000000
train:   0%|          | 0/1 [00:05<?, ?it/s, all=0.04, nll=0.03, nll_rec=0.02, nll_per=0.02, kl=0.01, gen=0.00, gen_w=0.00, disc=0.00, debug=0.00]
[[34m2026-03-23 23:42:13[0m] Running fixed per-frame evaluation at epoch 4000 (sequence name: EMO-1-shout+laugh)...
train:   0%|          | 0/1 [00:00<?, ?it/s, epoch=4000]
train:   0%|          | 0/1 [00:00<?, ?it/s, epoch=4001]
train:   0%|          | 0/1 [00:00<?, ?it/s, epoch=4002]
train:   0%|          | 0/1 [00:00<?, ?it/s, epoch=4003]
train:   0%|          | 0/1 [00:00<?, ?it/s, epoch=4004]
train:   0%|          | 0/1 [00:00<?, ?it/s, epoch=4005]
train:   0%|          | 0/1 [00:00<?, ?it/s, epoch=4006]
train:   0%|          | 0/1 [00:00<?, ?it/s, epoch=4007]
train:   0%|          | 0/1 [00:00<?, ?it/s, epoch=4008]
train:   0%|          | 0/1 [00:00<?, ?it/s, epoch=4009]
train:   0%|          | 0/1 [00:00<?, ?it/s, epoch=4010]
train:   0%|          | 0/1 [00:00<?, ?it/s, epoch=4011]
train:   0%|          | 0/1 [00:00<?, ?it/s, epoch=4012]
train:   0%|          | 0/1 [00:00<?, ?it/s, epoch=4013]
train:   0%|          | 0/1 [00:00<?, ?it/s, epoch=4014]
train:   0%|          | 0/1 [00:00<?, ?it/s, epoch=4015]
train:   0%|          | 0/1 [00:00<?, ?it/s, epoch=4016]
train:   0%|          | 0/1 [00:00<?, ?it/s, epoch=4017]
train:   0%|          | 0/1 [00:00<?, ?it/s, epoch=4018]
train:   0%|          | 0/1 [00:00<?, ?it/s, epoch=4019]
train:   0%|          | 0/1 [00:00<?, ?it/s, epoch=4020]
train:   0%|          | 0/1 [00:00<?, ?it/s, epoch=4021]
train:   0%|          | 0/1 [00:00<?, ?it/s, epoch=4022]
train:   0%|          | 0/1 [00:00<?, ?it/s, epoch=4023]
train:   0%|          | 0/1 [00:00<?, ?it/s, epoch=4024]
train:   0%|          | 0/1 [00:00<?, ?it/s, epoch=4025]
train:   0%|          | 0/1 [00:00<?, ?it/s, epoch=4026]
train:   0%|          | 0/1 [00:00<?, ?it/s, epoch=4027]
train:   0%|          | 0/1 [00:00<?, ?it/s, epoch=4028]
train:   0%|          | 0/1 [00:00<?, ?it/s, epoch=4029]
train:   0%|          | 0/1 [00:00<?, ?it/s, epoch=4030]
train:   0%|          | 0/1 [00:00<?, ?it/s, epoch=4031]
train:   0%|          | 0/1 [00:00<?, ?it/s, epoch=4032]
train:   0%|          | 0/1 [00:00<?, ?it/s, epoch=4033]
train:   0%|          | 0/1 [00:00<?, ?it/s, epoch=4034]
train:   0%|          | 0/1 [00:00<?, ?it/s, epoch=4035]
train:   0%|          | 0/1 [00:00<?, ?it/s, epoch=4036]
train:   0%|          | 0/1 [00:00<?, ?it/s, epoch=4037]
train:   0%|          | 0/1 [00:00<?, ?it/s, epoch=4038]
train:   0%|          | 0/1 [00:00<?, ?it/s, epoch=4039]
train:   0%|          | 0/1 [00:00<?, ?it/s, epoch=4040]
train:   0%|          | 0/1 [00:00<?, ?it/s, epoch=4041]
train:   0%|          | 0/1 [00:00<?, ?it/s, epoch=4042]
train:   0%|          | 0/1 [00:00<?, ?it/s, epoch=4043]
train:   0%|          | 0/1 [00:00<?, ?it/s, epoch=4044]
train:   0%|          | 0/1 [00:00<?, ?it/s, epoch=4045]
train:   0%|          | 0/1 [00:00<?, ?it/s, epoch=4046]
train:   0%|          | 0/1 [00:00<?, ?it/s, epoch=4047]
train:   0%|          | 0/1 [00:00<?, ?it/s, epoch=4048]
train:   0%|          | 0/1 [00:00<?, ?it/s, epoch=4049]
train:   0%|          | 0/1 [00:00<?, ?it/s, epoch=4050]
train:   0%|          | 0/1 [00:00<?, ?it/s, epoch=4051]
train:   0%|          | 0/1 [00:00<?, ?it/s, epoch=4052]
train:   0%|          | 0/1 [00:00<?, ?it/s, epoch=4053]
train:   0%|          | 0/1 [00:00<?, ?it/s, epoch=4054]
train:   0%|          | 0/1 [00:00<?, ?it/s, epoch=4055]
train:   0%|          | 0/1 [00:00<?, ?it/s, epoch=4056]
train:   0%|          | 0/1 [00:00<?, ?it/s, epoch=4057]
train:   0%|          | 0/1 [00:00<?, ?it/s, epoch=4058]
train:   0%|          | 0/1 [00:00<?, ?it/s, epoch=4059]
train:   0%|          | 0/1 [00:00<?, ?it/s, epoch=4060]
train:   0%|          | 0/1 [00:00<?, ?it/s, epoch=4061]
train:   0%|          | 0/1 [00:00<?, ?it/s, epoch=4062]
train:   0%|          | 0/1 [00:00<?, ?it/s, epoch=4063]
train:   0%|          | 0/1 [00:00<?, ?it/s, epoch=4064]
train:   0%|          | 0/1 [00:00<?, ?it/s, epoch=4065]
train:   0%|          | 0/1 [00:00<?, ?it/s, epoch=4066]
train:   0%|          | 0/1 [00:00<?, ?it/s, epoch=4067]
train:   0%|          | 0/1 [00:00<?, ?it/s, epoch=4068]
train:   0%|          | 0/1 [00:00<?, ?it/s, epoch=4069]
train:   0%|          | 0/1 [00:00<?, ?it/s, epoch=4070]
train:   0%|          | 0/1 [00:00<?, ?it/s, epoch=4071]
train:   0%|          | 0/1 [00:00<?, ?it/s, epoch=4072]
train:   0%|          | 0/1 [00:00<?, ?it/s, epoch=4073]
train:   0%|          | 0/1 [00:00<?, ?it/s, epoch=4074]
train:   0%|          | 0/1 [00:00<?, ?it/s, epoch=4075]
train:   0%|          | 0/1 [00:00<?, ?it/s, epoch=4076]
train:   0%|          | 0/1 [00:00<?, ?it/s, epoch=4077]
train:   0%|          | 0/1 [00:00<?, ?it/s, epoch=4078]
train:   0%|          | 0/1 [00:00<?, ?it/s, epoch=4079]
train:   0%|          | 0/1 [00:00<?, ?it/s, epoch=4080]
train:   0%|          | 0/1 [00:00<?, ?it/s, epoch=4081]
train:   0%|          | 0/1 [00:00<?, ?it/s, epoch=4082]
train:   0%|          | 0/1 [00:00<?, ?it/s, epoch=4083]
train:   0%|          | 0/1 [00:00<?, ?it/s, epoch=4084]
train:   0%|          | 0/1 [00:00<?, ?it/s, epoch=4085]
train:   0%|          | 0/1 [00:00<?, ?it/s, epoch=4086]
train:   0%|          | 0/1 [00:00<?, ?it/s, epoch=4087]
train:   0%|          | 0/1 [00:00<?, ?it/s, epoch=4088]
train:   0%|          | 0/1 [00:00<?, ?it/s, epoch=4089]
train:   0%|          | 0/1 [00:00<?, ?it/s, epoch=4090]
train:   0%|          | 0/1 [00:00<?, ?it/s, epoch=4091]
train:   0%|          | 0/1 [00:00<?, ?it/s, epoch=4092]
train:   0%|          | 0/1 [00:00<?, ?it/s, epoch=4093]
train:   0%|          | 0/1 [00:00<?, ?it/s, epoch=4094]
train:   0%|          | 0/1 [00:00<?, ?it/s, epoch=4095]
train:   0%|          | 0/1 [00:00<?, ?it/s, epoch=4096]
train:   0%|          | 0/1 [00:00<?, ?it/s, epoch=4097]
train:   0%|          | 0/1 [00:00<?, ?it/s, epoch=4098]
train:   0%|          | 0/1 [00:00<?, ?it/s, epoch=4099][[34m2026-03-23 23:43:49[0m] Step 4100 | Loss: 0.038979 | Timing: time/data_load: 0.000s, time/forward: 0.329s, time/loss_compute: 0.015s, time/discriminator: 0.000s, time/backward: 0.419s, time/optimizer: 0.038s, time/total_step: 0.808s
train:   0%|          | 0/1 [00:01<?, ?it/s, all=0.04, nll=0.03, nll_rec=0.02, nll_per=0.02, kl=0.01, gen=0.00, gen_w=0.00, disc=0.00, debug=0.00]
train:   0%|          | 0/1 [00:00<?, ?it/s, epoch=4100]
train:   0%|          | 0/1 [00:00<?, ?it/s, epoch=4101]
train:   0%|          | 0/1 [00:00<?, ?it/s, epoch=4102]
train:   0%|          | 0/1 [00:00<?, ?it/s, epoch=4103]
train:   0%|          | 0/1 [00:00<?, ?it/s, epoch=4104]
train:   0%|          | 0/1 [00:00<?, ?it/s, epoch=4105]
train:   0%|          | 0/1 [00:00<?, ?it/s, epoch=4106]
train:   0%|          | 0/1 [00:00<?, ?it/s, epoch=4107]
train:   0%|          | 0/1 [00:00<?, ?it/s, epoch=4108]
train:   0%|          | 0/1 [00:00<?, ?it/s, epoch=4109]
train:   0%|          | 0/1 [00:00<?, ?it/s, epoch=4110]
train:   0%|          | 0/1 [00:00<?, ?it/s, epoch=4111]
train:   0%|          | 0/1 [00:00<?, ?it/s, epoch=4112]
train:   0%|          | 0/1 [00:00<?, ?it/s, epoch=4113]
train:   0%|          | 0/1 [00:00<?, ?it/s, epoch=4114]
train:   0%|          | 0/1 [00:00<?, ?it/s, epoch=4115]
train:   0%|          | 0/1 [00:00<?, ?it/s, epoch=4116]
train:   0%|          | 0/1 [00:00<?, ?it/s, epoch=4117]
train:   0%|          | 0/1 [00:00<?, ?it/s, epoch=4118]
train:   0%|          | 0/1 [00:00<?, ?it/s, epoch=4119]
train:   0%|          | 0/1 [00:00<?, ?it/s, epoch=4120]
train:   0%|          | 0/1 [00:00<?, ?it/s, epoch=4121]
train:   0%|          | 0/1 [00:00<?, ?it/s, epoch=4122]
train:   0%|          | 0/1 [00:00<?, ?it/s, epoch=4123]
train:   0%|          | 0/1 [00:00<?, ?it/s, epoch=4124]
train:   0%|          | 0/1 [00:00<?, ?it/s, epoch=4125]
train:   0%|          | 0/1 [00:00<?, ?it/s, epoch=4126]
train:   0%|          | 0/1 [00:00<?, ?it/s, epoch=4127]
train:   0%|          | 0/1 [00:00<?, ?it/s, epoch=4128]
train:   0%|          | 0/1 [00:00<?, ?it/s, epoch=4129]
train:   0%|          | 0/1 [00:00<?, ?it/s, epoch=4130]
train:   0%|          | 0/1 [00:00<?, ?it/s, epoch=4131]
train:   0%|          | 0/1 [00:00<?, ?it/s, epoch=4132]
train:   0%|          | 0/1 [00:00<?, ?it/s, epoch=4133]
train:   0%|          | 0/1 [00:00<?, ?it/s, epoch=4134]
train:   0%|          | 0/1 [00:00<?, ?it/s, epoch=4135]
train:   0%|          | 0/1 [00:00<?, ?it/s, epoch=4136]
train:   0%|          | 0/1 [00:00<?, ?it/s, epoch=4137]
train:   0%|          | 0/1 [00:00<?, ?it/s, epoch=4138]
train:   0%|          | 0/1 [00:00<?, ?it/s, epoch=4139]
train:   0%|          | 0/1 [00:00<?, ?it/s, epoch=4140]
train:   0%|          | 0/1 [00:00<?, ?it/s, epoch=4141]
train:   0%|          | 0/1 [00:00<?, ?it/s, epoch=4142]
train:   0%|          | 0/1 [00:00<?, ?it/s, epoch=4143]
train:   0%|          | 0/1 [00:00<?, ?it/s, epoch=4144]
train:   0%|          | 0/1 [00:00<?, ?it/s, epoch=4145]
train:   0%|          | 0/1 [00:00<?, ?it/s, epoch=4146]
train:   0%|          | 0/1 [00:00<?, ?it/s, epoch=4147]
train:   0%|          | 0/1 [00:00<?, ?it/s, epoch=4148]
train:   0%|          | 0/1 [00:00<?, ?it/s, epoch=4149]
train:   0%|          | 0/1 [00:00<?, ?it/s, epoch=4150]
train:   0%|          | 0/1 [00:00<?, ?it/s, epoch=4151]
train:   0%|          | 0/1 [00:00<?, ?it/s, epoch=4152]
train:   0%|          | 0/1 [00:00<?, ?it/s, epoch=4153]
train:   0%|          | 0/1 [00:00<?, ?it/s, epoch=4154]
train:   0%|          | 0/1 [00:00<?, ?it/s, epoch=4155]
train:   0%|          | 0/1 [00:00<?, ?it/s, epoch=4156]
train:   0%|          | 0/1 [00:00<?, ?it/s, epoch=4157]
train:   0%|          | 0/1 [00:00<?, ?it/s, epoch=4158]
train:   0%|          | 0/1 [00:00<?, ?it/s, epoch=4159]
train:   0%|          | 0/1 [00:00<?, ?it/s, epoch=4160]
train:   0%|          | 0/1 [00:00<?, ?it/s, epoch=4161]
train:   0%|          | 0/1 [00:00<?, ?it/s, epoch=4162]
train:   0%|          | 0/1 [00:00<?, ?it/s, epoch=4163]
train:   0%|          | 0/1 [00:00<?, ?it/s, epoch=4164]
train:   0%|          | 0/1 [00:00<?, ?it/s, epoch=4165]
train:   0%|          | 0/1 [00:00<?, ?it/s, epoch=4166]
train:   0%|          | 0/1 [00:00<?, ?it/s, epoch=4167]
train:   0%|          | 0/1 [00:00<?, ?it/s, epoch=4168]
train:   0%|          | 0/1 [00:00<?, ?it/s, epoch=4169]
train:   0%|          | 0/1 [00:00<?, ?it/s, epoch=4170]
train:   0%|          | 0/1 [00:00<?, ?it/s, epoch=4171]
train:   0%|          | 0/1 [00:00<?, ?it/s, epoch=4172]
train:   0%|          | 0/1 [00:00<?, ?it/s, epoch=4173]
train:   0%|          | 0/1 [00:00<?, ?it/s, epoch=4174]
train:   0%|          | 0/1 [00:00<?, ?it/s, epoch=4175]
train:   0%|          | 0/1 [00:00<?, ?it/s, epoch=4176]
train:   0%|          | 0/1 [00:00<?, ?it/s, epoch=4177]
train:   0%|          | 0/1 [00:00<?, ?it/s, epoch=4178]
train:   0%|          | 0/1 [00:00<?, ?it/s, epoch=4179]
train:   0%|          | 0/1 [00:00<?, ?it/s, epoch=4180]
train:   0%|          | 0/1 [00:00<?, ?it/s, epoch=4181]
train:   0%|          | 0/1 [00:00<?, ?it/s, epoch=4182]
train:   0%|          | 0/1 [00:00<?, ?it/s, epoch=4183]
train:   0%|          | 0/1 [00:00<?, ?it/s, epoch=4184]
train:   0%|          | 0/1 [00:00<?, ?it/s, epoch=4185]
train:   0%|          | 0/1 [00:00<?, ?it/s, epoch=4186]
train:   0%|          | 0/1 [00:00<?, ?it/s, epoch=4187]
train:   0%|          | 0/1 [00:00<?, ?it/s, epoch=4188]
train:   0%|          | 0/1 [00:00<?, ?it/s, epoch=4189]
train:   0%|          | 0/1 [00:00<?, ?it/s, epoch=4190]
train:   0%|          | 0/1 [00:00<?, ?it/s, epoch=4191]
train:   0%|          | 0/1 [00:00<?, ?it/s, epoch=4192]
train:   0%|          | 0/1 [00:00<?, ?it/s, epoch=4193]
train:   0%|          | 0/1 [00:00<?, ?it/s, epoch=4194]
train:   0%|          | 0/1 [00:00<?, ?it/s, epoch=4195]
train:   0%|          | 0/1 [00:00<?, ?it/s, epoch=4196]
train:   0%|          | 0/1 [00:00<?, ?it/s, epoch=4197]
train:   0%|          | 0/1 [00:00<?, ?it/s, epoch=4198]
train:   0%|          | 0/1 [00:00<?, ?it/s, epoch=4199][[34m2026-03-23 23:45:25[0m] Step 4200 | Loss: 0.036312 | Timing: time/data_load: 0.000s, time/forward: 0.333s, time/loss_compute: 0.016s, time/discriminator: 0.000s, time/backward: 0.421s, time/optimizer: 0.038s, time/total_step: 0.816s
[BOTTLENECK] step 4200 | total_step 0.816s | time/data_load: 0.000s (0%) | time/forward: 0.333s (41%) | time/loss_compute: 0.016s (2%) | time/backward: 0.421s (52%) | time/optimizer: 0.038s (5%) | time/total_step: 0.816s (100%)
  -> at this rate 1000 steps ≈ 13.6 min
train:   0%|          | 0/1 [00:01<?, ?it/s, all=0.04, nll=0.03, nll_rec=0.02, nll_per=0.02, kl=0.01, gen=0.00, gen_w=0.00, disc=0.00, debug=0.00]
[[34m2026-03-23 23:45:25[0m] Running fixed per-frame evaluation at epoch 4200 (sequence name: EMO-1-shout+laugh)...
train:   0%|          | 0/1 [00:00<?, ?it/s, epoch=4200]
train:   0%|          | 0/1 [00:00<?, ?it/s, epoch=4201]
train:   0%|          | 0/1 [00:00<?, ?it/s, epoch=4202]
train:   0%|          | 0/1 [00:00<?, ?it/s, epoch=4203]
train:   0%|          | 0/1 [00:00<?, ?it/s, epoch=4204]
train:   0%|          | 0/1 [00:00<?, ?it/s, epoch=4205]
train:   0%|          | 0/1 [00:00<?, ?it/s, epoch=4206]
train:   0%|          | 0/1 [00:00<?, ?it/s, epoch=4207]
train:   0%|          | 0/1 [00:00<?, ?it/s, epoch=4208]
train:   0%|          | 0/1 [00:00<?, ?it/s, epoch=4209]
train:   0%|          | 0/1 [00:00<?, ?it/s, epoch=4210]
train:   0%|          | 0/1 [00:00<?, ?it/s, epoch=4211]
train:   0%|          | 0/1 [00:00<?, ?it/s, epoch=4212]
train:   0%|          | 0/1 [00:00<?, ?it/s, epoch=4213]
train:   0%|          | 0/1 [00:00<?, ?it/s, epoch=4214]
train:   0%|          | 0/1 [00:00<?, ?it/s, epoch=4215]
train:   0%|          | 0/1 [00:00<?, ?it/s, epoch=4216]
train:   0%|          | 0/1 [00:00<?, ?it/s, epoch=4217]
train:   0%|          | 0/1 [00:00<?, ?it/s, epoch=4218]
train:   0%|          | 0/1 [00:00<?, ?it/s, epoch=4219]
train:   0%|          | 0/1 [00:00<?, ?it/s, epoch=4220]
train:   0%|          | 0/1 [00:00<?, ?it/s, epoch=4221]
train:   0%|          | 0/1 [00:00<?, ?it/s, epoch=4222]
train:   0%|          | 0/1 [00:00<?, ?it/s, epoch=4223]
train:   0%|          | 0/1 [00:00<?, ?it/s, epoch=4224]
train:   0%|          | 0/1 [00:00<?, ?it/s, epoch=4225]
train:   0%|          | 0/1 [00:00<?, ?it/s, epoch=4226]
train:   0%|          | 0/1 [00:00<?, ?it/s, epoch=4227]
train:   0%|          | 0/1 [00:00<?, ?it/s, epoch=4228]
train:   0%|          | 0/1 [00:00<?, ?it/s, epoch=4229]
train:   0%|          | 0/1 [00:00<?, ?it/s, epoch=4230]
train:   0%|          | 0/1 [00:00<?, ?it/s, epoch=4231]
train:   0%|          | 0/1 [00:00<?, ?it/s, epoch=4232]
train:   0%|          | 0/1 [00:00<?, ?it/s, epoch=4233]
train:   0%|          | 0/1 [00:00<?, ?it/s, epoch=4234]
train:   0%|          | 0/1 [00:00<?, ?it/s, epoch=4235]
train:   0%|          | 0/1 [00:00<?, ?it/s, epoch=4236]
train:   0%|          | 0/1 [00:00<?, ?it/s, epoch=4237]
train:   0%|          | 0/1 [00:00<?, ?it/s, epoch=4238]
train:   0%|          | 0/1 [00:00<?, ?it/s, epoch=4239]
train:   0%|          | 0/1 [00:00<?, ?it/s, epoch=4240]
train:   0%|          | 0/1 [00:00<?, ?it/s, epoch=4241]
train:   0%|          | 0/1 [00:00<?, ?it/s, epoch=4242]
train:   0%|          | 0/1 [00:00<?, ?it/s, epoch=4243]
train:   0%|          | 0/1 [00:00<?, ?it/s, epoch=4244]
train:   0%|          | 0/1 [00:00<?, ?it/s, epoch=4245]
train:   0%|          | 0/1 [00:00<?, ?it/s, epoch=4246]
train:   0%|          | 0/1 [00:00<?, ?it/s, epoch=4247]
train:   0%|          | 0/1 [00:00<?, ?it/s, epoch=4248]
train:   0%|          | 0/1 [00:00<?, ?it/s, epoch=4249]
train:   0%|          | 0/1 [00:00<?, ?it/s, epoch=4250]
train:   0%|          | 0/1 [00:00<?, ?it/s, epoch=4251]
train:   0%|          | 0/1 [00:00<?, ?it/s, epoch=4252]
train:   0%|          | 0/1 [00:00<?, ?it/s, epoch=4253]
train:   0%|          | 0/1 [00:00<?, ?it/s, epoch=4254]
train:   0%|          | 0/1 [00:00<?, ?it/s, epoch=4255]
train:   0%|          | 0/1 [00:00<?, ?it/s, epoch=4256]
train:   0%|          | 0/1 [00:00<?, ?it/s, epoch=4257]
train:   0%|          | 0/1 [00:00<?, ?it/s, epoch=4258]
train:   0%|          | 0/1 [00:00<?, ?it/s, epoch=4259]
train:   0%|          | 0/1 [00:00<?, ?it/s, epoch=4260]
train:   0%|          | 0/1 [00:00<?, ?it/s, epoch=4261]
train:   0%|          | 0/1 [00:00<?, ?it/s, epoch=4262]
train:   0%|          | 0/1 [00:00<?, ?it/s, epoch=4263]
train:   0%|          | 0/1 [00:00<?, ?it/s, epoch=4264]
train:   0%|          | 0/1 [00:00<?, ?it/s, epoch=4265]
train:   0%|          | 0/1 [00:00<?, ?it/s, epoch=4266]
train:   0%|          | 0/1 [00:00<?, ?it/s, epoch=4267]
train:   0%|          | 0/1 [00:00<?, ?it/s, epoch=4268]
train:   0%|          | 0/1 [00:00<?, ?it/s, epoch=4269]
train:   0%|          | 0/1 [00:00<?, ?it/s, epoch=4270]
train:   0%|          | 0/1 [00:00<?, ?it/s, epoch=4271]
train:   0%|          | 0/1 [00:00<?, ?it/s, epoch=4272]
train:   0%|          | 0/1 [00:00<?, ?it/s, epoch=4273]
train:   0%|          | 0/1 [00:00<?, ?it/s, epoch=4274]
train:   0%|          | 0/1 [00:00<?, ?it/s, epoch=4275]
train:   0%|          | 0/1 [00:00<?, ?it/s, epoch=4276]
train:   0%|          | 0/1 [00:00<?, ?it/s, epoch=4277]
train:   0%|          | 0/1 [00:00<?, ?it/s, epoch=4278]
train:   0%|          | 0/1 [00:00<?, ?it/s, epoch=4279]
train:   0%|          | 0/1 [00:00<?, ?it/s, epoch=4280]
train:   0%|          | 0/1 [00:00<?, ?it/s, epoch=4281]
train:   0%|          | 0/1 [00:00<?, ?it/s, epoch=4282]
train:   0%|          | 0/1 [00:00<?, ?it/s, epoch=4283]
train:   0%|          | 0/1 [00:00<?, ?it/s, epoch=4284]
train:   0%|          | 0/1 [00:00<?, ?it/s, epoch=4285]
train:   0%|          | 0/1 [00:00<?, ?it/s, epoch=4286]
train:   0%|          | 0/1 [00:00<?, ?it/s, epoch=4287]
train:   0%|          | 0/1 [00:00<?, ?it/s, epoch=4288]
train:   0%|          | 0/1 [00:00<?, ?it/s, epoch=4289]
train:   0%|          | 0/1 [00:00<?, ?it/s, epoch=4290]
train:   0%|          | 0/1 [00:00<?, ?it/s, epoch=4291]
train:   0%|          | 0/1 [00:00<?, ?it/s, epoch=4292]
train:   0%|          | 0/1 [00:00<?, ?it/s, epoch=4293]
train:   0%|          | 0/1 [00:00<?, ?it/s, epoch=4294]
train:   0%|          | 0/1 [00:00<?, ?it/s, epoch=4295]
train:   0%|          | 0/1 [00:00<?, ?it/s, epoch=4296]
train:   0%|          | 0/1 [00:00<?, ?it/s, epoch=4297]
train:   0%|          | 0/1 [00:00<?, ?it/s, epoch=4298]
train:   0%|          | 0/1 [00:00<?, ?it/s, epoch=4299][[34m2026-03-23 23:46:57[0m] Step 4300 | Loss: 0.037947 | Timing: time/data_load: 0.000s, time/forward: 0.316s, time/loss_compute: 0.014s, time/discriminator: 0.000s, time/backward: 0.406s, time/optimizer: 0.036s, time/total_step: 0.779s
train:   0%|          | 0/1 [00:01<?, ?it/s, all=0.04, nll=0.03, nll_rec=0.02, nll_per=0.02, kl=0.01, gen=0.00, gen_w=0.00, disc=0.00, debug=0.00]
train:   0%|          | 0/1 [00:00<?, ?it/s, epoch=4300]
train:   0%|          | 0/1 [00:00<?, ?it/s, epoch=4301]
train:   0%|          | 0/1 [00:00<?, ?it/s, epoch=4302]
train:   0%|          | 0/1 [00:00<?, ?it/s, epoch=4303]
train:   0%|          | 0/1 [00:00<?, ?it/s, epoch=4304]
train:   0%|          | 0/1 [00:00<?, ?it/s, epoch=4305]
train:   0%|          | 0/1 [00:00<?, ?it/s, epoch=4306]
train:   0%|          | 0/1 [00:00<?, ?it/s, epoch=4307]
train:   0%|          | 0/1 [00:00<?, ?it/s, epoch=4308]
train:   0%|          | 0/1 [00:00<?, ?it/s, epoch=4309]
train:   0%|          | 0/1 [00:00<?, ?it/s, epoch=4310]
train:   0%|          | 0/1 [00:00<?, ?it/s, epoch=4311]
train:   0%|          | 0/1 [00:00<?, ?it/s, epoch=4312]
train:   0%|          | 0/1 [00:00<?, ?it/s, epoch=4313]
train:   0%|          | 0/1 [00:00<?, ?it/s, epoch=4314]
train:   0%|          | 0/1 [00:00<?, ?it/s, epoch=4315]
train:   0%|          | 0/1 [00:00<?, ?it/s, epoch=4316]
train:   0%|          | 0/1 [00:00<?, ?it/s, epoch=4317]
train:   0%|          | 0/1 [00:00<?, ?it/s, epoch=4318]
train:   0%|          | 0/1 [00:00<?, ?it/s, epoch=4319]
train:   0%|          | 0/1 [00:00<?, ?it/s, epoch=4320]
train:   0%|          | 0/1 [00:00<?, ?it/s, epoch=4321]
train:   0%|          | 0/1 [00:00<?, ?it/s, epoch=4322]
train:   0%|          | 0/1 [00:00<?, ?it/s, epoch=4323]
train:   0%|          | 0/1 [00:00<?, ?it/s, epoch=4324]
train:   0%|          | 0/1 [00:00<?, ?it/s, epoch=4325]
train:   0%|          | 0/1 [00:00<?, ?it/s, epoch=4326]
train:   0%|          | 0/1 [00:00<?, ?it/s, epoch=4327]
train:   0%|          | 0/1 [00:00<?, ?it/s, epoch=4328]
train:   0%|          | 0/1 [00:00<?, ?it/s, epoch=4329]
train:   0%|          | 0/1 [00:00<?, ?it/s, epoch=4330]
train:   0%|          | 0/1 [00:00<?, ?it/s, epoch=4331]
train:   0%|          | 0/1 [00:00<?, ?it/s, epoch=4332]
train:   0%|          | 0/1 [00:00<?, ?it/s, epoch=4333]
train:   0%|          | 0/1 [00:00<?, ?it/s, epoch=4334]
train:   0%|          | 0/1 [00:00<?, ?it/s, epoch=4335]
train:   0%|          | 0/1 [00:00<?, ?it/s, epoch=4336]
train:   0%|          | 0/1 [00:00<?, ?it/s, epoch=4337]
train:   0%|          | 0/1 [00:00<?, ?it/s, epoch=4338]
train:   0%|          | 0/1 [00:00<?, ?it/s, epoch=4339]
train:   0%|          | 0/1 [00:00<?, ?it/s, epoch=4340]
train:   0%|          | 0/1 [00:00<?, ?it/s, epoch=4341]
train:   0%|          | 0/1 [00:00<?, ?it/s, epoch=4342]
train:   0%|          | 0/1 [00:00<?, ?it/s, epoch=4343]
train:   0%|          | 0/1 [00:00<?, ?it/s, epoch=4344]
train:   0%|          | 0/1 [00:00<?, ?it/s, epoch=4345]
train:   0%|          | 0/1 [00:00<?, ?it/s, epoch=4346]
train:   0%|          | 0/1 [00:00<?, ?it/s, epoch=4347]
train:   0%|          | 0/1 [00:00<?, ?it/s, epoch=4348]
train:   0%|          | 0/1 [00:00<?, ?it/s, epoch=4349]
train:   0%|          | 0/1 [00:00<?, ?it/s, epoch=4350]
train:   0%|          | 0/1 [00:00<?, ?it/s, epoch=4351]
train:   0%|          | 0/1 [00:00<?, ?it/s, epoch=4352]
train:   0%|          | 0/1 [00:00<?, ?it/s, epoch=4353]
train:   0%|          | 0/1 [00:00<?, ?it/s, epoch=4354]
train:   0%|          | 0/1 [00:00<?, ?it/s, epoch=4355]
train:   0%|          | 0/1 [00:00<?, ?it/s, epoch=4356]
train:   0%|          | 0/1 [00:00<?, ?it/s, epoch=4357]
train:   0%|          | 0/1 [00:00<?, ?it/s, epoch=4358]
train:   0%|          | 0/1 [00:00<?, ?it/s, epoch=4359]
train:   0%|          | 0/1 [00:00<?, ?it/s, epoch=4360]
train:   0%|          | 0/1 [00:00<?, ?it/s, epoch=4361]
train:   0%|          | 0/1 [00:00<?, ?it/s, epoch=4362]
train:   0%|          | 0/1 [00:00<?, ?it/s, epoch=4363]
train:   0%|          | 0/1 [00:00<?, ?it/s, epoch=4364]
train:   0%|          | 0/1 [00:00<?, ?it/s, epoch=4365]
train:   0%|          | 0/1 [00:00<?, ?it/s, epoch=4366]
train:   0%|          | 0/1 [00:00<?, ?it/s, epoch=4367]
train:   0%|          | 0/1 [00:00<?, ?it/s, epoch=4368]
train:   0%|          | 0/1 [00:00<?, ?it/s, epoch=4369]
train:   0%|          | 0/1 [00:00<?, ?it/s, epoch=4370]
train:   0%|          | 0/1 [00:00<?, ?it/s, epoch=4371]
train:   0%|          | 0/1 [00:00<?, ?it/s, epoch=4372]
train:   0%|          | 0/1 [00:00<?, ?it/s, epoch=4373]
train:   0%|          | 0/1 [00:00<?, ?it/s, epoch=4374]
train:   0%|          | 0/1 [00:00<?, ?it/s, epoch=4375]
train:   0%|          | 0/1 [00:00<?, ?it/s, epoch=4376]
train:   0%|          | 0/1 [00:00<?, ?it/s, epoch=4377]
train:   0%|          | 0/1 [00:00<?, ?it/s, epoch=4378]
train:   0%|          | 0/1 [00:00<?, ?it/s, epoch=4379]
train:   0%|          | 0/1 [00:00<?, ?it/s, epoch=4380]
train:   0%|          | 0/1 [00:00<?, ?it/s, epoch=4381]
train:   0%|          | 0/1 [00:00<?, ?it/s, epoch=4382]
train:   0%|          | 0/1 [00:00<?, ?it/s, epoch=4383]
train:   0%|          | 0/1 [00:00<?, ?it/s, epoch=4384]
train:   0%|          | 0/1 [00:00<?, ?it/s, epoch=4385]
train:   0%|          | 0/1 [00:00<?, ?it/s, epoch=4386]
train:   0%|          | 0/1 [00:00<?, ?it/s, epoch=4387]
train:   0%|          | 0/1 [00:00<?, ?it/s, epoch=4388]
train:   0%|          | 0/1 [00:00<?, ?it/s, epoch=4389]
train:   0%|          | 0/1 [00:00<?, ?it/s, epoch=4390]
train:   0%|          | 0/1 [00:00<?, ?it/s, epoch=4391]
train:   0%|          | 0/1 [00:00<?, ?it/s, epoch=4392]
train:   0%|          | 0/1 [00:00<?, ?it/s, epoch=4393]
train:   0%|          | 0/1 [00:00<?, ?it/s, epoch=4394]
train:   0%|          | 0/1 [00:00<?, ?it/s, epoch=4395]
train:   0%|          | 0/1 [00:00<?, ?it/s, epoch=4396]
train:   0%|          | 0/1 [00:00<?, ?it/s, epoch=4397]
train:   0%|          | 0/1 [00:00<?, ?it/s, epoch=4398]
train:   0%|          | 0/1 [00:00<?, ?it/s, epoch=4399][[34m2026-03-23 23:48:28[0m] Step 4400 | Loss: 0.036191 | Timing: time/data_load: 0.000s, time/forward: 0.316s, time/loss_compute: 0.014s, time/discriminator: 0.000s, time/backward: 0.403s, time/optimizer: 0.036s, time/total_step: 0.776s
[BOTTLENECK] step 4400 | total_step 0.776s | time/data_load: 0.000s (0%) | time/forward: 0.316s (41%) | time/loss_compute: 0.014s (2%) | time/backward: 0.403s (52%) | time/optimizer: 0.036s (5%) | time/total_step: 0.776s (100%)
  -> at this rate 1000 steps ≈ 12.9 min
train:   0%|          | 0/1 [00:01<?, ?it/s, all=0.04, nll=0.03, nll_rec=0.02, nll_per=0.02, kl=0.01, gen=0.00, gen_w=0.00, disc=0.00, debug=0.00]
[[34m2026-03-23 23:48:28[0m] Running fixed per-frame evaluation at epoch 4400 (sequence name: EMO-1-shout+laugh)...
train:   0%|          | 0/1 [00:00<?, ?it/s, epoch=4400]
train:   0%|          | 0/1 [00:00<?, ?it/s, epoch=4401]
train:   0%|          | 0/1 [00:00<?, ?it/s, epoch=4402]
train:   0%|          | 0/1 [00:00<?, ?it/s, epoch=4403]
train:   0%|          | 0/1 [00:00<?, ?it/s, epoch=4404]
train:   0%|          | 0/1 [00:00<?, ?it/s, epoch=4405]
train:   0%|          | 0/1 [00:00<?, ?it/s, epoch=4406]
train:   0%|          | 0/1 [00:00<?, ?it/s, epoch=4407]
train:   0%|          | 0/1 [00:00<?, ?it/s, epoch=4408]
train:   0%|          | 0/1 [00:00<?, ?it/s, epoch=4409]
train:   0%|          | 0/1 [00:00<?, ?it/s, epoch=4410]
train:   0%|          | 0/1 [00:00<?, ?it/s, epoch=4411]
train:   0%|          | 0/1 [00:00<?, ?it/s, epoch=4412]
train:   0%|          | 0/1 [00:00<?, ?it/s, epoch=4413]
train:   0%|          | 0/1 [00:00<?, ?it/s, epoch=4414]
train:   0%|          | 0/1 [00:00<?, ?it/s, epoch=4415]
train:   0%|          | 0/1 [00:00<?, ?it/s, epoch=4416]
train:   0%|          | 0/1 [00:00<?, ?it/s, epoch=4417]
train:   0%|          | 0/1 [00:00<?, ?it/s, epoch=4418]
train:   0%|          | 0/1 [00:00<?, ?it/s, epoch=4419]
train:   0%|          | 0/1 [00:00<?, ?it/s, epoch=4420]
train:   0%|          | 0/1 [00:00<?, ?it/s, epoch=4421]
train:   0%|          | 0/1 [00:00<?, ?it/s, epoch=4422]
train:   0%|          | 0/1 [00:00<?, ?it/s, epoch=4423]
train:   0%|          | 0/1 [00:00<?, ?it/s, epoch=4424]
train:   0%|          | 0/1 [00:00<?, ?it/s, epoch=4425]
train:   0%|          | 0/1 [00:00<?, ?it/s, epoch=4426]
train:   0%|          | 0/1 [00:00<?, ?it/s, epoch=4427]
train:   0%|          | 0/1 [00:00<?, ?it/s, epoch=4428]
train:   0%|          | 0/1 [00:00<?, ?it/s, epoch=4429]
train:   0%|          | 0/1 [00:00<?, ?it/s, epoch=4430]
train:   0%|          | 0/1 [00:00<?, ?it/s, epoch=4431]
train:   0%|          | 0/1 [00:00<?, ?it/s, epoch=4432]
train:   0%|          | 0/1 [00:00<?, ?it/s, epoch=4433]
train:   0%|          | 0/1 [00:00<?, ?it/s, epoch=4434]
train:   0%|          | 0/1 [00:00<?, ?it/s, epoch=4435]
train:   0%|          | 0/1 [00:00<?, ?it/s, epoch=4436]
train:   0%|          | 0/1 [00:00<?, ?it/s, epoch=4437]
train:   0%|          | 0/1 [00:00<?, ?it/s, epoch=4438]
train:   0%|          | 0/1 [00:00<?, ?it/s, epoch=4439]
train:   0%|          | 0/1 [00:00<?, ?it/s, epoch=4440]
train:   0%|          | 0/1 [00:00<?, ?it/s, epoch=4441]
train:   0%|          | 0/1 [00:00<?, ?it/s, epoch=4442]
train:   0%|          | 0/1 [00:00<?, ?it/s, epoch=4443]
train:   0%|          | 0/1 [00:00<?, ?it/s, epoch=4444]
train:   0%|          | 0/1 [00:00<?, ?it/s, epoch=4445]
train:   0%|          | 0/1 [00:00<?, ?it/s, epoch=4446]
train:   0%|          | 0/1 [00:00<?, ?it/s, epoch=4447]
train:   0%|          | 0/1 [00:00<?, ?it/s, epoch=4448]
train:   0%|          | 0/1 [00:00<?, ?it/s, epoch=4449]
train:   0%|          | 0/1 [00:00<?, ?it/s, epoch=4450]
train:   0%|          | 0/1 [00:00<?, ?it/s, epoch=4451]
train:   0%|          | 0/1 [00:00<?, ?it/s, epoch=4452]
train:   0%|          | 0/1 [00:00<?, ?it/s, epoch=4453]
train:   0%|          | 0/1 [00:00<?, ?it/s, epoch=4454]
train:   0%|          | 0/1 [00:00<?, ?it/s, epoch=4455]
train:   0%|          | 0/1 [00:00<?, ?it/s, epoch=4456]
train:   0%|          | 0/1 [00:00<?, ?it/s, epoch=4457]
train:   0%|          | 0/1 [00:00<?, ?it/s, epoch=4458]
train:   0%|          | 0/1 [00:00<?, ?it/s, epoch=4459]
train:   0%|          | 0/1 [00:00<?, ?it/s, epoch=4460]
train:   0%|          | 0/1 [00:00<?, ?it/s, epoch=4461]
train:   0%|          | 0/1 [00:00<?, ?it/s, epoch=4462]
train:   0%|          | 0/1 [00:00<?, ?it/s, epoch=4463]
train:   0%|          | 0/1 [00:00<?, ?it/s, epoch=4464]
train:   0%|          | 0/1 [00:00<?, ?it/s, epoch=4465]
train:   0%|          | 0/1 [00:00<?, ?it/s, epoch=4466]
train:   0%|          | 0/1 [00:00<?, ?it/s, epoch=4467]
train:   0%|          | 0/1 [00:00<?, ?it/s, epoch=4468]
train:   0%|          | 0/1 [00:00<?, ?it/s, epoch=4469]
train:   0%|          | 0/1 [00:00<?, ?it/s, epoch=4470]
train:   0%|          | 0/1 [00:00<?, ?it/s, epoch=4471]
train:   0%|          | 0/1 [00:00<?, ?it/s, epoch=4472]
train:   0%|          | 0/1 [00:00<?, ?it/s, epoch=4473]
train:   0%|          | 0/1 [00:00<?, ?it/s, epoch=4474]
train:   0%|          | 0/1 [00:00<?, ?it/s, epoch=4475]
train:   0%|          | 0/1 [00:00<?, ?it/s, epoch=4476]
train:   0%|          | 0/1 [00:00<?, ?it/s, epoch=4477]
train:   0%|          | 0/1 [00:00<?, ?it/s, epoch=4478]
train:   0%|          | 0/1 [00:00<?, ?it/s, epoch=4479]
train:   0%|          | 0/1 [00:00<?, ?it/s, epoch=4480]
train:   0%|          | 0/1 [00:00<?, ?it/s, epoch=4481]
train:   0%|          | 0/1 [00:00<?, ?it/s, epoch=4482]
train:   0%|          | 0/1 [00:00<?, ?it/s, epoch=4483]
train:   0%|          | 0/1 [00:00<?, ?it/s, epoch=4484]
train:   0%|          | 0/1 [00:00<?, ?it/s, epoch=4485]
train:   0%|          | 0/1 [00:00<?, ?it/s, epoch=4486]
train:   0%|          | 0/1 [00:00<?, ?it/s, epoch=4487]
train:   0%|          | 0/1 [00:00<?, ?it/s, epoch=4488]
train:   0%|          | 0/1 [00:00<?, ?it/s, epoch=4489]
train:   0%|          | 0/1 [00:00<?, ?it/s, epoch=4490]
train:   0%|          | 0/1 [00:00<?, ?it/s, epoch=4491]
train:   0%|          | 0/1 [00:00<?, ?it/s, epoch=4492]
train:   0%|          | 0/1 [00:00<?, ?it/s, epoch=4493]
train:   0%|          | 0/1 [00:00<?, ?it/s, epoch=4494]
train:   0%|          | 0/1 [00:00<?, ?it/s, epoch=4495]
train:   0%|          | 0/1 [00:00<?, ?it/s, epoch=4496]
train:   0%|          | 0/1 [00:00<?, ?it/s, epoch=4497]
train:   0%|          | 0/1 [00:00<?, ?it/s, epoch=4498]
train:   0%|          | 0/1 [00:00<?, ?it/s, epoch=4499][[34m2026-03-23 23:50:00[0m] Step 4500 | Loss: 0.036047 | Timing: time/data_load: 0.000s, time/forward: 0.313s, time/loss_compute: 0.014s, time/discriminator: 0.000s, time/backward: 0.402s, time/optimizer: 0.036s, time/total_step: 0.772s
train:   0%|          | 0/1 [00:01<?, ?it/s, all=0.04, nll=0.03, nll_rec=0.02, nll_per=0.02, kl=0.01, gen=0.00, gen_w=0.00, disc=0.00, debug=0.00][[34m2026-03-23 23:50:01[0m] The model is going to be split to checkpoint shards. You can find where each parameters has been saved in the index located at model.safetensors.index.json.
[[34m2026-03-23 23:50:03[0m] Saved checkpoint at epoch 4499, step 1, global_step 4500 to outputs/self_attention_rank128/epoch4499-global_step4500
[[34m2026-03-23 23:50:03[0m] Removed old checkpoints and kept 3 latest ones.
train:   0%|          | 0/1 [00:04<?, ?it/s, all=0.04, nll=0.03, nll_rec=0.02, nll_per=0.02, kl=0.01, gen=0.00, gen_w=0.00, disc=0.00, debug=0.00]
train:   0%|          | 0/1 [00:00<?, ?it/s, epoch=4500]
train:   0%|          | 0/1 [00:00<?, ?it/s, epoch=4501]
train:   0%|          | 0/1 [00:00<?, ?it/s, epoch=4502]
train:   0%|          | 0/1 [00:00<?, ?it/s, epoch=4503]
train:   0%|          | 0/1 [00:00<?, ?it/s, epoch=4504]
train:   0%|          | 0/1 [00:00<?, ?it/s, epoch=4505]
train:   0%|          | 0/1 [00:00<?, ?it/s, epoch=4506]
train:   0%|          | 0/1 [00:00<?, ?it/s, epoch=4507]
train:   0%|          | 0/1 [00:00<?, ?it/s, epoch=4508]
train:   0%|          | 0/1 [00:00<?, ?it/s, epoch=4509]
train:   0%|          | 0/1 [00:00<?, ?it/s, epoch=4510]
train:   0%|          | 0/1 [00:00<?, ?it/s, epoch=4511]
train:   0%|          | 0/1 [00:00<?, ?it/s, epoch=4512]
train:   0%|          | 0/1 [00:00<?, ?it/s, epoch=4513]
train:   0%|          | 0/1 [00:00<?, ?it/s, epoch=4514]
train:   0%|          | 0/1 [00:00<?, ?it/s, epoch=4515]
train:   0%|          | 0/1 [00:00<?, ?it/s, epoch=4516]
train:   0%|          | 0/1 [00:00<?, ?it/s, epoch=4517]
train:   0%|          | 0/1 [00:00<?, ?it/s, epoch=4518]
train:   0%|          | 0/1 [00:00<?, ?it/s, epoch=4519]
train:   0%|          | 0/1 [00:00<?, ?it/s, epoch=4520]
train:   0%|          | 0/1 [00:00<?, ?it/s, epoch=4521]
train:   0%|          | 0/1 [00:00<?, ?it/s, epoch=4522]
train:   0%|          | 0/1 [00:00<?, ?it/s, epoch=4523]
train:   0%|          | 0/1 [00:00<?, ?it/s, epoch=4524]
train:   0%|          | 0/1 [00:00<?, ?it/s, epoch=4525]
train:   0%|          | 0/1 [00:00<?, ?it/s, epoch=4526]
train:   0%|          | 0/1 [00:00<?, ?it/s, epoch=4527]
train:   0%|          | 0/1 [00:00<?, ?it/s, epoch=4528]
train:   0%|          | 0/1 [00:00<?, ?it/s, epoch=4529]
train:   0%|          | 0/1 [00:00<?, ?it/s, epoch=4530]
train:   0%|          | 0/1 [00:00<?, ?it/s, epoch=4531]
train:   0%|          | 0/1 [00:00<?, ?it/s, epoch=4532]
train:   0%|          | 0/1 [00:00<?, ?it/s, epoch=4533]
train:   0%|          | 0/1 [00:00<?, ?it/s, epoch=4534]
train:   0%|          | 0/1 [00:00<?, ?it/s, epoch=4535]
train:   0%|          | 0/1 [00:00<?, ?it/s, epoch=4536]
train:   0%|          | 0/1 [00:00<?, ?it/s, epoch=4537]
train:   0%|          | 0/1 [00:00<?, ?it/s, epoch=4538]
train:   0%|          | 0/1 [00:00<?, ?it/s, epoch=4539]
train:   0%|          | 0/1 [00:00<?, ?it/s, epoch=4540]
train:   0%|          | 0/1 [00:00<?, ?it/s, epoch=4541]
train:   0%|          | 0/1 [00:00<?, ?it/s, epoch=4542]
train:   0%|          | 0/1 [00:00<?, ?it/s, epoch=4543]
train:   0%|          | 0/1 [00:00<?, ?it/s, epoch=4544]
train:   0%|          | 0/1 [00:00<?, ?it/s, epoch=4545]
train:   0%|          | 0/1 [00:00<?, ?it/s, epoch=4546]
train:   0%|          | 0/1 [00:00<?, ?it/s, epoch=4547]
train:   0%|          | 0/1 [00:00<?, ?it/s, epoch=4548]
train:   0%|          | 0/1 [00:00<?, ?it/s, epoch=4549]
train:   0%|          | 0/1 [00:00<?, ?it/s, epoch=4550]
train:   0%|          | 0/1 [00:00<?, ?it/s, epoch=4551]
train:   0%|          | 0/1 [00:00<?, ?it/s, epoch=4552]
train:   0%|          | 0/1 [00:00<?, ?it/s, epoch=4553]
train:   0%|          | 0/1 [00:00<?, ?it/s, epoch=4554]
train:   0%|          | 0/1 [00:00<?, ?it/s, epoch=4555]
train:   0%|          | 0/1 [00:00<?, ?it/s, epoch=4556]
train:   0%|          | 0/1 [00:00<?, ?it/s, epoch=4557]
train:   0%|          | 0/1 [00:00<?, ?it/s, epoch=4558]
train:   0%|          | 0/1 [00:00<?, ?it/s, epoch=4559]
train:   0%|          | 0/1 [00:00<?, ?it/s, epoch=4560]
train:   0%|          | 0/1 [00:00<?, ?it/s, epoch=4561]
train:   0%|          | 0/1 [00:00<?, ?it/s, epoch=4562]
train:   0%|          | 0/1 [00:00<?, ?it/s, epoch=4563]
train:   0%|          | 0/1 [00:00<?, ?it/s, epoch=4564]
train:   0%|          | 0/1 [00:00<?, ?it/s, epoch=4565]
train:   0%|          | 0/1 [00:00<?, ?it/s, epoch=4566]
train:   0%|          | 0/1 [00:00<?, ?it/s, epoch=4567]
train:   0%|          | 0/1 [00:00<?, ?it/s, epoch=4568]
train:   0%|          | 0/1 [00:00<?, ?it/s, epoch=4569]
train:   0%|          | 0/1 [00:00<?, ?it/s, epoch=4570]
train:   0%|          | 0/1 [00:00<?, ?it/s, epoch=4571]
train:   0%|          | 0/1 [00:00<?, ?it/s, epoch=4572]
train:   0%|          | 0/1 [00:00<?, ?it/s, epoch=4573]
train:   0%|          | 0/1 [00:00<?, ?it/s, epoch=4574]
train:   0%|          | 0/1 [00:00<?, ?it/s, epoch=4575]
train:   0%|          | 0/1 [00:00<?, ?it/s, epoch=4576]
train:   0%|          | 0/1 [00:00<?, ?it/s, epoch=4577]
train:   0%|          | 0/1 [00:00<?, ?it/s, epoch=4578]
train:   0%|          | 0/1 [00:00<?, ?it/s, epoch=4579]
train:   0%|          | 0/1 [00:00<?, ?it/s, epoch=4580]
train:   0%|          | 0/1 [00:00<?, ?it/s, epoch=4581]
train:   0%|          | 0/1 [00:00<?, ?it/s, epoch=4582]
train:   0%|          | 0/1 [00:00<?, ?it/s, epoch=4583]
train:   0%|          | 0/1 [00:00<?, ?it/s, epoch=4584]
train:   0%|          | 0/1 [00:00<?, ?it/s, epoch=4585]
train:   0%|          | 0/1 [00:00<?, ?it/s, epoch=4586]
train:   0%|          | 0/1 [00:00<?, ?it/s, epoch=4587]
train:   0%|          | 0/1 [00:00<?, ?it/s, epoch=4588]
train:   0%|          | 0/1 [00:00<?, ?it/s, epoch=4589]
train:   0%|          | 0/1 [00:00<?, ?it/s, epoch=4590]
train:   0%|          | 0/1 [00:00<?, ?it/s, epoch=4591]
train:   0%|          | 0/1 [00:00<?, ?it/s, epoch=4592]
train:   0%|          | 0/1 [00:00<?, ?it/s, epoch=4593]
train:   0%|          | 0/1 [00:00<?, ?it/s, epoch=4594]
train:   0%|          | 0/1 [00:00<?, ?it/s, epoch=4595]
train:   0%|          | 0/1 [00:00<?, ?it/s, epoch=4596]
train:   0%|          | 0/1 [00:00<?, ?it/s, epoch=4597]
train:   0%|          | 0/1 [00:00<?, ?it/s, epoch=4598]
train:   0%|          | 0/1 [00:00<?, ?it/s, epoch=4599][[34m2026-03-23 23:51:33[0m] Step 4600 | Loss: 0.037578 | Timing: time/data_load: 0.000s, time/forward: 0.309s, time/loss_compute: 0.013s, time/discriminator: 0.000s, time/backward: 0.398s, time/optimizer: 0.035s, time/total_step: 0.763s
[BOTTLENECK] step 4600 | total_step 0.763s | time/data_load: 0.000s (0%) | time/forward: 0.309s (40%) | time/loss_compute: 0.013s (2%) | time/backward: 0.398s (52%) | time/optimizer: 0.035s (5%) | time/total_step: 0.763s (100%)
  -> at this rate 1000 steps ≈ 12.7 min
train:   0%|          | 0/1 [00:01<?, ?it/s, all=0.04, nll=0.03, nll_rec=0.02, nll_per=0.02, kl=0.01, gen=0.00, gen_w=0.00, disc=0.00, debug=0.00]
[[34m2026-03-23 23:51:33[0m] Running fixed per-frame evaluation at epoch 4600 (sequence name: EMO-1-shout+laugh)...
train:   0%|          | 0/1 [00:00<?, ?it/s, epoch=4600]
train:   0%|          | 0/1 [00:00<?, ?it/s, epoch=4601]
train:   0%|          | 0/1 [00:00<?, ?it/s, epoch=4602]
train:   0%|          | 0/1 [00:00<?, ?it/s, epoch=4603]
train:   0%|          | 0/1 [00:00<?, ?it/s, epoch=4604]
train:   0%|          | 0/1 [00:00<?, ?it/s, epoch=4605]
train:   0%|          | 0/1 [00:00<?, ?it/s, epoch=4606]
train:   0%|          | 0/1 [00:00<?, ?it/s, epoch=4607]
train:   0%|          | 0/1 [00:00<?, ?it/s, epoch=4608]
train:   0%|          | 0/1 [00:00<?, ?it/s, epoch=4609]
train:   0%|          | 0/1 [00:00<?, ?it/s, epoch=4610]
train:   0%|          | 0/1 [00:00<?, ?it/s, epoch=4611]
train:   0%|          | 0/1 [00:00<?, ?it/s, epoch=4612]
train:   0%|          | 0/1 [00:00<?, ?it/s, epoch=4613]
train:   0%|          | 0/1 [00:00<?, ?it/s, epoch=4614]
train:   0%|          | 0/1 [00:00<?, ?it/s, epoch=4615]
train:   0%|          | 0/1 [00:00<?, ?it/s, epoch=4616]
train:   0%|          | 0/1 [00:00<?, ?it/s, epoch=4617]
train:   0%|          | 0/1 [00:00<?, ?it/s, epoch=4618]
train:   0%|          | 0/1 [00:00<?, ?it/s, epoch=4619]
train:   0%|          | 0/1 [00:00<?, ?it/s, epoch=4620]
train:   0%|          | 0/1 [00:00<?, ?it/s, epoch=4621]
train:   0%|          | 0/1 [00:00<?, ?it/s, epoch=4622]
train:   0%|          | 0/1 [00:00<?, ?it/s, epoch=4623]
train:   0%|          | 0/1 [00:00<?, ?it/s, epoch=4624]
train:   0%|          | 0/1 [00:00<?, ?it/s, epoch=4625]
train:   0%|          | 0/1 [00:00<?, ?it/s, epoch=4626]
train:   0%|          | 0/1 [00:00<?, ?it/s, epoch=4627]
train:   0%|          | 0/1 [00:00<?, ?it/s, epoch=4628]
train:   0%|          | 0/1 [00:00<?, ?it/s, epoch=4629]
train:   0%|          | 0/1 [00:00<?, ?it/s, epoch=4630]
train:   0%|          | 0/1 [00:00<?, ?it/s, epoch=4631]
train:   0%|          | 0/1 [00:00<?, ?it/s, epoch=4632]
train:   0%|          | 0/1 [00:00<?, ?it/s, epoch=4633]
train:   0%|          | 0/1 [00:00<?, ?it/s, epoch=4634]
train:   0%|          | 0/1 [00:00<?, ?it/s, epoch=4635]
train:   0%|          | 0/1 [00:00<?, ?it/s, epoch=4636]
train:   0%|          | 0/1 [00:00<?, ?it/s, epoch=4637]
train:   0%|          | 0/1 [00:00<?, ?it/s, epoch=4638]
train:   0%|          | 0/1 [00:00<?, ?it/s, epoch=4639]
train:   0%|          | 0/1 [00:00<?, ?it/s, epoch=4640]
train:   0%|          | 0/1 [00:00<?, ?it/s, epoch=4641]
train:   0%|          | 0/1 [00:00<?, ?it/s, epoch=4642]
train:   0%|          | 0/1 [00:00<?, ?it/s, epoch=4643]
train:   0%|          | 0/1 [00:00<?, ?it/s, epoch=4644]
train:   0%|          | 0/1 [00:00<?, ?it/s, epoch=4645]
train:   0%|          | 0/1 [00:00<?, ?it/s, epoch=4646]
train:   0%|          | 0/1 [00:00<?, ?it/s, epoch=4647]
train:   0%|          | 0/1 [00:00<?, ?it/s, epoch=4648]
train:   0%|          | 0/1 [00:00<?, ?it/s, epoch=4649]
train:   0%|          | 0/1 [00:00<?, ?it/s, epoch=4650]
train:   0%|          | 0/1 [00:00<?, ?it/s, epoch=4651]
train:   0%|          | 0/1 [00:00<?, ?it/s, epoch=4652]
train:   0%|          | 0/1 [00:00<?, ?it/s, epoch=4653]
train:   0%|          | 0/1 [00:00<?, ?it/s, epoch=4654]
train:   0%|          | 0/1 [00:00<?, ?it/s, epoch=4655]
train:   0%|          | 0/1 [00:00<?, ?it/s, epoch=4656]
train:   0%|          | 0/1 [00:00<?, ?it/s, epoch=4657]
train:   0%|          | 0/1 [00:00<?, ?it/s, epoch=4658]
train:   0%|          | 0/1 [00:00<?, ?it/s, epoch=4659]
train:   0%|          | 0/1 [00:00<?, ?it/s, epoch=4660]
train:   0%|          | 0/1 [00:00<?, ?it/s, epoch=4661]
train:   0%|          | 0/1 [00:00<?, ?it/s, epoch=4662]
train:   0%|          | 0/1 [00:00<?, ?it/s, epoch=4663]
train:   0%|          | 0/1 [00:00<?, ?it/s, epoch=4664]
train:   0%|          | 0/1 [00:00<?, ?it/s, epoch=4665]
train:   0%|          | 0/1 [00:00<?, ?it/s, epoch=4666]
train:   0%|          | 0/1 [00:00<?, ?it/s, epoch=4667]
train:   0%|          | 0/1 [00:00<?, ?it/s, epoch=4668]
train:   0%|          | 0/1 [00:00<?, ?it/s, epoch=4669]
train:   0%|          | 0/1 [00:00<?, ?it/s, epoch=4670]
train:   0%|          | 0/1 [00:00<?, ?it/s, epoch=4671]
train:   0%|          | 0/1 [00:00<?, ?it/s, epoch=4672]
train:   0%|          | 0/1 [00:00<?, ?it/s, epoch=4673]
train:   0%|          | 0/1 [00:00<?, ?it/s, epoch=4674]
train:   0%|          | 0/1 [00:00<?, ?it/s, epoch=4675]
train:   0%|          | 0/1 [00:00<?, ?it/s, epoch=4676]
train:   0%|          | 0/1 [00:00<?, ?it/s, epoch=4677]
train:   0%|          | 0/1 [00:00<?, ?it/s, epoch=4678]
train:   0%|          | 0/1 [00:00<?, ?it/s, epoch=4679]
train:   0%|          | 0/1 [00:00<?, ?it/s, epoch=4680]
train:   0%|          | 0/1 [00:00<?, ?it/s, epoch=4681]
train:   0%|          | 0/1 [00:00<?, ?it/s, epoch=4682]
train:   0%|          | 0/1 [00:00<?, ?it/s, epoch=4683]
train:   0%|          | 0/1 [00:00<?, ?it/s, epoch=4684]
train:   0%|          | 0/1 [00:00<?, ?it/s, epoch=4685]
train:   0%|          | 0/1 [00:00<?, ?it/s, epoch=4686]
train:   0%|          | 0/1 [00:00<?, ?it/s, epoch=4687]
train:   0%|          | 0/1 [00:00<?, ?it/s, epoch=4688]
train:   0%|          | 0/1 [00:00<?, ?it/s, epoch=4689]
train:   0%|          | 0/1 [00:00<?, ?it/s, epoch=4690]
train:   0%|          | 0/1 [00:00<?, ?it/s, epoch=4691]
train:   0%|          | 0/1 [00:00<?, ?it/s, epoch=4692]
train:   0%|          | 0/1 [00:00<?, ?it/s, epoch=4693]
train:   0%|          | 0/1 [00:00<?, ?it/s, epoch=4694]
train:   0%|          | 0/1 [00:00<?, ?it/s, epoch=4695]
train:   0%|          | 0/1 [00:00<?, ?it/s, epoch=4696]
train:   0%|          | 0/1 [00:00<?, ?it/s, epoch=4697]
train:   0%|          | 0/1 [00:00<?, ?it/s, epoch=4698]
train:   0%|          | 0/1 [00:00<?, ?it/s, epoch=4699][[34m2026-03-23 23:53:03[0m] Step 4700 | Loss: 0.034773 | Timing: time/data_load: 0.000s, time/forward: 0.308s, time/loss_compute: 0.013s, time/discriminator: 0.000s, time/backward: 0.395s, time/optimizer: 0.035s, time/total_step: 0.758s
train:   0%|          | 0/1 [00:01<?, ?it/s, all=0.03, nll=0.02, nll_rec=0.02, nll_per=0.01, kl=0.01, gen=0.00, gen_w=0.00, disc=0.00, debug=0.00]
train:   0%|          | 0/1 [00:00<?, ?it/s, epoch=4700]
train:   0%|          | 0/1 [00:00<?, ?it/s, epoch=4701]
train:   0%|          | 0/1 [00:00<?, ?it/s, epoch=4702]
train:   0%|          | 0/1 [00:00<?, ?it/s, epoch=4703]
train:   0%|          | 0/1 [00:00<?, ?it/s, epoch=4704]
train:   0%|          | 0/1 [00:00<?, ?it/s, epoch=4705]
train:   0%|          | 0/1 [00:00<?, ?it/s, epoch=4706]
train:   0%|          | 0/1 [00:00<?, ?it/s, epoch=4707]
train:   0%|          | 0/1 [00:00<?, ?it/s, epoch=4708]
train:   0%|          | 0/1 [00:00<?, ?it/s, epoch=4709]
train:   0%|          | 0/1 [00:00<?, ?it/s, epoch=4710]
train:   0%|          | 0/1 [00:00<?, ?it/s, epoch=4711]
train:   0%|          | 0/1 [00:00<?, ?it/s, epoch=4712]
train:   0%|          | 0/1 [00:00<?, ?it/s, epoch=4713]
train:   0%|          | 0/1 [00:00<?, ?it/s, epoch=4714]
train:   0%|          | 0/1 [00:00<?, ?it/s, epoch=4715]
train:   0%|          | 0/1 [00:00<?, ?it/s, epoch=4716]
train:   0%|          | 0/1 [00:00<?, ?it/s, epoch=4717]
train:   0%|          | 0/1 [00:00<?, ?it/s, epoch=4718]
train:   0%|          | 0/1 [00:00<?, ?it/s, epoch=4719]
train:   0%|          | 0/1 [00:00<?, ?it/s, epoch=4720]
train:   0%|          | 0/1 [00:00<?, ?it/s, epoch=4721]
train:   0%|          | 0/1 [00:00<?, ?it/s, epoch=4722]
train:   0%|          | 0/1 [00:00<?, ?it/s, epoch=4723]
train:   0%|          | 0/1 [00:00<?, ?it/s, epoch=4724]
train:   0%|          | 0/1 [00:00<?, ?it/s, epoch=4725]
train:   0%|          | 0/1 [00:00<?, ?it/s, epoch=4726]
train:   0%|          | 0/1 [00:00<?, ?it/s, epoch=4727]
train:   0%|          | 0/1 [00:00<?, ?it/s, epoch=4728]
train:   0%|          | 0/1 [00:00<?, ?it/s, epoch=4729]
train:   0%|          | 0/1 [00:00<?, ?it/s, epoch=4730]
train:   0%|          | 0/1 [00:00<?, ?it/s, epoch=4731]
train:   0%|          | 0/1 [00:00<?, ?it/s, epoch=4732]
train:   0%|          | 0/1 [00:00<?, ?it/s, epoch=4733]
train:   0%|          | 0/1 [00:00<?, ?it/s, epoch=4734]
train:   0%|          | 0/1 [00:00<?, ?it/s, epoch=4735]
train:   0%|          | 0/1 [00:00<?, ?it/s, epoch=4736]
train:   0%|          | 0/1 [00:00<?, ?it/s, epoch=4737]
train:   0%|          | 0/1 [00:00<?, ?it/s, epoch=4738]
train:   0%|          | 0/1 [00:00<?, ?it/s, epoch=4739]
train:   0%|          | 0/1 [00:00<?, ?it/s, epoch=4740]
train:   0%|          | 0/1 [00:00<?, ?it/s, epoch=4741]
train:   0%|          | 0/1 [00:00<?, ?it/s, epoch=4742]
train:   0%|          | 0/1 [00:00<?, ?it/s, epoch=4743]
train:   0%|          | 0/1 [00:00<?, ?it/s, epoch=4744]
train:   0%|          | 0/1 [00:00<?, ?it/s, epoch=4745]
train:   0%|          | 0/1 [00:00<?, ?it/s, epoch=4746]
train:   0%|          | 0/1 [00:00<?, ?it/s, epoch=4747]
train:   0%|          | 0/1 [00:00<?, ?it/s, epoch=4748]
train:   0%|          | 0/1 [00:00<?, ?it/s, epoch=4749]
train:   0%|          | 0/1 [00:00<?, ?it/s, epoch=4750]
train:   0%|          | 0/1 [00:00<?, ?it/s, epoch=4751]
train:   0%|          | 0/1 [00:00<?, ?it/s, epoch=4752]
train:   0%|          | 0/1 [00:00<?, ?it/s, epoch=4753]
train:   0%|          | 0/1 [00:00<?, ?it/s, epoch=4754]
train:   0%|          | 0/1 [00:00<?, ?it/s, epoch=4755]
train:   0%|          | 0/1 [00:00<?, ?it/s, epoch=4756]
train:   0%|          | 0/1 [00:00<?, ?it/s, epoch=4757]
train:   0%|          | 0/1 [00:00<?, ?it/s, epoch=4758]
train:   0%|          | 0/1 [00:00<?, ?it/s, epoch=4759]
train:   0%|          | 0/1 [00:00<?, ?it/s, epoch=4760]
train:   0%|          | 0/1 [00:00<?, ?it/s, epoch=4761]
train:   0%|          | 0/1 [00:00<?, ?it/s, epoch=4762]
train:   0%|          | 0/1 [00:00<?, ?it/s, epoch=4763]
train:   0%|          | 0/1 [00:00<?, ?it/s, epoch=4764]
train:   0%|          | 0/1 [00:00<?, ?it/s, epoch=4765]
train:   0%|          | 0/1 [00:00<?, ?it/s, epoch=4766]
train:   0%|          | 0/1 [00:00<?, ?it/s, epoch=4767]
train:   0%|          | 0/1 [00:00<?, ?it/s, epoch=4768]
train:   0%|          | 0/1 [00:00<?, ?it/s, epoch=4769]
train:   0%|          | 0/1 [00:00<?, ?it/s, epoch=4770]
train:   0%|          | 0/1 [00:00<?, ?it/s, epoch=4771]
train:   0%|          | 0/1 [00:00<?, ?it/s, epoch=4772]
train:   0%|          | 0/1 [00:00<?, ?it/s, epoch=4773]
train:   0%|          | 0/1 [00:00<?, ?it/s, epoch=4774]
train:   0%|          | 0/1 [00:00<?, ?it/s, epoch=4775]
train:   0%|          | 0/1 [00:00<?, ?it/s, epoch=4776]
train:   0%|          | 0/1 [00:00<?, ?it/s, epoch=4777]
train:   0%|          | 0/1 [00:00<?, ?it/s, epoch=4778]
train:   0%|          | 0/1 [00:00<?, ?it/s, epoch=4779]
train:   0%|          | 0/1 [00:00<?, ?it/s, epoch=4780]
train:   0%|          | 0/1 [00:00<?, ?it/s, epoch=4781]
train:   0%|          | 0/1 [00:00<?, ?it/s, epoch=4782]
train:   0%|          | 0/1 [00:00<?, ?it/s, epoch=4783]
train:   0%|          | 0/1 [00:00<?, ?it/s, epoch=4784]
train:   0%|          | 0/1 [00:00<?, ?it/s, epoch=4785]
train:   0%|          | 0/1 [00:00<?, ?it/s, epoch=4786]
train:   0%|          | 0/1 [00:00<?, ?it/s, epoch=4787]
train:   0%|          | 0/1 [00:00<?, ?it/s, epoch=4788]
train:   0%|          | 0/1 [00:00<?, ?it/s, epoch=4789]
train:   0%|          | 0/1 [00:00<?, ?it/s, epoch=4790]
train:   0%|          | 0/1 [00:00<?, ?it/s, epoch=4791]
train:   0%|          | 0/1 [00:00<?, ?it/s, epoch=4792]
train:   0%|          | 0/1 [00:00<?, ?it/s, epoch=4793]
train:   0%|          | 0/1 [00:00<?, ?it/s, epoch=4794]
train:   0%|          | 0/1 [00:00<?, ?it/s, epoch=4795]
train:   0%|          | 0/1 [00:00<?, ?it/s, epoch=4796]
train:   0%|          | 0/1 [00:00<?, ?it/s, epoch=4797]
train:   0%|          | 0/1 [00:00<?, ?it/s, epoch=4798]
train:   0%|          | 0/1 [00:00<?, ?it/s, epoch=4799][[34m2026-03-23 23:54:37[0m] Step 4800 | Loss: 0.035260 | Timing: time/data_load: 0.000s, time/forward: 0.325s, time/loss_compute: 0.015s, time/discriminator: 0.000s, time/backward: 0.414s, time/optimizer: 0.037s, time/total_step: 0.798s
[BOTTLENECK] step 4800 | total_step 0.798s | time/data_load: 0.000s (0%) | time/forward: 0.325s (41%) | time/loss_compute: 0.015s (2%) | time/backward: 0.414s (52%) | time/optimizer: 0.037s (5%) | time/total_step: 0.798s (100%)
  -> at this rate 1000 steps ≈ 13.3 min
train:   0%|          | 0/1 [00:01<?, ?it/s, all=0.04, nll=0.02, nll_rec=0.02, nll_per=0.02, kl=0.01, gen=0.00, gen_w=0.00, disc=0.00, debug=0.00]
[[34m2026-03-23 23:54:37[0m] Running fixed per-frame evaluation at epoch 4800 (sequence name: EMO-1-shout+laugh)...
train:   0%|          | 0/1 [00:00<?, ?it/s, epoch=4800]
train:   0%|          | 0/1 [00:00<?, ?it/s, epoch=4801]
train:   0%|          | 0/1 [00:00<?, ?it/s, epoch=4802]
train:   0%|          | 0/1 [00:00<?, ?it/s, epoch=4803]
train:   0%|          | 0/1 [00:00<?, ?it/s, epoch=4804]
train:   0%|          | 0/1 [00:00<?, ?it/s, epoch=4805]
train:   0%|          | 0/1 [00:00<?, ?it/s, epoch=4806]
train:   0%|          | 0/1 [00:00<?, ?it/s, epoch=4807]
train:   0%|          | 0/1 [00:00<?, ?it/s, epoch=4808]
train:   0%|          | 0/1 [00:00<?, ?it/s, epoch=4809]
train:   0%|          | 0/1 [00:00<?, ?it/s, epoch=4810]
train:   0%|          | 0/1 [00:00<?, ?it/s, epoch=4811]
train:   0%|          | 0/1 [00:00<?, ?it/s, epoch=4812]
train:   0%|          | 0/1 [00:00<?, ?it/s, epoch=4813]
train:   0%|          | 0/1 [00:00<?, ?it/s, epoch=4814]
train:   0%|          | 0/1 [00:00<?, ?it/s, epoch=4815]
train:   0%|          | 0/1 [00:00<?, ?it/s, epoch=4816]
train:   0%|          | 0/1 [00:00<?, ?it/s, epoch=4817]
train:   0%|          | 0/1 [00:00<?, ?it/s, epoch=4818]
train:   0%|          | 0/1 [00:00<?, ?it/s, epoch=4819]
train:   0%|          | 0/1 [00:00<?, ?it/s, epoch=4820]
train:   0%|          | 0/1 [00:00<?, ?it/s, epoch=4821]
train:   0%|          | 0/1 [00:00<?, ?it/s, epoch=4822]
train:   0%|          | 0/1 [00:00<?, ?it/s, epoch=4823]
train:   0%|          | 0/1 [00:00<?, ?it/s, epoch=4824]
train:   0%|          | 0/1 [00:00<?, ?it/s, epoch=4825]
train:   0%|          | 0/1 [00:00<?, ?it/s, epoch=4826]
train:   0%|          | 0/1 [00:00<?, ?it/s, epoch=4827]
train:   0%|          | 0/1 [00:00<?, ?it/s, epoch=4828]
train:   0%|          | 0/1 [00:00<?, ?it/s, epoch=4829]
train:   0%|          | 0/1 [00:00<?, ?it/s, epoch=4830]
train:   0%|          | 0/1 [00:00<?, ?it/s, epoch=4831]
train:   0%|          | 0/1 [00:00<?, ?it/s, epoch=4832]
train:   0%|          | 0/1 [00:00<?, ?it/s, epoch=4833]
train:   0%|          | 0/1 [00:00<?, ?it/s, epoch=4834]
train:   0%|          | 0/1 [00:00<?, ?it/s, epoch=4835]
train:   0%|          | 0/1 [00:00<?, ?it/s, epoch=4836]
train:   0%|          | 0/1 [00:00<?, ?it/s, epoch=4837]
train:   0%|          | 0/1 [00:00<?, ?it/s, epoch=4838]
train:   0%|          | 0/1 [00:00<?, ?it/s, epoch=4839]
train:   0%|          | 0/1 [00:00<?, ?it/s, epoch=4840]
train:   0%|          | 0/1 [00:00<?, ?it/s, epoch=4841]
train:   0%|          | 0/1 [00:00<?, ?it/s, epoch=4842]
train:   0%|          | 0/1 [00:00<?, ?it/s, epoch=4843]
train:   0%|          | 0/1 [00:00<?, ?it/s, epoch=4844]
train:   0%|          | 0/1 [00:00<?, ?it/s, epoch=4845]
train:   0%|          | 0/1 [00:00<?, ?it/s, epoch=4846]
train:   0%|          | 0/1 [00:00<?, ?it/s, epoch=4847]
train:   0%|          | 0/1 [00:00<?, ?it/s, epoch=4848]
train:   0%|          | 0/1 [00:00<?, ?it/s, epoch=4849]
train:   0%|          | 0/1 [00:00<?, ?it/s, epoch=4850]
train:   0%|          | 0/1 [00:00<?, ?it/s, epoch=4851]
train:   0%|          | 0/1 [00:00<?, ?it/s, epoch=4852]
train:   0%|          | 0/1 [00:00<?, ?it/s, epoch=4853]
train:   0%|          | 0/1 [00:00<?, ?it/s, epoch=4854]
train:   0%|          | 0/1 [00:00<?, ?it/s, epoch=4855]
train:   0%|          | 0/1 [00:00<?, ?it/s, epoch=4856]
train:   0%|          | 0/1 [00:00<?, ?it/s, epoch=4857]
train:   0%|          | 0/1 [00:00<?, ?it/s, epoch=4858]
train:   0%|          | 0/1 [00:00<?, ?it/s, epoch=4859]
train:   0%|          | 0/1 [00:00<?, ?it/s, epoch=4860]
train:   0%|          | 0/1 [00:00<?, ?it/s, epoch=4861]
train:   0%|          | 0/1 [00:00<?, ?it/s, epoch=4862]
train:   0%|          | 0/1 [00:00<?, ?it/s, epoch=4863]
train:   0%|          | 0/1 [00:00<?, ?it/s, epoch=4864]
train:   0%|          | 0/1 [00:00<?, ?it/s, epoch=4865]
train:   0%|          | 0/1 [00:00<?, ?it/s, epoch=4866]
train:   0%|          | 0/1 [00:00<?, ?it/s, epoch=4867]
train:   0%|          | 0/1 [00:00<?, ?it/s, epoch=4868]
train:   0%|          | 0/1 [00:00<?, ?it/s, epoch=4869]
train:   0%|          | 0/1 [00:00<?, ?it/s, epoch=4870]
train:   0%|          | 0/1 [00:00<?, ?it/s, epoch=4871]
train:   0%|          | 0/1 [00:00<?, ?it/s, epoch=4872]
train:   0%|          | 0/1 [00:00<?, ?it/s, epoch=4873]
train:   0%|          | 0/1 [00:00<?, ?it/s, epoch=4874]
train:   0%|          | 0/1 [00:00<?, ?it/s, epoch=4875]
train:   0%|          | 0/1 [00:00<?, ?it/s, epoch=4876]
train:   0%|          | 0/1 [00:00<?, ?it/s, epoch=4877]
train:   0%|          | 0/1 [00:00<?, ?it/s, epoch=4878]
train:   0%|          | 0/1 [00:00<?, ?it/s, epoch=4879]
train:   0%|          | 0/1 [00:00<?, ?it/s, epoch=4880]
train:   0%|          | 0/1 [00:00<?, ?it/s, epoch=4881]
train:   0%|          | 0/1 [00:00<?, ?it/s, epoch=4882]
train:   0%|          | 0/1 [00:00<?, ?it/s, epoch=4883]
train:   0%|          | 0/1 [00:00<?, ?it/s, epoch=4884]
train:   0%|          | 0/1 [00:00<?, ?it/s, epoch=4885]
train:   0%|          | 0/1 [00:00<?, ?it/s, epoch=4886]
train:   0%|          | 0/1 [00:00<?, ?it/s, epoch=4887]
train:   0%|          | 0/1 [00:00<?, ?it/s, epoch=4888]
train:   0%|          | 0/1 [00:00<?, ?it/s, epoch=4889]
train:   0%|          | 0/1 [00:00<?, ?it/s, epoch=4890]
train:   0%|          | 0/1 [00:00<?, ?it/s, epoch=4891]
train:   0%|          | 0/1 [00:00<?, ?it/s, epoch=4892]
train:   0%|          | 0/1 [00:00<?, ?it/s, epoch=4893]
train:   0%|          | 0/1 [00:00<?, ?it/s, epoch=4894]
train:   0%|          | 0/1 [00:00<?, ?it/s, epoch=4895]
train:   0%|          | 0/1 [00:00<?, ?it/s, epoch=4896]
train:   0%|          | 0/1 [00:00<?, ?it/s, epoch=4897]
train:   0%|          | 0/1 [00:00<?, ?it/s, epoch=4898]
train:   0%|          | 0/1 [00:00<?, ?it/s, epoch=4899][[34m2026-03-23 23:56:14[0m] Step 4900 | Loss: 0.035177 | Timing: time/data_load: 0.000s, time/forward: 0.337s, time/loss_compute: 0.016s, time/discriminator: 0.000s, time/backward: 0.422s, time/optimizer: 0.038s, time/total_step: 0.821s
train:   0%|          | 0/1 [00:01<?, ?it/s, all=0.04, nll=0.02, nll_rec=0.02, nll_per=0.02, kl=0.01, gen=0.00, gen_w=0.00, disc=0.00, debug=0.00]
train:   0%|          | 0/1 [00:00<?, ?it/s, epoch=4900]
train:   0%|          | 0/1 [00:00<?, ?it/s, epoch=4901]
train:   0%|          | 0/1 [00:00<?, ?it/s, epoch=4902]
train:   0%|          | 0/1 [00:00<?, ?it/s, epoch=4903]
train:   0%|          | 0/1 [00:00<?, ?it/s, epoch=4904]
train:   0%|          | 0/1 [00:00<?, ?it/s, epoch=4905]
train:   0%|          | 0/1 [00:00<?, ?it/s, epoch=4906]
train:   0%|          | 0/1 [00:00<?, ?it/s, epoch=4907]
train:   0%|          | 0/1 [00:00<?, ?it/s, epoch=4908]
train:   0%|          | 0/1 [00:00<?, ?it/s, epoch=4909]
train:   0%|          | 0/1 [00:00<?, ?it/s, epoch=4910]
train:   0%|          | 0/1 [00:00<?, ?it/s, epoch=4911]
train:   0%|          | 0/1 [00:00<?, ?it/s, epoch=4912]
train:   0%|          | 0/1 [00:00<?, ?it/s, epoch=4913]
train:   0%|          | 0/1 [00:00<?, ?it/s, epoch=4914]
train:   0%|          | 0/1 [00:00<?, ?it/s, epoch=4915]
train:   0%|          | 0/1 [00:00<?, ?it/s, epoch=4916]
train:   0%|          | 0/1 [00:00<?, ?it/s, epoch=4917]
train:   0%|          | 0/1 [00:00<?, ?it/s, epoch=4918]
train:   0%|          | 0/1 [00:00<?, ?it/s, epoch=4919]
train:   0%|          | 0/1 [00:00<?, ?it/s, epoch=4920]
train:   0%|          | 0/1 [00:00<?, ?it/s, epoch=4921]
train:   0%|          | 0/1 [00:00<?, ?it/s, epoch=4922]
train:   0%|          | 0/1 [00:00<?, ?it/s, epoch=4923]
train:   0%|          | 0/1 [00:00<?, ?it/s, epoch=4924]
train:   0%|          | 0/1 [00:00<?, ?it/s, epoch=4925]
train:   0%|          | 0/1 [00:00<?, ?it/s, epoch=4926]
train:   0%|          | 0/1 [00:00<?, ?it/s, epoch=4927]
train:   0%|          | 0/1 [00:00<?, ?it/s, epoch=4928]
train:   0%|          | 0/1 [00:00<?, ?it/s, epoch=4929]
train:   0%|          | 0/1 [00:00<?, ?it/s, epoch=4930]
train:   0%|          | 0/1 [00:00<?, ?it/s, epoch=4931]
train:   0%|          | 0/1 [00:00<?, ?it/s, epoch=4932]
train:   0%|          | 0/1 [00:00<?, ?it/s, epoch=4933]
train:   0%|          | 0/1 [00:00<?, ?it/s, epoch=4934]
train:   0%|          | 0/1 [00:00<?, ?it/s, epoch=4935]
train:   0%|          | 0/1 [00:00<?, ?it/s, epoch=4936]
train:   0%|          | 0/1 [00:00<?, ?it/s, epoch=4937]
train:   0%|          | 0/1 [00:00<?, ?it/s, epoch=4938]
train:   0%|          | 0/1 [00:00<?, ?it/s, epoch=4939]
train:   0%|          | 0/1 [00:00<?, ?it/s, epoch=4940]
train:   0%|          | 0/1 [00:00<?, ?it/s, epoch=4941]
train:   0%|          | 0/1 [00:00<?, ?it/s, epoch=4942]
train:   0%|          | 0/1 [00:00<?, ?it/s, epoch=4943]
train:   0%|          | 0/1 [00:00<?, ?it/s, epoch=4944]
train:   0%|          | 0/1 [00:00<?, ?it/s, epoch=4945]
train:   0%|          | 0/1 [00:00<?, ?it/s, epoch=4946]
train:   0%|          | 0/1 [00:00<?, ?it/s, epoch=4947]
train:   0%|          | 0/1 [00:00<?, ?it/s, epoch=4948]
train:   0%|          | 0/1 [00:00<?, ?it/s, epoch=4949]
train:   0%|          | 0/1 [00:00<?, ?it/s, epoch=4950]
train:   0%|          | 0/1 [00:00<?, ?it/s, epoch=4951]
train:   0%|          | 0/1 [00:00<?, ?it/s, epoch=4952]
train:   0%|          | 0/1 [00:00<?, ?it/s, epoch=4953]
train:   0%|          | 0/1 [00:00<?, ?it/s, epoch=4954]
train:   0%|          | 0/1 [00:00<?, ?it/s, epoch=4955]
train:   0%|          | 0/1 [00:00<?, ?it/s, epoch=4956]
train:   0%|          | 0/1 [00:00<?, ?it/s, epoch=4957]
train:   0%|          | 0/1 [00:00<?, ?it/s, epoch=4958]
train:   0%|          | 0/1 [00:00<?, ?it/s, epoch=4959]
train:   0%|          | 0/1 [00:00<?, ?it/s, epoch=4960]
train:   0%|          | 0/1 [00:00<?, ?it/s, epoch=4961]
train:   0%|          | 0/1 [00:00<?, ?it/s, epoch=4962]
train:   0%|          | 0/1 [00:00<?, ?it/s, epoch=4963]
train:   0%|          | 0/1 [00:00<?, ?it/s, epoch=4964]
train:   0%|          | 0/1 [00:00<?, ?it/s, epoch=4965]
train:   0%|          | 0/1 [00:00<?, ?it/s, epoch=4966]
train:   0%|          | 0/1 [00:00<?, ?it/s, epoch=4967]
train:   0%|          | 0/1 [00:00<?, ?it/s, epoch=4968]
train:   0%|          | 0/1 [00:00<?, ?it/s, epoch=4969]
train:   0%|          | 0/1 [00:00<?, ?it/s, epoch=4970]
train:   0%|          | 0/1 [00:00<?, ?it/s, epoch=4971]
train:   0%|          | 0/1 [00:00<?, ?it/s, epoch=4972]
train:   0%|          | 0/1 [00:00<?, ?it/s, epoch=4973]
train:   0%|          | 0/1 [00:00<?, ?it/s, epoch=4974]
train:   0%|          | 0/1 [00:00<?, ?it/s, epoch=4975]
train:   0%|          | 0/1 [00:00<?, ?it/s, epoch=4976]
train:   0%|          | 0/1 [00:00<?, ?it/s, epoch=4977]
train:   0%|          | 0/1 [00:00<?, ?it/s, epoch=4978]
train:   0%|          | 0/1 [00:00<?, ?it/s, epoch=4979]
train:   0%|          | 0/1 [00:00<?, ?it/s, epoch=4980]
train:   0%|          | 0/1 [00:00<?, ?it/s, epoch=4981]
train:   0%|          | 0/1 [00:00<?, ?it/s, epoch=4982]
train:   0%|          | 0/1 [00:00<?, ?it/s, epoch=4983]
train:   0%|          | 0/1 [00:00<?, ?it/s, epoch=4984]
train:   0%|          | 0/1 [00:00<?, ?it/s, epoch=4985]
train:   0%|          | 0/1 [00:00<?, ?it/s, epoch=4986]
train:   0%|          | 0/1 [00:00<?, ?it/s, epoch=4987]
train:   0%|          | 0/1 [00:00<?, ?it/s, epoch=4988]
train:   0%|          | 0/1 [00:00<?, ?it/s, epoch=4989]
train:   0%|          | 0/1 [00:00<?, ?it/s, epoch=4990]
train:   0%|          | 0/1 [00:00<?, ?it/s, epoch=4991]
train:   0%|          | 0/1 [00:00<?, ?it/s, epoch=4992]
train:   0%|          | 0/1 [00:00<?, ?it/s, epoch=4993]
train:   0%|          | 0/1 [00:00<?, ?it/s, epoch=4994]
train:   0%|          | 0/1 [00:00<?, ?it/s, epoch=4995]
train:   0%|          | 0/1 [00:00<?, ?it/s, epoch=4996]
train:   0%|          | 0/1 [00:00<?, ?it/s, epoch=4997]
train:   0%|          | 0/1 [00:00<?, ?it/s, epoch=4998]
train:   0%|          | 0/1 [00:00<?, ?it/s, epoch=4999][[34m2026-03-23 23:57:46[0m] Step 5000 | Loss: 0.037101 | Timing: time/data_load: 0.000s, time/forward: 0.316s, time/loss_compute: 0.013s, time/discriminator: 0.000s, time/backward: 0.404s, time/optimizer: 0.036s, time/total_step: 0.777s
[BOTTLENECK] step 5000 | total_step 0.777s | time/data_load: 0.000s (0%) | time/forward: 0.316s (41%) | time/loss_compute: 0.013s (2%) | time/backward: 0.404s (52%) | time/optimizer: 0.036s (5%) | time/total_step: 0.777s (100%)
  -> at this rate 1000 steps ≈ 12.9 min
train:   0%|          | 0/1 [00:01<?, ?it/s, all=0.04, nll=0.03, nll_rec=0.02, nll_per=0.02, kl=0.01, gen=0.00, gen_w=0.00, disc=0.00, debug=0.00][[34m2026-03-23 23:57:48[0m] The model is going to be split to checkpoint shards. You can find where each parameters has been saved in the index located at model.safetensors.index.json.
[[34m2026-03-23 23:57:49[0m] Saved checkpoint at epoch 4999, step 1, global_step 5000 to outputs/self_attention_rank128/epoch4999-global_step5000
[[34m2026-03-23 23:57:49[0m] Removed old checkpoints and kept 3 latest ones.
[[34m2026-03-23 23:57:49[0m] Running full evaluation at step 5000 (train)...
[[34m2026-03-23 23:57:50[0m] Evaluation (train) - PSNR: 32.38 ± 0.62, SSIM: 1.0000 ± 0.0000, MSE: 0.000578 ± 0.000000
train:   0%|          | 0/1 [00:05<?, ?it/s, all=0.04, nll=0.03, nll_rec=0.02, nll_per=0.02, kl=0.01, gen=0.00, gen_w=0.00, disc=0.00, debug=0.00]
[[34m2026-03-23 23:57:50[0m] Running fixed per-frame evaluation at epoch 5000 (sequence name: EMO-1-shout+laugh)...
train:   0%|          | 0/1 [00:00<?, ?it/s, epoch=5000]
train:   0%|          | 0/1 [00:00<?, ?it/s, epoch=5001]
train:   0%|          | 0/1 [00:00<?, ?it/s, epoch=5002]
train:   0%|          | 0/1 [00:00<?, ?it/s, epoch=5003]
train:   0%|          | 0/1 [00:00<?, ?it/s, epoch=5004]
train:   0%|          | 0/1 [00:00<?, ?it/s, epoch=5005]
train:   0%|          | 0/1 [00:00<?, ?it/s, epoch=5006]
train:   0%|          | 0/1 [00:00<?, ?it/s, epoch=5007]
train:   0%|          | 0/1 [00:00<?, ?it/s, epoch=5008]
train:   0%|          | 0/1 [00:00<?, ?it/s, epoch=5009]
train:   0%|          | 0/1 [00:00<?, ?it/s, epoch=5010]
train:   0%|          | 0/1 [00:00<?, ?it/s, epoch=5011]
train:   0%|          | 0/1 [00:00<?, ?it/s, epoch=5012]
train:   0%|          | 0/1 [00:00<?, ?it/s, epoch=5013]
train:   0%|          | 0/1 [00:00<?, ?it/s, epoch=5014]
train:   0%|          | 0/1 [00:00<?, ?it/s, epoch=5015]
train:   0%|          | 0/1 [00:00<?, ?it/s, epoch=5016]
train:   0%|          | 0/1 [00:00<?, ?it/s, epoch=5017]
train:   0%|          | 0/1 [00:00<?, ?it/s, epoch=5018]
train:   0%|          | 0/1 [00:00<?, ?it/s, epoch=5019]
train:   0%|          | 0/1 [00:00<?, ?it/s, epoch=5020]
train:   0%|          | 0/1 [00:00<?, ?it/s, epoch=5021]
train:   0%|          | 0/1 [00:00<?, ?it/s, epoch=5022]
train:   0%|          | 0/1 [00:00<?, ?it/s, epoch=5023]
train:   0%|          | 0/1 [00:00<?, ?it/s, epoch=5024]
train:   0%|          | 0/1 [00:00<?, ?it/s, epoch=5025]
train:   0%|          | 0/1 [00:00<?, ?it/s, epoch=5026]
train:   0%|          | 0/1 [00:00<?, ?it/s, epoch=5027]
train:   0%|          | 0/1 [00:00<?, ?it/s, epoch=5028]
train:   0%|          | 0/1 [00:00<?, ?it/s, epoch=5029]
train:   0%|          | 0/1 [00:00<?, ?it/s, epoch=5030]
train:   0%|          | 0/1 [00:00<?, ?it/s, epoch=5031]
train:   0%|          | 0/1 [00:00<?, ?it/s, epoch=5032]
train:   0%|          | 0/1 [00:00<?, ?it/s, epoch=5033]
train:   0%|          | 0/1 [00:00<?, ?it/s, epoch=5034]
train:   0%|          | 0/1 [00:00<?, ?it/s, epoch=5035]
train:   0%|          | 0/1 [00:00<?, ?it/s, epoch=5036]
train:   0%|          | 0/1 [00:00<?, ?it/s, epoch=5037]
train:   0%|          | 0/1 [00:00<?, ?it/s, epoch=5038]
train:   0%|          | 0/1 [00:00<?, ?it/s, epoch=5039]
train:   0%|          | 0/1 [00:00<?, ?it/s, epoch=5040]
train:   0%|          | 0/1 [00:00<?, ?it/s, epoch=5041]
train:   0%|          | 0/1 [00:00<?, ?it/s, epoch=5042]
train:   0%|          | 0/1 [00:00<?, ?it/s, epoch=5043]
train:   0%|          | 0/1 [00:00<?, ?it/s, epoch=5044]
train:   0%|          | 0/1 [00:00<?, ?it/s, epoch=5045]
train:   0%|          | 0/1 [00:00<?, ?it/s, epoch=5046]
train:   0%|          | 0/1 [00:00<?, ?it/s, epoch=5047]
train:   0%|          | 0/1 [00:00<?, ?it/s, epoch=5048]
train:   0%|          | 0/1 [00:00<?, ?it/s, epoch=5049]
train:   0%|          | 0/1 [00:00<?, ?it/s, epoch=5050]
train:   0%|          | 0/1 [00:00<?, ?it/s, epoch=5051]
train:   0%|          | 0/1 [00:00<?, ?it/s, epoch=5052]
train:   0%|          | 0/1 [00:00<?, ?it/s, epoch=5053]
train:   0%|          | 0/1 [00:00<?, ?it/s, epoch=5054]
train:   0%|          | 0/1 [00:00<?, ?it/s, epoch=5055]
train:   0%|          | 0/1 [00:00<?, ?it/s, epoch=5056]
train:   0%|          | 0/1 [00:00<?, ?it/s, epoch=5057]
train:   0%|          | 0/1 [00:00<?, ?it/s, epoch=5058]
train:   0%|          | 0/1 [00:00<?, ?it/s, epoch=5059]
train:   0%|          | 0/1 [00:00<?, ?it/s, epoch=5060]
train:   0%|          | 0/1 [00:00<?, ?it/s, epoch=5061]
train:   0%|          | 0/1 [00:00<?, ?it/s, epoch=5062]
train:   0%|          | 0/1 [00:00<?, ?it/s, epoch=5063]
train:   0%|          | 0/1 [00:00<?, ?it/s, epoch=5064]
train:   0%|          | 0/1 [00:00<?, ?it/s, epoch=5065]
train:   0%|          | 0/1 [00:00<?, ?it/s, epoch=5066]
train:   0%|          | 0/1 [00:00<?, ?it/s, epoch=5067]
train:   0%|          | 0/1 [00:00<?, ?it/s, epoch=5068]
train:   0%|          | 0/1 [00:00<?, ?it/s, epoch=5069]
train:   0%|          | 0/1 [00:00<?, ?it/s, epoch=5070]
train:   0%|          | 0/1 [00:00<?, ?it/s, epoch=5071]
train:   0%|          | 0/1 [00:00<?, ?it/s, epoch=5072]
train:   0%|          | 0/1 [00:00<?, ?it/s, epoch=5073]
train:   0%|          | 0/1 [00:00<?, ?it/s, epoch=5074]
train:   0%|          | 0/1 [00:00<?, ?it/s, epoch=5075]
train:   0%|          | 0/1 [00:00<?, ?it/s, epoch=5076]
train:   0%|          | 0/1 [00:00<?, ?it/s, epoch=5077]
train:   0%|          | 0/1 [00:00<?, ?it/s, epoch=5078]
train:   0%|          | 0/1 [00:00<?, ?it/s, epoch=5079]
train:   0%|          | 0/1 [00:00<?, ?it/s, epoch=5080]
train:   0%|          | 0/1 [00:00<?, ?it/s, epoch=5081]
train:   0%|          | 0/1 [00:00<?, ?it/s, epoch=5082]
train:   0%|          | 0/1 [00:00<?, ?it/s, epoch=5083]
train:   0%|          | 0/1 [00:00<?, ?it/s, epoch=5084]
train:   0%|          | 0/1 [00:00<?, ?it/s, epoch=5085]
train:   0%|          | 0/1 [00:00<?, ?it/s, epoch=5086]
train:   0%|          | 0/1 [00:00<?, ?it/s, epoch=5087]
train:   0%|          | 0/1 [00:00<?, ?it/s, epoch=5088]
train:   0%|          | 0/1 [00:00<?, ?it/s, epoch=5089]
train:   0%|          | 0/1 [00:00<?, ?it/s, epoch=5090]
train:   0%|          | 0/1 [00:00<?, ?it/s, epoch=5091]
train:   0%|          | 0/1 [00:00<?, ?it/s, epoch=5092]
train:   0%|          | 0/1 [00:00<?, ?it/s, epoch=5093]
train:   0%|          | 0/1 [00:00<?, ?it/s, epoch=5094]
train:   0%|          | 0/1 [00:00<?, ?it/s, epoch=5095]
train:   0%|          | 0/1 [00:00<?, ?it/s, epoch=5096]
train:   0%|          | 0/1 [00:00<?, ?it/s, epoch=5097]
train:   0%|          | 0/1 [00:00<?, ?it/s, epoch=5098]
train:   0%|          | 0/1 [00:00<?, ?it/s, epoch=5099][[34m2026-03-23 23:59:24[0m] Step 5100 | Loss: 0.033679 | Timing: time/data_load: 0.000s, time/forward: 0.323s, time/loss_compute: 0.015s, time/discriminator: 0.000s, time/backward: 0.408s, time/optimizer: 0.037s, time/total_step: 0.790s
train:   0%|          | 0/1 [00:01<?, ?it/s, all=0.03, nll=0.02, nll_rec=0.02, nll_per=0.01, kl=0.01, gen=0.00, gen_w=0.00, disc=0.00, debug=0.00]
train:   0%|          | 0/1 [00:00<?, ?it/s, epoch=5100]
train:   0%|          | 0/1 [00:00<?, ?it/s, epoch=5101]
train:   0%|          | 0/1 [00:00<?, ?it/s, epoch=5102]
train:   0%|          | 0/1 [00:00<?, ?it/s, epoch=5103]
train:   0%|          | 0/1 [00:00<?, ?it/s, epoch=5104]
train:   0%|          | 0/1 [00:00<?, ?it/s, epoch=5105]
train:   0%|          | 0/1 [00:00<?, ?it/s, epoch=5106]
train:   0%|          | 0/1 [00:00<?, ?it/s, epoch=5107]
train:   0%|          | 0/1 [00:00<?, ?it/s, epoch=5108]
train:   0%|          | 0/1 [00:00<?, ?it/s, epoch=5109]
train:   0%|          | 0/1 [00:00<?, ?it/s, epoch=5110]
train:   0%|          | 0/1 [00:00<?, ?it/s, epoch=5111]
train:   0%|          | 0/1 [00:00<?, ?it/s, epoch=5112]
train:   0%|          | 0/1 [00:00<?, ?it/s, epoch=5113]
train:   0%|          | 0/1 [00:00<?, ?it/s, epoch=5114]
train:   0%|          | 0/1 [00:00<?, ?it/s, epoch=5115]
train:   0%|          | 0/1 [00:00<?, ?it/s, epoch=5116]
train:   0%|          | 0/1 [00:00<?, ?it/s, epoch=5117]
train:   0%|          | 0/1 [00:00<?, ?it/s, epoch=5118]
train:   0%|          | 0/1 [00:00<?, ?it/s, epoch=5119]
train:   0%|          | 0/1 [00:00<?, ?it/s, epoch=5120]
train:   0%|          | 0/1 [00:00<?, ?it/s, epoch=5121]
train:   0%|          | 0/1 [00:00<?, ?it/s, epoch=5122]
train:   0%|          | 0/1 [00:00<?, ?it/s, epoch=5123]
train:   0%|          | 0/1 [00:00<?, ?it/s, epoch=5124]
train:   0%|          | 0/1 [00:00<?, ?it/s, epoch=5125]
train:   0%|          | 0/1 [00:00<?, ?it/s, epoch=5126]
train:   0%|          | 0/1 [00:00<?, ?it/s, epoch=5127]
train:   0%|          | 0/1 [00:00<?, ?it/s, epoch=5128]
train:   0%|          | 0/1 [00:00<?, ?it/s, epoch=5129]
train:   0%|          | 0/1 [00:00<?, ?it/s, epoch=5130]
train:   0%|          | 0/1 [00:00<?, ?it/s, epoch=5131]
train:   0%|          | 0/1 [00:00<?, ?it/s, epoch=5132]
train:   0%|          | 0/1 [00:00<?, ?it/s, epoch=5133]
train:   0%|          | 0/1 [00:00<?, ?it/s, epoch=5134]
train:   0%|          | 0/1 [00:00<?, ?it/s, epoch=5135]
train:   0%|          | 0/1 [00:00<?, ?it/s, epoch=5136]
train:   0%|          | 0/1 [00:00<?, ?it/s, epoch=5137]
train:   0%|          | 0/1 [00:00<?, ?it/s, epoch=5138]
train:   0%|          | 0/1 [00:00<?, ?it/s, epoch=5139]
train:   0%|          | 0/1 [00:00<?, ?it/s, epoch=5140]
train:   0%|          | 0/1 [00:00<?, ?it/s, epoch=5141]
train:   0%|          | 0/1 [00:00<?, ?it/s, epoch=5142]
train:   0%|          | 0/1 [00:00<?, ?it/s, epoch=5143]
train:   0%|          | 0/1 [00:00<?, ?it/s, epoch=5144]
train:   0%|          | 0/1 [00:00<?, ?it/s, epoch=5145]
train:   0%|          | 0/1 [00:00<?, ?it/s, epoch=5146]
train:   0%|          | 0/1 [00:00<?, ?it/s, epoch=5147]
train:   0%|          | 0/1 [00:00<?, ?it/s, epoch=5148]
train:   0%|          | 0/1 [00:00<?, ?it/s, epoch=5149]
train:   0%|          | 0/1 [00:00<?, ?it/s, epoch=5150]
train:   0%|          | 0/1 [00:00<?, ?it/s, epoch=5151]
train:   0%|          | 0/1 [00:00<?, ?it/s, epoch=5152]
train:   0%|          | 0/1 [00:00<?, ?it/s, epoch=5153]
train:   0%|          | 0/1 [00:00<?, ?it/s, epoch=5154]
train:   0%|          | 0/1 [00:00<?, ?it/s, epoch=5155]
train:   0%|          | 0/1 [00:00<?, ?it/s, epoch=5156]
train:   0%|          | 0/1 [00:00<?, ?it/s, epoch=5157]
train:   0%|          | 0/1 [00:00<?, ?it/s, epoch=5158]
train:   0%|          | 0/1 [00:00<?, ?it/s, epoch=5159]
train:   0%|          | 0/1 [00:00<?, ?it/s, epoch=5160]
train:   0%|          | 0/1 [00:00<?, ?it/s, epoch=5161]
train:   0%|          | 0/1 [00:00<?, ?it/s, epoch=5162]
train:   0%|          | 0/1 [00:00<?, ?it/s, epoch=5163]
train:   0%|          | 0/1 [00:00<?, ?it/s, epoch=5164]
train:   0%|          | 0/1 [00:00<?, ?it/s, epoch=5165]
train:   0%|          | 0/1 [00:00<?, ?it/s, epoch=5166]
train:   0%|          | 0/1 [00:00<?, ?it/s, epoch=5167]
train:   0%|          | 0/1 [00:00<?, ?it/s, epoch=5168]
train:   0%|          | 0/1 [00:00<?, ?it/s, epoch=5169]
train:   0%|          | 0/1 [00:00<?, ?it/s, epoch=5170]
train:   0%|          | 0/1 [00:00<?, ?it/s, epoch=5171]
train:   0%|          | 0/1 [00:00<?, ?it/s, epoch=5172]
train:   0%|          | 0/1 [00:00<?, ?it/s, epoch=5173]
train:   0%|          | 0/1 [00:00<?, ?it/s, epoch=5174]
train:   0%|          | 0/1 [00:00<?, ?it/s, epoch=5175]
train:   0%|          | 0/1 [00:00<?, ?it/s, epoch=5176]
train:   0%|          | 0/1 [00:00<?, ?it/s, epoch=5177]
train:   0%|          | 0/1 [00:00<?, ?it/s, epoch=5178]
train:   0%|          | 0/1 [00:00<?, ?it/s, epoch=5179]
train:   0%|          | 0/1 [00:00<?, ?it/s, epoch=5180]
train:   0%|          | 0/1 [00:00<?, ?it/s, epoch=5181]
train:   0%|          | 0/1 [00:00<?, ?it/s, epoch=5182]
train:   0%|          | 0/1 [00:00<?, ?it/s, epoch=5183]
train:   0%|          | 0/1 [00:00<?, ?it/s, epoch=5184]
train:   0%|          | 0/1 [00:00<?, ?it/s, epoch=5185]
train:   0%|          | 0/1 [00:00<?, ?it/s, epoch=5186]
train:   0%|          | 0/1 [00:00<?, ?it/s, epoch=5187]
train:   0%|          | 0/1 [00:00<?, ?it/s, epoch=5188]
train:   0%|          | 0/1 [00:00<?, ?it/s, epoch=5189]
train:   0%|          | 0/1 [00:00<?, ?it/s, epoch=5190]
train:   0%|          | 0/1 [00:00<?, ?it/s, epoch=5191]
train:   0%|          | 0/1 [00:00<?, ?it/s, epoch=5192]
train:   0%|          | 0/1 [00:00<?, ?it/s, epoch=5193]
train:   0%|          | 0/1 [00:00<?, ?it/s, epoch=5194]
train:   0%|          | 0/1 [00:00<?, ?it/s, epoch=5195]
train:   0%|          | 0/1 [00:00<?, ?it/s, epoch=5196]
train:   0%|          | 0/1 [00:00<?, ?it/s, epoch=5197]
train:   0%|          | 0/1 [00:00<?, ?it/s, epoch=5198]
train:   0%|          | 0/1 [00:00<?, ?it/s, epoch=5199][[34m2026-03-24 00:00:52[0m] Step 5200 | Loss: 0.035022 | Timing: time/data_load: 0.000s, time/forward: 0.305s, time/loss_compute: 0.012s, time/discriminator: 0.000s, time/backward: 0.390s, time/optimizer: 0.034s, time/total_step: 0.749s
[BOTTLENECK] step 5200 | total_step 0.749s | time/data_load: 0.000s (0%) | time/forward: 0.305s (41%) | time/loss_compute: 0.012s (2%) | time/backward: 0.390s (52%) | time/optimizer: 0.034s (5%) | time/total_step: 0.749s (100%)
  -> at this rate 1000 steps ≈ 12.5 min
train:   0%|          | 0/1 [00:01<?, ?it/s, all=0.04, nll=0.02, nll_rec=0.02, nll_per=0.01, kl=0.01, gen=0.00, gen_w=0.00, disc=0.00, debug=0.00]
[[34m2026-03-24 00:00:52[0m] Running fixed per-frame evaluation at epoch 5200 (sequence name: EMO-1-shout+laugh)...
train:   0%|          | 0/1 [00:00<?, ?it/s, epoch=5200]
train:   0%|          | 0/1 [00:00<?, ?it/s, epoch=5201]
train:   0%|          | 0/1 [00:00<?, ?it/s, epoch=5202]
train:   0%|          | 0/1 [00:00<?, ?it/s, epoch=5203]
train:   0%|          | 0/1 [00:00<?, ?it/s, epoch=5204]
train:   0%|          | 0/1 [00:00<?, ?it/s, epoch=5205]
train:   0%|          | 0/1 [00:00<?, ?it/s, epoch=5206]
train:   0%|          | 0/1 [00:00<?, ?it/s, epoch=5207]
train:   0%|          | 0/1 [00:00<?, ?it/s, epoch=5208]
train:   0%|          | 0/1 [00:00<?, ?it/s, epoch=5209]
train:   0%|          | 0/1 [00:00<?, ?it/s, epoch=5210]
train:   0%|          | 0/1 [00:00<?, ?it/s, epoch=5211]
train:   0%|          | 0/1 [00:00<?, ?it/s, epoch=5212]
train:   0%|          | 0/1 [00:00<?, ?it/s, epoch=5213]
train:   0%|          | 0/1 [00:00<?, ?it/s, epoch=5214]
train:   0%|          | 0/1 [00:00<?, ?it/s, epoch=5215]
train:   0%|          | 0/1 [00:00<?, ?it/s, epoch=5216]
train:   0%|          | 0/1 [00:00<?, ?it/s, epoch=5217]
train:   0%|          | 0/1 [00:00<?, ?it/s, epoch=5218]
train:   0%|          | 0/1 [00:00<?, ?it/s, epoch=5219]
train:   0%|          | 0/1 [00:00<?, ?it/s, epoch=5220]
train:   0%|          | 0/1 [00:00<?, ?it/s, epoch=5221]
train:   0%|          | 0/1 [00:00<?, ?it/s, epoch=5222]
train:   0%|          | 0/1 [00:00<?, ?it/s, epoch=5223]
train:   0%|          | 0/1 [00:00<?, ?it/s, epoch=5224]
train:   0%|          | 0/1 [00:00<?, ?it/s, epoch=5225]
train:   0%|          | 0/1 [00:00<?, ?it/s, epoch=5226]
train:   0%|          | 0/1 [00:00<?, ?it/s, epoch=5227]
train:   0%|          | 0/1 [00:00<?, ?it/s, epoch=5228]
train:   0%|          | 0/1 [00:00<?, ?it/s, epoch=5229]
train:   0%|          | 0/1 [00:00<?, ?it/s, epoch=5230]
train:   0%|          | 0/1 [00:00<?, ?it/s, epoch=5231]
train:   0%|          | 0/1 [00:00<?, ?it/s, epoch=5232]
train:   0%|          | 0/1 [00:00<?, ?it/s, epoch=5233]
train:   0%|          | 0/1 [00:00<?, ?it/s, epoch=5234]
train:   0%|          | 0/1 [00:00<?, ?it/s, epoch=5235]
train:   0%|          | 0/1 [00:00<?, ?it/s, epoch=5236]
train:   0%|          | 0/1 [00:00<?, ?it/s, epoch=5237]
train:   0%|          | 0/1 [00:00<?, ?it/s, epoch=5238]
train:   0%|          | 0/1 [00:00<?, ?it/s, epoch=5239]
train:   0%|          | 0/1 [00:00<?, ?it/s, epoch=5240]
train:   0%|          | 0/1 [00:00<?, ?it/s, epoch=5241]
train:   0%|          | 0/1 [00:00<?, ?it/s, epoch=5242]
train:   0%|          | 0/1 [00:00<?, ?it/s, epoch=5243]
train:   0%|          | 0/1 [00:00<?, ?it/s, epoch=5244]
train:   0%|          | 0/1 [00:00<?, ?it/s, epoch=5245]
train:   0%|          | 0/1 [00:00<?, ?it/s, epoch=5246]
train:   0%|          | 0/1 [00:00<?, ?it/s, epoch=5247]
train:   0%|          | 0/1 [00:00<?, ?it/s, epoch=5248]
train:   0%|          | 0/1 [00:00<?, ?it/s, epoch=5249]
train:   0%|          | 0/1 [00:00<?, ?it/s, epoch=5250]
train:   0%|          | 0/1 [00:00<?, ?it/s, epoch=5251]
train:   0%|          | 0/1 [00:00<?, ?it/s, epoch=5252]
train:   0%|          | 0/1 [00:00<?, ?it/s, epoch=5253]
train:   0%|          | 0/1 [00:00<?, ?it/s, epoch=5254]
train:   0%|          | 0/1 [00:00<?, ?it/s, epoch=5255]
train:   0%|          | 0/1 [00:00<?, ?it/s, epoch=5256]
train:   0%|          | 0/1 [00:00<?, ?it/s, epoch=5257]
train:   0%|          | 0/1 [00:00<?, ?it/s, epoch=5258]
train:   0%|          | 0/1 [00:00<?, ?it/s, epoch=5259]
train:   0%|          | 0/1 [00:00<?, ?it/s, epoch=5260]
train:   0%|          | 0/1 [00:00<?, ?it/s, epoch=5261]
train:   0%|          | 0/1 [00:00<?, ?it/s, epoch=5262]
train:   0%|          | 0/1 [00:00<?, ?it/s, epoch=5263]
train:   0%|          | 0/1 [00:00<?, ?it/s, epoch=5264]
train:   0%|          | 0/1 [00:00<?, ?it/s, epoch=5265]
train:   0%|          | 0/1 [00:00<?, ?it/s, epoch=5266]
train:   0%|          | 0/1 [00:00<?, ?it/s, epoch=5267]
train:   0%|          | 0/1 [00:00<?, ?it/s, epoch=5268]
train:   0%|          | 0/1 [00:00<?, ?it/s, epoch=5269]
train:   0%|          | 0/1 [00:00<?, ?it/s, epoch=5270]
train:   0%|          | 0/1 [00:00<?, ?it/s, epoch=5271]
train:   0%|          | 0/1 [00:00<?, ?it/s, epoch=5272]
train:   0%|          | 0/1 [00:00<?, ?it/s, epoch=5273]
train:   0%|          | 0/1 [00:00<?, ?it/s, epoch=5274]
train:   0%|          | 0/1 [00:00<?, ?it/s, epoch=5275]
train:   0%|          | 0/1 [00:00<?, ?it/s, epoch=5276]
train:   0%|          | 0/1 [00:00<?, ?it/s, epoch=5277]
train:   0%|          | 0/1 [00:00<?, ?it/s, epoch=5278]
train:   0%|          | 0/1 [00:00<?, ?it/s, epoch=5279]
train:   0%|          | 0/1 [00:00<?, ?it/s, epoch=5280]
train:   0%|          | 0/1 [00:00<?, ?it/s, epoch=5281]
train:   0%|          | 0/1 [00:00<?, ?it/s, epoch=5282]
train:   0%|          | 0/1 [00:00<?, ?it/s, epoch=5283]
train:   0%|          | 0/1 [00:00<?, ?it/s, epoch=5284]
train:   0%|          | 0/1 [00:00<?, ?it/s, epoch=5285]
train:   0%|          | 0/1 [00:00<?, ?it/s, epoch=5286]
train:   0%|          | 0/1 [00:00<?, ?it/s, epoch=5287]
train:   0%|          | 0/1 [00:00<?, ?it/s, epoch=5288]
train:   0%|          | 0/1 [00:00<?, ?it/s, epoch=5289]
train:   0%|          | 0/1 [00:00<?, ?it/s, epoch=5290]
train:   0%|          | 0/1 [00:00<?, ?it/s, epoch=5291]
train:   0%|          | 0/1 [00:00<?, ?it/s, epoch=5292]
train:   0%|          | 0/1 [00:00<?, ?it/s, epoch=5293]
train:   0%|          | 0/1 [00:00<?, ?it/s, epoch=5294]
train:   0%|          | 0/1 [00:00<?, ?it/s, epoch=5295]
train:   0%|          | 0/1 [00:00<?, ?it/s, epoch=5296]
train:   0%|          | 0/1 [00:00<?, ?it/s, epoch=5297]
train:   0%|          | 0/1 [00:00<?, ?it/s, epoch=5298]
train:   0%|          | 0/1 [00:00<?, ?it/s, epoch=5299][[34m2026-03-24 00:02:23[0m] Step 5300 | Loss: 0.034382 | Timing: time/data_load: 0.000s, time/forward: 0.311s, time/loss_compute: 0.014s, time/discriminator: 0.000s, time/backward: 0.393s, time/optimizer: 0.035s, time/total_step: 0.760s
train:   0%|          | 0/1 [00:01<?, ?it/s, all=0.03, nll=0.02, nll_rec=0.02, nll_per=0.01, kl=0.01, gen=0.00, gen_w=0.00, disc=0.00, debug=0.00]
train:   0%|          | 0/1 [00:00<?, ?it/s, epoch=5300]
train:   0%|          | 0/1 [00:00<?, ?it/s, epoch=5301]
train:   0%|          | 0/1 [00:00<?, ?it/s, epoch=5302]
train:   0%|          | 0/1 [00:00<?, ?it/s, epoch=5303]
train:   0%|          | 0/1 [00:00<?, ?it/s, epoch=5304]
train:   0%|          | 0/1 [00:00<?, ?it/s, epoch=5305]
train:   0%|          | 0/1 [00:00<?, ?it/s, epoch=5306]
train:   0%|          | 0/1 [00:00<?, ?it/s, epoch=5307]
train:   0%|          | 0/1 [00:00<?, ?it/s, epoch=5308]
train:   0%|          | 0/1 [00:00<?, ?it/s, epoch=5309]
train:   0%|          | 0/1 [00:00<?, ?it/s, epoch=5310]
train:   0%|          | 0/1 [00:00<?, ?it/s, epoch=5311]
train:   0%|          | 0/1 [00:00<?, ?it/s, epoch=5312]
train:   0%|          | 0/1 [00:00<?, ?it/s, epoch=5313]
train:   0%|          | 0/1 [00:00<?, ?it/s, epoch=5314]
train:   0%|          | 0/1 [00:00<?, ?it/s, epoch=5315]
train:   0%|          | 0/1 [00:00<?, ?it/s, epoch=5316]
train:   0%|          | 0/1 [00:00<?, ?it/s, epoch=5317]
train:   0%|          | 0/1 [00:00<?, ?it/s, epoch=5318]
train:   0%|          | 0/1 [00:00<?, ?it/s, epoch=5319]
train:   0%|          | 0/1 [00:00<?, ?it/s, epoch=5320]
train:   0%|          | 0/1 [00:00<?, ?it/s, epoch=5321]
train:   0%|          | 0/1 [00:00<?, ?it/s, epoch=5322]
train:   0%|          | 0/1 [00:00<?, ?it/s, epoch=5323]
train:   0%|          | 0/1 [00:00<?, ?it/s, epoch=5324]
train:   0%|          | 0/1 [00:00<?, ?it/s, epoch=5325]
train:   0%|          | 0/1 [00:00<?, ?it/s, epoch=5326]
train:   0%|          | 0/1 [00:00<?, ?it/s, epoch=5327]
train:   0%|          | 0/1 [00:00<?, ?it/s, epoch=5328]
train:   0%|          | 0/1 [00:00<?, ?it/s, epoch=5329]
train:   0%|          | 0/1 [00:00<?, ?it/s, epoch=5330]
train:   0%|          | 0/1 [00:00<?, ?it/s, epoch=5331]
train:   0%|          | 0/1 [00:00<?, ?it/s, epoch=5332]
train:   0%|          | 0/1 [00:00<?, ?it/s, epoch=5333]
train:   0%|          | 0/1 [00:00<?, ?it/s, epoch=5334]
train:   0%|          | 0/1 [00:00<?, ?it/s, epoch=5335]
train:   0%|          | 0/1 [00:00<?, ?it/s, epoch=5336]
train:   0%|          | 0/1 [00:00<?, ?it/s, epoch=5337]
train:   0%|          | 0/1 [00:00<?, ?it/s, epoch=5338]
train:   0%|          | 0/1 [00:00<?, ?it/s, epoch=5339]
train:   0%|          | 0/1 [00:00<?, ?it/s, epoch=5340]
train:   0%|          | 0/1 [00:00<?, ?it/s, epoch=5341]
train:   0%|          | 0/1 [00:00<?, ?it/s, epoch=5342]
train:   0%|          | 0/1 [00:00<?, ?it/s, epoch=5343]
train:   0%|          | 0/1 [00:00<?, ?it/s, epoch=5344]
train:   0%|          | 0/1 [00:00<?, ?it/s, epoch=5345]
train:   0%|          | 0/1 [00:00<?, ?it/s, epoch=5346]
train:   0%|          | 0/1 [00:00<?, ?it/s, epoch=5347]
train:   0%|          | 0/1 [00:00<?, ?it/s, epoch=5348]
train:   0%|          | 0/1 [00:00<?, ?it/s, epoch=5349]
train:   0%|          | 0/1 [00:00<?, ?it/s, epoch=5350]
train:   0%|          | 0/1 [00:00<?, ?it/s, epoch=5351]
train:   0%|          | 0/1 [00:00<?, ?it/s, epoch=5352]
train:   0%|          | 0/1 [00:00<?, ?it/s, epoch=5353]
train:   0%|          | 0/1 [00:00<?, ?it/s, epoch=5354]
train:   0%|          | 0/1 [00:00<?, ?it/s, epoch=5355]
train:   0%|          | 0/1 [00:00<?, ?it/s, epoch=5356]
train:   0%|          | 0/1 [00:00<?, ?it/s, epoch=5357]
train:   0%|          | 0/1 [00:00<?, ?it/s, epoch=5358]
train:   0%|          | 0/1 [00:00<?, ?it/s, epoch=5359]
train:   0%|          | 0/1 [00:00<?, ?it/s, epoch=5360]
train:   0%|          | 0/1 [00:00<?, ?it/s, epoch=5361]
train:   0%|          | 0/1 [00:00<?, ?it/s, epoch=5362]
train:   0%|          | 0/1 [00:00<?, ?it/s, epoch=5363]
train:   0%|          | 0/1 [00:00<?, ?it/s, epoch=5364]
train:   0%|          | 0/1 [00:00<?, ?it/s, epoch=5365]
train:   0%|          | 0/1 [00:00<?, ?it/s, epoch=5366]
train:   0%|          | 0/1 [00:00<?, ?it/s, epoch=5367]
train:   0%|          | 0/1 [00:00<?, ?it/s, epoch=5368]
train:   0%|          | 0/1 [00:00<?, ?it/s, epoch=5369]
train:   0%|          | 0/1 [00:00<?, ?it/s, epoch=5370]
train:   0%|          | 0/1 [00:00<?, ?it/s, epoch=5371]
train:   0%|          | 0/1 [00:00<?, ?it/s, epoch=5372]
train:   0%|          | 0/1 [00:00<?, ?it/s, epoch=5373]
train:   0%|          | 0/1 [00:00<?, ?it/s, epoch=5374]
train:   0%|          | 0/1 [00:00<?, ?it/s, epoch=5375]
train:   0%|          | 0/1 [00:00<?, ?it/s, epoch=5376]
train:   0%|          | 0/1 [00:00<?, ?it/s, epoch=5377]
train:   0%|          | 0/1 [00:00<?, ?it/s, epoch=5378]
train:   0%|          | 0/1 [00:00<?, ?it/s, epoch=5379]
train:   0%|          | 0/1 [00:00<?, ?it/s, epoch=5380]
train:   0%|          | 0/1 [00:00<?, ?it/s, epoch=5381]
train:   0%|          | 0/1 [00:00<?, ?it/s, epoch=5382]
train:   0%|          | 0/1 [00:00<?, ?it/s, epoch=5383]
train:   0%|          | 0/1 [00:00<?, ?it/s, epoch=5384]
train:   0%|          | 0/1 [00:00<?, ?it/s, epoch=5385]
train:   0%|          | 0/1 [00:00<?, ?it/s, epoch=5386]
train:   0%|          | 0/1 [00:00<?, ?it/s, epoch=5387]
train:   0%|          | 0/1 [00:00<?, ?it/s, epoch=5388]
train:   0%|          | 0/1 [00:00<?, ?it/s, epoch=5389]
train:   0%|          | 0/1 [00:00<?, ?it/s, epoch=5390]
train:   0%|          | 0/1 [00:00<?, ?it/s, epoch=5391]
train:   0%|          | 0/1 [00:00<?, ?it/s, epoch=5392]
train:   0%|          | 0/1 [00:00<?, ?it/s, epoch=5393]
train:   0%|          | 0/1 [00:00<?, ?it/s, epoch=5394]
train:   0%|          | 0/1 [00:00<?, ?it/s, epoch=5395]
train:   0%|          | 0/1 [00:00<?, ?it/s, epoch=5396]
train:   0%|          | 0/1 [00:00<?, ?it/s, epoch=5397]
train:   0%|          | 0/1 [00:00<?, ?it/s, epoch=5398]
train:   0%|          | 0/1 [00:00<?, ?it/s, epoch=5399][[34m2026-03-24 00:03:54[0m] Step 5400 | Loss: 0.036057 | Timing: time/data_load: 0.000s, time/forward: 0.318s, time/loss_compute: 0.015s, time/discriminator: 0.000s, time/backward: 0.396s, time/optimizer: 0.035s, time/total_step: 0.772s
[BOTTLENECK] step 5400 | total_step 0.772s | time/data_load: 0.000s (0%) | time/forward: 0.318s (41%) | time/loss_compute: 0.015s (2%) | time/backward: 0.396s (51%) | time/optimizer: 0.035s (5%) | time/total_step: 0.772s (100%)
  -> at this rate 1000 steps ≈ 12.9 min
train:   0%|          | 0/1 [00:01<?, ?it/s, all=0.04, nll=0.03, nll_rec=0.02, nll_per=0.02, kl=0.01, gen=0.00, gen_w=0.00, disc=0.00, debug=0.00]
[[34m2026-03-24 00:03:54[0m] Running fixed per-frame evaluation at epoch 5400 (sequence name: EMO-1-shout+laugh)...
train:   0%|          | 0/1 [00:00<?, ?it/s, epoch=5400]
train:   0%|          | 0/1 [00:00<?, ?it/s, epoch=5401]
train:   0%|          | 0/1 [00:00<?, ?it/s, epoch=5402]
train:   0%|          | 0/1 [00:00<?, ?it/s, epoch=5403]
train:   0%|          | 0/1 [00:00<?, ?it/s, epoch=5404]
train:   0%|          | 0/1 [00:00<?, ?it/s, epoch=5405]
train:   0%|          | 0/1 [00:00<?, ?it/s, epoch=5406]
train:   0%|          | 0/1 [00:00<?, ?it/s, epoch=5407]
train:   0%|          | 0/1 [00:00<?, ?it/s, epoch=5408]
train:   0%|          | 0/1 [00:00<?, ?it/s, epoch=5409]
train:   0%|          | 0/1 [00:00<?, ?it/s, epoch=5410]
train:   0%|          | 0/1 [00:00<?, ?it/s, epoch=5411]
train:   0%|          | 0/1 [00:00<?, ?it/s, epoch=5412]
train:   0%|          | 0/1 [00:00<?, ?it/s, epoch=5413]
train:   0%|          | 0/1 [00:00<?, ?it/s, epoch=5414]
train:   0%|          | 0/1 [00:00<?, ?it/s, epoch=5415]
train:   0%|          | 0/1 [00:00<?, ?it/s, epoch=5416]
train:   0%|          | 0/1 [00:00<?, ?it/s, epoch=5417]
train:   0%|          | 0/1 [00:00<?, ?it/s, epoch=5418]
train:   0%|          | 0/1 [00:00<?, ?it/s, epoch=5419]
train:   0%|          | 0/1 [00:00<?, ?it/s, epoch=5420]
train:   0%|          | 0/1 [00:00<?, ?it/s, epoch=5421]
train:   0%|          | 0/1 [00:00<?, ?it/s, epoch=5422]
train:   0%|          | 0/1 [00:00<?, ?it/s, epoch=5423]
train:   0%|          | 0/1 [00:00<?, ?it/s, epoch=5424]
train:   0%|          | 0/1 [00:00<?, ?it/s, epoch=5425]
train:   0%|          | 0/1 [00:00<?, ?it/s, epoch=5426]
train:   0%|          | 0/1 [00:00<?, ?it/s, epoch=5427]
train:   0%|          | 0/1 [00:00<?, ?it/s, epoch=5428]
train:   0%|          | 0/1 [00:00<?, ?it/s, epoch=5429]
train:   0%|          | 0/1 [00:00<?, ?it/s, epoch=5430]
train:   0%|          | 0/1 [00:00<?, ?it/s, epoch=5431]
train:   0%|          | 0/1 [00:00<?, ?it/s, epoch=5432]
train:   0%|          | 0/1 [00:00<?, ?it/s, epoch=5433]
train:   0%|          | 0/1 [00:00<?, ?it/s, epoch=5434]
train:   0%|          | 0/1 [00:00<?, ?it/s, epoch=5435]
train:   0%|          | 0/1 [00:00<?, ?it/s, epoch=5436]
train:   0%|          | 0/1 [00:00<?, ?it/s, epoch=5437]
train:   0%|          | 0/1 [00:00<?, ?it/s, epoch=5438]
train:   0%|          | 0/1 [00:00<?, ?it/s, epoch=5439]
train:   0%|          | 0/1 [00:00<?, ?it/s, epoch=5440]
train:   0%|          | 0/1 [00:00<?, ?it/s, epoch=5441]
train:   0%|          | 0/1 [00:00<?, ?it/s, epoch=5442]
train:   0%|          | 0/1 [00:00<?, ?it/s, epoch=5443]
train:   0%|          | 0/1 [00:00<?, ?it/s, epoch=5444]
train:   0%|          | 0/1 [00:00<?, ?it/s, epoch=5445]
train:   0%|          | 0/1 [00:00<?, ?it/s, epoch=5446]
train:   0%|          | 0/1 [00:00<?, ?it/s, epoch=5447]
train:   0%|          | 0/1 [00:00<?, ?it/s, epoch=5448]
train:   0%|          | 0/1 [00:00<?, ?it/s, epoch=5449]
train:   0%|          | 0/1 [00:00<?, ?it/s, epoch=5450]
train:   0%|          | 0/1 [00:00<?, ?it/s, epoch=5451]
train:   0%|          | 0/1 [00:00<?, ?it/s, epoch=5452]
train:   0%|          | 0/1 [00:00<?, ?it/s, epoch=5453]
train:   0%|          | 0/1 [00:00<?, ?it/s, epoch=5454]
train:   0%|          | 0/1 [00:00<?, ?it/s, epoch=5455]
train:   0%|          | 0/1 [00:00<?, ?it/s, epoch=5456]
train:   0%|          | 0/1 [00:00<?, ?it/s, epoch=5457]
train:   0%|          | 0/1 [00:00<?, ?it/s, epoch=5458]
train:   0%|          | 0/1 [00:00<?, ?it/s, epoch=5459]
train:   0%|          | 0/1 [00:00<?, ?it/s, epoch=5460]
train:   0%|          | 0/1 [00:00<?, ?it/s, epoch=5461]
train:   0%|          | 0/1 [00:00<?, ?it/s, epoch=5462]
train:   0%|          | 0/1 [00:00<?, ?it/s, epoch=5463]
train:   0%|          | 0/1 [00:00<?, ?it/s, epoch=5464]
train:   0%|          | 0/1 [00:00<?, ?it/s, epoch=5465]
train:   0%|          | 0/1 [00:00<?, ?it/s, epoch=5466]
train:   0%|          | 0/1 [00:00<?, ?it/s, epoch=5467]
train:   0%|          | 0/1 [00:00<?, ?it/s, epoch=5468]
train:   0%|          | 0/1 [00:00<?, ?it/s, epoch=5469]
train:   0%|          | 0/1 [00:00<?, ?it/s, epoch=5470]
train:   0%|          | 0/1 [00:00<?, ?it/s, epoch=5471]
train:   0%|          | 0/1 [00:00<?, ?it/s, epoch=5472]
train:   0%|          | 0/1 [00:00<?, ?it/s, epoch=5473]
train:   0%|          | 0/1 [00:00<?, ?it/s, epoch=5474]
train:   0%|          | 0/1 [00:00<?, ?it/s, epoch=5475]
train:   0%|          | 0/1 [00:00<?, ?it/s, epoch=5476]
train:   0%|          | 0/1 [00:00<?, ?it/s, epoch=5477]
train:   0%|          | 0/1 [00:00<?, ?it/s, epoch=5478]
train:   0%|          | 0/1 [00:00<?, ?it/s, epoch=5479]
train:   0%|          | 0/1 [00:00<?, ?it/s, epoch=5480]
train:   0%|          | 0/1 [00:00<?, ?it/s, epoch=5481]
train:   0%|          | 0/1 [00:00<?, ?it/s, epoch=5482]
train:   0%|          | 0/1 [00:00<?, ?it/s, epoch=5483]
train:   0%|          | 0/1 [00:00<?, ?it/s, epoch=5484]
train:   0%|          | 0/1 [00:00<?, ?it/s, epoch=5485]
train:   0%|          | 0/1 [00:00<?, ?it/s, epoch=5486]
train:   0%|          | 0/1 [00:00<?, ?it/s, epoch=5487]
train:   0%|          | 0/1 [00:00<?, ?it/s, epoch=5488]
train:   0%|          | 0/1 [00:00<?, ?it/s, epoch=5489]
train:   0%|          | 0/1 [00:00<?, ?it/s, epoch=5490]
train:   0%|          | 0/1 [00:00<?, ?it/s, epoch=5491]
train:   0%|          | 0/1 [00:00<?, ?it/s, epoch=5492]
train:   0%|          | 0/1 [00:00<?, ?it/s, epoch=5493]
train:   0%|          | 0/1 [00:00<?, ?it/s, epoch=5494]
train:   0%|          | 0/1 [00:00<?, ?it/s, epoch=5495]
train:   0%|          | 0/1 [00:00<?, ?it/s, epoch=5496]
train:   0%|          | 0/1 [00:00<?, ?it/s, epoch=5497]
train:   0%|          | 0/1 [00:00<?, ?it/s, epoch=5498]
train:   0%|          | 0/1 [00:00<?, ?it/s, epoch=5499][[34m2026-03-24 00:05:27[0m] Step 5500 | Loss: 0.031935 | Timing: time/data_load: 0.000s, time/forward: 0.322s, time/loss_compute: 0.015s, time/discriminator: 0.000s, time/backward: 0.401s, time/optimizer: 0.036s, time/total_step: 0.782s
train:   0%|          | 0/1 [00:01<?, ?it/s, all=0.03, nll=0.02, nll_rec=0.02, nll_per=0.01, kl=0.01, gen=0.00, gen_w=0.00, disc=0.00, debug=0.00][[34m2026-03-24 00:05:28[0m] The model is going to be split to checkpoint shards. You can find where each parameters has been saved in the index located at model.safetensors.index.json.
[[34m2026-03-24 00:05:29[0m] Saved checkpoint at epoch 5499, step 1, global_step 5500 to outputs/self_attention_rank128/epoch5499-global_step5500
[[34m2026-03-24 00:05:30[0m] Removed old checkpoints and kept 3 latest ones.
train:   0%|          | 0/1 [00:04<?, ?it/s, all=0.03, nll=0.02, nll_rec=0.02, nll_per=0.01, kl=0.01, gen=0.00, gen_w=0.00, disc=0.00, debug=0.00]
train:   0%|          | 0/1 [00:00<?, ?it/s, epoch=5500]
train:   0%|          | 0/1 [00:00<?, ?it/s, epoch=5501]
train:   0%|          | 0/1 [00:00<?, ?it/s, epoch=5502]
train:   0%|          | 0/1 [00:00<?, ?it/s, epoch=5503]
train:   0%|          | 0/1 [00:00<?, ?it/s, epoch=5504]
train:   0%|          | 0/1 [00:00<?, ?it/s, epoch=5505]
train:   0%|          | 0/1 [00:00<?, ?it/s, epoch=5506]
train:   0%|          | 0/1 [00:00<?, ?it/s, epoch=5507]
train:   0%|          | 0/1 [00:00<?, ?it/s, epoch=5508]
train:   0%|          | 0/1 [00:00<?, ?it/s, epoch=5509]
train:   0%|          | 0/1 [00:00<?, ?it/s, epoch=5510]
train:   0%|          | 0/1 [00:00<?, ?it/s, epoch=5511]
train:   0%|          | 0/1 [00:00<?, ?it/s, epoch=5512]
train:   0%|          | 0/1 [00:00<?, ?it/s, epoch=5513]
train:   0%|          | 0/1 [00:00<?, ?it/s, epoch=5514]
train:   0%|          | 0/1 [00:00<?, ?it/s, epoch=5515]
train:   0%|          | 0/1 [00:00<?, ?it/s, epoch=5516]
train:   0%|          | 0/1 [00:00<?, ?it/s, epoch=5517]
train:   0%|          | 0/1 [00:00<?, ?it/s, epoch=5518]
train:   0%|          | 0/1 [00:00<?, ?it/s, epoch=5519]
train:   0%|          | 0/1 [00:00<?, ?it/s, epoch=5520]
train:   0%|          | 0/1 [00:00<?, ?it/s, epoch=5521]
train:   0%|          | 0/1 [00:00<?, ?it/s, epoch=5522]
train:   0%|          | 0/1 [00:00<?, ?it/s, epoch=5523]
train:   0%|          | 0/1 [00:00<?, ?it/s, epoch=5524]
train:   0%|          | 0/1 [00:00<?, ?it/s, epoch=5525]
train:   0%|          | 0/1 [00:00<?, ?it/s, epoch=5526]
train:   0%|          | 0/1 [00:00<?, ?it/s, epoch=5527]
train:   0%|          | 0/1 [00:00<?, ?it/s, epoch=5528]
train:   0%|          | 0/1 [00:00<?, ?it/s, epoch=5529]
train:   0%|          | 0/1 [00:00<?, ?it/s, epoch=5530]
train:   0%|          | 0/1 [00:00<?, ?it/s, epoch=5531]
train:   0%|          | 0/1 [00:00<?, ?it/s, epoch=5532]
train:   0%|          | 0/1 [00:00<?, ?it/s, epoch=5533]
train:   0%|          | 0/1 [00:00<?, ?it/s, epoch=5534]
train:   0%|          | 0/1 [00:00<?, ?it/s, epoch=5535]
train:   0%|          | 0/1 [00:00<?, ?it/s, epoch=5536]
train:   0%|          | 0/1 [00:00<?, ?it/s, epoch=5537]
train:   0%|          | 0/1 [00:00<?, ?it/s, epoch=5538]
train:   0%|          | 0/1 [00:00<?, ?it/s, epoch=5539]
train:   0%|          | 0/1 [00:00<?, ?it/s, epoch=5540]
train:   0%|          | 0/1 [00:00<?, ?it/s, epoch=5541]
train:   0%|          | 0/1 [00:00<?, ?it/s, epoch=5542]
train:   0%|          | 0/1 [00:00<?, ?it/s, epoch=5543]
train:   0%|          | 0/1 [00:00<?, ?it/s, epoch=5544]
train:   0%|          | 0/1 [00:00<?, ?it/s, epoch=5545]
train:   0%|          | 0/1 [00:00<?, ?it/s, epoch=5546]
train:   0%|          | 0/1 [00:00<?, ?it/s, epoch=5547]
train:   0%|          | 0/1 [00:00<?, ?it/s, epoch=5548]
train:   0%|          | 0/1 [00:00<?, ?it/s, epoch=5549]
train:   0%|          | 0/1 [00:00<?, ?it/s, epoch=5550]
train:   0%|          | 0/1 [00:00<?, ?it/s, epoch=5551]
train:   0%|          | 0/1 [00:00<?, ?it/s, epoch=5552]
train:   0%|          | 0/1 [00:00<?, ?it/s, epoch=5553]
train:   0%|          | 0/1 [00:00<?, ?it/s, epoch=5554]
train:   0%|          | 0/1 [00:00<?, ?it/s, epoch=5555]
train:   0%|          | 0/1 [00:00<?, ?it/s, epoch=5556]
train:   0%|          | 0/1 [00:00<?, ?it/s, epoch=5557]
train:   0%|          | 0/1 [00:00<?, ?it/s, epoch=5558]
train:   0%|          | 0/1 [00:00<?, ?it/s, epoch=5559]
train:   0%|          | 0/1 [00:00<?, ?it/s, epoch=5560]
train:   0%|          | 0/1 [00:00<?, ?it/s, epoch=5561]
train:   0%|          | 0/1 [00:00<?, ?it/s, epoch=5562]
train:   0%|          | 0/1 [00:00<?, ?it/s, epoch=5563]
train:   0%|          | 0/1 [00:00<?, ?it/s, epoch=5564]
train:   0%|          | 0/1 [00:00<?, ?it/s, epoch=5565]
train:   0%|          | 0/1 [00:00<?, ?it/s, epoch=5566]
train:   0%|          | 0/1 [00:00<?, ?it/s, epoch=5567]
train:   0%|          | 0/1 [00:00<?, ?it/s, epoch=5568]
train:   0%|          | 0/1 [00:00<?, ?it/s, epoch=5569]
train:   0%|          | 0/1 [00:00<?, ?it/s, epoch=5570]
train:   0%|          | 0/1 [00:00<?, ?it/s, epoch=5571]
train:   0%|          | 0/1 [00:00<?, ?it/s, epoch=5572]
train:   0%|          | 0/1 [00:00<?, ?it/s, epoch=5573]
train:   0%|          | 0/1 [00:00<?, ?it/s, epoch=5574]
train:   0%|          | 0/1 [00:00<?, ?it/s, epoch=5575]
train:   0%|          | 0/1 [00:00<?, ?it/s, epoch=5576]
train:   0%|          | 0/1 [00:00<?, ?it/s, epoch=5577]
train:   0%|          | 0/1 [00:00<?, ?it/s, epoch=5578]
train:   0%|          | 0/1 [00:00<?, ?it/s, epoch=5579]
train:   0%|          | 0/1 [00:00<?, ?it/s, epoch=5580]
train:   0%|          | 0/1 [00:00<?, ?it/s, epoch=5581]
train:   0%|          | 0/1 [00:00<?, ?it/s, epoch=5582]
train:   0%|          | 0/1 [00:00<?, ?it/s, epoch=5583]
train:   0%|          | 0/1 [00:00<?, ?it/s, epoch=5584]
train:   0%|          | 0/1 [00:00<?, ?it/s, epoch=5585]
train:   0%|          | 0/1 [00:00<?, ?it/s, epoch=5586]
train:   0%|          | 0/1 [00:00<?, ?it/s, epoch=5587]
train:   0%|          | 0/1 [00:00<?, ?it/s, epoch=5588]
train:   0%|          | 0/1 [00:00<?, ?it/s, epoch=5589]
train:   0%|          | 0/1 [00:00<?, ?it/s, epoch=5590]
train:   0%|          | 0/1 [00:00<?, ?it/s, epoch=5591]
train:   0%|          | 0/1 [00:00<?, ?it/s, epoch=5592]
train:   0%|          | 0/1 [00:00<?, ?it/s, epoch=5593]
train:   0%|          | 0/1 [00:00<?, ?it/s, epoch=5594]
train:   0%|          | 0/1 [00:00<?, ?it/s, epoch=5595]
train:   0%|          | 0/1 [00:00<?, ?it/s, epoch=5596]
train:   0%|          | 0/1 [00:00<?, ?it/s, epoch=5597]
train:   0%|          | 0/1 [00:00<?, ?it/s, epoch=5598]
train:   0%|          | 0/1 [00:00<?, ?it/s, epoch=5599][[34m2026-03-24 00:07:04[0m] Step 5600 | Loss: 0.032687 | Timing: time/data_load: 0.000s, time/forward: 0.321s, time/loss_compute: 0.015s, time/discriminator: 0.000s, time/backward: 0.400s, time/optimizer: 0.036s, time/total_step: 0.780s
[BOTTLENECK] step 5600 | total_step 0.780s | time/data_load: 0.000s (0%) | time/forward: 0.321s (41%) | time/loss_compute: 0.015s (2%) | time/backward: 0.400s (51%) | time/optimizer: 0.036s (5%) | time/total_step: 0.780s (100%)
  -> at this rate 1000 steps ≈ 13.0 min
train:   0%|          | 0/1 [00:01<?, ?it/s, all=0.03, nll=0.02, nll_rec=0.02, nll_per=0.01, kl=0.01, gen=0.00, gen_w=0.00, disc=0.00, debug=0.00]
[[34m2026-03-24 00:07:04[0m] Running fixed per-frame evaluation at epoch 5600 (sequence name: EMO-1-shout+laugh)...
train:   0%|          | 0/1 [00:00<?, ?it/s, epoch=5600]
train:   0%|          | 0/1 [00:00<?, ?it/s, epoch=5601]
train:   0%|          | 0/1 [00:00<?, ?it/s, epoch=5602]
train:   0%|          | 0/1 [00:00<?, ?it/s, epoch=5603]
train:   0%|          | 0/1 [00:00<?, ?it/s, epoch=5604]
train:   0%|          | 0/1 [00:00<?, ?it/s, epoch=5605]
train:   0%|          | 0/1 [00:00<?, ?it/s, epoch=5606]
train:   0%|          | 0/1 [00:00<?, ?it/s, epoch=5607]
train:   0%|          | 0/1 [00:00<?, ?it/s, epoch=5608]
train:   0%|          | 0/1 [00:00<?, ?it/s, epoch=5609]
train:   0%|          | 0/1 [00:00<?, ?it/s, epoch=5610]
train:   0%|          | 0/1 [00:00<?, ?it/s, epoch=5611]
train:   0%|          | 0/1 [00:00<?, ?it/s, epoch=5612]
train:   0%|          | 0/1 [00:00<?, ?it/s, epoch=5613]
train:   0%|          | 0/1 [00:00<?, ?it/s, epoch=5614]
train:   0%|          | 0/1 [00:00<?, ?it/s, epoch=5615]
train:   0%|          | 0/1 [00:00<?, ?it/s, epoch=5616]
train:   0%|          | 0/1 [00:00<?, ?it/s, epoch=5617]
train:   0%|          | 0/1 [00:00<?, ?it/s, epoch=5618]
train:   0%|          | 0/1 [00:00<?, ?it/s, epoch=5619]
train:   0%|          | 0/1 [00:00<?, ?it/s, epoch=5620]
train:   0%|          | 0/1 [00:00<?, ?it/s, epoch=5621]
train:   0%|          | 0/1 [00:00<?, ?it/s, epoch=5622]
train:   0%|          | 0/1 [00:00<?, ?it/s, epoch=5623]
train:   0%|          | 0/1 [00:00<?, ?it/s, epoch=5624]
train:   0%|          | 0/1 [00:00<?, ?it/s, epoch=5625]
train:   0%|          | 0/1 [00:00<?, ?it/s, epoch=5626]
train:   0%|          | 0/1 [00:00<?, ?it/s, epoch=5627]
train:   0%|          | 0/1 [00:00<?, ?it/s, epoch=5628]
train:   0%|          | 0/1 [00:00<?, ?it/s, epoch=5629]
train:   0%|          | 0/1 [00:00<?, ?it/s, epoch=5630]
train:   0%|          | 0/1 [00:00<?, ?it/s, epoch=5631]
train:   0%|          | 0/1 [00:00<?, ?it/s, epoch=5632]
train:   0%|          | 0/1 [00:00<?, ?it/s, epoch=5633]
train:   0%|          | 0/1 [00:00<?, ?it/s, epoch=5634]
train:   0%|          | 0/1 [00:00<?, ?it/s, epoch=5635]
train:   0%|          | 0/1 [00:00<?, ?it/s, epoch=5636]
train:   0%|          | 0/1 [00:00<?, ?it/s, epoch=5637]
train:   0%|          | 0/1 [00:00<?, ?it/s, epoch=5638]
train:   0%|          | 0/1 [00:00<?, ?it/s, epoch=5639]
train:   0%|          | 0/1 [00:00<?, ?it/s, epoch=5640]
train:   0%|          | 0/1 [00:00<?, ?it/s, epoch=5641]
train:   0%|          | 0/1 [00:00<?, ?it/s, epoch=5642]
train:   0%|          | 0/1 [00:00<?, ?it/s, epoch=5643]
train:   0%|          | 0/1 [00:00<?, ?it/s, epoch=5644]
train:   0%|          | 0/1 [00:00<?, ?it/s, epoch=5645]
train:   0%|          | 0/1 [00:00<?, ?it/s, epoch=5646]
train:   0%|          | 0/1 [00:00<?, ?it/s, epoch=5647]
train:   0%|          | 0/1 [00:00<?, ?it/s, epoch=5648]
train:   0%|          | 0/1 [00:00<?, ?it/s, epoch=5649]
train:   0%|          | 0/1 [00:00<?, ?it/s, epoch=5650]
train:   0%|          | 0/1 [00:00<?, ?it/s, epoch=5651]
train:   0%|          | 0/1 [00:00<?, ?it/s, epoch=5652]
train:   0%|          | 0/1 [00:00<?, ?it/s, epoch=5653]
train:   0%|          | 0/1 [00:00<?, ?it/s, epoch=5654]
train:   0%|          | 0/1 [00:00<?, ?it/s, epoch=5655]
train:   0%|          | 0/1 [00:00<?, ?it/s, epoch=5656]
train:   0%|          | 0/1 [00:00<?, ?it/s, epoch=5657]
train:   0%|          | 0/1 [00:00<?, ?it/s, epoch=5658]
train:   0%|          | 0/1 [00:00<?, ?it/s, epoch=5659]
train:   0%|          | 0/1 [00:00<?, ?it/s, epoch=5660]
train:   0%|          | 0/1 [00:00<?, ?it/s, epoch=5661]
train:   0%|          | 0/1 [00:00<?, ?it/s, epoch=5662]
train:   0%|          | 0/1 [00:00<?, ?it/s, epoch=5663]
train:   0%|          | 0/1 [00:00<?, ?it/s, epoch=5664]
train:   0%|          | 0/1 [00:00<?, ?it/s, epoch=5665]
train:   0%|          | 0/1 [00:00<?, ?it/s, epoch=5666]
train:   0%|          | 0/1 [00:00<?, ?it/s, epoch=5667]
train:   0%|          | 0/1 [00:00<?, ?it/s, epoch=5668]
train:   0%|          | 0/1 [00:00<?, ?it/s, epoch=5669]
train:   0%|          | 0/1 [00:00<?, ?it/s, epoch=5670]
train:   0%|          | 0/1 [00:00<?, ?it/s, epoch=5671]
train:   0%|          | 0/1 [00:00<?, ?it/s, epoch=5672]
train:   0%|          | 0/1 [00:00<?, ?it/s, epoch=5673]
train:   0%|          | 0/1 [00:00<?, ?it/s, epoch=5674]
train:   0%|          | 0/1 [00:00<?, ?it/s, epoch=5675]
train:   0%|          | 0/1 [00:00<?, ?it/s, epoch=5676]
train:   0%|          | 0/1 [00:00<?, ?it/s, epoch=5677]
train:   0%|          | 0/1 [00:00<?, ?it/s, epoch=5678]
train:   0%|          | 0/1 [00:00<?, ?it/s, epoch=5679]
train:   0%|          | 0/1 [00:00<?, ?it/s, epoch=5680]
train:   0%|          | 0/1 [00:00<?, ?it/s, epoch=5681]
train:   0%|          | 0/1 [00:00<?, ?it/s, epoch=5682]
train:   0%|          | 0/1 [00:00<?, ?it/s, epoch=5683]
train:   0%|          | 0/1 [00:00<?, ?it/s, epoch=5684]
train:   0%|          | 0/1 [00:00<?, ?it/s, epoch=5685]
train:   0%|          | 0/1 [00:00<?, ?it/s, epoch=5686]
train:   0%|          | 0/1 [00:00<?, ?it/s, epoch=5687]
train:   0%|          | 0/1 [00:00<?, ?it/s, epoch=5688]
train:   0%|          | 0/1 [00:00<?, ?it/s, epoch=5689]
train:   0%|          | 0/1 [00:00<?, ?it/s, epoch=5690]
train:   0%|          | 0/1 [00:00<?, ?it/s, epoch=5691]
train:   0%|          | 0/1 [00:00<?, ?it/s, epoch=5692]
train:   0%|          | 0/1 [00:00<?, ?it/s, epoch=5693]
train:   0%|          | 0/1 [00:00<?, ?it/s, epoch=5694]
train:   0%|          | 0/1 [00:00<?, ?it/s, epoch=5695]
train:   0%|          | 0/1 [00:00<?, ?it/s, epoch=5696]
train:   0%|          | 0/1 [00:00<?, ?it/s, epoch=5697]
train:   0%|          | 0/1 [00:00<?, ?it/s, epoch=5698]
train:   0%|          | 0/1 [00:00<?, ?it/s, epoch=5699][[34m2026-03-24 00:08:34[0m] Step 5700 | Loss: 0.034388 | Timing: time/data_load: 0.000s, time/forward: 0.310s, time/loss_compute: 0.013s, time/discriminator: 0.000s, time/backward: 0.392s, time/optimizer: 0.035s, time/total_step: 0.757s
train:   0%|          | 0/1 [00:01<?, ?it/s, all=0.03, nll=0.02, nll_rec=0.02, nll_per=0.01, kl=0.01, gen=0.00, gen_w=0.00, disc=0.00, debug=0.00]
train:   0%|          | 0/1 [00:00<?, ?it/s, epoch=5700]
train:   0%|          | 0/1 [00:00<?, ?it/s, epoch=5701]
train:   0%|          | 0/1 [00:00<?, ?it/s, epoch=5702]
train:   0%|          | 0/1 [00:00<?, ?it/s, epoch=5703]
train:   0%|          | 0/1 [00:00<?, ?it/s, epoch=5704]
train:   0%|          | 0/1 [00:00<?, ?it/s, epoch=5705]
train:   0%|          | 0/1 [00:00<?, ?it/s, epoch=5706]
train:   0%|          | 0/1 [00:00<?, ?it/s, epoch=5707]
train:   0%|          | 0/1 [00:00<?, ?it/s, epoch=5708]
train:   0%|          | 0/1 [00:00<?, ?it/s, epoch=5709]
train:   0%|          | 0/1 [00:00<?, ?it/s, epoch=5710]
train:   0%|          | 0/1 [00:00<?, ?it/s, epoch=5711]
train:   0%|          | 0/1 [00:00<?, ?it/s, epoch=5712]
train:   0%|          | 0/1 [00:00<?, ?it/s, epoch=5713]
train:   0%|          | 0/1 [00:00<?, ?it/s, epoch=5714]
train:   0%|          | 0/1 [00:00<?, ?it/s, epoch=5715]
train:   0%|          | 0/1 [00:00<?, ?it/s, epoch=5716]
train:   0%|          | 0/1 [00:00<?, ?it/s, epoch=5717]
train:   0%|          | 0/1 [00:00<?, ?it/s, epoch=5718]
train:   0%|          | 0/1 [00:00<?, ?it/s, epoch=5719]
train:   0%|          | 0/1 [00:00<?, ?it/s, epoch=5720]
train:   0%|          | 0/1 [00:00<?, ?it/s, epoch=5721]
train:   0%|          | 0/1 [00:00<?, ?it/s, epoch=5722]
train:   0%|          | 0/1 [00:00<?, ?it/s, epoch=5723]
train:   0%|          | 0/1 [00:00<?, ?it/s, epoch=5724]
train:   0%|          | 0/1 [00:00<?, ?it/s, epoch=5725]
train:   0%|          | 0/1 [00:00<?, ?it/s, epoch=5726]
train:   0%|          | 0/1 [00:00<?, ?it/s, epoch=5727]
train:   0%|          | 0/1 [00:00<?, ?it/s, epoch=5728]
train:   0%|          | 0/1 [00:00<?, ?it/s, epoch=5729]
train:   0%|          | 0/1 [00:00<?, ?it/s, epoch=5730]
train:   0%|          | 0/1 [00:00<?, ?it/s, epoch=5731]
train:   0%|          | 0/1 [00:00<?, ?it/s, epoch=5732]
train:   0%|          | 0/1 [00:00<?, ?it/s, epoch=5733]
train:   0%|          | 0/1 [00:00<?, ?it/s, epoch=5734]
train:   0%|          | 0/1 [00:00<?, ?it/s, epoch=5735]
train:   0%|          | 0/1 [00:00<?, ?it/s, epoch=5736]
train:   0%|          | 0/1 [00:00<?, ?it/s, epoch=5737]
train:   0%|          | 0/1 [00:00<?, ?it/s, epoch=5738]
train:   0%|          | 0/1 [00:00<?, ?it/s, epoch=5739]
train:   0%|          | 0/1 [00:00<?, ?it/s, epoch=5740]
train:   0%|          | 0/1 [00:00<?, ?it/s, epoch=5741]
train:   0%|          | 0/1 [00:00<?, ?it/s, epoch=5742]
train:   0%|          | 0/1 [00:00<?, ?it/s, epoch=5743]
train:   0%|          | 0/1 [00:00<?, ?it/s, epoch=5744]
train:   0%|          | 0/1 [00:00<?, ?it/s, epoch=5745]
train:   0%|          | 0/1 [00:00<?, ?it/s, epoch=5746]
train:   0%|          | 0/1 [00:00<?, ?it/s, epoch=5747]
train:   0%|          | 0/1 [00:00<?, ?it/s, epoch=5748]
train:   0%|          | 0/1 [00:00<?, ?it/s, epoch=5749]
train:   0%|          | 0/1 [00:00<?, ?it/s, epoch=5750]
train:   0%|          | 0/1 [00:00<?, ?it/s, epoch=5751]
train:   0%|          | 0/1 [00:00<?, ?it/s, epoch=5752]
train:   0%|          | 0/1 [00:00<?, ?it/s, epoch=5753]
train:   0%|          | 0/1 [00:00<?, ?it/s, epoch=5754]
train:   0%|          | 0/1 [00:00<?, ?it/s, epoch=5755]
train:   0%|          | 0/1 [00:00<?, ?it/s, epoch=5756]
train:   0%|          | 0/1 [00:00<?, ?it/s, epoch=5757]
train:   0%|          | 0/1 [00:00<?, ?it/s, epoch=5758]
train:   0%|          | 0/1 [00:00<?, ?it/s, epoch=5759]
train:   0%|          | 0/1 [00:00<?, ?it/s, epoch=5760]
train:   0%|          | 0/1 [00:00<?, ?it/s, epoch=5761]
train:   0%|          | 0/1 [00:00<?, ?it/s, epoch=5762]
train:   0%|          | 0/1 [00:00<?, ?it/s, epoch=5763]
train:   0%|          | 0/1 [00:00<?, ?it/s, epoch=5764]
train:   0%|          | 0/1 [00:00<?, ?it/s, epoch=5765]
train:   0%|          | 0/1 [00:00<?, ?it/s, epoch=5766]
train:   0%|          | 0/1 [00:00<?, ?it/s, epoch=5767]
train:   0%|          | 0/1 [00:00<?, ?it/s, epoch=5768]
train:   0%|          | 0/1 [00:00<?, ?it/s, epoch=5769]
train:   0%|          | 0/1 [00:00<?, ?it/s, epoch=5770]
train:   0%|          | 0/1 [00:00<?, ?it/s, epoch=5771]
train:   0%|          | 0/1 [00:00<?, ?it/s, epoch=5772]
train:   0%|          | 0/1 [00:00<?, ?it/s, epoch=5773]
train:   0%|          | 0/1 [00:00<?, ?it/s, epoch=5774]
train:   0%|          | 0/1 [00:00<?, ?it/s, epoch=5775]
train:   0%|          | 0/1 [00:00<?, ?it/s, epoch=5776]
train:   0%|          | 0/1 [00:00<?, ?it/s, epoch=5777]
train:   0%|          | 0/1 [00:00<?, ?it/s, epoch=5778]
train:   0%|          | 0/1 [00:00<?, ?it/s, epoch=5779]
train:   0%|          | 0/1 [00:00<?, ?it/s, epoch=5780]
train:   0%|          | 0/1 [00:00<?, ?it/s, epoch=5781]
train:   0%|          | 0/1 [00:00<?, ?it/s, epoch=5782]
train:   0%|          | 0/1 [00:00<?, ?it/s, epoch=5783]
train:   0%|          | 0/1 [00:00<?, ?it/s, epoch=5784]
train:   0%|          | 0/1 [00:00<?, ?it/s, epoch=5785]
train:   0%|          | 0/1 [00:00<?, ?it/s, epoch=5786]
train:   0%|          | 0/1 [00:00<?, ?it/s, epoch=5787]
train:   0%|          | 0/1 [00:00<?, ?it/s, epoch=5788]
train:   0%|          | 0/1 [00:00<?, ?it/s, epoch=5789]
train:   0%|          | 0/1 [00:00<?, ?it/s, epoch=5790]
train:   0%|          | 0/1 [00:00<?, ?it/s, epoch=5791]
train:   0%|          | 0/1 [00:00<?, ?it/s, epoch=5792]
train:   0%|          | 0/1 [00:00<?, ?it/s, epoch=5793]
train:   0%|          | 0/1 [00:00<?, ?it/s, epoch=5794]
train:   0%|          | 0/1 [00:00<?, ?it/s, epoch=5795]
train:   0%|          | 0/1 [00:00<?, ?it/s, epoch=5796]
train:   0%|          | 0/1 [00:00<?, ?it/s, epoch=5797]
train:   0%|          | 0/1 [00:00<?, ?it/s, epoch=5798]
train:   0%|          | 0/1 [00:00<?, ?it/s, epoch=5799][[34m2026-03-24 00:10:04[0m] Step 5800 | Loss: 0.035018 | Timing: time/data_load: 0.000s, time/forward: 0.309s, time/loss_compute: 0.013s, time/discriminator: 0.000s, time/backward: 0.391s, time/optimizer: 0.035s, time/total_step: 0.755s
[BOTTLENECK] step 5800 | total_step 0.755s | time/data_load: 0.000s (0%) | time/forward: 0.309s (41%) | time/loss_compute: 0.013s (2%) | time/backward: 0.391s (52%) | time/optimizer: 0.035s (5%) | time/total_step: 0.755s (100%)
  -> at this rate 1000 steps ≈ 12.6 min
train:   0%|          | 0/1 [00:01<?, ?it/s, all=0.04, nll=0.02, nll_rec=0.02, nll_per=0.01, kl=0.01, gen=0.00, gen_w=0.00, disc=0.00, debug=0.00]
[[34m2026-03-24 00:10:04[0m] Running fixed per-frame evaluation at epoch 5800 (sequence name: EMO-1-shout+laugh)...
train:   0%|          | 0/1 [00:00<?, ?it/s, epoch=5800]
train:   0%|          | 0/1 [00:00<?, ?it/s, epoch=5801]
train:   0%|          | 0/1 [00:00<?, ?it/s, epoch=5802]
train:   0%|          | 0/1 [00:00<?, ?it/s, epoch=5803]
train:   0%|          | 0/1 [00:00<?, ?it/s, epoch=5804]
train:   0%|          | 0/1 [00:00<?, ?it/s, epoch=5805]
train:   0%|          | 0/1 [00:00<?, ?it/s, epoch=5806]
train:   0%|          | 0/1 [00:00<?, ?it/s, epoch=5807]
train:   0%|          | 0/1 [00:00<?, ?it/s, epoch=5808]
train:   0%|          | 0/1 [00:00<?, ?it/s, epoch=5809]
train:   0%|          | 0/1 [00:00<?, ?it/s, epoch=5810]
train:   0%|          | 0/1 [00:00<?, ?it/s, epoch=5811]
train:   0%|          | 0/1 [00:00<?, ?it/s, epoch=5812]
train:   0%|          | 0/1 [00:00<?, ?it/s, epoch=5813]
train:   0%|          | 0/1 [00:00<?, ?it/s, epoch=5814]
train:   0%|          | 0/1 [00:00<?, ?it/s, epoch=5815]
train:   0%|          | 0/1 [00:00<?, ?it/s, epoch=5816]
train:   0%|          | 0/1 [00:00<?, ?it/s, epoch=5817]
train:   0%|          | 0/1 [00:00<?, ?it/s, epoch=5818]
train:   0%|          | 0/1 [00:00<?, ?it/s, epoch=5819]
train:   0%|          | 0/1 [00:00<?, ?it/s, epoch=5820]
train:   0%|          | 0/1 [00:00<?, ?it/s, epoch=5821]
train:   0%|          | 0/1 [00:00<?, ?it/s, epoch=5822]
train:   0%|          | 0/1 [00:00<?, ?it/s, epoch=5823]
train:   0%|          | 0/1 [00:00<?, ?it/s, epoch=5824]
train:   0%|          | 0/1 [00:00<?, ?it/s, epoch=5825]
train:   0%|          | 0/1 [00:00<?, ?it/s, epoch=5826]
train:   0%|          | 0/1 [00:00<?, ?it/s, epoch=5827]
train:   0%|          | 0/1 [00:00<?, ?it/s, epoch=5828]
train:   0%|          | 0/1 [00:00<?, ?it/s, epoch=5829]
train:   0%|          | 0/1 [00:00<?, ?it/s, epoch=5830]
train:   0%|          | 0/1 [00:00<?, ?it/s, epoch=5831]
train:   0%|          | 0/1 [00:00<?, ?it/s, epoch=5832]
train:   0%|          | 0/1 [00:00<?, ?it/s, epoch=5833]
train:   0%|          | 0/1 [00:00<?, ?it/s, epoch=5834]
train:   0%|          | 0/1 [00:00<?, ?it/s, epoch=5835]
train:   0%|          | 0/1 [00:00<?, ?it/s, epoch=5836]
train:   0%|          | 0/1 [00:00<?, ?it/s, epoch=5837]
train:   0%|          | 0/1 [00:00<?, ?it/s, epoch=5838]
train:   0%|          | 0/1 [00:00<?, ?it/s, epoch=5839]
train:   0%|          | 0/1 [00:00<?, ?it/s, epoch=5840]
train:   0%|          | 0/1 [00:00<?, ?it/s, epoch=5841]
train:   0%|          | 0/1 [00:00<?, ?it/s, epoch=5842]
train:   0%|          | 0/1 [00:00<?, ?it/s, epoch=5843]
train:   0%|          | 0/1 [00:00<?, ?it/s, epoch=5844]
train:   0%|          | 0/1 [00:00<?, ?it/s, epoch=5845]
train:   0%|          | 0/1 [00:00<?, ?it/s, epoch=5846]
train:   0%|          | 0/1 [00:00<?, ?it/s, epoch=5847]
train:   0%|          | 0/1 [00:00<?, ?it/s, epoch=5848]
train:   0%|          | 0/1 [00:00<?, ?it/s, epoch=5849]
train:   0%|          | 0/1 [00:00<?, ?it/s, epoch=5850]
train:   0%|          | 0/1 [00:00<?, ?it/s, epoch=5851]
train:   0%|          | 0/1 [00:00<?, ?it/s, epoch=5852]
train:   0%|          | 0/1 [00:00<?, ?it/s, epoch=5853]
train:   0%|          | 0/1 [00:00<?, ?it/s, epoch=5854]
train:   0%|          | 0/1 [00:00<?, ?it/s, epoch=5855]
train:   0%|          | 0/1 [00:00<?, ?it/s, epoch=5856]
train:   0%|          | 0/1 [00:00<?, ?it/s, epoch=5857]
train:   0%|          | 0/1 [00:00<?, ?it/s, epoch=5858]
train:   0%|          | 0/1 [00:00<?, ?it/s, epoch=5859]
train:   0%|          | 0/1 [00:00<?, ?it/s, epoch=5860]
train:   0%|          | 0/1 [00:00<?, ?it/s, epoch=5861]
train:   0%|          | 0/1 [00:00<?, ?it/s, epoch=5862]
train:   0%|          | 0/1 [00:00<?, ?it/s, epoch=5863]
train:   0%|          | 0/1 [00:00<?, ?it/s, epoch=5864]
train:   0%|          | 0/1 [00:00<?, ?it/s, epoch=5865]
train:   0%|          | 0/1 [00:00<?, ?it/s, epoch=5866]
train:   0%|          | 0/1 [00:00<?, ?it/s, epoch=5867]
train:   0%|          | 0/1 [00:00<?, ?it/s, epoch=5868]
train:   0%|          | 0/1 [00:00<?, ?it/s, epoch=5869]
train:   0%|          | 0/1 [00:00<?, ?it/s, epoch=5870]
train:   0%|          | 0/1 [00:00<?, ?it/s, epoch=5871]
train:   0%|          | 0/1 [00:00<?, ?it/s, epoch=5872]
train:   0%|          | 0/1 [00:00<?, ?it/s, epoch=5873]
train:   0%|          | 0/1 [00:00<?, ?it/s, epoch=5874]
train:   0%|          | 0/1 [00:00<?, ?it/s, epoch=5875]
train:   0%|          | 0/1 [00:00<?, ?it/s, epoch=5876]
train:   0%|          | 0/1 [00:00<?, ?it/s, epoch=5877]
train:   0%|          | 0/1 [00:00<?, ?it/s, epoch=5878]
train:   0%|          | 0/1 [00:00<?, ?it/s, epoch=5879]
train:   0%|          | 0/1 [00:00<?, ?it/s, epoch=5880]
train:   0%|          | 0/1 [00:00<?, ?it/s, epoch=5881]
train:   0%|          | 0/1 [00:00<?, ?it/s, epoch=5882]
train:   0%|          | 0/1 [00:00<?, ?it/s, epoch=5883]
train:   0%|          | 0/1 [00:00<?, ?it/s, epoch=5884]
train:   0%|          | 0/1 [00:00<?, ?it/s, epoch=5885]
train:   0%|          | 0/1 [00:00<?, ?it/s, epoch=5886]
train:   0%|          | 0/1 [00:00<?, ?it/s, epoch=5887]
train:   0%|          | 0/1 [00:00<?, ?it/s, epoch=5888]
train:   0%|          | 0/1 [00:00<?, ?it/s, epoch=5889]
train:   0%|          | 0/1 [00:00<?, ?it/s, epoch=5890]
train:   0%|          | 0/1 [00:00<?, ?it/s, epoch=5891]
train:   0%|          | 0/1 [00:00<?, ?it/s, epoch=5892]
train:   0%|          | 0/1 [00:00<?, ?it/s, epoch=5893]
train:   0%|          | 0/1 [00:00<?, ?it/s, epoch=5894]
train:   0%|          | 0/1 [00:00<?, ?it/s, epoch=5895]
train:   0%|          | 0/1 [00:00<?, ?it/s, epoch=5896]
train:   0%|          | 0/1 [00:00<?, ?it/s, epoch=5897]
train:   0%|          | 0/1 [00:00<?, ?it/s, epoch=5898]
train:   0%|          | 0/1 [00:00<?, ?it/s, epoch=5899][[34m2026-03-24 00:11:33[0m] Step 5900 | Loss: 0.033397 | Timing: time/data_load: 0.000s, time/forward: 0.309s, time/loss_compute: 0.013s, time/discriminator: 0.000s, time/backward: 0.392s, time/optimizer: 0.035s, time/total_step: 0.756s
train:   0%|          | 0/1 [00:01<?, ?it/s, all=0.03, nll=0.02, nll_rec=0.02, nll_per=0.01, kl=0.01, gen=0.00, gen_w=0.00, disc=0.00, debug=0.00]
train:   0%|          | 0/1 [00:00<?, ?it/s, epoch=5900]
train:   0%|          | 0/1 [00:00<?, ?it/s, epoch=5901]
train:   0%|          | 0/1 [00:00<?, ?it/s, epoch=5902]
train:   0%|          | 0/1 [00:00<?, ?it/s, epoch=5903]
train:   0%|          | 0/1 [00:00<?, ?it/s, epoch=5904]
train:   0%|          | 0/1 [00:00<?, ?it/s, epoch=5905]
train:   0%|          | 0/1 [00:00<?, ?it/s, epoch=5906]
train:   0%|          | 0/1 [00:00<?, ?it/s, epoch=5907]
train:   0%|          | 0/1 [00:00<?, ?it/s, epoch=5908]
train:   0%|          | 0/1 [00:00<?, ?it/s, epoch=5909]
train:   0%|          | 0/1 [00:00<?, ?it/s, epoch=5910]
train:   0%|          | 0/1 [00:00<?, ?it/s, epoch=5911]
train:   0%|          | 0/1 [00:00<?, ?it/s, epoch=5912]
train:   0%|          | 0/1 [00:00<?, ?it/s, epoch=5913]
train:   0%|          | 0/1 [00:00<?, ?it/s, epoch=5914]
train:   0%|          | 0/1 [00:00<?, ?it/s, epoch=5915]
train:   0%|          | 0/1 [00:00<?, ?it/s, epoch=5916]
train:   0%|          | 0/1 [00:00<?, ?it/s, epoch=5917]
train:   0%|          | 0/1 [00:00<?, ?it/s, epoch=5918]
train:   0%|          | 0/1 [00:00<?, ?it/s, epoch=5919]
train:   0%|          | 0/1 [00:00<?, ?it/s, epoch=5920]
train:   0%|          | 0/1 [00:00<?, ?it/s, epoch=5921]
train:   0%|          | 0/1 [00:00<?, ?it/s, epoch=5922]
train:   0%|          | 0/1 [00:00<?, ?it/s, epoch=5923]
train:   0%|          | 0/1 [00:00<?, ?it/s, epoch=5924]
train:   0%|          | 0/1 [00:00<?, ?it/s, epoch=5925]
train:   0%|          | 0/1 [00:00<?, ?it/s, epoch=5926]
train:   0%|          | 0/1 [00:00<?, ?it/s, epoch=5927]
train:   0%|          | 0/1 [00:00<?, ?it/s, epoch=5928]
train:   0%|          | 0/1 [00:00<?, ?it/s, epoch=5929]
train:   0%|          | 0/1 [00:00<?, ?it/s, epoch=5930]
train:   0%|          | 0/1 [00:00<?, ?it/s, epoch=5931]
train:   0%|          | 0/1 [00:00<?, ?it/s, epoch=5932]
train:   0%|          | 0/1 [00:00<?, ?it/s, epoch=5933]
train:   0%|          | 0/1 [00:00<?, ?it/s, epoch=5934]
train:   0%|          | 0/1 [00:00<?, ?it/s, epoch=5935]
train:   0%|          | 0/1 [00:00<?, ?it/s, epoch=5936]
train:   0%|          | 0/1 [00:00<?, ?it/s, epoch=5937]
train:   0%|          | 0/1 [00:00<?, ?it/s, epoch=5938]
train:   0%|          | 0/1 [00:00<?, ?it/s, epoch=5939]
train:   0%|          | 0/1 [00:00<?, ?it/s, epoch=5940]
train:   0%|          | 0/1 [00:00<?, ?it/s, epoch=5941]
train:   0%|          | 0/1 [00:00<?, ?it/s, epoch=5942]
train:   0%|          | 0/1 [00:00<?, ?it/s, epoch=5943]
train:   0%|          | 0/1 [00:00<?, ?it/s, epoch=5944]
train:   0%|          | 0/1 [00:00<?, ?it/s, epoch=5945]
train:   0%|          | 0/1 [00:00<?, ?it/s, epoch=5946]
train:   0%|          | 0/1 [00:00<?, ?it/s, epoch=5947]
train:   0%|          | 0/1 [00:00<?, ?it/s, epoch=5948]
train:   0%|          | 0/1 [00:00<?, ?it/s, epoch=5949]
train:   0%|          | 0/1 [00:00<?, ?it/s, epoch=5950]
train:   0%|          | 0/1 [00:00<?, ?it/s, epoch=5951]
train:   0%|          | 0/1 [00:00<?, ?it/s, epoch=5952]
train:   0%|          | 0/1 [00:00<?, ?it/s, epoch=5953]
train:   0%|          | 0/1 [00:00<?, ?it/s, epoch=5954]
train:   0%|          | 0/1 [00:00<?, ?it/s, epoch=5955]
train:   0%|          | 0/1 [00:00<?, ?it/s, epoch=5956]
train:   0%|          | 0/1 [00:00<?, ?it/s, epoch=5957]
train:   0%|          | 0/1 [00:00<?, ?it/s, epoch=5958]
train:   0%|          | 0/1 [00:00<?, ?it/s, epoch=5959]
train:   0%|          | 0/1 [00:00<?, ?it/s, epoch=5960]
train:   0%|          | 0/1 [00:00<?, ?it/s, epoch=5961]
train:   0%|          | 0/1 [00:00<?, ?it/s, epoch=5962]
train:   0%|          | 0/1 [00:00<?, ?it/s, epoch=5963]
train:   0%|          | 0/1 [00:00<?, ?it/s, epoch=5964]
train:   0%|          | 0/1 [00:00<?, ?it/s, epoch=5965]
train:   0%|          | 0/1 [00:00<?, ?it/s, epoch=5966]
train:   0%|          | 0/1 [00:00<?, ?it/s, epoch=5967]
train:   0%|          | 0/1 [00:00<?, ?it/s, epoch=5968]
train:   0%|          | 0/1 [00:00<?, ?it/s, epoch=5969]
train:   0%|          | 0/1 [00:00<?, ?it/s, epoch=5970]
train:   0%|          | 0/1 [00:00<?, ?it/s, epoch=5971]
train:   0%|          | 0/1 [00:00<?, ?it/s, epoch=5972]
train:   0%|          | 0/1 [00:00<?, ?it/s, epoch=5973]
train:   0%|          | 0/1 [00:00<?, ?it/s, epoch=5974]
train:   0%|          | 0/1 [00:00<?, ?it/s, epoch=5975]
train:   0%|          | 0/1 [00:00<?, ?it/s, epoch=5976]
train:   0%|          | 0/1 [00:00<?, ?it/s, epoch=5977]
train:   0%|          | 0/1 [00:00<?, ?it/s, epoch=5978]
train:   0%|          | 0/1 [00:00<?, ?it/s, epoch=5979]
train:   0%|          | 0/1 [00:00<?, ?it/s, epoch=5980]
train:   0%|          | 0/1 [00:00<?, ?it/s, epoch=5981]
train:   0%|          | 0/1 [00:00<?, ?it/s, epoch=5982]
train:   0%|          | 0/1 [00:00<?, ?it/s, epoch=5983]
train:   0%|          | 0/1 [00:00<?, ?it/s, epoch=5984]
train:   0%|          | 0/1 [00:00<?, ?it/s, epoch=5985]
train:   0%|          | 0/1 [00:00<?, ?it/s, epoch=5986]
train:   0%|          | 0/1 [00:00<?, ?it/s, epoch=5987]
train:   0%|          | 0/1 [00:00<?, ?it/s, epoch=5988]
train:   0%|          | 0/1 [00:00<?, ?it/s, epoch=5989]
train:   0%|          | 0/1 [00:00<?, ?it/s, epoch=5990]
train:   0%|          | 0/1 [00:00<?, ?it/s, epoch=5991]
train:   0%|          | 0/1 [00:00<?, ?it/s, epoch=5992]
train:   0%|          | 0/1 [00:00<?, ?it/s, epoch=5993]
train:   0%|          | 0/1 [00:00<?, ?it/s, epoch=5994]
train:   0%|          | 0/1 [00:00<?, ?it/s, epoch=5995]
train:   0%|          | 0/1 [00:00<?, ?it/s, epoch=5996]
train:   0%|          | 0/1 [00:00<?, ?it/s, epoch=5997]
train:   0%|          | 0/1 [00:00<?, ?it/s, epoch=5998]
train:   0%|          | 0/1 [00:00<?, ?it/s, epoch=5999][[34m2026-03-24 00:13:03[0m] Step 6000 | Loss: 0.033440 | Timing: time/data_load: 0.000s, time/forward: 0.312s, time/loss_compute: 0.014s, time/discriminator: 0.000s, time/backward: 0.394s, time/optimizer: 0.035s, time/total_step: 0.762s
[BOTTLENECK] step 6000 | total_step 0.762s | time/data_load: 0.000s (0%) | time/forward: 0.312s (41%) | time/loss_compute: 0.014s (2%) | time/backward: 0.394s (52%) | time/optimizer: 0.035s (5%) | time/total_step: 0.762s (100%)
  -> at this rate 1000 steps ≈ 12.7 min
train:   0%|          | 0/1 [00:01<?, ?it/s, all=0.03, nll=0.02, nll_rec=0.02, nll_per=0.01, kl=0.01, gen=0.00, gen_w=0.00, disc=0.00, debug=0.00][[34m2026-03-24 00:13:05[0m] The model is going to be split to checkpoint shards. You can find where each parameters has been saved in the index located at model.safetensors.index.json.
[[34m2026-03-24 00:13:06[0m] Saved checkpoint at epoch 5999, step 1, global_step 6000 to outputs/self_attention_rank128/epoch5999-global_step6000
[[34m2026-03-24 00:13:06[0m] Removed old checkpoints and kept 3 latest ones.
[[34m2026-03-24 00:13:06[0m] Running full evaluation at step 6000 (train)...
[[34m2026-03-24 00:13:07[0m] Evaluation (train) - PSNR: 30.50 ± 2.00, SSIM: 0.9980 ± 0.0020, MSE: 0.000994 ± 0.000000
train:   0%|          | 0/1 [00:04<?, ?it/s, all=0.03, nll=0.02, nll_rec=0.02, nll_per=0.01, kl=0.01, gen=0.00, gen_w=0.00, disc=0.00, debug=0.00]
[[34m2026-03-24 00:13:07[0m] Running fixed per-frame evaluation at epoch 6000 (sequence name: EMO-1-shout+laugh)...
train:   0%|          | 0/1 [00:00<?, ?it/s, epoch=6000]
train:   0%|          | 0/1 [00:00<?, ?it/s, epoch=6001]
train:   0%|          | 0/1 [00:00<?, ?it/s, epoch=6002]
train:   0%|          | 0/1 [00:00<?, ?it/s, epoch=6003]
train:   0%|          | 0/1 [00:00<?, ?it/s, epoch=6004]
train:   0%|          | 0/1 [00:00<?, ?it/s, epoch=6005]
train:   0%|          | 0/1 [00:00<?, ?it/s, epoch=6006]
train:   0%|          | 0/1 [00:00<?, ?it/s, epoch=6007]
train:   0%|          | 0/1 [00:00<?, ?it/s, epoch=6008]
train:   0%|          | 0/1 [00:00<?, ?it/s, epoch=6009]
train:   0%|          | 0/1 [00:00<?, ?it/s, epoch=6010]
train:   0%|          | 0/1 [00:00<?, ?it/s, epoch=6011]
train:   0%|          | 0/1 [00:00<?, ?it/s, epoch=6012]
train:   0%|          | 0/1 [00:00<?, ?it/s, epoch=6013]
train:   0%|          | 0/1 [00:00<?, ?it/s, epoch=6014]
train:   0%|          | 0/1 [00:00<?, ?it/s, epoch=6015]
train:   0%|          | 0/1 [00:00<?, ?it/s, epoch=6016]
train:   0%|          | 0/1 [00:00<?, ?it/s, epoch=6017]
train:   0%|          | 0/1 [00:00<?, ?it/s, epoch=6018]
train:   0%|          | 0/1 [00:00<?, ?it/s, epoch=6019]
train:   0%|          | 0/1 [00:00<?, ?it/s, epoch=6020]
train:   0%|          | 0/1 [00:00<?, ?it/s, epoch=6021]
train:   0%|          | 0/1 [00:00<?, ?it/s, epoch=6022]
train:   0%|          | 0/1 [00:00<?, ?it/s, epoch=6023]
train:   0%|          | 0/1 [00:00<?, ?it/s, epoch=6024]
train:   0%|          | 0/1 [00:00<?, ?it/s, epoch=6025]
train:   0%|          | 0/1 [00:00<?, ?it/s, epoch=6026]
train:   0%|          | 0/1 [00:00<?, ?it/s, epoch=6027]
train:   0%|          | 0/1 [00:00<?, ?it/s, epoch=6028]
train:   0%|          | 0/1 [00:00<?, ?it/s, epoch=6029]
train:   0%|          | 0/1 [00:00<?, ?it/s, epoch=6030]
train:   0%|          | 0/1 [00:00<?, ?it/s, epoch=6031]
train:   0%|          | 0/1 [00:00<?, ?it/s, epoch=6032]
train:   0%|          | 0/1 [00:00<?, ?it/s, epoch=6033]
train:   0%|          | 0/1 [00:00<?, ?it/s, epoch=6034]
train:   0%|          | 0/1 [00:00<?, ?it/s, epoch=6035]
train:   0%|          | 0/1 [00:00<?, ?it/s, epoch=6036]
train:   0%|          | 0/1 [00:00<?, ?it/s, epoch=6037]
train:   0%|          | 0/1 [00:00<?, ?it/s, epoch=6038]
train:   0%|          | 0/1 [00:00<?, ?it/s, epoch=6039]
train:   0%|          | 0/1 [00:00<?, ?it/s, epoch=6040]
train:   0%|          | 0/1 [00:00<?, ?it/s, epoch=6041]
train:   0%|          | 0/1 [00:00<?, ?it/s, epoch=6042]
train:   0%|          | 0/1 [00:00<?, ?it/s, epoch=6043]
train:   0%|          | 0/1 [00:00<?, ?it/s, epoch=6044]
train:   0%|          | 0/1 [00:00<?, ?it/s, epoch=6045]
train:   0%|          | 0/1 [00:00<?, ?it/s, epoch=6046]
train:   0%|          | 0/1 [00:00<?, ?it/s, epoch=6047]
train:   0%|          | 0/1 [00:00<?, ?it/s, epoch=6048]
train:   0%|          | 0/1 [00:00<?, ?it/s, epoch=6049]
train:   0%|          | 0/1 [00:00<?, ?it/s, epoch=6050]
train:   0%|          | 0/1 [00:00<?, ?it/s, epoch=6051]
train:   0%|          | 0/1 [00:00<?, ?it/s, epoch=6052]
train:   0%|          | 0/1 [00:00<?, ?it/s, epoch=6053]
train:   0%|          | 0/1 [00:00<?, ?it/s, epoch=6054]
train:   0%|          | 0/1 [00:00<?, ?it/s, epoch=6055]
train:   0%|          | 0/1 [00:00<?, ?it/s, epoch=6056]
train:   0%|          | 0/1 [00:00<?, ?it/s, epoch=6057]
train:   0%|          | 0/1 [00:00<?, ?it/s, epoch=6058]
train:   0%|          | 0/1 [00:00<?, ?it/s, epoch=6059]
train:   0%|          | 0/1 [00:00<?, ?it/s, epoch=6060]
train:   0%|          | 0/1 [00:00<?, ?it/s, epoch=6061]
train:   0%|          | 0/1 [00:00<?, ?it/s, epoch=6062]
train:   0%|          | 0/1 [00:00<?, ?it/s, epoch=6063]
train:   0%|          | 0/1 [00:00<?, ?it/s, epoch=6064]
train:   0%|          | 0/1 [00:00<?, ?it/s, epoch=6065]
train:   0%|          | 0/1 [00:00<?, ?it/s, epoch=6066]
train:   0%|          | 0/1 [00:00<?, ?it/s, epoch=6067]
train:   0%|          | 0/1 [00:00<?, ?it/s, epoch=6068]
train:   0%|          | 0/1 [00:00<?, ?it/s, epoch=6069]
train:   0%|          | 0/1 [00:00<?, ?it/s, epoch=6070]
train:   0%|          | 0/1 [00:00<?, ?it/s, epoch=6071]
train:   0%|          | 0/1 [00:00<?, ?it/s, epoch=6072]
train:   0%|          | 0/1 [00:00<?, ?it/s, epoch=6073]
train:   0%|          | 0/1 [00:00<?, ?it/s, epoch=6074]
train:   0%|          | 0/1 [00:00<?, ?it/s, epoch=6075]
train:   0%|          | 0/1 [00:00<?, ?it/s, epoch=6076]
train:   0%|          | 0/1 [00:00<?, ?it/s, epoch=6077]
train:   0%|          | 0/1 [00:00<?, ?it/s, epoch=6078]
train:   0%|          | 0/1 [00:00<?, ?it/s, epoch=6079]
train:   0%|          | 0/1 [00:00<?, ?it/s, epoch=6080]
train:   0%|          | 0/1 [00:00<?, ?it/s, epoch=6081]
train:   0%|          | 0/1 [00:00<?, ?it/s, epoch=6082]
train:   0%|          | 0/1 [00:00<?, ?it/s, epoch=6083]
train:   0%|          | 0/1 [00:00<?, ?it/s, epoch=6084]
train:   0%|          | 0/1 [00:00<?, ?it/s, epoch=6085]
train:   0%|          | 0/1 [00:00<?, ?it/s, epoch=6086]
train:   0%|          | 0/1 [00:00<?, ?it/s, epoch=6087]
train:   0%|          | 0/1 [00:00<?, ?it/s, epoch=6088]
train:   0%|          | 0/1 [00:00<?, ?it/s, epoch=6089]
train:   0%|          | 0/1 [00:00<?, ?it/s, epoch=6090]
train:   0%|          | 0/1 [00:00<?, ?it/s, epoch=6091]
train:   0%|          | 0/1 [00:00<?, ?it/s, epoch=6092]
train:   0%|          | 0/1 [00:00<?, ?it/s, epoch=6093]
train:   0%|          | 0/1 [00:00<?, ?it/s, epoch=6094]
train:   0%|          | 0/1 [00:00<?, ?it/s, epoch=6095]
train:   0%|          | 0/1 [00:00<?, ?it/s, epoch=6096]
train:   0%|          | 0/1 [00:00<?, ?it/s, epoch=6097]
train:   0%|          | 0/1 [00:00<?, ?it/s, epoch=6098]
train:   0%|          | 0/1 [00:00<?, ?it/s, epoch=6099][[34m2026-03-24 00:14:40[0m] Step 6100 | Loss: 0.033987 | Timing: time/data_load: 0.000s, time/forward: 0.315s, time/loss_compute: 0.014s, time/discriminator: 0.000s, time/backward: 0.395s, time/optimizer: 0.035s, time/total_step: 0.767s
train:   0%|          | 0/1 [00:01<?, ?it/s, all=0.03, nll=0.02, nll_rec=0.02, nll_per=0.01, kl=0.01, gen=0.00, gen_w=0.00, disc=0.00, debug=0.00]
train:   0%|          | 0/1 [00:00<?, ?it/s, epoch=6100]
train:   0%|          | 0/1 [00:00<?, ?it/s, epoch=6101]
train:   0%|          | 0/1 [00:00<?, ?it/s, epoch=6102]
train:   0%|          | 0/1 [00:00<?, ?it/s, epoch=6103]
train:   0%|          | 0/1 [00:00<?, ?it/s, epoch=6104]
train:   0%|          | 0/1 [00:00<?, ?it/s, epoch=6105]
train:   0%|          | 0/1 [00:00<?, ?it/s, epoch=6106]
train:   0%|          | 0/1 [00:00<?, ?it/s, epoch=6107]
train:   0%|          | 0/1 [00:00<?, ?it/s, epoch=6108]
train:   0%|          | 0/1 [00:00<?, ?it/s, epoch=6109]
train:   0%|          | 0/1 [00:00<?, ?it/s, epoch=6110]
train:   0%|          | 0/1 [00:00<?, ?it/s, epoch=6111]
train:   0%|          | 0/1 [00:00<?, ?it/s, epoch=6112]
train:   0%|          | 0/1 [00:00<?, ?it/s, epoch=6113]
train:   0%|          | 0/1 [00:00<?, ?it/s, epoch=6114]
train:   0%|          | 0/1 [00:00<?, ?it/s, epoch=6115]
train:   0%|          | 0/1 [00:00<?, ?it/s, epoch=6116]
train:   0%|          | 0/1 [00:00<?, ?it/s, epoch=6117]
train:   0%|          | 0/1 [00:00<?, ?it/s, epoch=6118]
train:   0%|          | 0/1 [00:00<?, ?it/s, epoch=6119]
train:   0%|          | 0/1 [00:00<?, ?it/s, epoch=6120]
train:   0%|          | 0/1 [00:00<?, ?it/s, epoch=6121]
train:   0%|          | 0/1 [00:00<?, ?it/s, epoch=6122]
train:   0%|          | 0/1 [00:00<?, ?it/s, epoch=6123]
train:   0%|          | 0/1 [00:00<?, ?it/s, epoch=6124]
train:   0%|          | 0/1 [00:00<?, ?it/s, epoch=6125]
train:   0%|          | 0/1 [00:00<?, ?it/s, epoch=6126]
train:   0%|          | 0/1 [00:00<?, ?it/s, epoch=6127]
train:   0%|          | 0/1 [00:00<?, ?it/s, epoch=6128]
train:   0%|          | 0/1 [00:00<?, ?it/s, epoch=6129]
train:   0%|          | 0/1 [00:00<?, ?it/s, epoch=6130]
train:   0%|          | 0/1 [00:00<?, ?it/s, epoch=6131]
train:   0%|          | 0/1 [00:00<?, ?it/s, epoch=6132]
train:   0%|          | 0/1 [00:00<?, ?it/s, epoch=6133]
train:   0%|          | 0/1 [00:00<?, ?it/s, epoch=6134]
train:   0%|          | 0/1 [00:00<?, ?it/s, epoch=6135]
train:   0%|          | 0/1 [00:00<?, ?it/s, epoch=6136]
train:   0%|          | 0/1 [00:00<?, ?it/s, epoch=6137]
train:   0%|          | 0/1 [00:00<?, ?it/s, epoch=6138]
train:   0%|          | 0/1 [00:00<?, ?it/s, epoch=6139]
train:   0%|          | 0/1 [00:00<?, ?it/s, epoch=6140]
train:   0%|          | 0/1 [00:00<?, ?it/s, epoch=6141]
train:   0%|          | 0/1 [00:00<?, ?it/s, epoch=6142]
train:   0%|          | 0/1 [00:00<?, ?it/s, epoch=6143]
train:   0%|          | 0/1 [00:00<?, ?it/s, epoch=6144]
train:   0%|          | 0/1 [00:00<?, ?it/s, epoch=6145]
train:   0%|          | 0/1 [00:00<?, ?it/s, epoch=6146]
train:   0%|          | 0/1 [00:00<?, ?it/s, epoch=6147]
train:   0%|          | 0/1 [00:00<?, ?it/s, epoch=6148]
train:   0%|          | 0/1 [00:00<?, ?it/s, epoch=6149]
train:   0%|          | 0/1 [00:00<?, ?it/s, epoch=6150]
train:   0%|          | 0/1 [00:00<?, ?it/s, epoch=6151]
train:   0%|          | 0/1 [00:00<?, ?it/s, epoch=6152]
train:   0%|          | 0/1 [00:00<?, ?it/s, epoch=6153]
train:   0%|          | 0/1 [00:00<?, ?it/s, epoch=6154]
train:   0%|          | 0/1 [00:00<?, ?it/s, epoch=6155]
train:   0%|          | 0/1 [00:00<?, ?it/s, epoch=6156]
train:   0%|          | 0/1 [00:00<?, ?it/s, epoch=6157]
train:   0%|          | 0/1 [00:00<?, ?it/s, epoch=6158]
train:   0%|          | 0/1 [00:00<?, ?it/s, epoch=6159]
train:   0%|          | 0/1 [00:00<?, ?it/s, epoch=6160]
train:   0%|          | 0/1 [00:00<?, ?it/s, epoch=6161]
train:   0%|          | 0/1 [00:00<?, ?it/s, epoch=6162]
train:   0%|          | 0/1 [00:00<?, ?it/s, epoch=6163]
train:   0%|          | 0/1 [00:00<?, ?it/s, epoch=6164]
train:   0%|          | 0/1 [00:00<?, ?it/s, epoch=6165]
train:   0%|          | 0/1 [00:00<?, ?it/s, epoch=6166]
train:   0%|          | 0/1 [00:00<?, ?it/s, epoch=6167]
train:   0%|          | 0/1 [00:00<?, ?it/s, epoch=6168]
train:   0%|          | 0/1 [00:00<?, ?it/s, epoch=6169]
train:   0%|          | 0/1 [00:00<?, ?it/s, epoch=6170]
train:   0%|          | 0/1 [00:00<?, ?it/s, epoch=6171]
train:   0%|          | 0/1 [00:00<?, ?it/s, epoch=6172]
train:   0%|          | 0/1 [00:00<?, ?it/s, epoch=6173]
train:   0%|          | 0/1 [00:00<?, ?it/s, epoch=6174]
train:   0%|          | 0/1 [00:00<?, ?it/s, epoch=6175]
train:   0%|          | 0/1 [00:00<?, ?it/s, epoch=6176]
train:   0%|          | 0/1 [00:00<?, ?it/s, epoch=6177]
train:   0%|          | 0/1 [00:00<?, ?it/s, epoch=6178]
train:   0%|          | 0/1 [00:00<?, ?it/s, epoch=6179]
train:   0%|          | 0/1 [00:00<?, ?it/s, epoch=6180]
train:   0%|          | 0/1 [00:00<?, ?it/s, epoch=6181]
train:   0%|          | 0/1 [00:00<?, ?it/s, epoch=6182]
train:   0%|          | 0/1 [00:00<?, ?it/s, epoch=6183]
train:   0%|          | 0/1 [00:00<?, ?it/s, epoch=6184]
train:   0%|          | 0/1 [00:00<?, ?it/s, epoch=6185]
train:   0%|          | 0/1 [00:00<?, ?it/s, epoch=6186]
train:   0%|          | 0/1 [00:00<?, ?it/s, epoch=6187]
train:   0%|          | 0/1 [00:00<?, ?it/s, epoch=6188]
train:   0%|          | 0/1 [00:00<?, ?it/s, epoch=6189]
train:   0%|          | 0/1 [00:00<?, ?it/s, epoch=6190]
train:   0%|          | 0/1 [00:00<?, ?it/s, epoch=6191]
train:   0%|          | 0/1 [00:00<?, ?it/s, epoch=6192]
train:   0%|          | 0/1 [00:00<?, ?it/s, epoch=6193]
train:   0%|          | 0/1 [00:00<?, ?it/s, epoch=6194]
train:   0%|          | 0/1 [00:00<?, ?it/s, epoch=6195]
train:   0%|          | 0/1 [00:00<?, ?it/s, epoch=6196]
train:   0%|          | 0/1 [00:00<?, ?it/s, epoch=6197]
train:   0%|          | 0/1 [00:00<?, ?it/s, epoch=6198]
train:   0%|          | 0/1 [00:00<?, ?it/s, epoch=6199][[34m2026-03-24 00:16:12[0m] Step 6200 | Loss: 0.032551 | Timing: time/data_load: 0.000s, time/forward: 0.308s, time/loss_compute: 0.013s, time/discriminator: 0.000s, time/backward: 0.391s, time/optimizer: 0.035s, time/total_step: 0.753s
[BOTTLENECK] step 6200 | total_step 0.753s | time/data_load: 0.000s (0%) | time/forward: 0.308s (41%) | time/loss_compute: 0.013s (2%) | time/backward: 0.391s (52%) | time/optimizer: 0.035s (5%) | time/total_step: 0.753s (100%)
  -> at this rate 1000 steps ≈ 12.6 min
train:   0%|          | 0/1 [00:01<?, ?it/s, all=0.03, nll=0.02, nll_rec=0.02, nll_per=0.01, kl=0.01, gen=0.00, gen_w=0.00, disc=0.00, debug=0.00]
[[34m2026-03-24 00:16:12[0m] Running fixed per-frame evaluation at epoch 6200 (sequence name: EMO-1-shout+laugh)...
train:   0%|          | 0/1 [00:00<?, ?it/s, epoch=6200]
train:   0%|          | 0/1 [00:00<?, ?it/s, epoch=6201]
train:   0%|          | 0/1 [00:00<?, ?it/s, epoch=6202]
train:   0%|          | 0/1 [00:00<?, ?it/s, epoch=6203]
train:   0%|          | 0/1 [00:00<?, ?it/s, epoch=6204]
train:   0%|          | 0/1 [00:00<?, ?it/s, epoch=6205]
train:   0%|          | 0/1 [00:00<?, ?it/s, epoch=6206]
train:   0%|          | 0/1 [00:00<?, ?it/s, epoch=6207]
train:   0%|          | 0/1 [00:00<?, ?it/s, epoch=6208]
train:   0%|          | 0/1 [00:00<?, ?it/s, epoch=6209]
train:   0%|          | 0/1 [00:00<?, ?it/s, epoch=6210]
train:   0%|          | 0/1 [00:00<?, ?it/s, epoch=6211]
train:   0%|          | 0/1 [00:00<?, ?it/s, epoch=6212]
train:   0%|          | 0/1 [00:00<?, ?it/s, epoch=6213]
train:   0%|          | 0/1 [00:00<?, ?it/s, epoch=6214]
train:   0%|          | 0/1 [00:00<?, ?it/s, epoch=6215]
train:   0%|          | 0/1 [00:00<?, ?it/s, epoch=6216]
train:   0%|          | 0/1 [00:00<?, ?it/s, epoch=6217]
train:   0%|          | 0/1 [00:00<?, ?it/s, epoch=6218]
train:   0%|          | 0/1 [00:00<?, ?it/s, epoch=6219]
train:   0%|          | 0/1 [00:00<?, ?it/s, epoch=6220]
train:   0%|          | 0/1 [00:00<?, ?it/s, epoch=6221]
train:   0%|          | 0/1 [00:00<?, ?it/s, epoch=6222]
train:   0%|          | 0/1 [00:00<?, ?it/s, epoch=6223]
train:   0%|          | 0/1 [00:00<?, ?it/s, epoch=6224]
train:   0%|          | 0/1 [00:00<?, ?it/s, epoch=6225]
train:   0%|          | 0/1 [00:00<?, ?it/s, epoch=6226]
train:   0%|          | 0/1 [00:00<?, ?it/s, epoch=6227]
train:   0%|          | 0/1 [00:00<?, ?it/s, epoch=6228]
train:   0%|          | 0/1 [00:00<?, ?it/s, epoch=6229]
train:   0%|          | 0/1 [00:00<?, ?it/s, epoch=6230]
train:   0%|          | 0/1 [00:00<?, ?it/s, epoch=6231]
train:   0%|          | 0/1 [00:00<?, ?it/s, epoch=6232]
train:   0%|          | 0/1 [00:00<?, ?it/s, epoch=6233]
train:   0%|          | 0/1 [00:00<?, ?it/s, epoch=6234]
train:   0%|          | 0/1 [00:00<?, ?it/s, epoch=6235]
train:   0%|          | 0/1 [00:00<?, ?it/s, epoch=6236]
train:   0%|          | 0/1 [00:00<?, ?it/s, epoch=6237]
train:   0%|          | 0/1 [00:00<?, ?it/s, epoch=6238]
train:   0%|          | 0/1 [00:00<?, ?it/s, epoch=6239]
train:   0%|          | 0/1 [00:00<?, ?it/s, epoch=6240]
train:   0%|          | 0/1 [00:00<?, ?it/s, epoch=6241]
train:   0%|          | 0/1 [00:00<?, ?it/s, epoch=6242]
train:   0%|          | 0/1 [00:00<?, ?it/s, epoch=6243]
train:   0%|          | 0/1 [00:00<?, ?it/s, epoch=6244]
train:   0%|          | 0/1 [00:00<?, ?it/s, epoch=6245]
train:   0%|          | 0/1 [00:00<?, ?it/s, epoch=6246]
train:   0%|          | 0/1 [00:00<?, ?it/s, epoch=6247]
train:   0%|          | 0/1 [00:00<?, ?it/s, epoch=6248]
train:   0%|          | 0/1 [00:00<?, ?it/s, epoch=6249]
train:   0%|          | 0/1 [00:00<?, ?it/s, epoch=6250]
train:   0%|          | 0/1 [00:00<?, ?it/s, epoch=6251]
train:   0%|          | 0/1 [00:00<?, ?it/s, epoch=6252]
train:   0%|          | 0/1 [00:00<?, ?it/s, epoch=6253]
train:   0%|          | 0/1 [00:00<?, ?it/s, epoch=6254]
train:   0%|          | 0/1 [00:00<?, ?it/s, epoch=6255]
train:   0%|          | 0/1 [00:00<?, ?it/s, epoch=6256]
train:   0%|          | 0/1 [00:00<?, ?it/s, epoch=6257]
train:   0%|          | 0/1 [00:00<?, ?it/s, epoch=6258]
train:   0%|          | 0/1 [00:00<?, ?it/s, epoch=6259]
train:   0%|          | 0/1 [00:00<?, ?it/s, epoch=6260]
train:   0%|          | 0/1 [00:00<?, ?it/s, epoch=6261]
train:   0%|          | 0/1 [00:00<?, ?it/s, epoch=6262]
train:   0%|          | 0/1 [00:00<?, ?it/s, epoch=6263]
train:   0%|          | 0/1 [00:00<?, ?it/s, epoch=6264]
train:   0%|          | 0/1 [00:00<?, ?it/s, epoch=6265]
train:   0%|          | 0/1 [00:00<?, ?it/s, epoch=6266]
train:   0%|          | 0/1 [00:00<?, ?it/s, epoch=6267]
train:   0%|          | 0/1 [00:00<?, ?it/s, epoch=6268]
train:   0%|          | 0/1 [00:00<?, ?it/s, epoch=6269]
train:   0%|          | 0/1 [00:00<?, ?it/s, epoch=6270]
train:   0%|          | 0/1 [00:00<?, ?it/s, epoch=6271]
train:   0%|          | 0/1 [00:00<?, ?it/s, epoch=6272]
train:   0%|          | 0/1 [00:00<?, ?it/s, epoch=6273]
train:   0%|          | 0/1 [00:00<?, ?it/s, epoch=6274]
train:   0%|          | 0/1 [00:00<?, ?it/s, epoch=6275]
train:   0%|          | 0/1 [00:00<?, ?it/s, epoch=6276]
train:   0%|          | 0/1 [00:00<?, ?it/s, epoch=6277]
train:   0%|          | 0/1 [00:00<?, ?it/s, epoch=6278]
train:   0%|          | 0/1 [00:00<?, ?it/s, epoch=6279]
train:   0%|          | 0/1 [00:00<?, ?it/s, epoch=6280]
train:   0%|          | 0/1 [00:00<?, ?it/s, epoch=6281]
train:   0%|          | 0/1 [00:00<?, ?it/s, epoch=6282]
train:   0%|          | 0/1 [00:00<?, ?it/s, epoch=6283]
train:   0%|          | 0/1 [00:00<?, ?it/s, epoch=6284]
train:   0%|          | 0/1 [00:00<?, ?it/s, epoch=6285]
train:   0%|          | 0/1 [00:00<?, ?it/s, epoch=6286]
train:   0%|          | 0/1 [00:00<?, ?it/s, epoch=6287]
train:   0%|          | 0/1 [00:00<?, ?it/s, epoch=6288]
train:   0%|          | 0/1 [00:00<?, ?it/s, epoch=6289]
train:   0%|          | 0/1 [00:00<?, ?it/s, epoch=6290]
train:   0%|          | 0/1 [00:00<?, ?it/s, epoch=6291]
train:   0%|          | 0/1 [00:00<?, ?it/s, epoch=6292]
train:   0%|          | 0/1 [00:00<?, ?it/s, epoch=6293]
train:   0%|          | 0/1 [00:00<?, ?it/s, epoch=6294]
train:   0%|          | 0/1 [00:00<?, ?it/s, epoch=6295]
train:   0%|          | 0/1 [00:00<?, ?it/s, epoch=6296]
train:   0%|          | 0/1 [00:00<?, ?it/s, epoch=6297]
train:   0%|          | 0/1 [00:00<?, ?it/s, epoch=6298]
train:   0%|          | 0/1 [00:00<?, ?it/s, epoch=6299][[34m2026-03-24 00:17:41[0m] Step 6300 | Loss: 0.034874 | Timing: time/data_load: 0.000s, time/forward: 0.309s, time/loss_compute: 0.013s, time/discriminator: 0.000s, time/backward: 0.391s, time/optimizer: 0.034s, time/total_step: 0.754s
train:   0%|          | 0/1 [00:01<?, ?it/s, all=0.03, nll=0.02, nll_rec=0.02, nll_per=0.01, kl=0.01, gen=0.00, gen_w=0.00, disc=0.00, debug=0.00]
train:   0%|          | 0/1 [00:00<?, ?it/s, epoch=6300]
train:   0%|          | 0/1 [00:00<?, ?it/s, epoch=6301]
train:   0%|          | 0/1 [00:00<?, ?it/s, epoch=6302]
train:   0%|          | 0/1 [00:00<?, ?it/s, epoch=6303]
train:   0%|          | 0/1 [00:00<?, ?it/s, epoch=6304]
train:   0%|          | 0/1 [00:00<?, ?it/s, epoch=6305]
train:   0%|          | 0/1 [00:00<?, ?it/s, epoch=6306]
train:   0%|          | 0/1 [00:00<?, ?it/s, epoch=6307]
train:   0%|          | 0/1 [00:00<?, ?it/s, epoch=6308]
train:   0%|          | 0/1 [00:00<?, ?it/s, epoch=6309]
train:   0%|          | 0/1 [00:00<?, ?it/s, epoch=6310]
train:   0%|          | 0/1 [00:00<?, ?it/s, epoch=6311]
train:   0%|          | 0/1 [00:00<?, ?it/s, epoch=6312]
train:   0%|          | 0/1 [00:00<?, ?it/s, epoch=6313]
train:   0%|          | 0/1 [00:00<?, ?it/s, epoch=6314]
train:   0%|          | 0/1 [00:00<?, ?it/s, epoch=6315]
train:   0%|          | 0/1 [00:00<?, ?it/s, epoch=6316]
train:   0%|          | 0/1 [00:00<?, ?it/s, epoch=6317]
train:   0%|          | 0/1 [00:00<?, ?it/s, epoch=6318]
train:   0%|          | 0/1 [00:00<?, ?it/s, epoch=6319]
train:   0%|          | 0/1 [00:00<?, ?it/s, epoch=6320]
train:   0%|          | 0/1 [00:00<?, ?it/s, epoch=6321]
train:   0%|          | 0/1 [00:00<?, ?it/s, epoch=6322]
train:   0%|          | 0/1 [00:00<?, ?it/s, epoch=6323]
train:   0%|          | 0/1 [00:00<?, ?it/s, epoch=6324]
train:   0%|          | 0/1 [00:00<?, ?it/s, epoch=6325]
train:   0%|          | 0/1 [00:00<?, ?it/s, epoch=6326]
train:   0%|          | 0/1 [00:00<?, ?it/s, epoch=6327]
train:   0%|          | 0/1 [00:00<?, ?it/s, epoch=6328]
train:   0%|          | 0/1 [00:00<?, ?it/s, epoch=6329]
train:   0%|          | 0/1 [00:00<?, ?it/s, epoch=6330]
train:   0%|          | 0/1 [00:00<?, ?it/s, epoch=6331]
train:   0%|          | 0/1 [00:00<?, ?it/s, epoch=6332]
train:   0%|          | 0/1 [00:00<?, ?it/s, epoch=6333]
train:   0%|          | 0/1 [00:00<?, ?it/s, epoch=6334]
train:   0%|          | 0/1 [00:00<?, ?it/s, epoch=6335]
train:   0%|          | 0/1 [00:00<?, ?it/s, epoch=6336]
train:   0%|          | 0/1 [00:00<?, ?it/s, epoch=6337]
train:   0%|          | 0/1 [00:00<?, ?it/s, epoch=6338]
train:   0%|          | 0/1 [00:00<?, ?it/s, epoch=6339]
train:   0%|          | 0/1 [00:00<?, ?it/s, epoch=6340]
train:   0%|          | 0/1 [00:00<?, ?it/s, epoch=6341]
train:   0%|          | 0/1 [00:00<?, ?it/s, epoch=6342]
train:   0%|          | 0/1 [00:00<?, ?it/s, epoch=6343]
train:   0%|          | 0/1 [00:00<?, ?it/s, epoch=6344]
train:   0%|          | 0/1 [00:00<?, ?it/s, epoch=6345]
train:   0%|          | 0/1 [00:00<?, ?it/s, epoch=6346]
train:   0%|          | 0/1 [00:00<?, ?it/s, epoch=6347]
train:   0%|          | 0/1 [00:00<?, ?it/s, epoch=6348]
train:   0%|          | 0/1 [00:00<?, ?it/s, epoch=6349]
train:   0%|          | 0/1 [00:00<?, ?it/s, epoch=6350]
train:   0%|          | 0/1 [00:00<?, ?it/s, epoch=6351]
train:   0%|          | 0/1 [00:00<?, ?it/s, epoch=6352]
train:   0%|          | 0/1 [00:00<?, ?it/s, epoch=6353]
train:   0%|          | 0/1 [00:00<?, ?it/s, epoch=6354]
train:   0%|          | 0/1 [00:00<?, ?it/s, epoch=6355]
train:   0%|          | 0/1 [00:00<?, ?it/s, epoch=6356]
train:   0%|          | 0/1 [00:00<?, ?it/s, epoch=6357]
train:   0%|          | 0/1 [00:00<?, ?it/s, epoch=6358]
train:   0%|          | 0/1 [00:00<?, ?it/s, epoch=6359]
train:   0%|          | 0/1 [00:00<?, ?it/s, epoch=6360]
train:   0%|          | 0/1 [00:00<?, ?it/s, epoch=6361]
train:   0%|          | 0/1 [00:00<?, ?it/s, epoch=6362]
train:   0%|          | 0/1 [00:00<?, ?it/s, epoch=6363]
train:   0%|          | 0/1 [00:00<?, ?it/s, epoch=6364]
train:   0%|          | 0/1 [00:00<?, ?it/s, epoch=6365]
train:   0%|          | 0/1 [00:00<?, ?it/s, epoch=6366]
train:   0%|          | 0/1 [00:00<?, ?it/s, epoch=6367]
train:   0%|          | 0/1 [00:00<?, ?it/s, epoch=6368]
train:   0%|          | 0/1 [00:00<?, ?it/s, epoch=6369]
train:   0%|          | 0/1 [00:00<?, ?it/s, epoch=6370]
train:   0%|          | 0/1 [00:00<?, ?it/s, epoch=6371]
train:   0%|          | 0/1 [00:00<?, ?it/s, epoch=6372]
train:   0%|          | 0/1 [00:00<?, ?it/s, epoch=6373]
train:   0%|          | 0/1 [00:00<?, ?it/s, epoch=6374]
train:   0%|          | 0/1 [00:00<?, ?it/s, epoch=6375]
train:   0%|          | 0/1 [00:00<?, ?it/s, epoch=6376]
train:   0%|          | 0/1 [00:00<?, ?it/s, epoch=6377]
train:   0%|          | 0/1 [00:00<?, ?it/s, epoch=6378]
train:   0%|          | 0/1 [00:00<?, ?it/s, epoch=6379]
train:   0%|          | 0/1 [00:00<?, ?it/s, epoch=6380]
train:   0%|          | 0/1 [00:00<?, ?it/s, epoch=6381]
train:   0%|          | 0/1 [00:00<?, ?it/s, epoch=6382]
train:   0%|          | 0/1 [00:00<?, ?it/s, epoch=6383]
train:   0%|          | 0/1 [00:00<?, ?it/s, epoch=6384]
train:   0%|          | 0/1 [00:00<?, ?it/s, epoch=6385]
train:   0%|          | 0/1 [00:00<?, ?it/s, epoch=6386]
train:   0%|          | 0/1 [00:00<?, ?it/s, epoch=6387]
train:   0%|          | 0/1 [00:00<?, ?it/s, epoch=6388]
train:   0%|          | 0/1 [00:00<?, ?it/s, epoch=6389]
train:   0%|          | 0/1 [00:00<?, ?it/s, epoch=6390]
train:   0%|          | 0/1 [00:00<?, ?it/s, epoch=6391]
train:   0%|          | 0/1 [00:00<?, ?it/s, epoch=6392]
train:   0%|          | 0/1 [00:00<?, ?it/s, epoch=6393]
train:   0%|          | 0/1 [00:00<?, ?it/s, epoch=6394]
train:   0%|          | 0/1 [00:00<?, ?it/s, epoch=6395]
train:   0%|          | 0/1 [00:00<?, ?it/s, epoch=6396]
train:   0%|          | 0/1 [00:00<?, ?it/s, epoch=6397]
train:   0%|          | 0/1 [00:00<?, ?it/s, epoch=6398]
train:   0%|          | 0/1 [00:00<?, ?it/s, epoch=6399][[34m2026-03-24 00:19:11[0m] Step 6400 | Loss: 0.032175 | Timing: time/data_load: 0.000s, time/forward: 0.310s, time/loss_compute: 0.013s, time/discriminator: 0.000s, time/backward: 0.394s, time/optimizer: 0.035s, time/total_step: 0.760s
[BOTTLENECK] step 6400 | total_step 0.760s | time/data_load: 0.000s (0%) | time/forward: 0.310s (41%) | time/loss_compute: 0.013s (2%) | time/backward: 0.394s (52%) | time/optimizer: 0.035s (5%) | time/total_step: 0.760s (100%)
  -> at this rate 1000 steps ≈ 12.7 min
train:   0%|          | 0/1 [00:01<?, ?it/s, all=0.03, nll=0.02, nll_rec=0.01, nll_per=0.01, kl=0.01, gen=0.00, gen_w=0.00, disc=0.00, debug=0.00]
[[34m2026-03-24 00:19:11[0m] Running fixed per-frame evaluation at epoch 6400 (sequence name: EMO-1-shout+laugh)...
train:   0%|          | 0/1 [00:00<?, ?it/s, epoch=6400]
train:   0%|          | 0/1 [00:00<?, ?it/s, epoch=6401]
train:   0%|          | 0/1 [00:00<?, ?it/s, epoch=6402]
train:   0%|          | 0/1 [00:00<?, ?it/s, epoch=6403]
train:   0%|          | 0/1 [00:00<?, ?it/s, epoch=6404]
train:   0%|          | 0/1 [00:00<?, ?it/s, epoch=6405]
train:   0%|          | 0/1 [00:00<?, ?it/s, epoch=6406]
train:   0%|          | 0/1 [00:00<?, ?it/s, epoch=6407]
train:   0%|          | 0/1 [00:00<?, ?it/s, epoch=6408]
train:   0%|          | 0/1 [00:00<?, ?it/s, epoch=6409]
train:   0%|          | 0/1 [00:00<?, ?it/s, epoch=6410]
train:   0%|          | 0/1 [00:00<?, ?it/s, epoch=6411]
train:   0%|          | 0/1 [00:00<?, ?it/s, epoch=6412]
train:   0%|          | 0/1 [00:00<?, ?it/s, epoch=6413]
train:   0%|          | 0/1 [00:00<?, ?it/s, epoch=6414]
train:   0%|          | 0/1 [00:00<?, ?it/s, epoch=6415]
train:   0%|          | 0/1 [00:00<?, ?it/s, epoch=6416]
train:   0%|          | 0/1 [00:00<?, ?it/s, epoch=6417]
train:   0%|          | 0/1 [00:00<?, ?it/s, epoch=6418]
train:   0%|          | 0/1 [00:00<?, ?it/s, epoch=6419]
train:   0%|          | 0/1 [00:00<?, ?it/s, epoch=6420]
train:   0%|          | 0/1 [00:00<?, ?it/s, epoch=6421]
train:   0%|          | 0/1 [00:00<?, ?it/s, epoch=6422]
train:   0%|          | 0/1 [00:00<?, ?it/s, epoch=6423]
train:   0%|          | 0/1 [00:00<?, ?it/s, epoch=6424]
train:   0%|          | 0/1 [00:00<?, ?it/s, epoch=6425]
train:   0%|          | 0/1 [00:00<?, ?it/s, epoch=6426]
train:   0%|          | 0/1 [00:00<?, ?it/s, epoch=6427]
train:   0%|          | 0/1 [00:00<?, ?it/s, epoch=6428]
train:   0%|          | 0/1 [00:00<?, ?it/s, epoch=6429]
train:   0%|          | 0/1 [00:00<?, ?it/s, epoch=6430]
train:   0%|          | 0/1 [00:00<?, ?it/s, epoch=6431]
train:   0%|          | 0/1 [00:00<?, ?it/s, epoch=6432]
train:   0%|          | 0/1 [00:00<?, ?it/s, epoch=6433]
train:   0%|          | 0/1 [00:00<?, ?it/s, epoch=6434]
train:   0%|          | 0/1 [00:00<?, ?it/s, epoch=6435]
train:   0%|          | 0/1 [00:00<?, ?it/s, epoch=6436]
train:   0%|          | 0/1 [00:00<?, ?it/s, epoch=6437]
train:   0%|          | 0/1 [00:00<?, ?it/s, epoch=6438]
train:   0%|          | 0/1 [00:00<?, ?it/s, epoch=6439]
train:   0%|          | 0/1 [00:00<?, ?it/s, epoch=6440]
train:   0%|          | 0/1 [00:00<?, ?it/s, epoch=6441]
train:   0%|          | 0/1 [00:00<?, ?it/s, epoch=6442]
train:   0%|          | 0/1 [00:00<?, ?it/s, epoch=6443]
train:   0%|          | 0/1 [00:00<?, ?it/s, epoch=6444]
train:   0%|          | 0/1 [00:00<?, ?it/s, epoch=6445]
train:   0%|          | 0/1 [00:00<?, ?it/s, epoch=6446]
train:   0%|          | 0/1 [00:00<?, ?it/s, epoch=6447]
train:   0%|          | 0/1 [00:00<?, ?it/s, epoch=6448]
train:   0%|          | 0/1 [00:00<?, ?it/s, epoch=6449]
train:   0%|          | 0/1 [00:00<?, ?it/s, epoch=6450]
train:   0%|          | 0/1 [00:00<?, ?it/s, epoch=6451]
train:   0%|          | 0/1 [00:00<?, ?it/s, epoch=6452]
train:   0%|          | 0/1 [00:00<?, ?it/s, epoch=6453]
train:   0%|          | 0/1 [00:00<?, ?it/s, epoch=6454]
train:   0%|          | 0/1 [00:00<?, ?it/s, epoch=6455]
train:   0%|          | 0/1 [00:00<?, ?it/s, epoch=6456]
train:   0%|          | 0/1 [00:00<?, ?it/s, epoch=6457]
train:   0%|          | 0/1 [00:00<?, ?it/s, epoch=6458]
train:   0%|          | 0/1 [00:00<?, ?it/s, epoch=6459]
train:   0%|          | 0/1 [00:00<?, ?it/s, epoch=6460]
train:   0%|          | 0/1 [00:00<?, ?it/s, epoch=6461]
train:   0%|          | 0/1 [00:00<?, ?it/s, epoch=6462]
train:   0%|          | 0/1 [00:00<?, ?it/s, epoch=6463]
train:   0%|          | 0/1 [00:00<?, ?it/s, epoch=6464]
train:   0%|          | 0/1 [00:00<?, ?it/s, epoch=6465]
train:   0%|          | 0/1 [00:00<?, ?it/s, epoch=6466]
train:   0%|          | 0/1 [00:00<?, ?it/s, epoch=6467]
train:   0%|          | 0/1 [00:00<?, ?it/s, epoch=6468]
train:   0%|          | 0/1 [00:00<?, ?it/s, epoch=6469]
train:   0%|          | 0/1 [00:00<?, ?it/s, epoch=6470]
train:   0%|          | 0/1 [00:00<?, ?it/s, epoch=6471]
train:   0%|          | 0/1 [00:00<?, ?it/s, epoch=6472]
train:   0%|          | 0/1 [00:00<?, ?it/s, epoch=6473]
train:   0%|          | 0/1 [00:00<?, ?it/s, epoch=6474]
train:   0%|          | 0/1 [00:00<?, ?it/s, epoch=6475]
train:   0%|          | 0/1 [00:00<?, ?it/s, epoch=6476]
train:   0%|          | 0/1 [00:00<?, ?it/s, epoch=6477]
train:   0%|          | 0/1 [00:00<?, ?it/s, epoch=6478]
train:   0%|          | 0/1 [00:00<?, ?it/s, epoch=6479]
train:   0%|          | 0/1 [00:00<?, ?it/s, epoch=6480]
train:   0%|          | 0/1 [00:00<?, ?it/s, epoch=6481]
train:   0%|          | 0/1 [00:00<?, ?it/s, epoch=6482]
train:   0%|          | 0/1 [00:00<?, ?it/s, epoch=6483]
train:   0%|          | 0/1 [00:00<?, ?it/s, epoch=6484]
train:   0%|          | 0/1 [00:00<?, ?it/s, epoch=6485]
train:   0%|          | 0/1 [00:00<?, ?it/s, epoch=6486]
train:   0%|          | 0/1 [00:00<?, ?it/s, epoch=6487]
train:   0%|          | 0/1 [00:00<?, ?it/s, epoch=6488]
train:   0%|          | 0/1 [00:00<?, ?it/s, epoch=6489]
train:   0%|          | 0/1 [00:00<?, ?it/s, epoch=6490]
train:   0%|          | 0/1 [00:00<?, ?it/s, epoch=6491]
train:   0%|          | 0/1 [00:00<?, ?it/s, epoch=6492]
train:   0%|          | 0/1 [00:00<?, ?it/s, epoch=6493]
train:   0%|          | 0/1 [00:00<?, ?it/s, epoch=6494]
train:   0%|          | 0/1 [00:00<?, ?it/s, epoch=6495]
train:   0%|          | 0/1 [00:00<?, ?it/s, epoch=6496]
train:   0%|          | 0/1 [00:00<?, ?it/s, epoch=6497]
train:   0%|          | 0/1 [00:00<?, ?it/s, epoch=6498]
train:   0%|          | 0/1 [00:00<?, ?it/s, epoch=6499][[34m2026-03-24 00:20:41[0m] Step 6500 | Loss: 0.031737 | Timing: time/data_load: 0.000s, time/forward: 0.309s, time/loss_compute: 0.013s, time/discriminator: 0.000s, time/backward: 0.391s, time/optimizer: 0.034s, time/total_step: 0.754s
train:   0%|          | 0/1 [00:01<?, ?it/s, all=0.03, nll=0.02, nll_rec=0.01, nll_per=0.01, kl=0.01, gen=0.00, gen_w=0.00, disc=0.00, debug=0.00][[34m2026-03-24 00:20:42[0m] The model is going to be split to checkpoint shards. You can find where each parameters has been saved in the index located at model.safetensors.index.json.
[[34m2026-03-24 00:20:43[0m] Saved checkpoint at epoch 6499, step 1, global_step 6500 to outputs/self_attention_rank128/epoch6499-global_step6500
[[34m2026-03-24 00:20:43[0m] Removed old checkpoints and kept 3 latest ones.
train:   0%|          | 0/1 [00:03<?, ?it/s, all=0.03, nll=0.02, nll_rec=0.01, nll_per=0.01, kl=0.01, gen=0.00, gen_w=0.00, disc=0.00, debug=0.00]
train:   0%|          | 0/1 [00:00<?, ?it/s, epoch=6500]
train:   0%|          | 0/1 [00:00<?, ?it/s, epoch=6501]
train:   0%|          | 0/1 [00:00<?, ?it/s, epoch=6502]
train:   0%|          | 0/1 [00:00<?, ?it/s, epoch=6503]
train:   0%|          | 0/1 [00:00<?, ?it/s, epoch=6504]
train:   0%|          | 0/1 [00:00<?, ?it/s, epoch=6505]
train:   0%|          | 0/1 [00:00<?, ?it/s, epoch=6506]
train:   0%|          | 0/1 [00:00<?, ?it/s, epoch=6507]
train:   0%|          | 0/1 [00:00<?, ?it/s, epoch=6508]
train:   0%|          | 0/1 [00:00<?, ?it/s, epoch=6509]
train:   0%|          | 0/1 [00:00<?, ?it/s, epoch=6510]
train:   0%|          | 0/1 [00:00<?, ?it/s, epoch=6511]
train:   0%|          | 0/1 [00:00<?, ?it/s, epoch=6512]
train:   0%|          | 0/1 [00:00<?, ?it/s, epoch=6513]
train:   0%|          | 0/1 [00:00<?, ?it/s, epoch=6514]
train:   0%|          | 0/1 [00:00<?, ?it/s, epoch=6515]
train:   0%|          | 0/1 [00:00<?, ?it/s, epoch=6516]
train:   0%|          | 0/1 [00:00<?, ?it/s, epoch=6517]
train:   0%|          | 0/1 [00:00<?, ?it/s, epoch=6518]
train:   0%|          | 0/1 [00:00<?, ?it/s, epoch=6519]
train:   0%|          | 0/1 [00:00<?, ?it/s, epoch=6520]
train:   0%|          | 0/1 [00:00<?, ?it/s, epoch=6521]
train:   0%|          | 0/1 [00:00<?, ?it/s, epoch=6522]
train:   0%|          | 0/1 [00:00<?, ?it/s, epoch=6523]
train:   0%|          | 0/1 [00:00<?, ?it/s, epoch=6524]
train:   0%|          | 0/1 [00:00<?, ?it/s, epoch=6525]
train:   0%|          | 0/1 [00:00<?, ?it/s, epoch=6526]
train:   0%|          | 0/1 [00:00<?, ?it/s, epoch=6527]
train:   0%|          | 0/1 [00:00<?, ?it/s, epoch=6528]
train:   0%|          | 0/1 [00:00<?, ?it/s, epoch=6529]
train:   0%|          | 0/1 [00:00<?, ?it/s, epoch=6530]
train:   0%|          | 0/1 [00:00<?, ?it/s, epoch=6531]
train:   0%|          | 0/1 [00:00<?, ?it/s, epoch=6532]
train:   0%|          | 0/1 [00:00<?, ?it/s, epoch=6533]
train:   0%|          | 0/1 [00:00<?, ?it/s, epoch=6534]
train:   0%|          | 0/1 [00:00<?, ?it/s, epoch=6535]
train:   0%|          | 0/1 [00:00<?, ?it/s, epoch=6536]
train:   0%|          | 0/1 [00:00<?, ?it/s, epoch=6537]
train:   0%|          | 0/1 [00:00<?, ?it/s, epoch=6538]
train:   0%|          | 0/1 [00:00<?, ?it/s, epoch=6539]
train:   0%|          | 0/1 [00:00<?, ?it/s, epoch=6540]
train:   0%|          | 0/1 [00:00<?, ?it/s, epoch=6541]
train:   0%|          | 0/1 [00:00<?, ?it/s, epoch=6542]
train:   0%|          | 0/1 [00:00<?, ?it/s, epoch=6543]
train:   0%|          | 0/1 [00:00<?, ?it/s, epoch=6544]
train:   0%|          | 0/1 [00:00<?, ?it/s, epoch=6545]
train:   0%|          | 0/1 [00:00<?, ?it/s, epoch=6546]
train:   0%|          | 0/1 [00:00<?, ?it/s, epoch=6547]
train:   0%|          | 0/1 [00:00<?, ?it/s, epoch=6548]
train:   0%|          | 0/1 [00:00<?, ?it/s, epoch=6549]
train:   0%|          | 0/1 [00:00<?, ?it/s, epoch=6550]
train:   0%|          | 0/1 [00:00<?, ?it/s, epoch=6551]
train:   0%|          | 0/1 [00:00<?, ?it/s, epoch=6552]
train:   0%|          | 0/1 [00:00<?, ?it/s, epoch=6553]
train:   0%|          | 0/1 [00:00<?, ?it/s, epoch=6554]
train:   0%|          | 0/1 [00:00<?, ?it/s, epoch=6555]
train:   0%|          | 0/1 [00:00<?, ?it/s, epoch=6556]
train:   0%|          | 0/1 [00:00<?, ?it/s, epoch=6557]
train:   0%|          | 0/1 [00:00<?, ?it/s, epoch=6558]
train:   0%|          | 0/1 [00:00<?, ?it/s, epoch=6559]
train:   0%|          | 0/1 [00:00<?, ?it/s, epoch=6560]
train:   0%|          | 0/1 [00:00<?, ?it/s, epoch=6561]
train:   0%|          | 0/1 [00:00<?, ?it/s, epoch=6562]
train:   0%|          | 0/1 [00:00<?, ?it/s, epoch=6563]
train:   0%|          | 0/1 [00:00<?, ?it/s, epoch=6564]
train:   0%|          | 0/1 [00:00<?, ?it/s, epoch=6565]
train:   0%|          | 0/1 [00:00<?, ?it/s, epoch=6566]
train:   0%|          | 0/1 [00:00<?, ?it/s, epoch=6567]
train:   0%|          | 0/1 [00:00<?, ?it/s, epoch=6568]
train:   0%|          | 0/1 [00:00<?, ?it/s, epoch=6569]
train:   0%|          | 0/1 [00:00<?, ?it/s, epoch=6570]
train:   0%|          | 0/1 [00:00<?, ?it/s, epoch=6571]
train:   0%|          | 0/1 [00:00<?, ?it/s, epoch=6572]
train:   0%|          | 0/1 [00:00<?, ?it/s, epoch=6573]
train:   0%|          | 0/1 [00:00<?, ?it/s, epoch=6574]
train:   0%|          | 0/1 [00:00<?, ?it/s, epoch=6575]
train:   0%|          | 0/1 [00:00<?, ?it/s, epoch=6576]
train:   0%|          | 0/1 [00:00<?, ?it/s, epoch=6577]
train:   0%|          | 0/1 [00:00<?, ?it/s, epoch=6578]
train:   0%|          | 0/1 [00:00<?, ?it/s, epoch=6579]
train:   0%|          | 0/1 [00:00<?, ?it/s, epoch=6580]
train:   0%|          | 0/1 [00:00<?, ?it/s, epoch=6581]
train:   0%|          | 0/1 [00:00<?, ?it/s, epoch=6582]
train:   0%|          | 0/1 [00:00<?, ?it/s, epoch=6583]
train:   0%|          | 0/1 [00:00<?, ?it/s, epoch=6584]
train:   0%|          | 0/1 [00:00<?, ?it/s, epoch=6585]
train:   0%|          | 0/1 [00:00<?, ?it/s, epoch=6586]
train:   0%|          | 0/1 [00:00<?, ?it/s, epoch=6587]
train:   0%|          | 0/1 [00:00<?, ?it/s, epoch=6588]
train:   0%|          | 0/1 [00:00<?, ?it/s, epoch=6589]
train:   0%|          | 0/1 [00:00<?, ?it/s, epoch=6590]
train:   0%|          | 0/1 [00:00<?, ?it/s, epoch=6591]
train:   0%|          | 0/1 [00:00<?, ?it/s, epoch=6592]
train:   0%|          | 0/1 [00:00<?, ?it/s, epoch=6593]
train:   0%|          | 0/1 [00:00<?, ?it/s, epoch=6594]
train:   0%|          | 0/1 [00:00<?, ?it/s, epoch=6595]
train:   0%|          | 0/1 [00:00<?, ?it/s, epoch=6596]
train:   0%|          | 0/1 [00:00<?, ?it/s, epoch=6597]
train:   0%|          | 0/1 [00:00<?, ?it/s, epoch=6598]
train:   0%|          | 0/1 [00:00<?, ?it/s, epoch=6599][[34m2026-03-24 00:22:13[0m] Step 6600 | Loss: 0.032922 | Timing: time/data_load: 0.000s, time/forward: 0.307s, time/loss_compute: 0.012s, time/discriminator: 0.000s, time/backward: 0.389s, time/optimizer: 0.034s, time/total_step: 0.750s
[BOTTLENECK] step 6600 | total_step 0.750s | time/data_load: 0.000s (0%) | time/forward: 0.307s (41%) | time/loss_compute: 0.012s (2%) | time/backward: 0.389s (52%) | time/optimizer: 0.034s (5%) | time/total_step: 0.750s (100%)
  -> at this rate 1000 steps ≈ 12.5 min
train:   0%|          | 0/1 [00:01<?, ?it/s, all=0.03, nll=0.02, nll_rec=0.02, nll_per=0.01, kl=0.01, gen=0.00, gen_w=0.00, disc=0.00, debug=0.00]
[[34m2026-03-24 00:22:13[0m] Running fixed per-frame evaluation at epoch 6600 (sequence name: EMO-1-shout+laugh)...
train:   0%|          | 0/1 [00:00<?, ?it/s, epoch=6600]
train:   0%|          | 0/1 [00:00<?, ?it/s, epoch=6601]
train:   0%|          | 0/1 [00:00<?, ?it/s, epoch=6602]
train:   0%|          | 0/1 [00:00<?, ?it/s, epoch=6603]
train:   0%|          | 0/1 [00:00<?, ?it/s, epoch=6604]
train:   0%|          | 0/1 [00:00<?, ?it/s, epoch=6605]
train:   0%|          | 0/1 [00:00<?, ?it/s, epoch=6606]
train:   0%|          | 0/1 [00:00<?, ?it/s, epoch=6607]
train:   0%|          | 0/1 [00:00<?, ?it/s, epoch=6608]
train:   0%|          | 0/1 [00:00<?, ?it/s, epoch=6609]
train:   0%|          | 0/1 [00:00<?, ?it/s, epoch=6610]
train:   0%|          | 0/1 [00:00<?, ?it/s, epoch=6611]
train:   0%|          | 0/1 [00:00<?, ?it/s, epoch=6612]
train:   0%|          | 0/1 [00:00<?, ?it/s, epoch=6613]
train:   0%|          | 0/1 [00:00<?, ?it/s, epoch=6614]
train:   0%|          | 0/1 [00:00<?, ?it/s, epoch=6615]
train:   0%|          | 0/1 [00:00<?, ?it/s, epoch=6616]
train:   0%|          | 0/1 [00:00<?, ?it/s, epoch=6617]
train:   0%|          | 0/1 [00:00<?, ?it/s, epoch=6618]
train:   0%|          | 0/1 [00:00<?, ?it/s, epoch=6619]
train:   0%|          | 0/1 [00:00<?, ?it/s, epoch=6620]
train:   0%|          | 0/1 [00:00<?, ?it/s, epoch=6621]
train:   0%|          | 0/1 [00:00<?, ?it/s, epoch=6622]
train:   0%|          | 0/1 [00:00<?, ?it/s, epoch=6623]
train:   0%|          | 0/1 [00:00<?, ?it/s, epoch=6624]
train:   0%|          | 0/1 [00:00<?, ?it/s, epoch=6625]
train:   0%|          | 0/1 [00:00<?, ?it/s, epoch=6626]
train:   0%|          | 0/1 [00:00<?, ?it/s, epoch=6627]
train:   0%|          | 0/1 [00:00<?, ?it/s, epoch=6628]
train:   0%|          | 0/1 [00:00<?, ?it/s, epoch=6629]
train:   0%|          | 0/1 [00:00<?, ?it/s, epoch=6630]
train:   0%|          | 0/1 [00:00<?, ?it/s, epoch=6631]
train:   0%|          | 0/1 [00:00<?, ?it/s, epoch=6632]
train:   0%|          | 0/1 [00:00<?, ?it/s, epoch=6633]
train:   0%|          | 0/1 [00:00<?, ?it/s, epoch=6634]
train:   0%|          | 0/1 [00:00<?, ?it/s, epoch=6635]
train:   0%|          | 0/1 [00:00<?, ?it/s, epoch=6636]
train:   0%|          | 0/1 [00:00<?, ?it/s, epoch=6637]
train:   0%|          | 0/1 [00:00<?, ?it/s, epoch=6638]
train:   0%|          | 0/1 [00:00<?, ?it/s, epoch=6639]
train:   0%|          | 0/1 [00:00<?, ?it/s, epoch=6640]
train:   0%|          | 0/1 [00:00<?, ?it/s, epoch=6641]
train:   0%|          | 0/1 [00:00<?, ?it/s, epoch=6642]
train:   0%|          | 0/1 [00:00<?, ?it/s, epoch=6643]
train:   0%|          | 0/1 [00:00<?, ?it/s, epoch=6644]
train:   0%|          | 0/1 [00:00<?, ?it/s, epoch=6645]
train:   0%|          | 0/1 [00:00<?, ?it/s, epoch=6646]
train:   0%|          | 0/1 [00:00<?, ?it/s, epoch=6647]
train:   0%|          | 0/1 [00:00<?, ?it/s, epoch=6648]
train:   0%|          | 0/1 [00:00<?, ?it/s, epoch=6649]
train:   0%|          | 0/1 [00:00<?, ?it/s, epoch=6650]
train:   0%|          | 0/1 [00:00<?, ?it/s, epoch=6651]
train:   0%|          | 0/1 [00:00<?, ?it/s, epoch=6652]
train:   0%|          | 0/1 [00:00<?, ?it/s, epoch=6653]
train:   0%|          | 0/1 [00:00<?, ?it/s, epoch=6654]
train:   0%|          | 0/1 [00:00<?, ?it/s, epoch=6655]
train:   0%|          | 0/1 [00:00<?, ?it/s, epoch=6656]
train:   0%|          | 0/1 [00:00<?, ?it/s, epoch=6657]
train:   0%|          | 0/1 [00:00<?, ?it/s, epoch=6658]
train:   0%|          | 0/1 [00:00<?, ?it/s, epoch=6659]
train:   0%|          | 0/1 [00:00<?, ?it/s, epoch=6660]
train:   0%|          | 0/1 [00:00<?, ?it/s, epoch=6661]
train:   0%|          | 0/1 [00:00<?, ?it/s, epoch=6662]
train:   0%|          | 0/1 [00:00<?, ?it/s, epoch=6663]
train:   0%|          | 0/1 [00:00<?, ?it/s, epoch=6664]
train:   0%|          | 0/1 [00:00<?, ?it/s, epoch=6665]
train:   0%|          | 0/1 [00:00<?, ?it/s, epoch=6666]
train:   0%|          | 0/1 [00:00<?, ?it/s, epoch=6667]
train:   0%|          | 0/1 [00:00<?, ?it/s, epoch=6668]
train:   0%|          | 0/1 [00:00<?, ?it/s, epoch=6669]
train:   0%|          | 0/1 [00:00<?, ?it/s, epoch=6670]
train:   0%|          | 0/1 [00:00<?, ?it/s, epoch=6671]
train:   0%|          | 0/1 [00:00<?, ?it/s, epoch=6672]
train:   0%|          | 0/1 [00:00<?, ?it/s, epoch=6673]
train:   0%|          | 0/1 [00:00<?, ?it/s, epoch=6674]
train:   0%|          | 0/1 [00:00<?, ?it/s, epoch=6675]
train:   0%|          | 0/1 [00:00<?, ?it/s, epoch=6676]
train:   0%|          | 0/1 [00:00<?, ?it/s, epoch=6677]
train:   0%|          | 0/1 [00:00<?, ?it/s, epoch=6678]
train:   0%|          | 0/1 [00:00<?, ?it/s, epoch=6679]
train:   0%|          | 0/1 [00:00<?, ?it/s, epoch=6680]
train:   0%|          | 0/1 [00:00<?, ?it/s, epoch=6681]
train:   0%|          | 0/1 [00:00<?, ?it/s, epoch=6682]
train:   0%|          | 0/1 [00:00<?, ?it/s, epoch=6683]
train:   0%|          | 0/1 [00:00<?, ?it/s, epoch=6684]
train:   0%|          | 0/1 [00:00<?, ?it/s, epoch=6685]
train:   0%|          | 0/1 [00:00<?, ?it/s, epoch=6686]
train:   0%|          | 0/1 [00:00<?, ?it/s, epoch=6687]
train:   0%|          | 0/1 [00:00<?, ?it/s, epoch=6688]
train:   0%|          | 0/1 [00:00<?, ?it/s, epoch=6689]
train:   0%|          | 0/1 [00:00<?, ?it/s, epoch=6690]
train:   0%|          | 0/1 [00:00<?, ?it/s, epoch=6691]
train:   0%|          | 0/1 [00:00<?, ?it/s, epoch=6692]
train:   0%|          | 0/1 [00:00<?, ?it/s, epoch=6693]
train:   0%|          | 0/1 [00:00<?, ?it/s, epoch=6694]
train:   0%|          | 0/1 [00:00<?, ?it/s, epoch=6695]
train:   0%|          | 0/1 [00:00<?, ?it/s, epoch=6696]
train:   0%|          | 0/1 [00:00<?, ?it/s, epoch=6697]
train:   0%|          | 0/1 [00:00<?, ?it/s, epoch=6698]
train:   0%|          | 0/1 [00:00<?, ?it/s, epoch=6699][[34m2026-03-24 00:23:43[0m] Step 6700 | Loss: 0.032933 | Timing: time/data_load: 0.000s, time/forward: 0.308s, time/loss_compute: 0.013s, time/discriminator: 0.000s, time/backward: 0.389s, time/optimizer: 0.034s, time/total_step: 0.751s
train:   0%|          | 0/1 [00:01<?, ?it/s, all=0.03, nll=0.02, nll_rec=0.02, nll_per=0.01, kl=0.01, gen=0.00, gen_w=0.00, disc=0.00, debug=0.00]
train:   0%|          | 0/1 [00:00<?, ?it/s, epoch=6700]
train:   0%|          | 0/1 [00:00<?, ?it/s, epoch=6701]
train:   0%|          | 0/1 [00:00<?, ?it/s, epoch=6702]
train:   0%|          | 0/1 [00:00<?, ?it/s, epoch=6703]
train:   0%|          | 0/1 [00:00<?, ?it/s, epoch=6704]
train:   0%|          | 0/1 [00:00<?, ?it/s, epoch=6705]
train:   0%|          | 0/1 [00:00<?, ?it/s, epoch=6706]
train:   0%|          | 0/1 [00:00<?, ?it/s, epoch=6707]
train:   0%|          | 0/1 [00:00<?, ?it/s, epoch=6708]
train:   0%|          | 0/1 [00:00<?, ?it/s, epoch=6709]
train:   0%|          | 0/1 [00:00<?, ?it/s, epoch=6710]
train:   0%|          | 0/1 [00:00<?, ?it/s, epoch=6711]
train:   0%|          | 0/1 [00:00<?, ?it/s, epoch=6712]
train:   0%|          | 0/1 [00:00<?, ?it/s, epoch=6713]
train:   0%|          | 0/1 [00:00<?, ?it/s, epoch=6714]
train:   0%|          | 0/1 [00:00<?, ?it/s, epoch=6715]
train:   0%|          | 0/1 [00:00<?, ?it/s, epoch=6716]
train:   0%|          | 0/1 [00:00<?, ?it/s, epoch=6717]
train:   0%|          | 0/1 [00:00<?, ?it/s, epoch=6718]
train:   0%|          | 0/1 [00:00<?, ?it/s, epoch=6719]
train:   0%|          | 0/1 [00:00<?, ?it/s, epoch=6720]
train:   0%|          | 0/1 [00:00<?, ?it/s, epoch=6721]
train:   0%|          | 0/1 [00:00<?, ?it/s, epoch=6722]
train:   0%|          | 0/1 [00:00<?, ?it/s, epoch=6723]
train:   0%|          | 0/1 [00:00<?, ?it/s, epoch=6724]
train:   0%|          | 0/1 [00:00<?, ?it/s, epoch=6725]
train:   0%|          | 0/1 [00:00<?, ?it/s, epoch=6726]
train:   0%|          | 0/1 [00:00<?, ?it/s, epoch=6727]
train:   0%|          | 0/1 [00:00<?, ?it/s, epoch=6728]
train:   0%|          | 0/1 [00:00<?, ?it/s, epoch=6729]
train:   0%|          | 0/1 [00:00<?, ?it/s, epoch=6730]
train:   0%|          | 0/1 [00:00<?, ?it/s, epoch=6731]
train:   0%|          | 0/1 [00:00<?, ?it/s, epoch=6732]
train:   0%|          | 0/1 [00:00<?, ?it/s, epoch=6733]
train:   0%|          | 0/1 [00:00<?, ?it/s, epoch=6734]
train:   0%|          | 0/1 [00:00<?, ?it/s, epoch=6735]
train:   0%|          | 0/1 [00:00<?, ?it/s, epoch=6736]
train:   0%|          | 0/1 [00:00<?, ?it/s, epoch=6737]
train:   0%|          | 0/1 [00:00<?, ?it/s, epoch=6738]
train:   0%|          | 0/1 [00:00<?, ?it/s, epoch=6739]
train:   0%|          | 0/1 [00:00<?, ?it/s, epoch=6740]
train:   0%|          | 0/1 [00:00<?, ?it/s, epoch=6741]
train:   0%|          | 0/1 [00:00<?, ?it/s, epoch=6742]
train:   0%|          | 0/1 [00:00<?, ?it/s, epoch=6743]
train:   0%|          | 0/1 [00:00<?, ?it/s, epoch=6744]
train:   0%|          | 0/1 [00:00<?, ?it/s, epoch=6745]
train:   0%|          | 0/1 [00:00<?, ?it/s, epoch=6746]
train:   0%|          | 0/1 [00:00<?, ?it/s, epoch=6747]
train:   0%|          | 0/1 [00:00<?, ?it/s, epoch=6748]
train:   0%|          | 0/1 [00:00<?, ?it/s, epoch=6749]
train:   0%|          | 0/1 [00:00<?, ?it/s, epoch=6750]
train:   0%|          | 0/1 [00:00<?, ?it/s, epoch=6751]
train:   0%|          | 0/1 [00:00<?, ?it/s, epoch=6752]
train:   0%|          | 0/1 [00:00<?, ?it/s, epoch=6753]
train:   0%|          | 0/1 [00:00<?, ?it/s, epoch=6754]
train:   0%|          | 0/1 [00:00<?, ?it/s, epoch=6755]
train:   0%|          | 0/1 [00:00<?, ?it/s, epoch=6756]
train:   0%|          | 0/1 [00:00<?, ?it/s, epoch=6757]
train:   0%|          | 0/1 [00:00<?, ?it/s, epoch=6758]
train:   0%|          | 0/1 [00:00<?, ?it/s, epoch=6759]
train:   0%|          | 0/1 [00:00<?, ?it/s, epoch=6760]
train:   0%|          | 0/1 [00:00<?, ?it/s, epoch=6761]
train:   0%|          | 0/1 [00:00<?, ?it/s, epoch=6762]
train:   0%|          | 0/1 [00:00<?, ?it/s, epoch=6763]
train:   0%|          | 0/1 [00:00<?, ?it/s, epoch=6764]
train:   0%|          | 0/1 [00:00<?, ?it/s, epoch=6765]
train:   0%|          | 0/1 [00:00<?, ?it/s, epoch=6766]
train:   0%|          | 0/1 [00:00<?, ?it/s, epoch=6767]
train:   0%|          | 0/1 [00:00<?, ?it/s, epoch=6768]
train:   0%|          | 0/1 [00:00<?, ?it/s, epoch=6769]
train:   0%|          | 0/1 [00:00<?, ?it/s, epoch=6770]
train:   0%|          | 0/1 [00:00<?, ?it/s, epoch=6771]
train:   0%|          | 0/1 [00:00<?, ?it/s, epoch=6772]
train:   0%|          | 0/1 [00:00<?, ?it/s, epoch=6773]
train:   0%|          | 0/1 [00:00<?, ?it/s, epoch=6774]
train:   0%|          | 0/1 [00:00<?, ?it/s, epoch=6775]
train:   0%|          | 0/1 [00:00<?, ?it/s, epoch=6776]
train:   0%|          | 0/1 [00:00<?, ?it/s, epoch=6777]
train:   0%|          | 0/1 [00:00<?, ?it/s, epoch=6778]
train:   0%|          | 0/1 [00:00<?, ?it/s, epoch=6779]
train:   0%|          | 0/1 [00:00<?, ?it/s, epoch=6780]
train:   0%|          | 0/1 [00:00<?, ?it/s, epoch=6781]
train:   0%|          | 0/1 [00:00<?, ?it/s, epoch=6782]
train:   0%|          | 0/1 [00:00<?, ?it/s, epoch=6783]
train:   0%|          | 0/1 [00:00<?, ?it/s, epoch=6784]
train:   0%|          | 0/1 [00:00<?, ?it/s, epoch=6785]
train:   0%|          | 0/1 [00:00<?, ?it/s, epoch=6786]
train:   0%|          | 0/1 [00:00<?, ?it/s, epoch=6787]
train:   0%|          | 0/1 [00:00<?, ?it/s, epoch=6788]
train:   0%|          | 0/1 [00:00<?, ?it/s, epoch=6789]
train:   0%|          | 0/1 [00:00<?, ?it/s, epoch=6790]
train:   0%|          | 0/1 [00:00<?, ?it/s, epoch=6791]
train:   0%|          | 0/1 [00:00<?, ?it/s, epoch=6792]
train:   0%|          | 0/1 [00:00<?, ?it/s, epoch=6793]
train:   0%|          | 0/1 [00:00<?, ?it/s, epoch=6794]
train:   0%|          | 0/1 [00:00<?, ?it/s, epoch=6795]
train:   0%|          | 0/1 [00:00<?, ?it/s, epoch=6796]
train:   0%|          | 0/1 [00:00<?, ?it/s, epoch=6797]
train:   0%|          | 0/1 [00:00<?, ?it/s, epoch=6798]
train:   0%|          | 0/1 [00:00<?, ?it/s, epoch=6799][[34m2026-03-24 00:25:12[0m] Step 6800 | Loss: 0.033992 | Timing: time/data_load: 0.000s, time/forward: 0.308s, time/loss_compute: 0.013s, time/discriminator: 0.000s, time/backward: 0.390s, time/optimizer: 0.034s, time/total_step: 0.752s
[BOTTLENECK] step 6800 | total_step 0.752s | time/data_load: 0.000s (0%) | time/forward: 0.308s (41%) | time/loss_compute: 0.013s (2%) | time/backward: 0.390s (52%) | time/optimizer: 0.034s (5%) | time/total_step: 0.752s (100%)
  -> at this rate 1000 steps ≈ 12.5 min
train:   0%|          | 0/1 [00:01<?, ?it/s, all=0.03, nll=0.02, nll_rec=0.02, nll_per=0.01, kl=0.01, gen=0.00, gen_w=0.00, disc=0.00, debug=0.00]
[[34m2026-03-24 00:25:12[0m] Running fixed per-frame evaluation at epoch 6800 (sequence name: EMO-1-shout+laugh)...
train:   0%|          | 0/1 [00:00<?, ?it/s, epoch=6800]
train:   0%|          | 0/1 [00:00<?, ?it/s, epoch=6801]
train:   0%|          | 0/1 [00:00<?, ?it/s, epoch=6802]
train:   0%|          | 0/1 [00:00<?, ?it/s, epoch=6803]
train:   0%|          | 0/1 [00:00<?, ?it/s, epoch=6804]
train:   0%|          | 0/1 [00:00<?, ?it/s, epoch=6805]
train:   0%|          | 0/1 [00:00<?, ?it/s, epoch=6806]
train:   0%|          | 0/1 [00:00<?, ?it/s, epoch=6807]
train:   0%|          | 0/1 [00:00<?, ?it/s, epoch=6808]
train:   0%|          | 0/1 [00:00<?, ?it/s, epoch=6809]
train:   0%|          | 0/1 [00:00<?, ?it/s, epoch=6810]
train:   0%|          | 0/1 [00:00<?, ?it/s, epoch=6811]
train:   0%|          | 0/1 [00:00<?, ?it/s, epoch=6812]
train:   0%|          | 0/1 [00:00<?, ?it/s, epoch=6813]
train:   0%|          | 0/1 [00:00<?, ?it/s, epoch=6814]
train:   0%|          | 0/1 [00:00<?, ?it/s, epoch=6815]
train:   0%|          | 0/1 [00:00<?, ?it/s, epoch=6816]
train:   0%|          | 0/1 [00:00<?, ?it/s, epoch=6817]
train:   0%|          | 0/1 [00:00<?, ?it/s, epoch=6818]
train:   0%|          | 0/1 [00:00<?, ?it/s, epoch=6819]
train:   0%|          | 0/1 [00:00<?, ?it/s, epoch=6820]
train:   0%|          | 0/1 [00:00<?, ?it/s, epoch=6821]
train:   0%|          | 0/1 [00:00<?, ?it/s, epoch=6822]
train:   0%|          | 0/1 [00:00<?, ?it/s, epoch=6823]
train:   0%|          | 0/1 [00:00<?, ?it/s, epoch=6824]
train:   0%|          | 0/1 [00:00<?, ?it/s, epoch=6825]
train:   0%|          | 0/1 [00:00<?, ?it/s, epoch=6826]
train:   0%|          | 0/1 [00:00<?, ?it/s, epoch=6827]
train:   0%|          | 0/1 [00:00<?, ?it/s, epoch=6828]
train:   0%|          | 0/1 [00:00<?, ?it/s, epoch=6829]
train:   0%|          | 0/1 [00:00<?, ?it/s, epoch=6830]
train:   0%|          | 0/1 [00:00<?, ?it/s, epoch=6831]
train:   0%|          | 0/1 [00:00<?, ?it/s, epoch=6832]
train:   0%|          | 0/1 [00:00<?, ?it/s, epoch=6833]
train:   0%|          | 0/1 [00:00<?, ?it/s, epoch=6834]
train:   0%|          | 0/1 [00:00<?, ?it/s, epoch=6835]
train:   0%|          | 0/1 [00:00<?, ?it/s, epoch=6836]
train:   0%|          | 0/1 [00:00<?, ?it/s, epoch=6837]
train:   0%|          | 0/1 [00:00<?, ?it/s, epoch=6838]
train:   0%|          | 0/1 [00:00<?, ?it/s, epoch=6839]
train:   0%|          | 0/1 [00:00<?, ?it/s, epoch=6840]
train:   0%|          | 0/1 [00:00<?, ?it/s, epoch=6841]
train:   0%|          | 0/1 [00:00<?, ?it/s, epoch=6842]
train:   0%|          | 0/1 [00:00<?, ?it/s, epoch=6843]
train:   0%|          | 0/1 [00:00<?, ?it/s, epoch=6844]
train:   0%|          | 0/1 [00:00<?, ?it/s, epoch=6845]
train:   0%|          | 0/1 [00:00<?, ?it/s, epoch=6846]
train:   0%|          | 0/1 [00:00<?, ?it/s, epoch=6847]
train:   0%|          | 0/1 [00:00<?, ?it/s, epoch=6848]
train:   0%|          | 0/1 [00:00<?, ?it/s, epoch=6849]
train:   0%|          | 0/1 [00:00<?, ?it/s, epoch=6850]
train:   0%|          | 0/1 [00:00<?, ?it/s, epoch=6851]
train:   0%|          | 0/1 [00:00<?, ?it/s, epoch=6852]
train:   0%|          | 0/1 [00:00<?, ?it/s, epoch=6853]
train:   0%|          | 0/1 [00:00<?, ?it/s, epoch=6854]
train:   0%|          | 0/1 [00:00<?, ?it/s, epoch=6855]
train:   0%|          | 0/1 [00:00<?, ?it/s, epoch=6856]
train:   0%|          | 0/1 [00:00<?, ?it/s, epoch=6857]
train:   0%|          | 0/1 [00:00<?, ?it/s, epoch=6858]
train:   0%|          | 0/1 [00:00<?, ?it/s, epoch=6859]
train:   0%|          | 0/1 [00:00<?, ?it/s, epoch=6860]
train:   0%|          | 0/1 [00:00<?, ?it/s, epoch=6861]
train:   0%|          | 0/1 [00:00<?, ?it/s, epoch=6862]
train:   0%|          | 0/1 [00:00<?, ?it/s, epoch=6863]
train:   0%|          | 0/1 [00:00<?, ?it/s, epoch=6864]
train:   0%|          | 0/1 [00:00<?, ?it/s, epoch=6865]
train:   0%|          | 0/1 [00:00<?, ?it/s, epoch=6866]
train:   0%|          | 0/1 [00:00<?, ?it/s, epoch=6867]
train:   0%|          | 0/1 [00:00<?, ?it/s, epoch=6868]
train:   0%|          | 0/1 [00:00<?, ?it/s, epoch=6869]
train:   0%|          | 0/1 [00:00<?, ?it/s, epoch=6870]
train:   0%|          | 0/1 [00:00<?, ?it/s, epoch=6871]
train:   0%|          | 0/1 [00:00<?, ?it/s, epoch=6872]
train:   0%|          | 0/1 [00:00<?, ?it/s, epoch=6873]
train:   0%|          | 0/1 [00:00<?, ?it/s, epoch=6874]
train:   0%|          | 0/1 [00:00<?, ?it/s, epoch=6875]
train:   0%|          | 0/1 [00:00<?, ?it/s, epoch=6876]
train:   0%|          | 0/1 [00:00<?, ?it/s, epoch=6877]
train:   0%|          | 0/1 [00:00<?, ?it/s, epoch=6878]
train:   0%|          | 0/1 [00:00<?, ?it/s, epoch=6879]
train:   0%|          | 0/1 [00:00<?, ?it/s, epoch=6880]
train:   0%|          | 0/1 [00:00<?, ?it/s, epoch=6881]
train:   0%|          | 0/1 [00:00<?, ?it/s, epoch=6882]
train:   0%|          | 0/1 [00:00<?, ?it/s, epoch=6883]
train:   0%|          | 0/1 [00:00<?, ?it/s, epoch=6884]
train:   0%|          | 0/1 [00:00<?, ?it/s, epoch=6885]
train:   0%|          | 0/1 [00:00<?, ?it/s, epoch=6886]
train:   0%|          | 0/1 [00:00<?, ?it/s, epoch=6887]
train:   0%|          | 0/1 [00:00<?, ?it/s, epoch=6888]
train:   0%|          | 0/1 [00:00<?, ?it/s, epoch=6889]
train:   0%|          | 0/1 [00:00<?, ?it/s, epoch=6890]
train:   0%|          | 0/1 [00:00<?, ?it/s, epoch=6891]
train:   0%|          | 0/1 [00:00<?, ?it/s, epoch=6892]
train:   0%|          | 0/1 [00:00<?, ?it/s, epoch=6893]
train:   0%|          | 0/1 [00:00<?, ?it/s, epoch=6894]
train:   0%|          | 0/1 [00:00<?, ?it/s, epoch=6895]
train:   0%|          | 0/1 [00:00<?, ?it/s, epoch=6896]
train:   0%|          | 0/1 [00:00<?, ?it/s, epoch=6897]
train:   0%|          | 0/1 [00:00<?, ?it/s, epoch=6898]
train:   0%|          | 0/1 [00:00<?, ?it/s, epoch=6899][[34m2026-03-24 00:26:42[0m] Step 6900 | Loss: 0.033143 | Timing: time/data_load: 0.000s, time/forward: 0.308s, time/loss_compute: 0.013s, time/discriminator: 0.000s, time/backward: 0.391s, time/optimizer: 0.034s, time/total_step: 0.753s
train:   0%|          | 0/1 [00:01<?, ?it/s, all=0.03, nll=0.02, nll_rec=0.02, nll_per=0.01, kl=0.01, gen=0.00, gen_w=0.00, disc=0.00, debug=0.00]
train:   0%|          | 0/1 [00:00<?, ?it/s, epoch=6900]
train:   0%|          | 0/1 [00:00<?, ?it/s, epoch=6901]
train:   0%|          | 0/1 [00:00<?, ?it/s, epoch=6902]
train:   0%|          | 0/1 [00:00<?, ?it/s, epoch=6903]
train:   0%|          | 0/1 [00:00<?, ?it/s, epoch=6904]
train:   0%|          | 0/1 [00:00<?, ?it/s, epoch=6905]
train:   0%|          | 0/1 [00:00<?, ?it/s, epoch=6906]
train:   0%|          | 0/1 [00:00<?, ?it/s, epoch=6907]
train:   0%|          | 0/1 [00:00<?, ?it/s, epoch=6908]
train:   0%|          | 0/1 [00:00<?, ?it/s, epoch=6909]
train:   0%|          | 0/1 [00:00<?, ?it/s, epoch=6910]
train:   0%|          | 0/1 [00:00<?, ?it/s, epoch=6911]
train:   0%|          | 0/1 [00:00<?, ?it/s, epoch=6912]
train:   0%|          | 0/1 [00:00<?, ?it/s, epoch=6913]
train:   0%|          | 0/1 [00:00<?, ?it/s, epoch=6914]
train:   0%|          | 0/1 [00:00<?, ?it/s, epoch=6915]
train:   0%|          | 0/1 [00:00<?, ?it/s, epoch=6916]
train:   0%|          | 0/1 [00:00<?, ?it/s, epoch=6917]
train:   0%|          | 0/1 [00:00<?, ?it/s, epoch=6918]
train:   0%|          | 0/1 [00:00<?, ?it/s, epoch=6919]
train:   0%|          | 0/1 [00:00<?, ?it/s, epoch=6920]
train:   0%|          | 0/1 [00:00<?, ?it/s, epoch=6921]
train:   0%|          | 0/1 [00:00<?, ?it/s, epoch=6922]
train:   0%|          | 0/1 [00:00<?, ?it/s, epoch=6923]
train:   0%|          | 0/1 [00:00<?, ?it/s, epoch=6924]
train:   0%|          | 0/1 [00:00<?, ?it/s, epoch=6925]
train:   0%|          | 0/1 [00:00<?, ?it/s, epoch=6926]
train:   0%|          | 0/1 [00:00<?, ?it/s, epoch=6927]
train:   0%|          | 0/1 [00:00<?, ?it/s, epoch=6928]
train:   0%|          | 0/1 [00:00<?, ?it/s, epoch=6929]
train:   0%|          | 0/1 [00:00<?, ?it/s, epoch=6930]
train:   0%|          | 0/1 [00:00<?, ?it/s, epoch=6931]
train:   0%|          | 0/1 [00:00<?, ?it/s, epoch=6932]
train:   0%|          | 0/1 [00:00<?, ?it/s, epoch=6933]
train:   0%|          | 0/1 [00:00<?, ?it/s, epoch=6934]
train:   0%|          | 0/1 [00:00<?, ?it/s, epoch=6935]
train:   0%|          | 0/1 [00:00<?, ?it/s, epoch=6936]
train:   0%|          | 0/1 [00:00<?, ?it/s, epoch=6937]
train:   0%|          | 0/1 [00:00<?, ?it/s, epoch=6938]
train:   0%|          | 0/1 [00:00<?, ?it/s, epoch=6939]
train:   0%|          | 0/1 [00:00<?, ?it/s, epoch=6940]
train:   0%|          | 0/1 [00:00<?, ?it/s, epoch=6941]
train:   0%|          | 0/1 [00:00<?, ?it/s, epoch=6942]
train:   0%|          | 0/1 [00:00<?, ?it/s, epoch=6943]
train:   0%|          | 0/1 [00:00<?, ?it/s, epoch=6944]
train:   0%|          | 0/1 [00:00<?, ?it/s, epoch=6945]
train:   0%|          | 0/1 [00:00<?, ?it/s, epoch=6946]
train:   0%|          | 0/1 [00:00<?, ?it/s, epoch=6947]
train:   0%|          | 0/1 [00:00<?, ?it/s, epoch=6948]
train:   0%|          | 0/1 [00:00<?, ?it/s, epoch=6949]
train:   0%|          | 0/1 [00:00<?, ?it/s, epoch=6950]
train:   0%|          | 0/1 [00:00<?, ?it/s, epoch=6951]
train:   0%|          | 0/1 [00:00<?, ?it/s, epoch=6952]
train:   0%|          | 0/1 [00:00<?, ?it/s, epoch=6953]
train:   0%|          | 0/1 [00:00<?, ?it/s, epoch=6954]
train:   0%|          | 0/1 [00:00<?, ?it/s, epoch=6955]
train:   0%|          | 0/1 [00:00<?, ?it/s, epoch=6956]
train:   0%|          | 0/1 [00:00<?, ?it/s, epoch=6957]
train:   0%|          | 0/1 [00:00<?, ?it/s, epoch=6958]
train:   0%|          | 0/1 [00:00<?, ?it/s, epoch=6959]
train:   0%|          | 0/1 [00:00<?, ?it/s, epoch=6960]
train:   0%|          | 0/1 [00:00<?, ?it/s, epoch=6961]
train:   0%|          | 0/1 [00:00<?, ?it/s, epoch=6962]
train:   0%|          | 0/1 [00:00<?, ?it/s, epoch=6963]
train:   0%|          | 0/1 [00:00<?, ?it/s, epoch=6964]
train:   0%|          | 0/1 [00:00<?, ?it/s, epoch=6965]
train:   0%|          | 0/1 [00:00<?, ?it/s, epoch=6966]
train:   0%|          | 0/1 [00:00<?, ?it/s, epoch=6967]
train:   0%|          | 0/1 [00:00<?, ?it/s, epoch=6968]
train:   0%|          | 0/1 [00:00<?, ?it/s, epoch=6969]
train:   0%|          | 0/1 [00:00<?, ?it/s, epoch=6970]
train:   0%|          | 0/1 [00:00<?, ?it/s, epoch=6971]
train:   0%|          | 0/1 [00:00<?, ?it/s, epoch=6972]
train:   0%|          | 0/1 [00:00<?, ?it/s, epoch=6973]
train:   0%|          | 0/1 [00:00<?, ?it/s, epoch=6974]
train:   0%|          | 0/1 [00:00<?, ?it/s, epoch=6975]
train:   0%|          | 0/1 [00:00<?, ?it/s, epoch=6976]
train:   0%|          | 0/1 [00:00<?, ?it/s, epoch=6977]
train:   0%|          | 0/1 [00:01<?, ?it/s, epoch=6978]
train:   0%|          | 0/1 [00:00<?, ?it/s, epoch=6979]
train:   0%|          | 0/1 [00:00<?, ?it/s, epoch=6980]
train:   0%|          | 0/1 [00:00<?, ?it/s, epoch=6981]
train:   0%|          | 0/1 [00:00<?, ?it/s, epoch=6982]
train:   0%|          | 0/1 [00:00<?, ?it/s, epoch=6983]
train:   0%|          | 0/1 [00:00<?, ?it/s, epoch=6984]
train:   0%|          | 0/1 [00:00<?, ?it/s, epoch=6985]
train:   0%|          | 0/1 [00:00<?, ?it/s, epoch=6986]
train:   0%|          | 0/1 [00:00<?, ?it/s, epoch=6987]
train:   0%|          | 0/1 [00:00<?, ?it/s, epoch=6988]
train:   0%|          | 0/1 [00:00<?, ?it/s, epoch=6989]
train:   0%|          | 0/1 [00:00<?, ?it/s, epoch=6990]
train:   0%|          | 0/1 [00:00<?, ?it/s, epoch=6991]
train:   0%|          | 0/1 [00:00<?, ?it/s, epoch=6992]
train:   0%|          | 0/1 [00:00<?, ?it/s, epoch=6993]
train:   0%|          | 0/1 [00:00<?, ?it/s, epoch=6994]
train:   0%|          | 0/1 [00:00<?, ?it/s, epoch=6995]
train:   0%|          | 0/1 [00:00<?, ?it/s, epoch=6996]
train:   0%|          | 0/1 [00:00<?, ?it/s, epoch=6997]
train:   0%|          | 0/1 [00:00<?, ?it/s, epoch=6998]
train:   0%|          | 0/1 [00:00<?, ?it/s, epoch=6999][[34m2026-03-24 00:28:10[0m] Step 7000 | Loss: 0.031356 | Timing: time/data_load: 0.000s, time/forward: 0.308s, time/loss_compute: 0.013s, time/discriminator: 0.000s, time/backward: 0.389s, time/optimizer: 0.034s, time/total_step: 0.751s
[BOTTLENECK] step 7000 | total_step 0.751s | time/data_load: 0.000s (0%) | time/forward: 0.308s (41%) | time/loss_compute: 0.013s (2%) | time/backward: 0.389s (52%) | time/optimizer: 0.034s (5%) | time/total_step: 0.751s (100%)
  -> at this rate 1000 steps ≈ 12.5 min
train:   0%|          | 0/1 [00:01<?, ?it/s, all=0.03, nll=0.02, nll_rec=0.01, nll_per=0.01, kl=0.01, gen=0.00, gen_w=0.00, disc=0.00, debug=0.00][[34m2026-03-24 00:28:11[0m] The model is going to be split to checkpoint shards. You can find where each parameters has been saved in the index located at model.safetensors.index.json.
[[34m2026-03-24 00:28:12[0m] Saved checkpoint at epoch 6999, step 1, global_step 7000 to outputs/self_attention_rank128/epoch6999-global_step7000
[[34m2026-03-24 00:28:12[0m] Removed old checkpoints and kept 3 latest ones.
[[34m2026-03-24 00:28:12[0m] Running full evaluation at step 7000 (train)...
[[34m2026-03-24 00:28:13[0m] Evaluation (train) - PSNR: 36.38 ± 0.12, SSIM: 1.0000 ± 0.0000, MSE: 0.000232 ± 0.000000
train:   0%|          | 0/1 [00:04<?, ?it/s, all=0.03, nll=0.02, nll_rec=0.01, nll_per=0.01, kl=0.01, gen=0.00, gen_w=0.00, disc=0.00, debug=0.00]
[[34m2026-03-24 00:28:13[0m] Running fixed per-frame evaluation at epoch 7000 (sequence name: EMO-1-shout+laugh)...
train:   0%|          | 0/1 [00:00<?, ?it/s, epoch=7000]
train:   0%|          | 0/1 [00:00<?, ?it/s, epoch=7001]
train:   0%|          | 0/1 [00:00<?, ?it/s, epoch=7002]
train:   0%|          | 0/1 [00:00<?, ?it/s, epoch=7003]
train:   0%|          | 0/1 [00:00<?, ?it/s, epoch=7004]
train:   0%|          | 0/1 [00:00<?, ?it/s, epoch=7005]
train:   0%|          | 0/1 [00:00<?, ?it/s, epoch=7006]
train:   0%|          | 0/1 [00:00<?, ?it/s, epoch=7007]
train:   0%|          | 0/1 [00:00<?, ?it/s, epoch=7008]
train:   0%|          | 0/1 [00:00<?, ?it/s, epoch=7009]
train:   0%|          | 0/1 [00:00<?, ?it/s, epoch=7010]
train:   0%|          | 0/1 [00:00<?, ?it/s, epoch=7011]
train:   0%|          | 0/1 [00:00<?, ?it/s, epoch=7012]
train:   0%|          | 0/1 [00:00<?, ?it/s, epoch=7013]
train:   0%|          | 0/1 [00:00<?, ?it/s, epoch=7014]
train:   0%|          | 0/1 [00:00<?, ?it/s, epoch=7015]
train:   0%|          | 0/1 [00:00<?, ?it/s, epoch=7016]
train:   0%|          | 0/1 [00:00<?, ?it/s, epoch=7017]
train:   0%|          | 0/1 [00:00<?, ?it/s, epoch=7018]
train:   0%|          | 0/1 [00:00<?, ?it/s, epoch=7019]
train:   0%|          | 0/1 [00:00<?, ?it/s, epoch=7020]
train:   0%|          | 0/1 [00:00<?, ?it/s, epoch=7021]
train:   0%|          | 0/1 [00:00<?, ?it/s, epoch=7022]
train:   0%|          | 0/1 [00:00<?, ?it/s, epoch=7023]
train:   0%|          | 0/1 [00:00<?, ?it/s, epoch=7024]
train:   0%|          | 0/1 [00:00<?, ?it/s, epoch=7025]
train:   0%|          | 0/1 [00:00<?, ?it/s, epoch=7026]
train:   0%|          | 0/1 [00:00<?, ?it/s, epoch=7027]
train:   0%|          | 0/1 [00:00<?, ?it/s, epoch=7028]
train:   0%|          | 0/1 [00:00<?, ?it/s, epoch=7029]
train:   0%|          | 0/1 [00:00<?, ?it/s, epoch=7030]
train:   0%|          | 0/1 [00:00<?, ?it/s, epoch=7031]
train:   0%|          | 0/1 [00:00<?, ?it/s, epoch=7032]
train:   0%|          | 0/1 [00:00<?, ?it/s, epoch=7033]
train:   0%|          | 0/1 [00:00<?, ?it/s, epoch=7034]
train:   0%|          | 0/1 [00:00<?, ?it/s, epoch=7035]
train:   0%|          | 0/1 [00:00<?, ?it/s, epoch=7036]
train:   0%|          | 0/1 [00:00<?, ?it/s, epoch=7037]
train:   0%|          | 0/1 [00:00<?, ?it/s, epoch=7038]
train:   0%|          | 0/1 [00:00<?, ?it/s, epoch=7039]
train:   0%|          | 0/1 [00:00<?, ?it/s, epoch=7040]
train:   0%|          | 0/1 [00:00<?, ?it/s, epoch=7041]
train:   0%|          | 0/1 [00:00<?, ?it/s, epoch=7042]
train:   0%|          | 0/1 [00:00<?, ?it/s, epoch=7043]
train:   0%|          | 0/1 [00:00<?, ?it/s, epoch=7044]
train:   0%|          | 0/1 [00:00<?, ?it/s, epoch=7045]
train:   0%|          | 0/1 [00:00<?, ?it/s, epoch=7046]
train:   0%|          | 0/1 [00:00<?, ?it/s, epoch=7047]
train:   0%|          | 0/1 [00:00<?, ?it/s, epoch=7048]
train:   0%|          | 0/1 [00:00<?, ?it/s, epoch=7049]
train:   0%|          | 0/1 [00:00<?, ?it/s, epoch=7050]
train:   0%|          | 0/1 [00:00<?, ?it/s, epoch=7051]
train:   0%|          | 0/1 [00:00<?, ?it/s, epoch=7052]
train:   0%|          | 0/1 [00:00<?, ?it/s, epoch=7053]
train:   0%|          | 0/1 [00:00<?, ?it/s, epoch=7054]
train:   0%|          | 0/1 [00:00<?, ?it/s, epoch=7055]
train:   0%|          | 0/1 [00:00<?, ?it/s, epoch=7056]
train:   0%|          | 0/1 [00:00<?, ?it/s, epoch=7057]
train:   0%|          | 0/1 [00:00<?, ?it/s, epoch=7058]
train:   0%|          | 0/1 [00:00<?, ?it/s, epoch=7059]
train:   0%|          | 0/1 [00:00<?, ?it/s, epoch=7060]
train:   0%|          | 0/1 [00:00<?, ?it/s, epoch=7061]
train:   0%|          | 0/1 [00:00<?, ?it/s, epoch=7062]
train:   0%|          | 0/1 [00:00<?, ?it/s, epoch=7063]
train:   0%|          | 0/1 [00:00<?, ?it/s, epoch=7064]
train:   0%|          | 0/1 [00:00<?, ?it/s, epoch=7065]
train:   0%|          | 0/1 [00:00<?, ?it/s, epoch=7066]
train:   0%|          | 0/1 [00:00<?, ?it/s, epoch=7067]
train:   0%|          | 0/1 [00:00<?, ?it/s, epoch=7068]
train:   0%|          | 0/1 [00:00<?, ?it/s, epoch=7069]
train:   0%|          | 0/1 [00:00<?, ?it/s, epoch=7070]
train:   0%|          | 0/1 [00:00<?, ?it/s, epoch=7071]
train:   0%|          | 0/1 [00:00<?, ?it/s, epoch=7072]
train:   0%|          | 0/1 [00:00<?, ?it/s, epoch=7073]
train:   0%|          | 0/1 [00:00<?, ?it/s, epoch=7074]
train:   0%|          | 0/1 [00:00<?, ?it/s, epoch=7075]
train:   0%|          | 0/1 [00:00<?, ?it/s, epoch=7076]
train:   0%|          | 0/1 [00:00<?, ?it/s, epoch=7077]
train:   0%|          | 0/1 [00:00<?, ?it/s, epoch=7078]
train:   0%|          | 0/1 [00:00<?, ?it/s, epoch=7079]
train:   0%|          | 0/1 [00:00<?, ?it/s, epoch=7080]
train:   0%|          | 0/1 [00:00<?, ?it/s, epoch=7081]
train:   0%|          | 0/1 [00:00<?, ?it/s, epoch=7082]
train:   0%|          | 0/1 [00:00<?, ?it/s, epoch=7083]
train:   0%|          | 0/1 [00:00<?, ?it/s, epoch=7084]
train:   0%|          | 0/1 [00:00<?, ?it/s, epoch=7085]
train:   0%|          | 0/1 [00:00<?, ?it/s, epoch=7086]
train:   0%|          | 0/1 [00:00<?, ?it/s, epoch=7087]
train:   0%|          | 0/1 [00:00<?, ?it/s, epoch=7088]
train:   0%|          | 0/1 [00:00<?, ?it/s, epoch=7089]
train:   0%|          | 0/1 [00:00<?, ?it/s, epoch=7090]
train:   0%|          | 0/1 [00:00<?, ?it/s, epoch=7091]
train:   0%|          | 0/1 [00:00<?, ?it/s, epoch=7092]
train:   0%|          | 0/1 [00:00<?, ?it/s, epoch=7093]
train:   0%|          | 0/1 [00:00<?, ?it/s, epoch=7094]
train:   0%|          | 0/1 [00:00<?, ?it/s, epoch=7095]
train:   0%|          | 0/1 [00:00<?, ?it/s, epoch=7096]
train:   0%|          | 0/1 [00:00<?, ?it/s, epoch=7097]
train:   0%|          | 0/1 [00:00<?, ?it/s, epoch=7098]
train:   0%|          | 0/1 [00:00<?, ?it/s, epoch=7099][[34m2026-03-24 00:29:43[0m] Step 7100 | Loss: 0.032057 | Timing: time/data_load: 0.000s, time/forward: 0.309s, time/loss_compute: 0.013s, time/discriminator: 0.000s, time/backward: 0.389s, time/optimizer: 0.034s, time/total_step: 0.752s
train:   0%|          | 0/1 [00:01<?, ?it/s, all=0.03, nll=0.02, nll_rec=0.01, nll_per=0.01, kl=0.01, gen=0.00, gen_w=0.00, disc=0.00, debug=0.00]
train:   0%|          | 0/1 [00:00<?, ?it/s, epoch=7100]
train:   0%|          | 0/1 [00:00<?, ?it/s, epoch=7101]
train:   0%|          | 0/1 [00:00<?, ?it/s, epoch=7102]
train:   0%|          | 0/1 [00:00<?, ?it/s, epoch=7103]
train:   0%|          | 0/1 [00:00<?, ?it/s, epoch=7104]
train:   0%|          | 0/1 [00:00<?, ?it/s, epoch=7105]
train:   0%|          | 0/1 [00:00<?, ?it/s, epoch=7106]
train:   0%|          | 0/1 [00:00<?, ?it/s, epoch=7107]
train:   0%|          | 0/1 [00:00<?, ?it/s, epoch=7108]
train:   0%|          | 0/1 [00:00<?, ?it/s, epoch=7109]
train:   0%|          | 0/1 [00:00<?, ?it/s, epoch=7110]
train:   0%|          | 0/1 [00:00<?, ?it/s, epoch=7111]
train:   0%|          | 0/1 [00:00<?, ?it/s, epoch=7112]
train:   0%|          | 0/1 [00:00<?, ?it/s, epoch=7113]
train:   0%|          | 0/1 [00:00<?, ?it/s, epoch=7114]
train:   0%|          | 0/1 [00:00<?, ?it/s, epoch=7115]
train:   0%|          | 0/1 [00:00<?, ?it/s, epoch=7116]
train:   0%|          | 0/1 [00:00<?, ?it/s, epoch=7117]
train:   0%|          | 0/1 [00:00<?, ?it/s, epoch=7118]
train:   0%|          | 0/1 [00:00<?, ?it/s, epoch=7119]
train:   0%|          | 0/1 [00:00<?, ?it/s, epoch=7120]
train:   0%|          | 0/1 [00:00<?, ?it/s, epoch=7121]
train:   0%|          | 0/1 [00:00<?, ?it/s, epoch=7122]
train:   0%|          | 0/1 [00:00<?, ?it/s, epoch=7123]
train:   0%|          | 0/1 [00:00<?, ?it/s, epoch=7124]
train:   0%|          | 0/1 [00:00<?, ?it/s, epoch=7125]
train:   0%|          | 0/1 [00:00<?, ?it/s, epoch=7126]
train:   0%|          | 0/1 [00:00<?, ?it/s, epoch=7127]
train:   0%|          | 0/1 [00:00<?, ?it/s, epoch=7128]
train:   0%|          | 0/1 [00:00<?, ?it/s, epoch=7129]
train:   0%|          | 0/1 [00:00<?, ?it/s, epoch=7130]
train:   0%|          | 0/1 [00:00<?, ?it/s, epoch=7131]
train:   0%|          | 0/1 [00:00<?, ?it/s, epoch=7132]
train:   0%|          | 0/1 [00:00<?, ?it/s, epoch=7133]
train:   0%|          | 0/1 [00:00<?, ?it/s, epoch=7134]
train:   0%|          | 0/1 [00:00<?, ?it/s, epoch=7135]
train:   0%|          | 0/1 [00:00<?, ?it/s, epoch=7136]
train:   0%|          | 0/1 [00:00<?, ?it/s, epoch=7137]
train:   0%|          | 0/1 [00:00<?, ?it/s, epoch=7138]
train:   0%|          | 0/1 [00:00<?, ?it/s, epoch=7139]
train:   0%|          | 0/1 [00:00<?, ?it/s, epoch=7140]
train:   0%|          | 0/1 [00:00<?, ?it/s, epoch=7141]
train:   0%|          | 0/1 [00:00<?, ?it/s, epoch=7142]
train:   0%|          | 0/1 [00:00<?, ?it/s, epoch=7143]
train:   0%|          | 0/1 [00:00<?, ?it/s, epoch=7144]
train:   0%|          | 0/1 [00:00<?, ?it/s, epoch=7145]
train:   0%|          | 0/1 [00:00<?, ?it/s, epoch=7146]
train:   0%|          | 0/1 [00:00<?, ?it/s, epoch=7147]
train:   0%|          | 0/1 [00:00<?, ?it/s, epoch=7148]
train:   0%|          | 0/1 [00:00<?, ?it/s, epoch=7149]
train:   0%|          | 0/1 [00:00<?, ?it/s, epoch=7150]
train:   0%|          | 0/1 [00:00<?, ?it/s, epoch=7151]
train:   0%|          | 0/1 [00:00<?, ?it/s, epoch=7152]
train:   0%|          | 0/1 [00:00<?, ?it/s, epoch=7153]
train:   0%|          | 0/1 [00:00<?, ?it/s, epoch=7154]
train:   0%|          | 0/1 [00:00<?, ?it/s, epoch=7155]
train:   0%|          | 0/1 [00:00<?, ?it/s, epoch=7156]
train:   0%|          | 0/1 [00:00<?, ?it/s, epoch=7157]
train:   0%|          | 0/1 [00:00<?, ?it/s, epoch=7158]
train:   0%|          | 0/1 [00:00<?, ?it/s, epoch=7159]
train:   0%|          | 0/1 [00:00<?, ?it/s, epoch=7160]
train:   0%|          | 0/1 [00:00<?, ?it/s, epoch=7161]
train:   0%|          | 0/1 [00:00<?, ?it/s, epoch=7162]
train:   0%|          | 0/1 [00:00<?, ?it/s, epoch=7163]
train:   0%|          | 0/1 [00:00<?, ?it/s, epoch=7164]
train:   0%|          | 0/1 [00:00<?, ?it/s, epoch=7165]
train:   0%|          | 0/1 [00:00<?, ?it/s, epoch=7166]
train:   0%|          | 0/1 [00:00<?, ?it/s, epoch=7167]
train:   0%|          | 0/1 [00:00<?, ?it/s, epoch=7168]
train:   0%|          | 0/1 [00:00<?, ?it/s, epoch=7169]
train:   0%|          | 0/1 [00:00<?, ?it/s, epoch=7170]
train:   0%|          | 0/1 [00:00<?, ?it/s, epoch=7171]
train:   0%|          | 0/1 [00:00<?, ?it/s, epoch=7172]
train:   0%|          | 0/1 [00:00<?, ?it/s, epoch=7173]
train:   0%|          | 0/1 [00:00<?, ?it/s, epoch=7174]
train:   0%|          | 0/1 [00:00<?, ?it/s, epoch=7175]
train:   0%|          | 0/1 [00:00<?, ?it/s, epoch=7176]
train:   0%|          | 0/1 [00:00<?, ?it/s, epoch=7177]
train:   0%|          | 0/1 [00:00<?, ?it/s, epoch=7178]
train:   0%|          | 0/1 [00:00<?, ?it/s, epoch=7179]
train:   0%|          | 0/1 [00:00<?, ?it/s, epoch=7180]
train:   0%|          | 0/1 [00:00<?, ?it/s, epoch=7181]
train:   0%|          | 0/1 [00:00<?, ?it/s, epoch=7182]
train:   0%|          | 0/1 [00:00<?, ?it/s, epoch=7183]
train:   0%|          | 0/1 [00:00<?, ?it/s, epoch=7184]
train:   0%|          | 0/1 [00:00<?, ?it/s, epoch=7185]
train:   0%|          | 0/1 [00:00<?, ?it/s, epoch=7186]
train:   0%|          | 0/1 [00:00<?, ?it/s, epoch=7187]
train:   0%|          | 0/1 [00:00<?, ?it/s, epoch=7188]
train:   0%|          | 0/1 [00:00<?, ?it/s, epoch=7189]
train:   0%|          | 0/1 [00:00<?, ?it/s, epoch=7190]
train:   0%|          | 0/1 [00:00<?, ?it/s, epoch=7191]
train:   0%|          | 0/1 [00:00<?, ?it/s, epoch=7192]
train:   0%|          | 0/1 [00:00<?, ?it/s, epoch=7193]
train:   0%|          | 0/1 [00:00<?, ?it/s, epoch=7194]
train:   0%|          | 0/1 [00:00<?, ?it/s, epoch=7195]
train:   0%|          | 0/1 [00:00<?, ?it/s, epoch=7196]
train:   0%|          | 0/1 [00:00<?, ?it/s, epoch=7197]
train:   0%|          | 0/1 [00:00<?, ?it/s, epoch=7198]
train:   0%|          | 0/1 [00:00<?, ?it/s, epoch=7199][[34m2026-03-24 00:31:12[0m] Step 7200 | Loss: 0.033159 | Timing: time/data_load: 0.000s, time/forward: 0.309s, time/loss_compute: 0.013s, time/discriminator: 0.000s, time/backward: 0.390s, time/optimizer: 0.034s, time/total_step: 0.753s
[BOTTLENECK] step 7200 | total_step 0.753s | time/data_load: 0.000s (0%) | time/forward: 0.309s (41%) | time/loss_compute: 0.013s (2%) | time/backward: 0.390s (52%) | time/optimizer: 0.034s (5%) | time/total_step: 0.753s (100%)
  -> at this rate 1000 steps ≈ 12.5 min
train:   0%|          | 0/1 [00:01<?, ?it/s, all=0.03, nll=0.02, nll_rec=0.02, nll_per=0.01, kl=0.01, gen=0.00, gen_w=0.00, disc=0.00, debug=0.00]
[[34m2026-03-24 00:31:12[0m] Running fixed per-frame evaluation at epoch 7200 (sequence name: EMO-1-shout+laugh)...
train:   0%|          | 0/1 [00:00<?, ?it/s, epoch=7200]
train:   0%|          | 0/1 [00:00<?, ?it/s, epoch=7201]
train:   0%|          | 0/1 [00:00<?, ?it/s, epoch=7202]
train:   0%|          | 0/1 [00:00<?, ?it/s, epoch=7203]
train:   0%|          | 0/1 [00:00<?, ?it/s, epoch=7204]
train:   0%|          | 0/1 [00:00<?, ?it/s, epoch=7205]
train:   0%|          | 0/1 [00:00<?, ?it/s, epoch=7206]
train:   0%|          | 0/1 [00:00<?, ?it/s, epoch=7207]
train:   0%|          | 0/1 [00:00<?, ?it/s, epoch=7208]
train:   0%|          | 0/1 [00:00<?, ?it/s, epoch=7209]
train:   0%|          | 0/1 [00:00<?, ?it/s, epoch=7210]
train:   0%|          | 0/1 [00:00<?, ?it/s, epoch=7211]
train:   0%|          | 0/1 [00:00<?, ?it/s, epoch=7212]
train:   0%|          | 0/1 [00:00<?, ?it/s, epoch=7213]
train:   0%|          | 0/1 [00:00<?, ?it/s, epoch=7214]
train:   0%|          | 0/1 [00:00<?, ?it/s, epoch=7215]
train:   0%|          | 0/1 [00:00<?, ?it/s, epoch=7216]
train:   0%|          | 0/1 [00:00<?, ?it/s, epoch=7217]
train:   0%|          | 0/1 [00:00<?, ?it/s, epoch=7218]
train:   0%|          | 0/1 [00:00<?, ?it/s, epoch=7219]
train:   0%|          | 0/1 [00:00<?, ?it/s, epoch=7220]
train:   0%|          | 0/1 [00:00<?, ?it/s, epoch=7221]
train:   0%|          | 0/1 [00:00<?, ?it/s, epoch=7222]
train:   0%|          | 0/1 [00:00<?, ?it/s, epoch=7223]
train:   0%|          | 0/1 [00:00<?, ?it/s, epoch=7224]
train:   0%|          | 0/1 [00:00<?, ?it/s, epoch=7225]
train:   0%|          | 0/1 [00:00<?, ?it/s, epoch=7226]
train:   0%|          | 0/1 [00:00<?, ?it/s, epoch=7227]
train:   0%|          | 0/1 [00:00<?, ?it/s, epoch=7228]
train:   0%|          | 0/1 [00:00<?, ?it/s, epoch=7229]
train:   0%|          | 0/1 [00:00<?, ?it/s, epoch=7230]
train:   0%|          | 0/1 [00:00<?, ?it/s, epoch=7231]
train:   0%|          | 0/1 [00:00<?, ?it/s, epoch=7232]
train:   0%|          | 0/1 [00:00<?, ?it/s, epoch=7233]
train:   0%|          | 0/1 [00:00<?, ?it/s, epoch=7234]
train:   0%|          | 0/1 [00:00<?, ?it/s, epoch=7235]
train:   0%|          | 0/1 [00:00<?, ?it/s, epoch=7236]
train:   0%|          | 0/1 [00:00<?, ?it/s, epoch=7237]
train:   0%|          | 0/1 [00:00<?, ?it/s, epoch=7238]
train:   0%|          | 0/1 [00:00<?, ?it/s, epoch=7239]
train:   0%|          | 0/1 [00:00<?, ?it/s, epoch=7240]
train:   0%|          | 0/1 [00:00<?, ?it/s, epoch=7241]
train:   0%|          | 0/1 [00:00<?, ?it/s, epoch=7242]
train:   0%|          | 0/1 [00:00<?, ?it/s, epoch=7243]
train:   0%|          | 0/1 [00:00<?, ?it/s, epoch=7244]
train:   0%|          | 0/1 [00:00<?, ?it/s, epoch=7245]
train:   0%|          | 0/1 [00:00<?, ?it/s, epoch=7246]
train:   0%|          | 0/1 [00:00<?, ?it/s, epoch=7247]
train:   0%|          | 0/1 [00:00<?, ?it/s, epoch=7248]
train:   0%|          | 0/1 [00:00<?, ?it/s, epoch=7249]
train:   0%|          | 0/1 [00:00<?, ?it/s, epoch=7250]
train:   0%|          | 0/1 [00:00<?, ?it/s, epoch=7251]
train:   0%|          | 0/1 [00:00<?, ?it/s, epoch=7252]
train:   0%|          | 0/1 [00:00<?, ?it/s, epoch=7253]
train:   0%|          | 0/1 [00:00<?, ?it/s, epoch=7254]
train:   0%|          | 0/1 [00:00<?, ?it/s, epoch=7255]
train:   0%|          | 0/1 [00:00<?, ?it/s, epoch=7256]
train:   0%|          | 0/1 [00:00<?, ?it/s, epoch=7257]
train:   0%|          | 0/1 [00:00<?, ?it/s, epoch=7258]
train:   0%|          | 0/1 [00:00<?, ?it/s, epoch=7259]
train:   0%|          | 0/1 [00:00<?, ?it/s, epoch=7260]
train:   0%|          | 0/1 [00:00<?, ?it/s, epoch=7261]
train:   0%|          | 0/1 [00:00<?, ?it/s, epoch=7262]
train:   0%|          | 0/1 [00:00<?, ?it/s, epoch=7263]
train:   0%|          | 0/1 [00:00<?, ?it/s, epoch=7264]
train:   0%|          | 0/1 [00:00<?, ?it/s, epoch=7265]
train:   0%|          | 0/1 [00:00<?, ?it/s, epoch=7266]
train:   0%|          | 0/1 [00:00<?, ?it/s, epoch=7267]
train:   0%|          | 0/1 [00:00<?, ?it/s, epoch=7268]
train:   0%|          | 0/1 [00:00<?, ?it/s, epoch=7269]
train:   0%|          | 0/1 [00:00<?, ?it/s, epoch=7270]
train:   0%|          | 0/1 [00:00<?, ?it/s, epoch=7271]
train:   0%|          | 0/1 [00:00<?, ?it/s, epoch=7272]
train:   0%|          | 0/1 [00:00<?, ?it/s, epoch=7273]
train:   0%|          | 0/1 [00:00<?, ?it/s, epoch=7274]
train:   0%|          | 0/1 [00:00<?, ?it/s, epoch=7275]
train:   0%|          | 0/1 [00:00<?, ?it/s, epoch=7276]
train:   0%|          | 0/1 [00:00<?, ?it/s, epoch=7277]
train:   0%|          | 0/1 [00:00<?, ?it/s, epoch=7278]
train:   0%|          | 0/1 [00:00<?, ?it/s, epoch=7279]
train:   0%|          | 0/1 [00:00<?, ?it/s, epoch=7280]
train:   0%|          | 0/1 [00:00<?, ?it/s, epoch=7281]
train:   0%|          | 0/1 [00:00<?, ?it/s, epoch=7282]
train:   0%|          | 0/1 [00:00<?, ?it/s, epoch=7283]
train:   0%|          | 0/1 [00:00<?, ?it/s, epoch=7284]
train:   0%|          | 0/1 [00:00<?, ?it/s, epoch=7285]
train:   0%|          | 0/1 [00:00<?, ?it/s, epoch=7286]
train:   0%|          | 0/1 [00:00<?, ?it/s, epoch=7287]
train:   0%|          | 0/1 [00:00<?, ?it/s, epoch=7288]
train:   0%|          | 0/1 [00:00<?, ?it/s, epoch=7289]
train:   0%|          | 0/1 [00:00<?, ?it/s, epoch=7290]
train:   0%|          | 0/1 [00:00<?, ?it/s, epoch=7291]
train:   0%|          | 0/1 [00:00<?, ?it/s, epoch=7292]
train:   0%|          | 0/1 [00:00<?, ?it/s, epoch=7293]
train:   0%|          | 0/1 [00:00<?, ?it/s, epoch=7294]
train:   0%|          | 0/1 [00:00<?, ?it/s, epoch=7295]
train:   0%|          | 0/1 [00:00<?, ?it/s, epoch=7296]
train:   0%|          | 0/1 [00:00<?, ?it/s, epoch=7297]
train:   0%|          | 0/1 [00:00<?, ?it/s, epoch=7298]
train:   0%|          | 0/1 [00:00<?, ?it/s, epoch=7299][[34m2026-03-24 00:32:41[0m] Step 7300 | Loss: 0.029697 | Timing: time/data_load: 0.000s, time/forward: 0.309s, time/loss_compute: 0.013s, time/discriminator: 0.000s, time/backward: 0.391s, time/optimizer: 0.034s, time/total_step: 0.754s
train:   0%|          | 0/1 [00:01<?, ?it/s, all=0.03, nll=0.02, nll_rec=0.01, nll_per=0.01, kl=0.01, gen=0.00, gen_w=0.00, disc=0.00, debug=0.00]
train:   0%|          | 0/1 [00:00<?, ?it/s, epoch=7300]
train:   0%|          | 0/1 [00:00<?, ?it/s, epoch=7301]
train:   0%|          | 0/1 [00:00<?, ?it/s, epoch=7302]
train:   0%|          | 0/1 [00:00<?, ?it/s, epoch=7303]
train:   0%|          | 0/1 [00:00<?, ?it/s, epoch=7304]
train:   0%|          | 0/1 [00:00<?, ?it/s, epoch=7305]
train:   0%|          | 0/1 [00:00<?, ?it/s, epoch=7306]
train:   0%|          | 0/1 [00:00<?, ?it/s, epoch=7307]
train:   0%|          | 0/1 [00:00<?, ?it/s, epoch=7308]
train:   0%|          | 0/1 [00:00<?, ?it/s, epoch=7309]
train:   0%|          | 0/1 [00:00<?, ?it/s, epoch=7310]
train:   0%|          | 0/1 [00:00<?, ?it/s, epoch=7311]
train:   0%|          | 0/1 [00:00<?, ?it/s, epoch=7312]
train:   0%|          | 0/1 [00:00<?, ?it/s, epoch=7313]
train:   0%|          | 0/1 [00:00<?, ?it/s, epoch=7314]
train:   0%|          | 0/1 [00:00<?, ?it/s, epoch=7315]
train:   0%|          | 0/1 [00:00<?, ?it/s, epoch=7316]
train:   0%|          | 0/1 [00:00<?, ?it/s, epoch=7317]
train:   0%|          | 0/1 [00:00<?, ?it/s, epoch=7318]
train:   0%|          | 0/1 [00:00<?, ?it/s, epoch=7319]
train:   0%|          | 0/1 [00:00<?, ?it/s, epoch=7320]
train:   0%|          | 0/1 [00:00<?, ?it/s, epoch=7321]
train:   0%|          | 0/1 [00:00<?, ?it/s, epoch=7322]
train:   0%|          | 0/1 [00:00<?, ?it/s, epoch=7323]
train:   0%|          | 0/1 [00:00<?, ?it/s, epoch=7324]
train:   0%|          | 0/1 [00:00<?, ?it/s, epoch=7325]
train:   0%|          | 0/1 [00:00<?, ?it/s, epoch=7326]
train:   0%|          | 0/1 [00:00<?, ?it/s, epoch=7327]
train:   0%|          | 0/1 [00:00<?, ?it/s, epoch=7328]
train:   0%|          | 0/1 [00:00<?, ?it/s, epoch=7329]
train:   0%|          | 0/1 [00:00<?, ?it/s, epoch=7330]
train:   0%|          | 0/1 [00:00<?, ?it/s, epoch=7331]
train:   0%|          | 0/1 [00:00<?, ?it/s, epoch=7332]
train:   0%|          | 0/1 [00:00<?, ?it/s, epoch=7333]
train:   0%|          | 0/1 [00:00<?, ?it/s, epoch=7334]
train:   0%|          | 0/1 [00:00<?, ?it/s, epoch=7335]
train:   0%|          | 0/1 [00:00<?, ?it/s, epoch=7336]
train:   0%|          | 0/1 [00:00<?, ?it/s, epoch=7337]
train:   0%|          | 0/1 [00:00<?, ?it/s, epoch=7338]
train:   0%|          | 0/1 [00:00<?, ?it/s, epoch=7339]
train:   0%|          | 0/1 [00:00<?, ?it/s, epoch=7340]
train:   0%|          | 0/1 [00:00<?, ?it/s, epoch=7341]
train:   0%|          | 0/1 [00:00<?, ?it/s, epoch=7342]
train:   0%|          | 0/1 [00:00<?, ?it/s, epoch=7343]
train:   0%|          | 0/1 [00:00<?, ?it/s, epoch=7344]
train:   0%|          | 0/1 [00:00<?, ?it/s, epoch=7345]
train:   0%|          | 0/1 [00:00<?, ?it/s, epoch=7346]
train:   0%|          | 0/1 [00:00<?, ?it/s, epoch=7347]
train:   0%|          | 0/1 [00:00<?, ?it/s, epoch=7348]
train:   0%|          | 0/1 [00:00<?, ?it/s, epoch=7349]
train:   0%|          | 0/1 [00:00<?, ?it/s, epoch=7350]
train:   0%|          | 0/1 [00:00<?, ?it/s, epoch=7351]
train:   0%|          | 0/1 [00:00<?, ?it/s, epoch=7352]
train:   0%|          | 0/1 [00:00<?, ?it/s, epoch=7353]
train:   0%|          | 0/1 [00:00<?, ?it/s, epoch=7354]
train:   0%|          | 0/1 [00:00<?, ?it/s, epoch=7355]
train:   0%|          | 0/1 [00:00<?, ?it/s, epoch=7356]
train:   0%|          | 0/1 [00:00<?, ?it/s, epoch=7357]
train:   0%|          | 0/1 [00:00<?, ?it/s, epoch=7358]
train:   0%|          | 0/1 [00:00<?, ?it/s, epoch=7359]
train:   0%|          | 0/1 [00:00<?, ?it/s, epoch=7360]
train:   0%|          | 0/1 [00:00<?, ?it/s, epoch=7361]
train:   0%|          | 0/1 [00:00<?, ?it/s, epoch=7362]
train:   0%|          | 0/1 [00:00<?, ?it/s, epoch=7363]
train:   0%|          | 0/1 [00:00<?, ?it/s, epoch=7364]
train:   0%|          | 0/1 [00:00<?, ?it/s, epoch=7365]
train:   0%|          | 0/1 [00:00<?, ?it/s, epoch=7366]
train:   0%|          | 0/1 [00:00<?, ?it/s, epoch=7367]
train:   0%|          | 0/1 [00:00<?, ?it/s, epoch=7368]
train:   0%|          | 0/1 [00:00<?, ?it/s, epoch=7369]
train:   0%|          | 0/1 [00:00<?, ?it/s, epoch=7370]
train:   0%|          | 0/1 [00:00<?, ?it/s, epoch=7371]
train:   0%|          | 0/1 [00:00<?, ?it/s, epoch=7372]
train:   0%|          | 0/1 [00:00<?, ?it/s, epoch=7373]
train:   0%|          | 0/1 [00:00<?, ?it/s, epoch=7374]
train:   0%|          | 0/1 [00:00<?, ?it/s, epoch=7375]
train:   0%|          | 0/1 [00:00<?, ?it/s, epoch=7376]
train:   0%|          | 0/1 [00:00<?, ?it/s, epoch=7377]
train:   0%|          | 0/1 [00:00<?, ?it/s, epoch=7378]
train:   0%|          | 0/1 [00:00<?, ?it/s, epoch=7379]
train:   0%|          | 0/1 [00:00<?, ?it/s, epoch=7380]
train:   0%|          | 0/1 [00:00<?, ?it/s, epoch=7381]
train:   0%|          | 0/1 [00:00<?, ?it/s, epoch=7382]
train:   0%|          | 0/1 [00:00<?, ?it/s, epoch=7383]
train:   0%|          | 0/1 [00:00<?, ?it/s, epoch=7384]
train:   0%|          | 0/1 [00:00<?, ?it/s, epoch=7385]
train:   0%|          | 0/1 [00:00<?, ?it/s, epoch=7386]
train:   0%|          | 0/1 [00:00<?, ?it/s, epoch=7387]
train:   0%|          | 0/1 [00:00<?, ?it/s, epoch=7388]
train:   0%|          | 0/1 [00:00<?, ?it/s, epoch=7389]
train:   0%|          | 0/1 [00:00<?, ?it/s, epoch=7390]
train:   0%|          | 0/1 [00:00<?, ?it/s, epoch=7391]
train:   0%|          | 0/1 [00:00<?, ?it/s, epoch=7392]
train:   0%|          | 0/1 [00:00<?, ?it/s, epoch=7393]
train:   0%|          | 0/1 [00:00<?, ?it/s, epoch=7394]
train:   0%|          | 0/1 [00:00<?, ?it/s, epoch=7395]
train:   0%|          | 0/1 [00:00<?, ?it/s, epoch=7396]
train:   0%|          | 0/1 [00:00<?, ?it/s, epoch=7397]
train:   0%|          | 0/1 [00:00<?, ?it/s, epoch=7398]
train:   0%|          | 0/1 [00:00<?, ?it/s, epoch=7399][[34m2026-03-24 00:34:09[0m] Step 7400 | Loss: 0.033029 | Timing: time/data_load: 0.000s, time/forward: 0.310s, time/loss_compute: 0.013s, time/discriminator: 0.000s, time/backward: 0.390s, time/optimizer: 0.034s, time/total_step: 0.754s
[BOTTLENECK] step 7400 | total_step 0.754s | time/data_load: 0.000s (0%) | time/forward: 0.310s (41%) | time/loss_compute: 0.013s (2%) | time/backward: 0.390s (52%) | time/optimizer: 0.034s (5%) | time/total_step: 0.754s (100%)
  -> at this rate 1000 steps ≈ 12.6 min
train:   0%|          | 0/1 [00:01<?, ?it/s, all=0.03, nll=0.02, nll_rec=0.02, nll_per=0.01, kl=0.01, gen=0.00, gen_w=0.00, disc=0.00, debug=0.00]
[[34m2026-03-24 00:34:09[0m] Running fixed per-frame evaluation at epoch 7400 (sequence name: EMO-1-shout+laugh)...
train:   0%|          | 0/1 [00:00<?, ?it/s, epoch=7400]
train:   0%|          | 0/1 [00:00<?, ?it/s, epoch=7401]
train:   0%|          | 0/1 [00:00<?, ?it/s, epoch=7402]
train:   0%|          | 0/1 [00:00<?, ?it/s, epoch=7403]
train:   0%|          | 0/1 [00:00<?, ?it/s, epoch=7404]
train:   0%|          | 0/1 [00:00<?, ?it/s, epoch=7405]
train:   0%|          | 0/1 [00:00<?, ?it/s, epoch=7406]
train:   0%|          | 0/1 [00:00<?, ?it/s, epoch=7407]
train:   0%|          | 0/1 [00:00<?, ?it/s, epoch=7408]
train:   0%|          | 0/1 [00:00<?, ?it/s, epoch=7409]
train:   0%|          | 0/1 [00:00<?, ?it/s, epoch=7410]
train:   0%|          | 0/1 [00:00<?, ?it/s, epoch=7411]
train:   0%|          | 0/1 [00:00<?, ?it/s, epoch=7412]
train:   0%|          | 0/1 [00:00<?, ?it/s, epoch=7413]
train:   0%|          | 0/1 [00:00<?, ?it/s, epoch=7414]
train:   0%|          | 0/1 [00:00<?, ?it/s, epoch=7415]
train:   0%|          | 0/1 [00:00<?, ?it/s, epoch=7416]
train:   0%|          | 0/1 [00:00<?, ?it/s, epoch=7417]
train:   0%|          | 0/1 [00:00<?, ?it/s, epoch=7418]
train:   0%|          | 0/1 [00:00<?, ?it/s, epoch=7419]
train:   0%|          | 0/1 [00:00<?, ?it/s, epoch=7420]
train:   0%|          | 0/1 [00:00<?, ?it/s, epoch=7421]
train:   0%|          | 0/1 [00:00<?, ?it/s, epoch=7422]
train:   0%|          | 0/1 [00:00<?, ?it/s, epoch=7423]
train:   0%|          | 0/1 [00:00<?, ?it/s, epoch=7424]
train:   0%|          | 0/1 [00:00<?, ?it/s, epoch=7425]
train:   0%|          | 0/1 [00:00<?, ?it/s, epoch=7426]
train:   0%|          | 0/1 [00:00<?, ?it/s, epoch=7427]
train:   0%|          | 0/1 [00:00<?, ?it/s, epoch=7428]
train:   0%|          | 0/1 [00:00<?, ?it/s, epoch=7429]
train:   0%|          | 0/1 [00:00<?, ?it/s, epoch=7430]
train:   0%|          | 0/1 [00:00<?, ?it/s, epoch=7431]
train:   0%|          | 0/1 [00:00<?, ?it/s, epoch=7432]
train:   0%|          | 0/1 [00:00<?, ?it/s, epoch=7433]
train:   0%|          | 0/1 [00:00<?, ?it/s, epoch=7434]
train:   0%|          | 0/1 [00:00<?, ?it/s, epoch=7435]
train:   0%|          | 0/1 [00:00<?, ?it/s, epoch=7436]
train:   0%|          | 0/1 [00:00<?, ?it/s, epoch=7437]
train:   0%|          | 0/1 [00:00<?, ?it/s, epoch=7438]
train:   0%|          | 0/1 [00:00<?, ?it/s, epoch=7439]
train:   0%|          | 0/1 [00:00<?, ?it/s, epoch=7440]
train:   0%|          | 0/1 [00:00<?, ?it/s, epoch=7441]
train:   0%|          | 0/1 [00:00<?, ?it/s, epoch=7442]
train:   0%|          | 0/1 [00:00<?, ?it/s, epoch=7443]
train:   0%|          | 0/1 [00:00<?, ?it/s, epoch=7444]
train:   0%|          | 0/1 [00:00<?, ?it/s, epoch=7445]
train:   0%|          | 0/1 [00:00<?, ?it/s, epoch=7446]
train:   0%|          | 0/1 [00:00<?, ?it/s, epoch=7447]
train:   0%|          | 0/1 [00:00<?, ?it/s, epoch=7448]
train:   0%|          | 0/1 [00:00<?, ?it/s, epoch=7449]
train:   0%|          | 0/1 [00:00<?, ?it/s, epoch=7450]
train:   0%|          | 0/1 [00:00<?, ?it/s, epoch=7451]
train:   0%|          | 0/1 [00:00<?, ?it/s, epoch=7452]
train:   0%|          | 0/1 [00:00<?, ?it/s, epoch=7453]
train:   0%|          | 0/1 [00:00<?, ?it/s, epoch=7454]
train:   0%|          | 0/1 [00:00<?, ?it/s, epoch=7455]
train:   0%|          | 0/1 [00:00<?, ?it/s, epoch=7456]
train:   0%|          | 0/1 [00:00<?, ?it/s, epoch=7457]
train:   0%|          | 0/1 [00:00<?, ?it/s, epoch=7458]
train:   0%|          | 0/1 [00:00<?, ?it/s, epoch=7459]
train:   0%|          | 0/1 [00:00<?, ?it/s, epoch=7460]
train:   0%|          | 0/1 [00:00<?, ?it/s, epoch=7461]
train:   0%|          | 0/1 [00:00<?, ?it/s, epoch=7462]
train:   0%|          | 0/1 [00:00<?, ?it/s, epoch=7463]
train:   0%|          | 0/1 [00:00<?, ?it/s, epoch=7464]
train:   0%|          | 0/1 [00:00<?, ?it/s, epoch=7465]
train:   0%|          | 0/1 [00:00<?, ?it/s, epoch=7466]
train:   0%|          | 0/1 [00:00<?, ?it/s, epoch=7467]
train:   0%|          | 0/1 [00:00<?, ?it/s, epoch=7468]
train:   0%|          | 0/1 [00:00<?, ?it/s, epoch=7469]
train:   0%|          | 0/1 [00:00<?, ?it/s, epoch=7470]
train:   0%|          | 0/1 [00:00<?, ?it/s, epoch=7471]
train:   0%|          | 0/1 [00:00<?, ?it/s, epoch=7472]
train:   0%|          | 0/1 [00:00<?, ?it/s, epoch=7473]
train:   0%|          | 0/1 [00:00<?, ?it/s, epoch=7474]
train:   0%|          | 0/1 [00:00<?, ?it/s, epoch=7475]
train:   0%|          | 0/1 [00:00<?, ?it/s, epoch=7476]
train:   0%|          | 0/1 [00:00<?, ?it/s, epoch=7477]
train:   0%|          | 0/1 [00:00<?, ?it/s, epoch=7478]
train:   0%|          | 0/1 [00:00<?, ?it/s, epoch=7479]
train:   0%|          | 0/1 [00:00<?, ?it/s, epoch=7480]
train:   0%|          | 0/1 [00:00<?, ?it/s, epoch=7481]
train:   0%|          | 0/1 [00:00<?, ?it/s, epoch=7482]
train:   0%|          | 0/1 [00:00<?, ?it/s, epoch=7483]
train:   0%|          | 0/1 [00:00<?, ?it/s, epoch=7484]
train:   0%|          | 0/1 [00:00<?, ?it/s, epoch=7485]
train:   0%|          | 0/1 [00:00<?, ?it/s, epoch=7486]
train:   0%|          | 0/1 [00:00<?, ?it/s, epoch=7487]
train:   0%|          | 0/1 [00:00<?, ?it/s, epoch=7488]
train:   0%|          | 0/1 [00:00<?, ?it/s, epoch=7489]
train:   0%|          | 0/1 [00:00<?, ?it/s, epoch=7490]
train:   0%|          | 0/1 [00:00<?, ?it/s, epoch=7491]
train:   0%|          | 0/1 [00:00<?, ?it/s, epoch=7492]
train:   0%|          | 0/1 [00:00<?, ?it/s, epoch=7493]
train:   0%|          | 0/1 [00:00<?, ?it/s, epoch=7494]
train:   0%|          | 0/1 [00:00<?, ?it/s, epoch=7495]
train:   0%|          | 0/1 [00:00<?, ?it/s, epoch=7496]
train:   0%|          | 0/1 [00:00<?, ?it/s, epoch=7497]
train:   0%|          | 0/1 [00:00<?, ?it/s, epoch=7498]
train:   0%|          | 0/1 [00:00<?, ?it/s, epoch=7499][[34m2026-03-24 00:35:38[0m] Step 7500 | Loss: 0.030280 | Timing: time/data_load: 0.000s, time/forward: 0.309s, time/loss_compute: 0.013s, time/discriminator: 0.000s, time/backward: 0.389s, time/optimizer: 0.034s, time/total_step: 0.752s
train:   0%|          | 0/1 [00:01<?, ?it/s, all=0.03, nll=0.02, nll_rec=0.01, nll_per=0.01, kl=0.01, gen=0.00, gen_w=0.00, disc=0.00, debug=0.00][[34m2026-03-24 00:35:39[0m] The model is going to be split to checkpoint shards. You can find where each parameters has been saved in the index located at model.safetensors.index.json.
[[34m2026-03-24 00:35:41[0m] Saved checkpoint at epoch 7499, step 1, global_step 7500 to outputs/self_attention_rank128/epoch7499-global_step7500
[[34m2026-03-24 00:35:41[0m] Removed old checkpoints and kept 3 latest ones.
train:   0%|          | 0/1 [00:03<?, ?it/s, all=0.03, nll=0.02, nll_rec=0.01, nll_per=0.01, kl=0.01, gen=0.00, gen_w=0.00, disc=0.00, debug=0.00]
train:   0%|          | 0/1 [00:00<?, ?it/s, epoch=7500]
train:   0%|          | 0/1 [00:00<?, ?it/s, epoch=7501]
train:   0%|          | 0/1 [00:00<?, ?it/s, epoch=7502]
train:   0%|          | 0/1 [00:00<?, ?it/s, epoch=7503]
train:   0%|          | 0/1 [00:00<?, ?it/s, epoch=7504]
train:   0%|          | 0/1 [00:00<?, ?it/s, epoch=7505]
train:   0%|          | 0/1 [00:00<?, ?it/s, epoch=7506]
train:   0%|          | 0/1 [00:00<?, ?it/s, epoch=7507]
train:   0%|          | 0/1 [00:00<?, ?it/s, epoch=7508]
train:   0%|          | 0/1 [00:00<?, ?it/s, epoch=7509]
train:   0%|          | 0/1 [00:00<?, ?it/s, epoch=7510]
train:   0%|          | 0/1 [00:00<?, ?it/s, epoch=7511]
train:   0%|          | 0/1 [00:00<?, ?it/s, epoch=7512]
train:   0%|          | 0/1 [00:00<?, ?it/s, epoch=7513]
train:   0%|          | 0/1 [00:00<?, ?it/s, epoch=7514]
train:   0%|          | 0/1 [00:00<?, ?it/s, epoch=7515]
train:   0%|          | 0/1 [00:00<?, ?it/s, epoch=7516]
train:   0%|          | 0/1 [00:00<?, ?it/s, epoch=7517]
train:   0%|          | 0/1 [00:00<?, ?it/s, epoch=7518]
train:   0%|          | 0/1 [00:00<?, ?it/s, epoch=7519]
train:   0%|          | 0/1 [00:00<?, ?it/s, epoch=7520]
train:   0%|          | 0/1 [00:00<?, ?it/s, epoch=7521]
train:   0%|          | 0/1 [00:00<?, ?it/s, epoch=7522]
train:   0%|          | 0/1 [00:00<?, ?it/s, epoch=7523]
train:   0%|          | 0/1 [00:00<?, ?it/s, epoch=7524]
train:   0%|          | 0/1 [00:00<?, ?it/s, epoch=7525]
train:   0%|          | 0/1 [00:00<?, ?it/s, epoch=7526]
train:   0%|          | 0/1 [00:00<?, ?it/s, epoch=7527]
train:   0%|          | 0/1 [00:00<?, ?it/s, epoch=7528]
train:   0%|          | 0/1 [00:00<?, ?it/s, epoch=7529]
train:   0%|          | 0/1 [00:00<?, ?it/s, epoch=7530]
train:   0%|          | 0/1 [00:00<?, ?it/s, epoch=7531]
train:   0%|          | 0/1 [00:00<?, ?it/s, epoch=7532]
train:   0%|          | 0/1 [00:00<?, ?it/s, epoch=7533]
train:   0%|          | 0/1 [00:00<?, ?it/s, epoch=7534]
train:   0%|          | 0/1 [00:00<?, ?it/s, epoch=7535]
train:   0%|          | 0/1 [00:00<?, ?it/s, epoch=7536]
train:   0%|          | 0/1 [00:00<?, ?it/s, epoch=7537]
train:   0%|          | 0/1 [00:00<?, ?it/s, epoch=7538]
train:   0%|          | 0/1 [00:00<?, ?it/s, epoch=7539]
train:   0%|          | 0/1 [00:00<?, ?it/s, epoch=7540]
train:   0%|          | 0/1 [00:00<?, ?it/s, epoch=7541]
train:   0%|          | 0/1 [00:00<?, ?it/s, epoch=7542]
train:   0%|          | 0/1 [00:00<?, ?it/s, epoch=7543]
train:   0%|          | 0/1 [00:00<?, ?it/s, epoch=7544]
train:   0%|          | 0/1 [00:00<?, ?it/s, epoch=7545]
train:   0%|          | 0/1 [00:00<?, ?it/s, epoch=7546]
train:   0%|          | 0/1 [00:00<?, ?it/s, epoch=7547]
train:   0%|          | 0/1 [00:00<?, ?it/s, epoch=7548]
train:   0%|          | 0/1 [00:00<?, ?it/s, epoch=7549]
train:   0%|          | 0/1 [00:00<?, ?it/s, epoch=7550]
train:   0%|          | 0/1 [00:00<?, ?it/s, epoch=7551]
train:   0%|          | 0/1 [00:00<?, ?it/s, epoch=7552]
train:   0%|          | 0/1 [00:00<?, ?it/s, epoch=7553]
train:   0%|          | 0/1 [00:00<?, ?it/s, epoch=7554]
train:   0%|          | 0/1 [00:00<?, ?it/s, epoch=7555]
train:   0%|          | 0/1 [00:00<?, ?it/s, epoch=7556]
train:   0%|          | 0/1 [00:00<?, ?it/s, epoch=7557]
train:   0%|          | 0/1 [00:00<?, ?it/s, epoch=7558]
train:   0%|          | 0/1 [00:00<?, ?it/s, epoch=7559]
train:   0%|          | 0/1 [00:00<?, ?it/s, epoch=7560]
train:   0%|          | 0/1 [00:00<?, ?it/s, epoch=7561]
train:   0%|          | 0/1 [00:00<?, ?it/s, epoch=7562]
train:   0%|          | 0/1 [00:00<?, ?it/s, epoch=7563]
train:   0%|          | 0/1 [00:00<?, ?it/s, epoch=7564]
train:   0%|          | 0/1 [00:00<?, ?it/s, epoch=7565]
train:   0%|          | 0/1 [00:00<?, ?it/s, epoch=7566]
train:   0%|          | 0/1 [00:00<?, ?it/s, epoch=7567]
train:   0%|          | 0/1 [00:00<?, ?it/s, epoch=7568]
train:   0%|          | 0/1 [00:00<?, ?it/s, epoch=7569]
train:   0%|          | 0/1 [00:00<?, ?it/s, epoch=7570]
train:   0%|          | 0/1 [00:00<?, ?it/s, epoch=7571]
train:   0%|          | 0/1 [00:00<?, ?it/s, epoch=7572]
train:   0%|          | 0/1 [00:00<?, ?it/s, epoch=7573]
train:   0%|          | 0/1 [00:00<?, ?it/s, epoch=7574]
train:   0%|          | 0/1 [00:00<?, ?it/s, epoch=7575]
train:   0%|          | 0/1 [00:00<?, ?it/s, epoch=7576]
train:   0%|          | 0/1 [00:00<?, ?it/s, epoch=7577]
train:   0%|          | 0/1 [00:00<?, ?it/s, epoch=7578]
train:   0%|          | 0/1 [00:00<?, ?it/s, epoch=7579]
train:   0%|          | 0/1 [00:00<?, ?it/s, epoch=7580]
train:   0%|          | 0/1 [00:00<?, ?it/s, epoch=7581]
train:   0%|          | 0/1 [00:00<?, ?it/s, epoch=7582]
train:   0%|          | 0/1 [00:00<?, ?it/s, epoch=7583]
train:   0%|          | 0/1 [00:00<?, ?it/s, epoch=7584]
train:   0%|          | 0/1 [00:00<?, ?it/s, epoch=7585]
train:   0%|          | 0/1 [00:00<?, ?it/s, epoch=7586]
train:   0%|          | 0/1 [00:00<?, ?it/s, epoch=7587]
train:   0%|          | 0/1 [00:00<?, ?it/s, epoch=7588]
train:   0%|          | 0/1 [00:00<?, ?it/s, epoch=7589]
train:   0%|          | 0/1 [00:00<?, ?it/s, epoch=7590]
train:   0%|          | 0/1 [00:00<?, ?it/s, epoch=7591]
train:   0%|          | 0/1 [00:00<?, ?it/s, epoch=7592]
train:   0%|          | 0/1 [00:00<?, ?it/s, epoch=7593]
train:   0%|          | 0/1 [00:00<?, ?it/s, epoch=7594]
train:   0%|          | 0/1 [00:00<?, ?it/s, epoch=7595]
train:   0%|          | 0/1 [00:00<?, ?it/s, epoch=7596]
train:   0%|          | 0/1 [00:00<?, ?it/s, epoch=7597]
train:   0%|          | 0/1 [00:00<?, ?it/s, epoch=7598]
train:   0%|          | 0/1 [00:00<?, ?it/s, epoch=7599][[34m2026-03-24 00:37:11[0m] Step 7600 | Loss: 0.030399 | Timing: time/data_load: 0.000s, time/forward: 0.310s, time/loss_compute: 0.013s, time/discriminator: 0.000s, time/backward: 0.391s, time/optimizer: 0.034s, time/total_step: 0.755s
[BOTTLENECK] step 7600 | total_step 0.755s | time/data_load: 0.000s (0%) | time/forward: 0.310s (41%) | time/loss_compute: 0.013s (2%) | time/backward: 0.391s (52%) | time/optimizer: 0.034s (5%) | time/total_step: 0.755s (100%)
  -> at this rate 1000 steps ≈ 12.6 min
train:   0%|          | 0/1 [00:01<?, ?it/s, all=0.03, nll=0.02, nll_rec=0.01, nll_per=0.01, kl=0.01, gen=0.00, gen_w=0.00, disc=0.00, debug=0.00]
[[34m2026-03-24 00:37:11[0m] Running fixed per-frame evaluation at epoch 7600 (sequence name: EMO-1-shout+laugh)...
train:   0%|          | 0/1 [00:00<?, ?it/s, epoch=7600]
train:   0%|          | 0/1 [00:00<?, ?it/s, epoch=7601]
train:   0%|          | 0/1 [00:00<?, ?it/s, epoch=7602]
train:   0%|          | 0/1 [00:00<?, ?it/s, epoch=7603]
train:   0%|          | 0/1 [00:00<?, ?it/s, epoch=7604]
train:   0%|          | 0/1 [00:00<?, ?it/s, epoch=7605]
train:   0%|          | 0/1 [00:00<?, ?it/s, epoch=7606]
train:   0%|          | 0/1 [00:00<?, ?it/s, epoch=7607]
train:   0%|          | 0/1 [00:00<?, ?it/s, epoch=7608]
train:   0%|          | 0/1 [00:00<?, ?it/s, epoch=7609]
train:   0%|          | 0/1 [00:00<?, ?it/s, epoch=7610]
train:   0%|          | 0/1 [00:00<?, ?it/s, epoch=7611]
train:   0%|          | 0/1 [00:00<?, ?it/s, epoch=7612]
train:   0%|          | 0/1 [00:00<?, ?it/s, epoch=7613]
train:   0%|          | 0/1 [00:00<?, ?it/s, epoch=7614]
train:   0%|          | 0/1 [00:00<?, ?it/s, epoch=7615]
train:   0%|          | 0/1 [00:00<?, ?it/s, epoch=7616]
train:   0%|          | 0/1 [00:00<?, ?it/s, epoch=7617]
train:   0%|          | 0/1 [00:00<?, ?it/s, epoch=7618]
train:   0%|          | 0/1 [00:00<?, ?it/s, epoch=7619]
train:   0%|          | 0/1 [00:00<?, ?it/s, epoch=7620]
train:   0%|          | 0/1 [00:00<?, ?it/s, epoch=7621]
train:   0%|          | 0/1 [00:00<?, ?it/s, epoch=7622]
train:   0%|          | 0/1 [00:00<?, ?it/s, epoch=7623]
train:   0%|          | 0/1 [00:00<?, ?it/s, epoch=7624]
train:   0%|          | 0/1 [00:00<?, ?it/s, epoch=7625]
train:   0%|          | 0/1 [00:00<?, ?it/s, epoch=7626]
train:   0%|          | 0/1 [00:00<?, ?it/s, epoch=7627]
train:   0%|          | 0/1 [00:00<?, ?it/s, epoch=7628]
train:   0%|          | 0/1 [00:00<?, ?it/s, epoch=7629]
train:   0%|          | 0/1 [00:00<?, ?it/s, epoch=7630]
train:   0%|          | 0/1 [00:00<?, ?it/s, epoch=7631]
train:   0%|          | 0/1 [00:00<?, ?it/s, epoch=7632]
train:   0%|          | 0/1 [00:00<?, ?it/s, epoch=7633]
train:   0%|          | 0/1 [00:00<?, ?it/s, epoch=7634]
train:   0%|          | 0/1 [00:00<?, ?it/s, epoch=7635]
train:   0%|          | 0/1 [00:00<?, ?it/s, epoch=7636]
train:   0%|          | 0/1 [00:00<?, ?it/s, epoch=7637]
train:   0%|          | 0/1 [00:00<?, ?it/s, epoch=7638]
train:   0%|          | 0/1 [00:00<?, ?it/s, epoch=7639]
train:   0%|          | 0/1 [00:00<?, ?it/s, epoch=7640]
train:   0%|          | 0/1 [00:00<?, ?it/s, epoch=7641]
train:   0%|          | 0/1 [00:00<?, ?it/s, epoch=7642]
train:   0%|          | 0/1 [00:00<?, ?it/s, epoch=7643]
train:   0%|          | 0/1 [00:00<?, ?it/s, epoch=7644]
train:   0%|          | 0/1 [00:00<?, ?it/s, epoch=7645]
train:   0%|          | 0/1 [00:00<?, ?it/s, epoch=7646]
train:   0%|          | 0/1 [00:00<?, ?it/s, epoch=7647]
train:   0%|          | 0/1 [00:00<?, ?it/s, epoch=7648]
train:   0%|          | 0/1 [00:00<?, ?it/s, epoch=7649]
train:   0%|          | 0/1 [00:00<?, ?it/s, epoch=7650]
train:   0%|          | 0/1 [00:00<?, ?it/s, epoch=7651]
train:   0%|          | 0/1 [00:00<?, ?it/s, epoch=7652]
train:   0%|          | 0/1 [00:00<?, ?it/s, epoch=7653]
train:   0%|          | 0/1 [00:00<?, ?it/s, epoch=7654]
train:   0%|          | 0/1 [00:00<?, ?it/s, epoch=7655]
train:   0%|          | 0/1 [00:00<?, ?it/s, epoch=7656]
train:   0%|          | 0/1 [00:00<?, ?it/s, epoch=7657]
train:   0%|          | 0/1 [00:00<?, ?it/s, epoch=7658]
train:   0%|          | 0/1 [00:00<?, ?it/s, epoch=7659]
train:   0%|          | 0/1 [00:00<?, ?it/s, epoch=7660]
train:   0%|          | 0/1 [00:00<?, ?it/s, epoch=7661]
train:   0%|          | 0/1 [00:00<?, ?it/s, epoch=7662]
train:   0%|          | 0/1 [00:00<?, ?it/s, epoch=7663]
train:   0%|          | 0/1 [00:00<?, ?it/s, epoch=7664]
train:   0%|          | 0/1 [00:00<?, ?it/s, epoch=7665]
train:   0%|          | 0/1 [00:00<?, ?it/s, epoch=7666]
train:   0%|          | 0/1 [00:00<?, ?it/s, epoch=7667]
train:   0%|          | 0/1 [00:00<?, ?it/s, epoch=7668]
train:   0%|          | 0/1 [00:00<?, ?it/s, epoch=7669]
train:   0%|          | 0/1 [00:00<?, ?it/s, epoch=7670]
train:   0%|          | 0/1 [00:00<?, ?it/s, epoch=7671]
train:   0%|          | 0/1 [00:00<?, ?it/s, epoch=7672]
train:   0%|          | 0/1 [00:00<?, ?it/s, epoch=7673]
train:   0%|          | 0/1 [00:00<?, ?it/s, epoch=7674]
train:   0%|          | 0/1 [00:00<?, ?it/s, epoch=7675]
train:   0%|          | 0/1 [00:00<?, ?it/s, epoch=7676]
train:   0%|          | 0/1 [00:00<?, ?it/s, epoch=7677]
train:   0%|          | 0/1 [00:00<?, ?it/s, epoch=7678]
train:   0%|          | 0/1 [00:00<?, ?it/s, epoch=7679]
train:   0%|          | 0/1 [00:00<?, ?it/s, epoch=7680]
train:   0%|          | 0/1 [00:00<?, ?it/s, epoch=7681]
train:   0%|          | 0/1 [00:00<?, ?it/s, epoch=7682]
train:   0%|          | 0/1 [00:00<?, ?it/s, epoch=7683]
train:   0%|          | 0/1 [00:00<?, ?it/s, epoch=7684]
train:   0%|          | 0/1 [00:00<?, ?it/s, epoch=7685]
train:   0%|          | 0/1 [00:00<?, ?it/s, epoch=7686]
train:   0%|          | 0/1 [00:00<?, ?it/s, epoch=7687]
train:   0%|          | 0/1 [00:00<?, ?it/s, epoch=7688]
train:   0%|          | 0/1 [00:00<?, ?it/s, epoch=7689]
train:   0%|          | 0/1 [00:00<?, ?it/s, epoch=7690]
train:   0%|          | 0/1 [00:00<?, ?it/s, epoch=7691]
train:   0%|          | 0/1 [00:00<?, ?it/s, epoch=7692]
train:   0%|          | 0/1 [00:00<?, ?it/s, epoch=7693]
train:   0%|          | 0/1 [00:00<?, ?it/s, epoch=7694]
train:   0%|          | 0/1 [00:00<?, ?it/s, epoch=7695]
train:   0%|          | 0/1 [00:00<?, ?it/s, epoch=7696]
train:   0%|          | 0/1 [00:00<?, ?it/s, epoch=7697]
train:   0%|          | 0/1 [00:00<?, ?it/s, epoch=7698]
train:   0%|          | 0/1 [00:00<?, ?it/s, epoch=7699][[34m2026-03-24 00:38:40[0m] Step 7700 | Loss: 0.031177 | Timing: time/data_load: 0.000s, time/forward: 0.310s, time/loss_compute: 0.013s, time/discriminator: 0.000s, time/backward: 0.390s, time/optimizer: 0.034s, time/total_step: 0.753s
train:   0%|          | 0/1 [00:01<?, ?it/s, all=0.03, nll=0.02, nll_rec=0.01, nll_per=0.01, kl=0.01, gen=0.00, gen_w=0.00, disc=0.00, debug=0.00]
train:   0%|          | 0/1 [00:00<?, ?it/s, epoch=7700]
train:   0%|          | 0/1 [00:00<?, ?it/s, epoch=7701]
train:   0%|          | 0/1 [00:00<?, ?it/s, epoch=7702]
train:   0%|          | 0/1 [00:00<?, ?it/s, epoch=7703]
train:   0%|          | 0/1 [00:00<?, ?it/s, epoch=7704]
train:   0%|          | 0/1 [00:00<?, ?it/s, epoch=7705]
train:   0%|          | 0/1 [00:00<?, ?it/s, epoch=7706]
train:   0%|          | 0/1 [00:00<?, ?it/s, epoch=7707]
train:   0%|          | 0/1 [00:00<?, ?it/s, epoch=7708]
train:   0%|          | 0/1 [00:00<?, ?it/s, epoch=7709]
train:   0%|          | 0/1 [00:00<?, ?it/s, epoch=7710]
train:   0%|          | 0/1 [00:00<?, ?it/s, epoch=7711]
train:   0%|          | 0/1 [00:00<?, ?it/s, epoch=7712]
train:   0%|          | 0/1 [00:00<?, ?it/s, epoch=7713]
train:   0%|          | 0/1 [00:00<?, ?it/s, epoch=7714]
train:   0%|          | 0/1 [00:00<?, ?it/s, epoch=7715]
train:   0%|          | 0/1 [00:00<?, ?it/s, epoch=7716]
train:   0%|          | 0/1 [00:00<?, ?it/s, epoch=7717]
train:   0%|          | 0/1 [00:00<?, ?it/s, epoch=7718]
train:   0%|          | 0/1 [00:00<?, ?it/s, epoch=7719]
train:   0%|          | 0/1 [00:00<?, ?it/s, epoch=7720]
train:   0%|          | 0/1 [00:00<?, ?it/s, epoch=7721]
train:   0%|          | 0/1 [00:00<?, ?it/s, epoch=7722]
train:   0%|          | 0/1 [00:00<?, ?it/s, epoch=7723]
train:   0%|          | 0/1 [00:00<?, ?it/s, epoch=7724]
train:   0%|          | 0/1 [00:00<?, ?it/s, epoch=7725]
train:   0%|          | 0/1 [00:00<?, ?it/s, epoch=7726]
train:   0%|          | 0/1 [00:00<?, ?it/s, epoch=7727]
train:   0%|          | 0/1 [00:00<?, ?it/s, epoch=7728]
train:   0%|          | 0/1 [00:00<?, ?it/s, epoch=7729]
train:   0%|          | 0/1 [00:00<?, ?it/s, epoch=7730]
train:   0%|          | 0/1 [00:00<?, ?it/s, epoch=7731]
train:   0%|          | 0/1 [00:00<?, ?it/s, epoch=7732]
train:   0%|          | 0/1 [00:00<?, ?it/s, epoch=7733]
train:   0%|          | 0/1 [00:00<?, ?it/s, epoch=7734]
train:   0%|          | 0/1 [00:00<?, ?it/s, epoch=7735]
train:   0%|          | 0/1 [00:00<?, ?it/s, epoch=7736]
train:   0%|          | 0/1 [00:00<?, ?it/s, epoch=7737]
train:   0%|          | 0/1 [00:00<?, ?it/s, epoch=7738]
train:   0%|          | 0/1 [00:00<?, ?it/s, epoch=7739]
train:   0%|          | 0/1 [00:00<?, ?it/s, epoch=7740]
train:   0%|          | 0/1 [00:00<?, ?it/s, epoch=7741]
train:   0%|          | 0/1 [00:00<?, ?it/s, epoch=7742]
train:   0%|          | 0/1 [00:00<?, ?it/s, epoch=7743]
train:   0%|          | 0/1 [00:00<?, ?it/s, epoch=7744]
train:   0%|          | 0/1 [00:00<?, ?it/s, epoch=7745]
train:   0%|          | 0/1 [00:00<?, ?it/s, epoch=7746]
train:   0%|          | 0/1 [00:00<?, ?it/s, epoch=7747]
train:   0%|          | 0/1 [00:00<?, ?it/s, epoch=7748]
train:   0%|          | 0/1 [00:00<?, ?it/s, epoch=7749]
train:   0%|          | 0/1 [00:00<?, ?it/s, epoch=7750]
train:   0%|          | 0/1 [00:00<?, ?it/s, epoch=7751]
train:   0%|          | 0/1 [00:00<?, ?it/s, epoch=7752]
train:   0%|          | 0/1 [00:00<?, ?it/s, epoch=7753]
train:   0%|          | 0/1 [00:00<?, ?it/s, epoch=7754]
train:   0%|          | 0/1 [00:00<?, ?it/s, epoch=7755]
train:   0%|          | 0/1 [00:00<?, ?it/s, epoch=7756]
train:   0%|          | 0/1 [00:00<?, ?it/s, epoch=7757]
train:   0%|          | 0/1 [00:00<?, ?it/s, epoch=7758]
train:   0%|          | 0/1 [00:00<?, ?it/s, epoch=7759]
train:   0%|          | 0/1 [00:00<?, ?it/s, epoch=7760]
train:   0%|          | 0/1 [00:00<?, ?it/s, epoch=7761]
train:   0%|          | 0/1 [00:00<?, ?it/s, epoch=7762]
train:   0%|          | 0/1 [00:00<?, ?it/s, epoch=7763]
train:   0%|          | 0/1 [00:00<?, ?it/s, epoch=7764]
train:   0%|          | 0/1 [00:00<?, ?it/s, epoch=7765]
train:   0%|          | 0/1 [00:00<?, ?it/s, epoch=7766]
train:   0%|          | 0/1 [00:00<?, ?it/s, epoch=7767]
train:   0%|          | 0/1 [00:00<?, ?it/s, epoch=7768]
train:   0%|          | 0/1 [00:00<?, ?it/s, epoch=7769]
train:   0%|          | 0/1 [00:00<?, ?it/s, epoch=7770]
train:   0%|          | 0/1 [00:00<?, ?it/s, epoch=7771]
train:   0%|          | 0/1 [00:00<?, ?it/s, epoch=7772]
train:   0%|          | 0/1 [00:00<?, ?it/s, epoch=7773]
train:   0%|          | 0/1 [00:00<?, ?it/s, epoch=7774]
train:   0%|          | 0/1 [00:00<?, ?it/s, epoch=7775]
train:   0%|          | 0/1 [00:00<?, ?it/s, epoch=7776]
train:   0%|          | 0/1 [00:00<?, ?it/s, epoch=7777]
train:   0%|          | 0/1 [00:00<?, ?it/s, epoch=7778]
train:   0%|          | 0/1 [00:00<?, ?it/s, epoch=7779]
train:   0%|          | 0/1 [00:00<?, ?it/s, epoch=7780]
train:   0%|          | 0/1 [00:00<?, ?it/s, epoch=7781]
train:   0%|          | 0/1 [00:00<?, ?it/s, epoch=7782]
train:   0%|          | 0/1 [00:00<?, ?it/s, epoch=7783]
train:   0%|          | 0/1 [00:00<?, ?it/s, epoch=7784]
train:   0%|          | 0/1 [00:00<?, ?it/s, epoch=7785]
train:   0%|          | 0/1 [00:00<?, ?it/s, epoch=7786]
train:   0%|          | 0/1 [00:00<?, ?it/s, epoch=7787]
train:   0%|          | 0/1 [00:00<?, ?it/s, epoch=7788]
train:   0%|          | 0/1 [00:00<?, ?it/s, epoch=7789]
train:   0%|          | 0/1 [00:00<?, ?it/s, epoch=7790]
train:   0%|          | 0/1 [00:00<?, ?it/s, epoch=7791]
train:   0%|          | 0/1 [00:00<?, ?it/s, epoch=7792]
train:   0%|          | 0/1 [00:00<?, ?it/s, epoch=7793]
train:   0%|          | 0/1 [00:00<?, ?it/s, epoch=7794]
train:   0%|          | 0/1 [00:00<?, ?it/s, epoch=7795]
train:   0%|          | 0/1 [00:00<?, ?it/s, epoch=7796]
train:   0%|          | 0/1 [00:00<?, ?it/s, epoch=7797]
train:   0%|          | 0/1 [00:00<?, ?it/s, epoch=7798]
train:   0%|          | 0/1 [00:00<?, ?it/s, epoch=7799][[34m2026-03-24 00:40:09[0m] Step 7800 | Loss: 0.031843 | Timing: time/data_load: 0.000s, time/forward: 0.310s, time/loss_compute: 0.013s, time/discriminator: 0.000s, time/backward: 0.390s, time/optimizer: 0.034s, time/total_step: 0.755s
[BOTTLENECK] step 7800 | total_step 0.755s | time/data_load: 0.000s (0%) | time/forward: 0.310s (41%) | time/loss_compute: 0.013s (2%) | time/backward: 0.390s (52%) | time/optimizer: 0.034s (5%) | time/total_step: 0.755s (100%)
  -> at this rate 1000 steps ≈ 12.6 min
train:   0%|          | 0/1 [00:01<?, ?it/s, all=0.03, nll=0.02, nll_rec=0.01, nll_per=0.01, kl=0.01, gen=0.00, gen_w=0.00, disc=0.00, debug=0.00]
[[34m2026-03-24 00:40:09[0m] Running fixed per-frame evaluation at epoch 7800 (sequence name: EMO-1-shout+laugh)...
train:   0%|          | 0/1 [00:00<?, ?it/s, epoch=7800]
train:   0%|          | 0/1 [00:00<?, ?it/s, epoch=7801]
train:   0%|          | 0/1 [00:00<?, ?it/s, epoch=7802]
train:   0%|          | 0/1 [00:00<?, ?it/s, epoch=7803]
train:   0%|          | 0/1 [00:00<?, ?it/s, epoch=7804]
train:   0%|          | 0/1 [00:00<?, ?it/s, epoch=7805]
train:   0%|          | 0/1 [00:00<?, ?it/s, epoch=7806]
train:   0%|          | 0/1 [00:00<?, ?it/s, epoch=7807]
train:   0%|          | 0/1 [00:00<?, ?it/s, epoch=7808]
train:   0%|          | 0/1 [00:00<?, ?it/s, epoch=7809]
train:   0%|          | 0/1 [00:00<?, ?it/s, epoch=7810]
train:   0%|          | 0/1 [00:00<?, ?it/s, epoch=7811]
train:   0%|          | 0/1 [00:00<?, ?it/s, epoch=7812]
train:   0%|          | 0/1 [00:00<?, ?it/s, epoch=7813]
train:   0%|          | 0/1 [00:00<?, ?it/s, epoch=7814]
train:   0%|          | 0/1 [00:00<?, ?it/s, epoch=7815]
train:   0%|          | 0/1 [00:00<?, ?it/s, epoch=7816]
train:   0%|          | 0/1 [00:00<?, ?it/s, epoch=7817]
train:   0%|          | 0/1 [00:00<?, ?it/s, epoch=7818]
train:   0%|          | 0/1 [00:00<?, ?it/s, epoch=7819]
train:   0%|          | 0/1 [00:00<?, ?it/s, epoch=7820]
train:   0%|          | 0/1 [00:00<?, ?it/s, epoch=7821]
train:   0%|          | 0/1 [00:00<?, ?it/s, epoch=7822]
train:   0%|          | 0/1 [00:00<?, ?it/s, epoch=7823]
train:   0%|          | 0/1 [00:00<?, ?it/s, epoch=7824]
train:   0%|          | 0/1 [00:00<?, ?it/s, epoch=7825]
train:   0%|          | 0/1 [00:00<?, ?it/s, epoch=7826]
train:   0%|          | 0/1 [00:00<?, ?it/s, epoch=7827]
train:   0%|          | 0/1 [00:00<?, ?it/s, epoch=7828]
train:   0%|          | 0/1 [00:00<?, ?it/s, epoch=7829]
train:   0%|          | 0/1 [00:00<?, ?it/s, epoch=7830]
train:   0%|          | 0/1 [00:00<?, ?it/s, epoch=7831]
train:   0%|          | 0/1 [00:00<?, ?it/s, epoch=7832]
train:   0%|          | 0/1 [00:00<?, ?it/s, epoch=7833]
train:   0%|          | 0/1 [00:00<?, ?it/s, epoch=7834]
train:   0%|          | 0/1 [00:00<?, ?it/s, epoch=7835]
train:   0%|          | 0/1 [00:00<?, ?it/s, epoch=7836]
train:   0%|          | 0/1 [00:00<?, ?it/s, epoch=7837]
train:   0%|          | 0/1 [00:00<?, ?it/s, epoch=7838]
train:   0%|          | 0/1 [00:00<?, ?it/s, epoch=7839]
train:   0%|          | 0/1 [00:00<?, ?it/s, epoch=7840]
train:   0%|          | 0/1 [00:00<?, ?it/s, epoch=7841]
train:   0%|          | 0/1 [00:00<?, ?it/s, epoch=7842]
train:   0%|          | 0/1 [00:00<?, ?it/s, epoch=7843]
train:   0%|          | 0/1 [00:00<?, ?it/s, epoch=7844]
train:   0%|          | 0/1 [00:00<?, ?it/s, epoch=7845]
train:   0%|          | 0/1 [00:00<?, ?it/s, epoch=7846]
train:   0%|          | 0/1 [00:00<?, ?it/s, epoch=7847]
train:   0%|          | 0/1 [00:00<?, ?it/s, epoch=7848]
train:   0%|          | 0/1 [00:00<?, ?it/s, epoch=7849]
train:   0%|          | 0/1 [00:00<?, ?it/s, epoch=7850]
train:   0%|          | 0/1 [00:00<?, ?it/s, epoch=7851]
train:   0%|          | 0/1 [00:00<?, ?it/s, epoch=7852]
train:   0%|          | 0/1 [00:00<?, ?it/s, epoch=7853]
train:   0%|          | 0/1 [00:00<?, ?it/s, epoch=7854]
train:   0%|          | 0/1 [00:00<?, ?it/s, epoch=7855]
train:   0%|          | 0/1 [00:00<?, ?it/s, epoch=7856]
train:   0%|          | 0/1 [00:00<?, ?it/s, epoch=7857]
train:   0%|          | 0/1 [00:00<?, ?it/s, epoch=7858]
train:   0%|          | 0/1 [00:00<?, ?it/s, epoch=7859]
train:   0%|          | 0/1 [00:00<?, ?it/s, epoch=7860]
train:   0%|          | 0/1 [00:00<?, ?it/s, epoch=7861]
train:   0%|          | 0/1 [00:00<?, ?it/s, epoch=7862]
train:   0%|          | 0/1 [00:00<?, ?it/s, epoch=7863]
train:   0%|          | 0/1 [00:00<?, ?it/s, epoch=7864]
train:   0%|          | 0/1 [00:00<?, ?it/s, epoch=7865]
train:   0%|          | 0/1 [00:00<?, ?it/s, epoch=7866]
train:   0%|          | 0/1 [00:00<?, ?it/s, epoch=7867]
train:   0%|          | 0/1 [00:00<?, ?it/s, epoch=7868]
train:   0%|          | 0/1 [00:00<?, ?it/s, epoch=7869]
train:   0%|          | 0/1 [00:00<?, ?it/s, epoch=7870]
train:   0%|          | 0/1 [00:00<?, ?it/s, epoch=7871]
train:   0%|          | 0/1 [00:00<?, ?it/s, epoch=7872]
train:   0%|          | 0/1 [00:00<?, ?it/s, epoch=7873]
train:   0%|          | 0/1 [00:00<?, ?it/s, epoch=7874]
train:   0%|          | 0/1 [00:00<?, ?it/s, epoch=7875]
train:   0%|          | 0/1 [00:00<?, ?it/s, epoch=7876]
train:   0%|          | 0/1 [00:00<?, ?it/s, epoch=7877]
train:   0%|          | 0/1 [00:00<?, ?it/s, epoch=7878]
train:   0%|          | 0/1 [00:00<?, ?it/s, epoch=7879]
train:   0%|          | 0/1 [00:00<?, ?it/s, epoch=7880]
train:   0%|          | 0/1 [00:00<?, ?it/s, epoch=7881]
train:   0%|          | 0/1 [00:00<?, ?it/s, epoch=7882]
train:   0%|          | 0/1 [00:00<?, ?it/s, epoch=7883]
train:   0%|          | 0/1 [00:00<?, ?it/s, epoch=7884]
train:   0%|          | 0/1 [00:00<?, ?it/s, epoch=7885]
train:   0%|          | 0/1 [00:00<?, ?it/s, epoch=7886]
train:   0%|          | 0/1 [00:00<?, ?it/s, epoch=7887]
train:   0%|          | 0/1 [00:00<?, ?it/s, epoch=7888]
train:   0%|          | 0/1 [00:00<?, ?it/s, epoch=7889]
train:   0%|          | 0/1 [00:00<?, ?it/s, epoch=7890]
train:   0%|          | 0/1 [00:00<?, ?it/s, epoch=7891]
train:   0%|          | 0/1 [00:00<?, ?it/s, epoch=7892]
train:   0%|          | 0/1 [00:00<?, ?it/s, epoch=7893]
train:   0%|          | 0/1 [00:00<?, ?it/s, epoch=7894]
train:   0%|          | 0/1 [00:00<?, ?it/s, epoch=7895]
train:   0%|          | 0/1 [00:00<?, ?it/s, epoch=7896]
train:   0%|          | 0/1 [00:00<?, ?it/s, epoch=7897]
train:   0%|          | 0/1 [00:00<?, ?it/s, epoch=7898]
train:   0%|          | 0/1 [00:00<?, ?it/s, epoch=7899][[34m2026-03-24 00:41:38[0m] Step 7900 | Loss: 0.031399 | Timing: time/data_load: 0.000s, time/forward: 0.310s, time/loss_compute: 0.013s, time/discriminator: 0.000s, time/backward: 0.389s, time/optimizer: 0.034s, time/total_step: 0.754s
train:   0%|          | 0/1 [00:01<?, ?it/s, all=0.03, nll=0.02, nll_rec=0.01, nll_per=0.01, kl=0.01, gen=0.00, gen_w=0.00, disc=0.00, debug=0.00]
train:   0%|          | 0/1 [00:00<?, ?it/s, epoch=7900]
train:   0%|          | 0/1 [00:00<?, ?it/s, epoch=7901]
train:   0%|          | 0/1 [00:00<?, ?it/s, epoch=7902]
train:   0%|          | 0/1 [00:00<?, ?it/s, epoch=7903]
train:   0%|          | 0/1 [00:00<?, ?it/s, epoch=7904]
train:   0%|          | 0/1 [00:00<?, ?it/s, epoch=7905]
train:   0%|          | 0/1 [00:00<?, ?it/s, epoch=7906]
train:   0%|          | 0/1 [00:00<?, ?it/s, epoch=7907]
train:   0%|          | 0/1 [00:00<?, ?it/s, epoch=7908]
train:   0%|          | 0/1 [00:00<?, ?it/s, epoch=7909]
train:   0%|          | 0/1 [00:00<?, ?it/s, epoch=7910]
train:   0%|          | 0/1 [00:00<?, ?it/s, epoch=7911]
train:   0%|          | 0/1 [00:00<?, ?it/s, epoch=7912]
train:   0%|          | 0/1 [00:00<?, ?it/s, epoch=7913]
train:   0%|          | 0/1 [00:00<?, ?it/s, epoch=7914]
train:   0%|          | 0/1 [00:00<?, ?it/s, epoch=7915]
train:   0%|          | 0/1 [00:00<?, ?it/s, epoch=7916]
train:   0%|          | 0/1 [00:00<?, ?it/s, epoch=7917]
train:   0%|          | 0/1 [00:00<?, ?it/s, epoch=7918]
train:   0%|          | 0/1 [00:00<?, ?it/s, epoch=7919]
train:   0%|          | 0/1 [00:00<?, ?it/s, epoch=7920]
train:   0%|          | 0/1 [00:00<?, ?it/s, epoch=7921]
train:   0%|          | 0/1 [00:00<?, ?it/s, epoch=7922]
train:   0%|          | 0/1 [00:00<?, ?it/s, epoch=7923]
train:   0%|          | 0/1 [00:00<?, ?it/s, epoch=7924]
train:   0%|          | 0/1 [00:00<?, ?it/s, epoch=7925]
train:   0%|          | 0/1 [00:00<?, ?it/s, epoch=7926]
train:   0%|          | 0/1 [00:00<?, ?it/s, epoch=7927]
train:   0%|          | 0/1 [00:00<?, ?it/s, epoch=7928]
train:   0%|          | 0/1 [00:00<?, ?it/s, epoch=7929]
train:   0%|          | 0/1 [00:00<?, ?it/s, epoch=7930]
train:   0%|          | 0/1 [00:00<?, ?it/s, epoch=7931]
train:   0%|          | 0/1 [00:00<?, ?it/s, epoch=7932]
train:   0%|          | 0/1 [00:00<?, ?it/s, epoch=7933]
train:   0%|          | 0/1 [00:00<?, ?it/s, epoch=7934]
train:   0%|          | 0/1 [00:00<?, ?it/s, epoch=7935]
train:   0%|          | 0/1 [00:00<?, ?it/s, epoch=7936]
train:   0%|          | 0/1 [00:00<?, ?it/s, epoch=7937]
train:   0%|          | 0/1 [00:00<?, ?it/s, epoch=7938]
train:   0%|          | 0/1 [00:00<?, ?it/s, epoch=7939]
train:   0%|          | 0/1 [00:00<?, ?it/s, epoch=7940]
train:   0%|          | 0/1 [00:00<?, ?it/s, epoch=7941]
train:   0%|          | 0/1 [00:00<?, ?it/s, epoch=7942]
train:   0%|          | 0/1 [00:00<?, ?it/s, epoch=7943]
train:   0%|          | 0/1 [00:00<?, ?it/s, epoch=7944]
train:   0%|          | 0/1 [00:00<?, ?it/s, epoch=7945]
train:   0%|          | 0/1 [00:00<?, ?it/s, epoch=7946]
train:   0%|          | 0/1 [00:00<?, ?it/s, epoch=7947]
train:   0%|          | 0/1 [00:00<?, ?it/s, epoch=7948]
train:   0%|          | 0/1 [00:00<?, ?it/s, epoch=7949]
train:   0%|          | 0/1 [00:00<?, ?it/s, epoch=7950]
train:   0%|          | 0/1 [00:00<?, ?it/s, epoch=7951]
train:   0%|          | 0/1 [00:00<?, ?it/s, epoch=7952]
train:   0%|          | 0/1 [00:00<?, ?it/s, epoch=7953]
train:   0%|          | 0/1 [00:00<?, ?it/s, epoch=7954]
train:   0%|          | 0/1 [00:00<?, ?it/s, epoch=7955]
train:   0%|          | 0/1 [00:00<?, ?it/s, epoch=7956]
train:   0%|          | 0/1 [00:00<?, ?it/s, epoch=7957]
train:   0%|          | 0/1 [00:00<?, ?it/s, epoch=7958]
train:   0%|          | 0/1 [00:00<?, ?it/s, epoch=7959]
train:   0%|          | 0/1 [00:00<?, ?it/s, epoch=7960]
train:   0%|          | 0/1 [00:00<?, ?it/s, epoch=7961]
train:   0%|          | 0/1 [00:00<?, ?it/s, epoch=7962]
train:   0%|          | 0/1 [00:00<?, ?it/s, epoch=7963]
train:   0%|          | 0/1 [00:00<?, ?it/s, epoch=7964]
train:   0%|          | 0/1 [00:00<?, ?it/s, epoch=7965]
train:   0%|          | 0/1 [00:00<?, ?it/s, epoch=7966]
train:   0%|          | 0/1 [00:00<?, ?it/s, epoch=7967]
train:   0%|          | 0/1 [00:00<?, ?it/s, epoch=7968]
train:   0%|          | 0/1 [00:00<?, ?it/s, epoch=7969]
train:   0%|          | 0/1 [00:00<?, ?it/s, epoch=7970]
train:   0%|          | 0/1 [00:00<?, ?it/s, epoch=7971]
train:   0%|          | 0/1 [00:00<?, ?it/s, epoch=7972]
train:   0%|          | 0/1 [00:00<?, ?it/s, epoch=7973]
train:   0%|          | 0/1 [00:00<?, ?it/s, epoch=7974]
train:   0%|          | 0/1 [00:00<?, ?it/s, epoch=7975]
train:   0%|          | 0/1 [00:00<?, ?it/s, epoch=7976]
train:   0%|          | 0/1 [00:00<?, ?it/s, epoch=7977]
train:   0%|          | 0/1 [00:00<?, ?it/s, epoch=7978]
train:   0%|          | 0/1 [00:00<?, ?it/s, epoch=7979]
train:   0%|          | 0/1 [00:00<?, ?it/s, epoch=7980]
train:   0%|          | 0/1 [00:00<?, ?it/s, epoch=7981]
train:   0%|          | 0/1 [00:00<?, ?it/s, epoch=7982]
train:   0%|          | 0/1 [00:00<?, ?it/s, epoch=7983]
train:   0%|          | 0/1 [00:00<?, ?it/s, epoch=7984]
train:   0%|          | 0/1 [00:00<?, ?it/s, epoch=7985]
train:   0%|          | 0/1 [00:00<?, ?it/s, epoch=7986]
train:   0%|          | 0/1 [00:00<?, ?it/s, epoch=7987]
train:   0%|          | 0/1 [00:00<?, ?it/s, epoch=7988]
train:   0%|          | 0/1 [00:00<?, ?it/s, epoch=7989]
train:   0%|          | 0/1 [00:00<?, ?it/s, epoch=7990]
train:   0%|          | 0/1 [00:00<?, ?it/s, epoch=7991]
train:   0%|          | 0/1 [00:00<?, ?it/s, epoch=7992]
train:   0%|          | 0/1 [00:00<?, ?it/s, epoch=7993]
train:   0%|          | 0/1 [00:00<?, ?it/s, epoch=7994]
train:   0%|          | 0/1 [00:00<?, ?it/s, epoch=7995]
train:   0%|          | 0/1 [00:00<?, ?it/s, epoch=7996]
train:   0%|          | 0/1 [00:00<?, ?it/s, epoch=7997]
train:   0%|          | 0/1 [00:00<?, ?it/s, epoch=7998]
train:   0%|          | 0/1 [00:00<?, ?it/s, epoch=7999][[34m2026-03-24 00:43:07[0m] Step 8000 | Loss: 0.031357 | Timing: time/data_load: 0.000s, time/forward: 0.311s, time/loss_compute: 0.013s, time/discriminator: 0.000s, time/backward: 0.390s, time/optimizer: 0.034s, time/total_step: 0.756s
[BOTTLENECK] step 8000 | total_step 0.756s | time/data_load: 0.000s (0%) | time/forward: 0.311s (41%) | time/loss_compute: 0.013s (2%) | time/backward: 0.390s (52%) | time/optimizer: 0.034s (5%) | time/total_step: 0.756s (100%)
  -> at this rate 1000 steps ≈ 12.6 min
train:   0%|          | 0/1 [00:01<?, ?it/s, all=0.03, nll=0.02, nll_rec=0.01, nll_per=0.01, kl=0.01, gen=0.00, gen_w=0.00, disc=0.00, debug=0.00][[34m2026-03-24 00:43:08[0m] The model is going to be split to checkpoint shards. You can find where each parameters has been saved in the index located at model.safetensors.index.json.
[[34m2026-03-24 00:43:09[0m] Saved checkpoint at epoch 7999, step 1, global_step 8000 to outputs/self_attention_rank128/epoch7999-global_step8000
[[34m2026-03-24 00:43:10[0m] Removed old checkpoints and kept 3 latest ones.
[[34m2026-03-24 00:43:10[0m] Running full evaluation at step 8000 (train)...
[[34m2026-03-24 00:43:10[0m] Evaluation (train) - PSNR: 24.62 ± 1.38, SSIM: 0.9883 ± 0.0039, MSE: 0.003654 ± 0.000000
train:   0%|          | 0/1 [00:04<?, ?it/s, all=0.03, nll=0.02, nll_rec=0.01, nll_per=0.01, kl=0.01, gen=0.00, gen_w=0.00, disc=0.00, debug=0.00]
[[34m2026-03-24 00:43:10[0m] Running fixed per-frame evaluation at epoch 8000 (sequence name: EMO-1-shout+laugh)...
train:   0%|          | 0/1 [00:00<?, ?it/s, epoch=8000]
train:   0%|          | 0/1 [00:00<?, ?it/s, epoch=8001]
train:   0%|          | 0/1 [00:00<?, ?it/s, epoch=8002]
train:   0%|          | 0/1 [00:00<?, ?it/s, epoch=8003]
train:   0%|          | 0/1 [00:00<?, ?it/s, epoch=8004]
train:   0%|          | 0/1 [00:00<?, ?it/s, epoch=8005]
train:   0%|          | 0/1 [00:00<?, ?it/s, epoch=8006]
train:   0%|          | 0/1 [00:00<?, ?it/s, epoch=8007]
train:   0%|          | 0/1 [00:00<?, ?it/s, epoch=8008]
train:   0%|          | 0/1 [00:00<?, ?it/s, epoch=8009]
train:   0%|          | 0/1 [00:00<?, ?it/s, epoch=8010]
train:   0%|          | 0/1 [00:00<?, ?it/s, epoch=8011]
train:   0%|          | 0/1 [00:00<?, ?it/s, epoch=8012]
train:   0%|          | 0/1 [00:00<?, ?it/s, epoch=8013]
train:   0%|          | 0/1 [00:00<?, ?it/s, epoch=8014]
train:   0%|          | 0/1 [00:00<?, ?it/s, epoch=8015]
train:   0%|          | 0/1 [00:00<?, ?it/s, epoch=8016]
train:   0%|          | 0/1 [00:00<?, ?it/s, epoch=8017]
train:   0%|          | 0/1 [00:00<?, ?it/s, epoch=8018]
train:   0%|          | 0/1 [00:00<?, ?it/s, epoch=8019]
train:   0%|          | 0/1 [00:00<?, ?it/s, epoch=8020]
train:   0%|          | 0/1 [00:00<?, ?it/s, epoch=8021]
train:   0%|          | 0/1 [00:00<?, ?it/s, epoch=8022]
train:   0%|          | 0/1 [00:00<?, ?it/s, epoch=8023]
train:   0%|          | 0/1 [00:00<?, ?it/s, epoch=8024]
train:   0%|          | 0/1 [00:00<?, ?it/s, epoch=8025]
train:   0%|          | 0/1 [00:00<?, ?it/s, epoch=8026]
train:   0%|          | 0/1 [00:00<?, ?it/s, epoch=8027]
train:   0%|          | 0/1 [00:00<?, ?it/s, epoch=8028]
train:   0%|          | 0/1 [00:00<?, ?it/s, epoch=8029]
train:   0%|          | 0/1 [00:00<?, ?it/s, epoch=8030]
train:   0%|          | 0/1 [00:00<?, ?it/s, epoch=8031]
train:   0%|          | 0/1 [00:00<?, ?it/s, epoch=8032]
train:   0%|          | 0/1 [00:00<?, ?it/s, epoch=8033]
train:   0%|          | 0/1 [00:00<?, ?it/s, epoch=8034]
train:   0%|          | 0/1 [00:00<?, ?it/s, epoch=8035]
train:   0%|          | 0/1 [00:00<?, ?it/s, epoch=8036]
train:   0%|          | 0/1 [00:00<?, ?it/s, epoch=8037]
train:   0%|          | 0/1 [00:00<?, ?it/s, epoch=8038]
train:   0%|          | 0/1 [00:00<?, ?it/s, epoch=8039]
train:   0%|          | 0/1 [00:00<?, ?it/s, epoch=8040]
train:   0%|          | 0/1 [00:00<?, ?it/s, epoch=8041]
train:   0%|          | 0/1 [00:00<?, ?it/s, epoch=8042]
train:   0%|          | 0/1 [00:00<?, ?it/s, epoch=8043]
train:   0%|          | 0/1 [00:00<?, ?it/s, epoch=8044]
train:   0%|          | 0/1 [00:00<?, ?it/s, epoch=8045]
train:   0%|          | 0/1 [00:00<?, ?it/s, epoch=8046]
train:   0%|          | 0/1 [00:00<?, ?it/s, epoch=8047]
train:   0%|          | 0/1 [00:00<?, ?it/s, epoch=8048]
train:   0%|          | 0/1 [00:00<?, ?it/s, epoch=8049]
train:   0%|          | 0/1 [00:00<?, ?it/s, epoch=8050]
train:   0%|          | 0/1 [00:00<?, ?it/s, epoch=8051]
train:   0%|          | 0/1 [00:00<?, ?it/s, epoch=8052]
train:   0%|          | 0/1 [00:00<?, ?it/s, epoch=8053]
train:   0%|          | 0/1 [00:00<?, ?it/s, epoch=8054]
train:   0%|          | 0/1 [00:00<?, ?it/s, epoch=8055]
train:   0%|          | 0/1 [00:00<?, ?it/s, epoch=8056]
train:   0%|          | 0/1 [00:00<?, ?it/s, epoch=8057]
train:   0%|          | 0/1 [00:00<?, ?it/s, epoch=8058]
train:   0%|          | 0/1 [00:00<?, ?it/s, epoch=8059]
train:   0%|          | 0/1 [00:00<?, ?it/s, epoch=8060]
train:   0%|          | 0/1 [00:00<?, ?it/s, epoch=8061]
train:   0%|          | 0/1 [00:00<?, ?it/s, epoch=8062]
train:   0%|          | 0/1 [00:00<?, ?it/s, epoch=8063]
train:   0%|          | 0/1 [00:00<?, ?it/s, epoch=8064]
train:   0%|          | 0/1 [00:00<?, ?it/s, epoch=8065]
train:   0%|          | 0/1 [00:00<?, ?it/s, epoch=8066]
train:   0%|          | 0/1 [00:00<?, ?it/s, epoch=8067]
train:   0%|          | 0/1 [00:00<?, ?it/s, epoch=8068]
train:   0%|          | 0/1 [00:00<?, ?it/s, epoch=8069]
train:   0%|          | 0/1 [00:00<?, ?it/s, epoch=8070]
train:   0%|          | 0/1 [00:00<?, ?it/s, epoch=8071]
train:   0%|          | 0/1 [00:00<?, ?it/s, epoch=8072]
train:   0%|          | 0/1 [00:00<?, ?it/s, epoch=8073]
train:   0%|          | 0/1 [00:00<?, ?it/s, epoch=8074]
train:   0%|          | 0/1 [00:00<?, ?it/s, epoch=8075]
train:   0%|          | 0/1 [00:00<?, ?it/s, epoch=8076]
train:   0%|          | 0/1 [00:00<?, ?it/s, epoch=8077]
train:   0%|          | 0/1 [00:00<?, ?it/s, epoch=8078]
train:   0%|          | 0/1 [00:00<?, ?it/s, epoch=8079]
train:   0%|          | 0/1 [00:00<?, ?it/s, epoch=8080]
train:   0%|          | 0/1 [00:00<?, ?it/s, epoch=8081]
train:   0%|          | 0/1 [00:00<?, ?it/s, epoch=8082]
train:   0%|          | 0/1 [00:00<?, ?it/s, epoch=8083]
train:   0%|          | 0/1 [00:00<?, ?it/s, epoch=8084]
train:   0%|          | 0/1 [00:00<?, ?it/s, epoch=8085]
train:   0%|          | 0/1 [00:00<?, ?it/s, epoch=8086]
train:   0%|          | 0/1 [00:00<?, ?it/s, epoch=8087]
train:   0%|          | 0/1 [00:00<?, ?it/s, epoch=8088]
train:   0%|          | 0/1 [00:00<?, ?it/s, epoch=8089]
train:   0%|          | 0/1 [00:00<?, ?it/s, epoch=8090]
train:   0%|          | 0/1 [00:00<?, ?it/s, epoch=8091]
train:   0%|          | 0/1 [00:00<?, ?it/s, epoch=8092]
train:   0%|          | 0/1 [00:00<?, ?it/s, epoch=8093]
train:   0%|          | 0/1 [00:00<?, ?it/s, epoch=8094]
train:   0%|          | 0/1 [00:00<?, ?it/s, epoch=8095]
train:   0%|          | 0/1 [00:00<?, ?it/s, epoch=8096]
train:   0%|          | 0/1 [00:00<?, ?it/s, epoch=8097]
train:   0%|          | 0/1 [00:00<?, ?it/s, epoch=8098]
train:   0%|          | 0/1 [00:00<?, ?it/s, epoch=8099][[34m2026-03-24 00:44:41[0m] Step 8100 | Loss: 0.032648 | Timing: time/data_load: 0.000s, time/forward: 0.310s, time/loss_compute: 0.013s, time/discriminator: 0.000s, time/backward: 0.390s, time/optimizer: 0.034s, time/total_step: 0.754s
train:   0%|          | 0/1 [00:01<?, ?it/s, all=0.03, nll=0.02, nll_rec=0.01, nll_per=0.01, kl=0.01, gen=0.00, gen_w=0.00, disc=0.00, debug=0.00]
train:   0%|          | 0/1 [00:00<?, ?it/s, epoch=8100]
train:   0%|          | 0/1 [00:00<?, ?it/s, epoch=8101]
train:   0%|          | 0/1 [00:00<?, ?it/s, epoch=8102]
train:   0%|          | 0/1 [00:00<?, ?it/s, epoch=8103]
train:   0%|          | 0/1 [00:00<?, ?it/s, epoch=8104]
train:   0%|          | 0/1 [00:00<?, ?it/s, epoch=8105]
train:   0%|          | 0/1 [00:00<?, ?it/s, epoch=8106]
train:   0%|          | 0/1 [00:00<?, ?it/s, epoch=8107]
train:   0%|          | 0/1 [00:00<?, ?it/s, epoch=8108]
train:   0%|          | 0/1 [00:00<?, ?it/s, epoch=8109]
train:   0%|          | 0/1 [00:00<?, ?it/s, epoch=8110]
train:   0%|          | 0/1 [00:00<?, ?it/s, epoch=8111]
train:   0%|          | 0/1 [00:00<?, ?it/s, epoch=8112]
train:   0%|          | 0/1 [00:00<?, ?it/s, epoch=8113]
train:   0%|          | 0/1 [00:00<?, ?it/s, epoch=8114]
train:   0%|          | 0/1 [00:00<?, ?it/s, epoch=8115]
train:   0%|          | 0/1 [00:00<?, ?it/s, epoch=8116]
train:   0%|          | 0/1 [00:00<?, ?it/s, epoch=8117]
train:   0%|          | 0/1 [00:00<?, ?it/s, epoch=8118]
train:   0%|          | 0/1 [00:00<?, ?it/s, epoch=8119]
train:   0%|          | 0/1 [00:00<?, ?it/s, epoch=8120]
train:   0%|          | 0/1 [00:00<?, ?it/s, epoch=8121]
train:   0%|          | 0/1 [00:00<?, ?it/s, epoch=8122]
train:   0%|          | 0/1 [00:00<?, ?it/s, epoch=8123]
train:   0%|          | 0/1 [00:00<?, ?it/s, epoch=8124]
train:   0%|          | 0/1 [00:00<?, ?it/s, epoch=8125]
train:   0%|          | 0/1 [00:00<?, ?it/s, epoch=8126]
train:   0%|          | 0/1 [00:00<?, ?it/s, epoch=8127]
train:   0%|          | 0/1 [00:00<?, ?it/s, epoch=8128]
train:   0%|          | 0/1 [00:00<?, ?it/s, epoch=8129]
train:   0%|          | 0/1 [00:00<?, ?it/s, epoch=8130]
train:   0%|          | 0/1 [00:00<?, ?it/s, epoch=8131]
train:   0%|          | 0/1 [00:00<?, ?it/s, epoch=8132]
train:   0%|          | 0/1 [00:00<?, ?it/s, epoch=8133]
train:   0%|          | 0/1 [00:00<?, ?it/s, epoch=8134]
train:   0%|          | 0/1 [00:00<?, ?it/s, epoch=8135]
train:   0%|          | 0/1 [00:00<?, ?it/s, epoch=8136]
train:   0%|          | 0/1 [00:00<?, ?it/s, epoch=8137]
train:   0%|          | 0/1 [00:00<?, ?it/s, epoch=8138]
train:   0%|          | 0/1 [00:00<?, ?it/s, epoch=8139]
train:   0%|          | 0/1 [00:00<?, ?it/s, epoch=8140]
train:   0%|          | 0/1 [00:00<?, ?it/s, epoch=8141]
train:   0%|          | 0/1 [00:00<?, ?it/s, epoch=8142]
train:   0%|          | 0/1 [00:00<?, ?it/s, epoch=8143]
train:   0%|          | 0/1 [00:00<?, ?it/s, epoch=8144]
train:   0%|          | 0/1 [00:00<?, ?it/s, epoch=8145]
train:   0%|          | 0/1 [00:00<?, ?it/s, epoch=8146]
train:   0%|          | 0/1 [00:00<?, ?it/s, epoch=8147]
train:   0%|          | 0/1 [00:00<?, ?it/s, epoch=8148]
train:   0%|          | 0/1 [00:00<?, ?it/s, epoch=8149]
train:   0%|          | 0/1 [00:00<?, ?it/s, epoch=8150]
train:   0%|          | 0/1 [00:00<?, ?it/s, epoch=8151]
train:   0%|          | 0/1 [00:00<?, ?it/s, epoch=8152]
train:   0%|          | 0/1 [00:00<?, ?it/s, epoch=8153]
train:   0%|          | 0/1 [00:00<?, ?it/s, epoch=8154]
train:   0%|          | 0/1 [00:00<?, ?it/s, epoch=8155]
train:   0%|          | 0/1 [00:00<?, ?it/s, epoch=8156]
train:   0%|          | 0/1 [00:00<?, ?it/s, epoch=8157]
train:   0%|          | 0/1 [00:00<?, ?it/s, epoch=8158]
train:   0%|          | 0/1 [00:00<?, ?it/s, epoch=8159]
train:   0%|          | 0/1 [00:00<?, ?it/s, epoch=8160]
train:   0%|          | 0/1 [00:00<?, ?it/s, epoch=8161]
train:   0%|          | 0/1 [00:00<?, ?it/s, epoch=8162]
train:   0%|          | 0/1 [00:00<?, ?it/s, epoch=8163]
train:   0%|          | 0/1 [00:00<?, ?it/s, epoch=8164]
train:   0%|          | 0/1 [00:00<?, ?it/s, epoch=8165]
train:   0%|          | 0/1 [00:00<?, ?it/s, epoch=8166]
train:   0%|          | 0/1 [00:00<?, ?it/s, epoch=8167]
train:   0%|          | 0/1 [00:00<?, ?it/s, epoch=8168]
train:   0%|          | 0/1 [00:00<?, ?it/s, epoch=8169]
train:   0%|          | 0/1 [00:00<?, ?it/s, epoch=8170]
train:   0%|          | 0/1 [00:00<?, ?it/s, epoch=8171]
train:   0%|          | 0/1 [00:00<?, ?it/s, epoch=8172]
train:   0%|          | 0/1 [00:00<?, ?it/s, epoch=8173]
train:   0%|          | 0/1 [00:00<?, ?it/s, epoch=8174]
train:   0%|          | 0/1 [00:00<?, ?it/s, epoch=8175]
train:   0%|          | 0/1 [00:00<?, ?it/s, epoch=8176]
train:   0%|          | 0/1 [00:00<?, ?it/s, epoch=8177]
train:   0%|          | 0/1 [00:00<?, ?it/s, epoch=8178]
train:   0%|          | 0/1 [00:00<?, ?it/s, epoch=8179]
train:   0%|          | 0/1 [00:00<?, ?it/s, epoch=8180]
train:   0%|          | 0/1 [00:00<?, ?it/s, epoch=8181]
train:   0%|          | 0/1 [00:00<?, ?it/s, epoch=8182]
train:   0%|          | 0/1 [00:00<?, ?it/s, epoch=8183]
train:   0%|          | 0/1 [00:00<?, ?it/s, epoch=8184]
train:   0%|          | 0/1 [00:00<?, ?it/s, epoch=8185]
train:   0%|          | 0/1 [00:00<?, ?it/s, epoch=8186]
train:   0%|          | 0/1 [00:00<?, ?it/s, epoch=8187]
train:   0%|          | 0/1 [00:00<?, ?it/s, epoch=8188]
train:   0%|          | 0/1 [00:00<?, ?it/s, epoch=8189]
train:   0%|          | 0/1 [00:00<?, ?it/s, epoch=8190]
train:   0%|          | 0/1 [00:00<?, ?it/s, epoch=8191]
train:   0%|          | 0/1 [00:00<?, ?it/s, epoch=8192]
train:   0%|          | 0/1 [00:00<?, ?it/s, epoch=8193]
train:   0%|          | 0/1 [00:00<?, ?it/s, epoch=8194]
train:   0%|          | 0/1 [00:00<?, ?it/s, epoch=8195]
train:   0%|          | 0/1 [00:00<?, ?it/s, epoch=8196]
train:   0%|          | 0/1 [00:00<?, ?it/s, epoch=8197]
train:   0%|          | 0/1 [00:00<?, ?it/s, epoch=8198]
train:   0%|          | 0/1 [00:00<?, ?it/s, epoch=8199][[34m2026-03-24 00:46:11[0m] Step 8200 | Loss: 0.029038 | Timing: time/data_load: 0.000s, time/forward: 0.311s, time/loss_compute: 0.013s, time/discriminator: 0.000s, time/backward: 0.390s, time/optimizer: 0.034s, time/total_step: 0.755s
[BOTTLENECK] step 8200 | total_step 0.755s | time/data_load: 0.000s (0%) | time/forward: 0.311s (41%) | time/loss_compute: 0.013s (2%) | time/backward: 0.390s (52%) | time/optimizer: 0.034s (5%) | time/total_step: 0.755s (100%)
  -> at this rate 1000 steps ≈ 12.6 min
train:   0%|          | 0/1 [00:01<?, ?it/s, all=0.03, nll=0.02, nll_rec=0.01, nll_per=0.01, kl=0.01, gen=0.00, gen_w=0.00, disc=0.00, debug=0.00]
[[34m2026-03-24 00:46:11[0m] Running fixed per-frame evaluation at epoch 8200 (sequence name: EMO-1-shout+laugh)...
train:   0%|          | 0/1 [00:00<?, ?it/s, epoch=8200]
train:   0%|          | 0/1 [00:00<?, ?it/s, epoch=8201]
train:   0%|          | 0/1 [00:00<?, ?it/s, epoch=8202]
train:   0%|          | 0/1 [00:00<?, ?it/s, epoch=8203]
train:   0%|          | 0/1 [00:00<?, ?it/s, epoch=8204]
train:   0%|          | 0/1 [00:00<?, ?it/s, epoch=8205]
train:   0%|          | 0/1 [00:00<?, ?it/s, epoch=8206]
train:   0%|          | 0/1 [00:00<?, ?it/s, epoch=8207]
train:   0%|          | 0/1 [00:00<?, ?it/s, epoch=8208]
train:   0%|          | 0/1 [00:00<?, ?it/s, epoch=8209]
train:   0%|          | 0/1 [00:00<?, ?it/s, epoch=8210]
train:   0%|          | 0/1 [00:00<?, ?it/s, epoch=8211]
train:   0%|          | 0/1 [00:00<?, ?it/s, epoch=8212]
train:   0%|          | 0/1 [00:00<?, ?it/s, epoch=8213]
train:   0%|          | 0/1 [00:00<?, ?it/s, epoch=8214]
train:   0%|          | 0/1 [00:00<?, ?it/s, epoch=8215]
train:   0%|          | 0/1 [00:00<?, ?it/s, epoch=8216]
train:   0%|          | 0/1 [00:00<?, ?it/s, epoch=8217]
train:   0%|          | 0/1 [00:00<?, ?it/s, epoch=8218]
train:   0%|          | 0/1 [00:00<?, ?it/s, epoch=8219]
train:   0%|          | 0/1 [00:00<?, ?it/s, epoch=8220]
train:   0%|          | 0/1 [00:00<?, ?it/s, epoch=8221]
train:   0%|          | 0/1 [00:00<?, ?it/s, epoch=8222]
train:   0%|          | 0/1 [00:00<?, ?it/s, epoch=8223]
train:   0%|          | 0/1 [00:00<?, ?it/s, epoch=8224]
train:   0%|          | 0/1 [00:00<?, ?it/s, epoch=8225]
train:   0%|          | 0/1 [00:00<?, ?it/s, epoch=8226]
train:   0%|          | 0/1 [00:00<?, ?it/s, epoch=8227]
train:   0%|          | 0/1 [00:00<?, ?it/s, epoch=8228]
train:   0%|          | 0/1 [00:00<?, ?it/s, epoch=8229]
train:   0%|          | 0/1 [00:00<?, ?it/s, epoch=8230]
train:   0%|          | 0/1 [00:00<?, ?it/s, epoch=8231]
train:   0%|          | 0/1 [00:00<?, ?it/s, epoch=8232]
train:   0%|          | 0/1 [00:00<?, ?it/s, epoch=8233]
train:   0%|          | 0/1 [00:00<?, ?it/s, epoch=8234]
train:   0%|          | 0/1 [00:00<?, ?it/s, epoch=8235]
train:   0%|          | 0/1 [00:00<?, ?it/s, epoch=8236]
train:   0%|          | 0/1 [00:00<?, ?it/s, epoch=8237]
train:   0%|          | 0/1 [00:00<?, ?it/s, epoch=8238]
train:   0%|          | 0/1 [00:00<?, ?it/s, epoch=8239]
train:   0%|          | 0/1 [00:00<?, ?it/s, epoch=8240]
train:   0%|          | 0/1 [00:00<?, ?it/s, epoch=8241]
train:   0%|          | 0/1 [00:00<?, ?it/s, epoch=8242]
train:   0%|          | 0/1 [00:00<?, ?it/s, epoch=8243]
train:   0%|          | 0/1 [00:00<?, ?it/s, epoch=8244]
train:   0%|          | 0/1 [00:00<?, ?it/s, epoch=8245]
train:   0%|          | 0/1 [00:00<?, ?it/s, epoch=8246]
train:   0%|          | 0/1 [00:00<?, ?it/s, epoch=8247]
train:   0%|          | 0/1 [00:00<?, ?it/s, epoch=8248]
train:   0%|          | 0/1 [00:00<?, ?it/s, epoch=8249]
train:   0%|          | 0/1 [00:00<?, ?it/s, epoch=8250]
train:   0%|          | 0/1 [00:00<?, ?it/s, epoch=8251]
train:   0%|          | 0/1 [00:00<?, ?it/s, epoch=8252]
train:   0%|          | 0/1 [00:00<?, ?it/s, epoch=8253]
train:   0%|          | 0/1 [00:00<?, ?it/s, epoch=8254]
train:   0%|          | 0/1 [00:00<?, ?it/s, epoch=8255]
train:   0%|          | 0/1 [00:00<?, ?it/s, epoch=8256]
train:   0%|          | 0/1 [00:00<?, ?it/s, epoch=8257]
train:   0%|          | 0/1 [00:00<?, ?it/s, epoch=8258]
train:   0%|          | 0/1 [00:00<?, ?it/s, epoch=8259]
train:   0%|          | 0/1 [00:00<?, ?it/s, epoch=8260]
train:   0%|          | 0/1 [00:00<?, ?it/s, epoch=8261]
train:   0%|          | 0/1 [00:00<?, ?it/s, epoch=8262]
train:   0%|          | 0/1 [00:00<?, ?it/s, epoch=8263]
train:   0%|          | 0/1 [00:00<?, ?it/s, epoch=8264]
train:   0%|          | 0/1 [00:00<?, ?it/s, epoch=8265]
train:   0%|          | 0/1 [00:00<?, ?it/s, epoch=8266]
train:   0%|          | 0/1 [00:00<?, ?it/s, epoch=8267]
train:   0%|          | 0/1 [00:00<?, ?it/s, epoch=8268]
train:   0%|          | 0/1 [00:00<?, ?it/s, epoch=8269]
train:   0%|          | 0/1 [00:00<?, ?it/s, epoch=8270]
train:   0%|          | 0/1 [00:00<?, ?it/s, epoch=8271]
train:   0%|          | 0/1 [00:00<?, ?it/s, epoch=8272]
train:   0%|          | 0/1 [00:00<?, ?it/s, epoch=8273]
train:   0%|          | 0/1 [00:00<?, ?it/s, epoch=8274]
train:   0%|          | 0/1 [00:00<?, ?it/s, epoch=8275]
train:   0%|          | 0/1 [00:00<?, ?it/s, epoch=8276]
train:   0%|          | 0/1 [00:00<?, ?it/s, epoch=8277]
train:   0%|          | 0/1 [00:00<?, ?it/s, epoch=8278]
train:   0%|          | 0/1 [00:00<?, ?it/s, epoch=8279]
train:   0%|          | 0/1 [00:00<?, ?it/s, epoch=8280]
train:   0%|          | 0/1 [00:00<?, ?it/s, epoch=8281]
train:   0%|          | 0/1 [00:00<?, ?it/s, epoch=8282]
train:   0%|          | 0/1 [00:00<?, ?it/s, epoch=8283]
train:   0%|          | 0/1 [00:00<?, ?it/s, epoch=8284]
train:   0%|          | 0/1 [00:00<?, ?it/s, epoch=8285]
train:   0%|          | 0/1 [00:00<?, ?it/s, epoch=8286]
train:   0%|          | 0/1 [00:00<?, ?it/s, epoch=8287]
train:   0%|          | 0/1 [00:00<?, ?it/s, epoch=8288]
train:   0%|          | 0/1 [00:00<?, ?it/s, epoch=8289]
train:   0%|          | 0/1 [00:00<?, ?it/s, epoch=8290]
train:   0%|          | 0/1 [00:00<?, ?it/s, epoch=8291]
train:   0%|          | 0/1 [00:00<?, ?it/s, epoch=8292]
train:   0%|          | 0/1 [00:00<?, ?it/s, epoch=8293]
train:   0%|          | 0/1 [00:00<?, ?it/s, epoch=8294]
train:   0%|          | 0/1 [00:00<?, ?it/s, epoch=8295]
train:   0%|          | 0/1 [00:00<?, ?it/s, epoch=8296]
train:   0%|          | 0/1 [00:00<?, ?it/s, epoch=8297]
train:   0%|          | 0/1 [00:00<?, ?it/s, epoch=8298]
train:   0%|          | 0/1 [00:00<?, ?it/s, epoch=8299][[34m2026-03-24 00:47:40[0m] Step 8300 | Loss: 0.029700 | Timing: time/data_load: 0.000s, time/forward: 0.311s, time/loss_compute: 0.013s, time/discriminator: 0.000s, time/backward: 0.391s, time/optimizer: 0.034s, time/total_step: 0.756s
train:   0%|          | 0/1 [00:01<?, ?it/s, all=0.03, nll=0.02, nll_rec=0.01, nll_per=0.01, kl=0.01, gen=0.00, gen_w=0.00, disc=0.00, debug=0.00]
train:   0%|          | 0/1 [00:00<?, ?it/s, epoch=8300]
train:   0%|          | 0/1 [00:00<?, ?it/s, epoch=8301]
train:   0%|          | 0/1 [00:00<?, ?it/s, epoch=8302]
train:   0%|          | 0/1 [00:00<?, ?it/s, epoch=8303]
train:   0%|          | 0/1 [00:00<?, ?it/s, epoch=8304]
train:   0%|          | 0/1 [00:00<?, ?it/s, epoch=8305]
train:   0%|          | 0/1 [00:00<?, ?it/s, epoch=8306]
train:   0%|          | 0/1 [00:00<?, ?it/s, epoch=8307]
train:   0%|          | 0/1 [00:00<?, ?it/s, epoch=8308]
train:   0%|          | 0/1 [00:00<?, ?it/s, epoch=8309]
train:   0%|          | 0/1 [00:00<?, ?it/s, epoch=8310]
train:   0%|          | 0/1 [00:00<?, ?it/s, epoch=8311]
train:   0%|          | 0/1 [00:00<?, ?it/s, epoch=8312]
train:   0%|          | 0/1 [00:00<?, ?it/s, epoch=8313]
train:   0%|          | 0/1 [00:00<?, ?it/s, epoch=8314]
train:   0%|          | 0/1 [00:00<?, ?it/s, epoch=8315]
train:   0%|          | 0/1 [00:00<?, ?it/s, epoch=8316]
train:   0%|          | 0/1 [00:00<?, ?it/s, epoch=8317]
train:   0%|          | 0/1 [00:00<?, ?it/s, epoch=8318]
train:   0%|          | 0/1 [00:00<?, ?it/s, epoch=8319]
train:   0%|          | 0/1 [00:00<?, ?it/s, epoch=8320]
train:   0%|          | 0/1 [00:00<?, ?it/s, epoch=8321]
train:   0%|          | 0/1 [00:00<?, ?it/s, epoch=8322]
train:   0%|          | 0/1 [00:00<?, ?it/s, epoch=8323]
train:   0%|          | 0/1 [00:00<?, ?it/s, epoch=8324]
train:   0%|          | 0/1 [00:00<?, ?it/s, epoch=8325]
train:   0%|          | 0/1 [00:00<?, ?it/s, epoch=8326]
train:   0%|          | 0/1 [00:00<?, ?it/s, epoch=8327]
train:   0%|          | 0/1 [00:00<?, ?it/s, epoch=8328]
train:   0%|          | 0/1 [00:00<?, ?it/s, epoch=8329]
train:   0%|          | 0/1 [00:00<?, ?it/s, epoch=8330]
train:   0%|          | 0/1 [00:00<?, ?it/s, epoch=8331]
train:   0%|          | 0/1 [00:00<?, ?it/s, epoch=8332]
train:   0%|          | 0/1 [00:00<?, ?it/s, epoch=8333]
train:   0%|          | 0/1 [00:00<?, ?it/s, epoch=8334]
train:   0%|          | 0/1 [00:00<?, ?it/s, epoch=8335]
train:   0%|          | 0/1 [00:00<?, ?it/s, epoch=8336]
train:   0%|          | 0/1 [00:00<?, ?it/s, epoch=8337]
train:   0%|          | 0/1 [00:00<?, ?it/s, epoch=8338]
train:   0%|          | 0/1 [00:00<?, ?it/s, epoch=8339]
train:   0%|          | 0/1 [00:00<?, ?it/s, epoch=8340]
train:   0%|          | 0/1 [00:00<?, ?it/s, epoch=8341]
train:   0%|          | 0/1 [00:00<?, ?it/s, epoch=8342]
train:   0%|          | 0/1 [00:00<?, ?it/s, epoch=8343]
train:   0%|          | 0/1 [00:00<?, ?it/s, epoch=8344]
train:   0%|          | 0/1 [00:00<?, ?it/s, epoch=8345]
train:   0%|          | 0/1 [00:00<?, ?it/s, epoch=8346]
train:   0%|          | 0/1 [00:00<?, ?it/s, epoch=8347]
train:   0%|          | 0/1 [00:00<?, ?it/s, epoch=8348]
train:   0%|          | 0/1 [00:00<?, ?it/s, epoch=8349]
train:   0%|          | 0/1 [00:00<?, ?it/s, epoch=8350]
train:   0%|          | 0/1 [00:00<?, ?it/s, epoch=8351]
train:   0%|          | 0/1 [00:00<?, ?it/s, epoch=8352]
train:   0%|          | 0/1 [00:00<?, ?it/s, epoch=8353]
train:   0%|          | 0/1 [00:00<?, ?it/s, epoch=8354]
train:   0%|          | 0/1 [00:00<?, ?it/s, epoch=8355]
train:   0%|          | 0/1 [00:00<?, ?it/s, epoch=8356]
train:   0%|          | 0/1 [00:00<?, ?it/s, epoch=8357]
train:   0%|          | 0/1 [00:00<?, ?it/s, epoch=8358]
train:   0%|          | 0/1 [00:00<?, ?it/s, epoch=8359]
train:   0%|          | 0/1 [00:00<?, ?it/s, epoch=8360]
train:   0%|          | 0/1 [00:00<?, ?it/s, epoch=8361]
train:   0%|          | 0/1 [00:00<?, ?it/s, epoch=8362]
train:   0%|          | 0/1 [00:00<?, ?it/s, epoch=8363]
train:   0%|          | 0/1 [00:00<?, ?it/s, epoch=8364]
train:   0%|          | 0/1 [00:00<?, ?it/s, epoch=8365]
train:   0%|          | 0/1 [00:00<?, ?it/s, epoch=8366]
train:   0%|          | 0/1 [00:00<?, ?it/s, epoch=8367]
train:   0%|          | 0/1 [00:00<?, ?it/s, epoch=8368]
train:   0%|          | 0/1 [00:00<?, ?it/s, epoch=8369]
train:   0%|          | 0/1 [00:00<?, ?it/s, epoch=8370]
train:   0%|          | 0/1 [00:00<?, ?it/s, epoch=8371]
train:   0%|          | 0/1 [00:00<?, ?it/s, epoch=8372]
train:   0%|          | 0/1 [00:00<?, ?it/s, epoch=8373]
train:   0%|          | 0/1 [00:00<?, ?it/s, epoch=8374]
train:   0%|          | 0/1 [00:00<?, ?it/s, epoch=8375]
train:   0%|          | 0/1 [00:00<?, ?it/s, epoch=8376]
train:   0%|          | 0/1 [00:00<?, ?it/s, epoch=8377]
train:   0%|          | 0/1 [00:00<?, ?it/s, epoch=8378]
train:   0%|          | 0/1 [00:00<?, ?it/s, epoch=8379]
train:   0%|          | 0/1 [00:00<?, ?it/s, epoch=8380]
train:   0%|          | 0/1 [00:00<?, ?it/s, epoch=8381]
train:   0%|          | 0/1 [00:00<?, ?it/s, epoch=8382]
train:   0%|          | 0/1 [00:00<?, ?it/s, epoch=8383]
train:   0%|          | 0/1 [00:00<?, ?it/s, epoch=8384]
train:   0%|          | 0/1 [00:00<?, ?it/s, epoch=8385]
train:   0%|          | 0/1 [00:00<?, ?it/s, epoch=8386]
train:   0%|          | 0/1 [00:00<?, ?it/s, epoch=8387]
train:   0%|          | 0/1 [00:00<?, ?it/s, epoch=8388]
train:   0%|          | 0/1 [00:00<?, ?it/s, epoch=8389]
train:   0%|          | 0/1 [00:00<?, ?it/s, epoch=8390]
train:   0%|          | 0/1 [00:00<?, ?it/s, epoch=8391]
train:   0%|          | 0/1 [00:00<?, ?it/s, epoch=8392]
train:   0%|          | 0/1 [00:00<?, ?it/s, epoch=8393]
train:   0%|          | 0/1 [00:00<?, ?it/s, epoch=8394]
train:   0%|          | 0/1 [00:00<?, ?it/s, epoch=8395]
train:   0%|          | 0/1 [00:00<?, ?it/s, epoch=8396]
train:   0%|          | 0/1 [00:00<?, ?it/s, epoch=8397]
train:   0%|          | 0/1 [00:00<?, ?it/s, epoch=8398]
train:   0%|          | 0/1 [00:00<?, ?it/s, epoch=8399][[34m2026-03-24 00:49:09[0m] Step 8400 | Loss: 0.028184 | Timing: time/data_load: 0.000s, time/forward: 0.311s, time/loss_compute: 0.013s, time/discriminator: 0.000s, time/backward: 0.389s, time/optimizer: 0.034s, time/total_step: 0.755s
[BOTTLENECK] step 8400 | total_step 0.755s | time/data_load: 0.000s (0%) | time/forward: 0.311s (41%) | time/loss_compute: 0.013s (2%) | time/backward: 0.389s (52%) | time/optimizer: 0.034s (5%) | time/total_step: 0.755s (100%)
  -> at this rate 1000 steps ≈ 12.6 min
train:   0%|          | 0/1 [00:01<?, ?it/s, all=0.03, nll=0.02, nll_rec=0.01, nll_per=0.01, kl=0.01, gen=0.00, gen_w=0.00, disc=0.00, debug=0.00]
[[34m2026-03-24 00:49:09[0m] Running fixed per-frame evaluation at epoch 8400 (sequence name: EMO-1-shout+laugh)...
train:   0%|          | 0/1 [00:00<?, ?it/s, epoch=8400]
train:   0%|          | 0/1 [00:00<?, ?it/s, epoch=8401]
train:   0%|          | 0/1 [00:00<?, ?it/s, epoch=8402]
train:   0%|          | 0/1 [00:00<?, ?it/s, epoch=8403]
train:   0%|          | 0/1 [00:00<?, ?it/s, epoch=8404]
train:   0%|          | 0/1 [00:00<?, ?it/s, epoch=8405]
train:   0%|          | 0/1 [00:00<?, ?it/s, epoch=8406]
train:   0%|          | 0/1 [00:00<?, ?it/s, epoch=8407]
train:   0%|          | 0/1 [00:00<?, ?it/s, epoch=8408]
train:   0%|          | 0/1 [00:00<?, ?it/s, epoch=8409]
train:   0%|          | 0/1 [00:00<?, ?it/s, epoch=8410]
train:   0%|          | 0/1 [00:00<?, ?it/s, epoch=8411]
train:   0%|          | 0/1 [00:00<?, ?it/s, epoch=8412]
train:   0%|          | 0/1 [00:00<?, ?it/s, epoch=8413]
train:   0%|          | 0/1 [00:00<?, ?it/s, epoch=8414]
train:   0%|          | 0/1 [00:00<?, ?it/s, epoch=8415]
train:   0%|          | 0/1 [00:00<?, ?it/s, epoch=8416]
train:   0%|          | 0/1 [00:00<?, ?it/s, epoch=8417]
train:   0%|          | 0/1 [00:00<?, ?it/s, epoch=8418]
train:   0%|          | 0/1 [00:00<?, ?it/s, epoch=8419]
train:   0%|          | 0/1 [00:00<?, ?it/s, epoch=8420]
train:   0%|          | 0/1 [00:00<?, ?it/s, epoch=8421]
train:   0%|          | 0/1 [00:00<?, ?it/s, epoch=8422]
train:   0%|          | 0/1 [00:00<?, ?it/s, epoch=8423]
train:   0%|          | 0/1 [00:00<?, ?it/s, epoch=8424]
train:   0%|          | 0/1 [00:00<?, ?it/s, epoch=8425]
train:   0%|          | 0/1 [00:00<?, ?it/s, epoch=8426]
train:   0%|          | 0/1 [00:00<?, ?it/s, epoch=8427]
train:   0%|          | 0/1 [00:00<?, ?it/s, epoch=8428]
train:   0%|          | 0/1 [00:00<?, ?it/s, epoch=8429]
train:   0%|          | 0/1 [00:00<?, ?it/s, epoch=8430]
train:   0%|          | 0/1 [00:00<?, ?it/s, epoch=8431]
train:   0%|          | 0/1 [00:00<?, ?it/s, epoch=8432]
train:   0%|          | 0/1 [00:00<?, ?it/s, epoch=8433]
train:   0%|          | 0/1 [00:00<?, ?it/s, epoch=8434]
train:   0%|          | 0/1 [00:00<?, ?it/s, epoch=8435]
train:   0%|          | 0/1 [00:00<?, ?it/s, epoch=8436]
train:   0%|          | 0/1 [00:00<?, ?it/s, epoch=8437]
train:   0%|          | 0/1 [00:00<?, ?it/s, epoch=8438]
train:   0%|          | 0/1 [00:00<?, ?it/s, epoch=8439]
train:   0%|          | 0/1 [00:00<?, ?it/s, epoch=8440]
train:   0%|          | 0/1 [00:00<?, ?it/s, epoch=8441]
train:   0%|          | 0/1 [00:00<?, ?it/s, epoch=8442]
train:   0%|          | 0/1 [00:00<?, ?it/s, epoch=8443]
train:   0%|          | 0/1 [00:00<?, ?it/s, epoch=8444]
train:   0%|          | 0/1 [00:00<?, ?it/s, epoch=8445]
train:   0%|          | 0/1 [00:00<?, ?it/s, epoch=8446]
train:   0%|          | 0/1 [00:00<?, ?it/s, epoch=8447]
train:   0%|          | 0/1 [00:00<?, ?it/s, epoch=8448]
train:   0%|          | 0/1 [00:00<?, ?it/s, epoch=8449]
train:   0%|          | 0/1 [00:00<?, ?it/s, epoch=8450]
train:   0%|          | 0/1 [00:00<?, ?it/s, epoch=8451]
train:   0%|          | 0/1 [00:00<?, ?it/s, epoch=8452]
train:   0%|          | 0/1 [00:00<?, ?it/s, epoch=8453]
train:   0%|          | 0/1 [00:00<?, ?it/s, epoch=8454]
train:   0%|          | 0/1 [00:00<?, ?it/s, epoch=8455]
train:   0%|          | 0/1 [00:00<?, ?it/s, epoch=8456]
train:   0%|          | 0/1 [00:00<?, ?it/s, epoch=8457]
train:   0%|          | 0/1 [00:00<?, ?it/s, epoch=8458]
train:   0%|          | 0/1 [00:00<?, ?it/s, epoch=8459]
train:   0%|          | 0/1 [00:00<?, ?it/s, epoch=8460]
train:   0%|          | 0/1 [00:00<?, ?it/s, epoch=8461]
train:   0%|          | 0/1 [00:00<?, ?it/s, epoch=8462]
train:   0%|          | 0/1 [00:00<?, ?it/s, epoch=8463]
train:   0%|          | 0/1 [00:00<?, ?it/s, epoch=8464]
train:   0%|          | 0/1 [00:00<?, ?it/s, epoch=8465]
train:   0%|          | 0/1 [00:00<?, ?it/s, epoch=8466]
train:   0%|          | 0/1 [00:00<?, ?it/s, epoch=8467]
train:   0%|          | 0/1 [00:00<?, ?it/s, epoch=8468]
train:   0%|          | 0/1 [00:00<?, ?it/s, epoch=8469]
train:   0%|          | 0/1 [00:00<?, ?it/s, epoch=8470]
train:   0%|          | 0/1 [00:00<?, ?it/s, epoch=8471]
train:   0%|          | 0/1 [00:00<?, ?it/s, epoch=8472]
train:   0%|          | 0/1 [00:00<?, ?it/s, epoch=8473]
train:   0%|          | 0/1 [00:00<?, ?it/s, epoch=8474]
train:   0%|          | 0/1 [00:00<?, ?it/s, epoch=8475]
train:   0%|          | 0/1 [00:00<?, ?it/s, epoch=8476]
train:   0%|          | 0/1 [00:00<?, ?it/s, epoch=8477]
train:   0%|          | 0/1 [00:00<?, ?it/s, epoch=8478]
train:   0%|          | 0/1 [00:00<?, ?it/s, epoch=8479]
train:   0%|          | 0/1 [00:00<?, ?it/s, epoch=8480]
train:   0%|          | 0/1 [00:00<?, ?it/s, epoch=8481]
train:   0%|          | 0/1 [00:00<?, ?it/s, epoch=8482]
train:   0%|          | 0/1 [00:00<?, ?it/s, epoch=8483]
train:   0%|          | 0/1 [00:00<?, ?it/s, epoch=8484]
train:   0%|          | 0/1 [00:00<?, ?it/s, epoch=8485]
train:   0%|          | 0/1 [00:00<?, ?it/s, epoch=8486]
train:   0%|          | 0/1 [00:00<?, ?it/s, epoch=8487]
train:   0%|          | 0/1 [00:00<?, ?it/s, epoch=8488]
train:   0%|          | 0/1 [00:00<?, ?it/s, epoch=8489]
train:   0%|          | 0/1 [00:00<?, ?it/s, epoch=8490]
train:   0%|          | 0/1 [00:00<?, ?it/s, epoch=8491]
train:   0%|          | 0/1 [00:00<?, ?it/s, epoch=8492]
train:   0%|          | 0/1 [00:00<?, ?it/s, epoch=8493]
train:   0%|          | 0/1 [00:00<?, ?it/s, epoch=8494]
train:   0%|          | 0/1 [00:00<?, ?it/s, epoch=8495]
train:   0%|          | 0/1 [00:00<?, ?it/s, epoch=8496]
train:   0%|          | 0/1 [00:00<?, ?it/s, epoch=8497]
train:   0%|          | 0/1 [00:00<?, ?it/s, epoch=8498]
train:   0%|          | 0/1 [00:00<?, ?it/s, epoch=8499][[34m2026-03-24 00:50:39[0m] Step 8500 | Loss: 0.030712 | Timing: time/data_load: 0.000s, time/forward: 0.312s, time/loss_compute: 0.013s, time/discriminator: 0.000s, time/backward: 0.391s, time/optimizer: 0.034s, time/total_step: 0.757s
train:   0%|          | 0/1 [00:01<?, ?it/s, all=0.03, nll=0.02, nll_rec=0.01, nll_per=0.01, kl=0.01, gen=0.00, gen_w=0.00, disc=0.00, debug=0.00][[34m2026-03-24 00:50:40[0m] The model is going to be split to checkpoint shards. You can find where each parameters has been saved in the index located at model.safetensors.index.json.
[[34m2026-03-24 00:50:41[0m] Saved checkpoint at epoch 8499, step 1, global_step 8500 to outputs/self_attention_rank128/epoch8499-global_step8500
[[34m2026-03-24 00:50:41[0m] Removed old checkpoints and kept 3 latest ones.
train:   0%|          | 0/1 [00:03<?, ?it/s, all=0.03, nll=0.02, nll_rec=0.01, nll_per=0.01, kl=0.01, gen=0.00, gen_w=0.00, disc=0.00, debug=0.00]
train:   0%|          | 0/1 [00:00<?, ?it/s, epoch=8500]
train:   0%|          | 0/1 [00:00<?, ?it/s, epoch=8501]
train:   0%|          | 0/1 [00:00<?, ?it/s, epoch=8502]
train:   0%|          | 0/1 [00:00<?, ?it/s, epoch=8503]
train:   0%|          | 0/1 [00:00<?, ?it/s, epoch=8504]
train:   0%|          | 0/1 [00:00<?, ?it/s, epoch=8505]
train:   0%|          | 0/1 [00:00<?, ?it/s, epoch=8506]
train:   0%|          | 0/1 [00:00<?, ?it/s, epoch=8507]
train:   0%|          | 0/1 [00:00<?, ?it/s, epoch=8508]
train:   0%|          | 0/1 [00:00<?, ?it/s, epoch=8509]
train:   0%|          | 0/1 [00:00<?, ?it/s, epoch=8510]
train:   0%|          | 0/1 [00:00<?, ?it/s, epoch=8511]
train:   0%|          | 0/1 [00:00<?, ?it/s, epoch=8512]
train:   0%|          | 0/1 [00:00<?, ?it/s, epoch=8513]
train:   0%|          | 0/1 [00:00<?, ?it/s, epoch=8514]
train:   0%|          | 0/1 [00:00<?, ?it/s, epoch=8515]
train:   0%|          | 0/1 [00:00<?, ?it/s, epoch=8516]
train:   0%|          | 0/1 [00:00<?, ?it/s, epoch=8517]
train:   0%|          | 0/1 [00:00<?, ?it/s, epoch=8518]
train:   0%|          | 0/1 [00:00<?, ?it/s, epoch=8519]
train:   0%|          | 0/1 [00:00<?, ?it/s, epoch=8520]
train:   0%|          | 0/1 [00:00<?, ?it/s, epoch=8521]
train:   0%|          | 0/1 [00:00<?, ?it/s, epoch=8522]
train:   0%|          | 0/1 [00:00<?, ?it/s, epoch=8523]
train:   0%|          | 0/1 [00:00<?, ?it/s, epoch=8524]
train:   0%|          | 0/1 [00:00<?, ?it/s, epoch=8525]
train:   0%|          | 0/1 [00:00<?, ?it/s, epoch=8526]
train:   0%|          | 0/1 [00:00<?, ?it/s, epoch=8527]
train:   0%|          | 0/1 [00:00<?, ?it/s, epoch=8528]
train:   0%|          | 0/1 [00:00<?, ?it/s, epoch=8529]
train:   0%|          | 0/1 [00:00<?, ?it/s, epoch=8530]
train:   0%|          | 0/1 [00:00<?, ?it/s, epoch=8531]
train:   0%|          | 0/1 [00:00<?, ?it/s, epoch=8532]
train:   0%|          | 0/1 [00:00<?, ?it/s, epoch=8533]
train:   0%|          | 0/1 [00:00<?, ?it/s, epoch=8534]
train:   0%|          | 0/1 [00:00<?, ?it/s, epoch=8535]
train:   0%|          | 0/1 [00:00<?, ?it/s, epoch=8536]
train:   0%|          | 0/1 [00:00<?, ?it/s, epoch=8537]
train:   0%|          | 0/1 [00:00<?, ?it/s, epoch=8538]
train:   0%|          | 0/1 [00:00<?, ?it/s, epoch=8539]
train:   0%|          | 0/1 [00:00<?, ?it/s, epoch=8540]
train:   0%|          | 0/1 [00:00<?, ?it/s, epoch=8541]
train:   0%|          | 0/1 [00:00<?, ?it/s, epoch=8542]
train:   0%|          | 0/1 [00:00<?, ?it/s, epoch=8543]
train:   0%|          | 0/1 [00:00<?, ?it/s, epoch=8544]
train:   0%|          | 0/1 [00:00<?, ?it/s, epoch=8545]
train:   0%|          | 0/1 [00:00<?, ?it/s, epoch=8546]
train:   0%|          | 0/1 [00:00<?, ?it/s, epoch=8547]
train:   0%|          | 0/1 [00:00<?, ?it/s, epoch=8548]
train:   0%|          | 0/1 [00:00<?, ?it/s, epoch=8549]
train:   0%|          | 0/1 [00:00<?, ?it/s, epoch=8550]
train:   0%|          | 0/1 [00:00<?, ?it/s, epoch=8551]
train:   0%|          | 0/1 [00:00<?, ?it/s, epoch=8552]
train:   0%|          | 0/1 [00:00<?, ?it/s, epoch=8553]
train:   0%|          | 0/1 [00:00<?, ?it/s, epoch=8554]
train:   0%|          | 0/1 [00:00<?, ?it/s, epoch=8555]
train:   0%|          | 0/1 [00:00<?, ?it/s, epoch=8556]
train:   0%|          | 0/1 [00:00<?, ?it/s, epoch=8557]
train:   0%|          | 0/1 [00:00<?, ?it/s, epoch=8558]
train:   0%|          | 0/1 [00:00<?, ?it/s, epoch=8559]
train:   0%|          | 0/1 [00:00<?, ?it/s, epoch=8560]
train:   0%|          | 0/1 [00:00<?, ?it/s, epoch=8561]
train:   0%|          | 0/1 [00:00<?, ?it/s, epoch=8562]
train:   0%|          | 0/1 [00:00<?, ?it/s, epoch=8563]
train:   0%|          | 0/1 [00:00<?, ?it/s, epoch=8564]
train:   0%|          | 0/1 [00:00<?, ?it/s, epoch=8565]
train:   0%|          | 0/1 [00:00<?, ?it/s, epoch=8566]
train:   0%|          | 0/1 [00:00<?, ?it/s, epoch=8567]
train:   0%|          | 0/1 [00:00<?, ?it/s, epoch=8568]
train:   0%|          | 0/1 [00:00<?, ?it/s, epoch=8569]
train:   0%|          | 0/1 [00:00<?, ?it/s, epoch=8570]
train:   0%|          | 0/1 [00:00<?, ?it/s, epoch=8571]
train:   0%|          | 0/1 [00:00<?, ?it/s, epoch=8572]
train:   0%|          | 0/1 [00:00<?, ?it/s, epoch=8573]
train:   0%|          | 0/1 [00:00<?, ?it/s, epoch=8574]
train:   0%|          | 0/1 [00:00<?, ?it/s, epoch=8575]
train:   0%|          | 0/1 [00:00<?, ?it/s, epoch=8576]
train:   0%|          | 0/1 [00:00<?, ?it/s, epoch=8577]
train:   0%|          | 0/1 [00:00<?, ?it/s, epoch=8578]
train:   0%|          | 0/1 [00:00<?, ?it/s, epoch=8579]
train:   0%|          | 0/1 [00:00<?, ?it/s, epoch=8580]
train:   0%|          | 0/1 [00:00<?, ?it/s, epoch=8581]
train:   0%|          | 0/1 [00:00<?, ?it/s, epoch=8582]
train:   0%|          | 0/1 [00:00<?, ?it/s, epoch=8583]
train:   0%|          | 0/1 [00:00<?, ?it/s, epoch=8584]
train:   0%|          | 0/1 [00:00<?, ?it/s, epoch=8585]
train:   0%|          | 0/1 [00:00<?, ?it/s, epoch=8586]
train:   0%|          | 0/1 [00:00<?, ?it/s, epoch=8587]
train:   0%|          | 0/1 [00:00<?, ?it/s, epoch=8588]
train:   0%|          | 0/1 [00:00<?, ?it/s, epoch=8589]
train:   0%|          | 0/1 [00:00<?, ?it/s, epoch=8590]
train:   0%|          | 0/1 [00:00<?, ?it/s, epoch=8591]
train:   0%|          | 0/1 [00:00<?, ?it/s, epoch=8592]
train:   0%|          | 0/1 [00:00<?, ?it/s, epoch=8593]
train:   0%|          | 0/1 [00:00<?, ?it/s, epoch=8594]
train:   0%|          | 0/1 [00:00<?, ?it/s, epoch=8595]
train:   0%|          | 0/1 [00:00<?, ?it/s, epoch=8596]
train:   0%|          | 0/1 [00:00<?, ?it/s, epoch=8597]
train:   0%|          | 0/1 [00:00<?, ?it/s, epoch=8598]
train:   0%|          | 0/1 [00:00<?, ?it/s, epoch=8599][[34m2026-03-24 00:52:11[0m] Step 8600 | Loss: 0.029801 | Timing: time/data_load: 0.000s, time/forward: 0.312s, time/loss_compute: 0.013s, time/discriminator: 0.000s, time/backward: 0.390s, time/optimizer: 0.034s, time/total_step: 0.756s
[BOTTLENECK] step 8600 | total_step 0.756s | time/data_load: 0.000s (0%) | time/forward: 0.312s (41%) | time/loss_compute: 0.013s (2%) | time/backward: 0.390s (52%) | time/optimizer: 0.034s (5%) | time/total_step: 0.756s (100%)
  -> at this rate 1000 steps ≈ 12.6 min
train:   0%|          | 0/1 [00:01<?, ?it/s, all=0.03, nll=0.02, nll_rec=0.01, nll_per=0.01, kl=0.01, gen=0.00, gen_w=0.00, disc=0.00, debug=0.00]
[[34m2026-03-24 00:52:11[0m] Running fixed per-frame evaluation at epoch 8600 (sequence name: EMO-1-shout+laugh)...
train:   0%|          | 0/1 [00:00<?, ?it/s, epoch=8600]
train:   0%|          | 0/1 [00:00<?, ?it/s, epoch=8601]
train:   0%|          | 0/1 [00:00<?, ?it/s, epoch=8602]
train:   0%|          | 0/1 [00:00<?, ?it/s, epoch=8603]
train:   0%|          | 0/1 [00:00<?, ?it/s, epoch=8604]
train:   0%|          | 0/1 [00:00<?, ?it/s, epoch=8605]
train:   0%|          | 0/1 [00:00<?, ?it/s, epoch=8606]
train:   0%|          | 0/1 [00:00<?, ?it/s, epoch=8607]
train:   0%|          | 0/1 [00:00<?, ?it/s, epoch=8608]
train:   0%|          | 0/1 [00:00<?, ?it/s, epoch=8609]
train:   0%|          | 0/1 [00:00<?, ?it/s, epoch=8610]
train:   0%|          | 0/1 [00:00<?, ?it/s, epoch=8611]
train:   0%|          | 0/1 [00:00<?, ?it/s, epoch=8612]
train:   0%|          | 0/1 [00:00<?, ?it/s, epoch=8613]
train:   0%|          | 0/1 [00:00<?, ?it/s, epoch=8614]
train:   0%|          | 0/1 [00:00<?, ?it/s, epoch=8615]
train:   0%|          | 0/1 [00:00<?, ?it/s, epoch=8616]
train:   0%|          | 0/1 [00:00<?, ?it/s, epoch=8617]
train:   0%|          | 0/1 [00:00<?, ?it/s, epoch=8618]
train:   0%|          | 0/1 [00:00<?, ?it/s, epoch=8619]
train:   0%|          | 0/1 [00:00<?, ?it/s, epoch=8620]
train:   0%|          | 0/1 [00:00<?, ?it/s, epoch=8621]
train:   0%|          | 0/1 [00:00<?, ?it/s, epoch=8622]
train:   0%|          | 0/1 [00:00<?, ?it/s, epoch=8623]
train:   0%|          | 0/1 [00:00<?, ?it/s, epoch=8624]
train:   0%|          | 0/1 [00:00<?, ?it/s, epoch=8625]
train:   0%|          | 0/1 [00:00<?, ?it/s, epoch=8626]
train:   0%|          | 0/1 [00:00<?, ?it/s, epoch=8627]
train:   0%|          | 0/1 [00:00<?, ?it/s, epoch=8628]
train:   0%|          | 0/1 [00:00<?, ?it/s, epoch=8629]
train:   0%|          | 0/1 [00:00<?, ?it/s, epoch=8630]
train:   0%|          | 0/1 [00:00<?, ?it/s, epoch=8631]
train:   0%|          | 0/1 [00:00<?, ?it/s, epoch=8632]
train:   0%|          | 0/1 [00:00<?, ?it/s, epoch=8633]
train:   0%|          | 0/1 [00:00<?, ?it/s, epoch=8634]
train:   0%|          | 0/1 [00:00<?, ?it/s, epoch=8635]
train:   0%|          | 0/1 [00:00<?, ?it/s, epoch=8636]
train:   0%|          | 0/1 [00:00<?, ?it/s, epoch=8637]
train:   0%|          | 0/1 [00:00<?, ?it/s, epoch=8638]
train:   0%|          | 0/1 [00:00<?, ?it/s, epoch=8639]
train:   0%|          | 0/1 [00:00<?, ?it/s, epoch=8640]
train:   0%|          | 0/1 [00:00<?, ?it/s, epoch=8641]
train:   0%|          | 0/1 [00:00<?, ?it/s, epoch=8642]
train:   0%|          | 0/1 [00:00<?, ?it/s, epoch=8643]
train:   0%|          | 0/1 [00:00<?, ?it/s, epoch=8644]
train:   0%|          | 0/1 [00:00<?, ?it/s, epoch=8645]
train:   0%|          | 0/1 [00:00<?, ?it/s, epoch=8646]
train:   0%|          | 0/1 [00:00<?, ?it/s, epoch=8647]
train:   0%|          | 0/1 [00:00<?, ?it/s, epoch=8648]
train:   0%|          | 0/1 [00:00<?, ?it/s, epoch=8649]
train:   0%|          | 0/1 [00:00<?, ?it/s, epoch=8650]
train:   0%|          | 0/1 [00:00<?, ?it/s, epoch=8651]
train:   0%|          | 0/1 [00:00<?, ?it/s, epoch=8652]
train:   0%|          | 0/1 [00:00<?, ?it/s, epoch=8653]
train:   0%|          | 0/1 [00:00<?, ?it/s, epoch=8654]
train:   0%|          | 0/1 [00:00<?, ?it/s, epoch=8655]
train:   0%|          | 0/1 [00:00<?, ?it/s, epoch=8656]
train:   0%|          | 0/1 [00:00<?, ?it/s, epoch=8657]
train:   0%|          | 0/1 [00:00<?, ?it/s, epoch=8658]
train:   0%|          | 0/1 [00:00<?, ?it/s, epoch=8659]
train:   0%|          | 0/1 [00:00<?, ?it/s, epoch=8660]
train:   0%|          | 0/1 [00:00<?, ?it/s, epoch=8661]
train:   0%|          | 0/1 [00:00<?, ?it/s, epoch=8662]
train:   0%|          | 0/1 [00:00<?, ?it/s, epoch=8663]
train:   0%|          | 0/1 [00:00<?, ?it/s, epoch=8664]
train:   0%|          | 0/1 [00:00<?, ?it/s, epoch=8665]
train:   0%|          | 0/1 [00:00<?, ?it/s, epoch=8666]
train:   0%|          | 0/1 [00:00<?, ?it/s, epoch=8667]
train:   0%|          | 0/1 [00:00<?, ?it/s, epoch=8668]
train:   0%|          | 0/1 [00:00<?, ?it/s, epoch=8669]
train:   0%|          | 0/1 [00:00<?, ?it/s, epoch=8670]
train:   0%|          | 0/1 [00:00<?, ?it/s, epoch=8671]
train:   0%|          | 0/1 [00:00<?, ?it/s, epoch=8672]
train:   0%|          | 0/1 [00:00<?, ?it/s, epoch=8673]
train:   0%|          | 0/1 [00:00<?, ?it/s, epoch=8674]
train:   0%|          | 0/1 [00:00<?, ?it/s, epoch=8675]
train:   0%|          | 0/1 [00:00<?, ?it/s, epoch=8676]
train:   0%|          | 0/1 [00:00<?, ?it/s, epoch=8677]
train:   0%|          | 0/1 [00:00<?, ?it/s, epoch=8678]
train:   0%|          | 0/1 [00:00<?, ?it/s, epoch=8679]
train:   0%|          | 0/1 [00:00<?, ?it/s, epoch=8680]
train:   0%|          | 0/1 [00:00<?, ?it/s, epoch=8681]
train:   0%|          | 0/1 [00:00<?, ?it/s, epoch=8682]
train:   0%|          | 0/1 [00:00<?, ?it/s, epoch=8683]
train:   0%|          | 0/1 [00:00<?, ?it/s, epoch=8684]
train:   0%|          | 0/1 [00:00<?, ?it/s, epoch=8685]
train:   0%|          | 0/1 [00:00<?, ?it/s, epoch=8686]
train:   0%|          | 0/1 [00:00<?, ?it/s, epoch=8687]
train:   0%|          | 0/1 [00:00<?, ?it/s, epoch=8688]
train:   0%|          | 0/1 [00:00<?, ?it/s, epoch=8689]
train:   0%|          | 0/1 [00:00<?, ?it/s, epoch=8690]
train:   0%|          | 0/1 [00:00<?, ?it/s, epoch=8691]
train:   0%|          | 0/1 [00:00<?, ?it/s, epoch=8692]
train:   0%|          | 0/1 [00:00<?, ?it/s, epoch=8693]
train:   0%|          | 0/1 [00:00<?, ?it/s, epoch=8694]
train:   0%|          | 0/1 [00:00<?, ?it/s, epoch=8695]
train:   0%|          | 0/1 [00:00<?, ?it/s, epoch=8696]
train:   0%|          | 0/1 [00:00<?, ?it/s, epoch=8697]
train:   0%|          | 0/1 [00:00<?, ?it/s, epoch=8698]
train:   0%|          | 0/1 [00:00<?, ?it/s, epoch=8699][[34m2026-03-24 00:53:42[0m] Step 8700 | Loss: 0.029938 | Timing: time/data_load: 0.000s, time/forward: 0.312s, time/loss_compute: 0.013s, time/discriminator: 0.000s, time/backward: 0.390s, time/optimizer: 0.034s, time/total_step: 0.757s
train:   0%|          | 0/1 [00:01<?, ?it/s, all=0.03, nll=0.02, nll_rec=0.01, nll_per=0.01, kl=0.01, gen=0.00, gen_w=0.00, disc=0.00, debug=0.00]
train:   0%|          | 0/1 [00:00<?, ?it/s, epoch=8700]
train:   0%|          | 0/1 [00:00<?, ?it/s, epoch=8701]
train:   0%|          | 0/1 [00:00<?, ?it/s, epoch=8702]
train:   0%|          | 0/1 [00:00<?, ?it/s, epoch=8703]
train:   0%|          | 0/1 [00:00<?, ?it/s, epoch=8704]
train:   0%|          | 0/1 [00:00<?, ?it/s, epoch=8705]
train:   0%|          | 0/1 [00:00<?, ?it/s, epoch=8706]
train:   0%|          | 0/1 [00:00<?, ?it/s, epoch=8707]
train:   0%|          | 0/1 [00:00<?, ?it/s, epoch=8708]
train:   0%|          | 0/1 [00:00<?, ?it/s, epoch=8709]
train:   0%|          | 0/1 [00:00<?, ?it/s, epoch=8710]
train:   0%|          | 0/1 [00:00<?, ?it/s, epoch=8711]
train:   0%|          | 0/1 [00:00<?, ?it/s, epoch=8712]
train:   0%|          | 0/1 [00:00<?, ?it/s, epoch=8713]
train:   0%|          | 0/1 [00:00<?, ?it/s, epoch=8714]
train:   0%|          | 0/1 [00:00<?, ?it/s, epoch=8715]
train:   0%|          | 0/1 [00:00<?, ?it/s, epoch=8716]
train:   0%|          | 0/1 [00:00<?, ?it/s, epoch=8717]
train:   0%|          | 0/1 [00:00<?, ?it/s, epoch=8718]
train:   0%|          | 0/1 [00:00<?, ?it/s, epoch=8719]
train:   0%|          | 0/1 [00:00<?, ?it/s, epoch=8720]
train:   0%|          | 0/1 [00:00<?, ?it/s, epoch=8721]
train:   0%|          | 0/1 [00:00<?, ?it/s, epoch=8722]
train:   0%|          | 0/1 [00:00<?, ?it/s, epoch=8723]
train:   0%|          | 0/1 [00:00<?, ?it/s, epoch=8724]
train:   0%|          | 0/1 [00:00<?, ?it/s, epoch=8725]
train:   0%|          | 0/1 [00:00<?, ?it/s, epoch=8726]
train:   0%|          | 0/1 [00:00<?, ?it/s, epoch=8727]
train:   0%|          | 0/1 [00:00<?, ?it/s, epoch=8728]
train:   0%|          | 0/1 [00:00<?, ?it/s, epoch=8729]
train:   0%|          | 0/1 [00:00<?, ?it/s, epoch=8730]
train:   0%|          | 0/1 [00:00<?, ?it/s, epoch=8731]
train:   0%|          | 0/1 [00:00<?, ?it/s, epoch=8732]
train:   0%|          | 0/1 [00:00<?, ?it/s, epoch=8733]
train:   0%|          | 0/1 [00:00<?, ?it/s, epoch=8734]
train:   0%|          | 0/1 [00:00<?, ?it/s, epoch=8735]
train:   0%|          | 0/1 [00:00<?, ?it/s, epoch=8736]
train:   0%|          | 0/1 [00:00<?, ?it/s, epoch=8737]
train:   0%|          | 0/1 [00:00<?, ?it/s, epoch=8738]
train:   0%|          | 0/1 [00:00<?, ?it/s, epoch=8739]
train:   0%|          | 0/1 [00:00<?, ?it/s, epoch=8740]
train:   0%|          | 0/1 [00:00<?, ?it/s, epoch=8741]
train:   0%|          | 0/1 [00:00<?, ?it/s, epoch=8742]
train:   0%|          | 0/1 [00:00<?, ?it/s, epoch=8743]
train:   0%|          | 0/1 [00:00<?, ?it/s, epoch=8744]
train:   0%|          | 0/1 [00:00<?, ?it/s, epoch=8745]
train:   0%|          | 0/1 [00:00<?, ?it/s, epoch=8746]
train:   0%|          | 0/1 [00:00<?, ?it/s, epoch=8747]
train:   0%|          | 0/1 [00:00<?, ?it/s, epoch=8748]
train:   0%|          | 0/1 [00:00<?, ?it/s, epoch=8749]
train:   0%|          | 0/1 [00:00<?, ?it/s, epoch=8750]
train:   0%|          | 0/1 [00:00<?, ?it/s, epoch=8751]
train:   0%|          | 0/1 [00:00<?, ?it/s, epoch=8752]
train:   0%|          | 0/1 [00:00<?, ?it/s, epoch=8753]
train:   0%|          | 0/1 [00:00<?, ?it/s, epoch=8754]
train:   0%|          | 0/1 [00:00<?, ?it/s, epoch=8755]
train:   0%|          | 0/1 [00:00<?, ?it/s, epoch=8756]
train:   0%|          | 0/1 [00:00<?, ?it/s, epoch=8757]
train:   0%|          | 0/1 [00:00<?, ?it/s, epoch=8758]
train:   0%|          | 0/1 [00:00<?, ?it/s, epoch=8759]
train:   0%|          | 0/1 [00:00<?, ?it/s, epoch=8760]
train:   0%|          | 0/1 [00:00<?, ?it/s, epoch=8761]
train:   0%|          | 0/1 [00:00<?, ?it/s, epoch=8762]
train:   0%|          | 0/1 [00:00<?, ?it/s, epoch=8763]
train:   0%|          | 0/1 [00:00<?, ?it/s, epoch=8764]
train:   0%|          | 0/1 [00:00<?, ?it/s, epoch=8765]
train:   0%|          | 0/1 [00:00<?, ?it/s, epoch=8766]
train:   0%|          | 0/1 [00:00<?, ?it/s, epoch=8767]
train:   0%|          | 0/1 [00:00<?, ?it/s, epoch=8768]
train:   0%|          | 0/1 [00:00<?, ?it/s, epoch=8769]
train:   0%|          | 0/1 [00:00<?, ?it/s, epoch=8770]
train:   0%|          | 0/1 [00:00<?, ?it/s, epoch=8771]
train:   0%|          | 0/1 [00:00<?, ?it/s, epoch=8772]
train:   0%|          | 0/1 [00:00<?, ?it/s, epoch=8773]
train:   0%|          | 0/1 [00:00<?, ?it/s, epoch=8774]
train:   0%|          | 0/1 [00:00<?, ?it/s, epoch=8775]
train:   0%|          | 0/1 [00:00<?, ?it/s, epoch=8776]
train:   0%|          | 0/1 [00:00<?, ?it/s, epoch=8777]
train:   0%|          | 0/1 [00:00<?, ?it/s, epoch=8778]
train:   0%|          | 0/1 [00:00<?, ?it/s, epoch=8779]
train:   0%|          | 0/1 [00:00<?, ?it/s, epoch=8780]
train:   0%|          | 0/1 [00:00<?, ?it/s, epoch=8781]
train:   0%|          | 0/1 [00:00<?, ?it/s, epoch=8782]
train:   0%|          | 0/1 [00:00<?, ?it/s, epoch=8783]
train:   0%|          | 0/1 [00:00<?, ?it/s, epoch=8784]
train:   0%|          | 0/1 [00:00<?, ?it/s, epoch=8785]
train:   0%|          | 0/1 [00:00<?, ?it/s, epoch=8786]
train:   0%|          | 0/1 [00:00<?, ?it/s, epoch=8787]
train:   0%|          | 0/1 [00:00<?, ?it/s, epoch=8788]
train:   0%|          | 0/1 [00:00<?, ?it/s, epoch=8789]
train:   0%|          | 0/1 [00:00<?, ?it/s, epoch=8790]
train:   0%|          | 0/1 [00:00<?, ?it/s, epoch=8791]
train:   0%|          | 0/1 [00:00<?, ?it/s, epoch=8792]
train:   0%|          | 0/1 [00:00<?, ?it/s, epoch=8793]
train:   0%|          | 0/1 [00:00<?, ?it/s, epoch=8794]
train:   0%|          | 0/1 [00:00<?, ?it/s, epoch=8795]
train:   0%|          | 0/1 [00:00<?, ?it/s, epoch=8796]
train:   0%|          | 0/1 [00:00<?, ?it/s, epoch=8797]
train:   0%|          | 0/1 [00:00<?, ?it/s, epoch=8798]
train:   0%|          | 0/1 [00:00<?, ?it/s, epoch=8799][[34m2026-03-24 00:55:12[0m] Step 8800 | Loss: 0.027349 | Timing: time/data_load: 0.000s, time/forward: 0.312s, time/loss_compute: 0.013s, time/discriminator: 0.000s, time/backward: 0.389s, time/optimizer: 0.034s, time/total_step: 0.755s
[BOTTLENECK] step 8800 | total_step 0.755s | time/data_load: 0.000s (0%) | time/forward: 0.312s (41%) | time/loss_compute: 0.013s (2%) | time/backward: 0.389s (51%) | time/optimizer: 0.034s (5%) | time/total_step: 0.755s (100%)
  -> at this rate 1000 steps ≈ 12.6 min
train:   0%|          | 0/1 [00:01<?, ?it/s, all=0.03, nll=0.02, nll_rec=0.01, nll_per=0.01, kl=0.01, gen=0.00, gen_w=0.00, disc=0.00, debug=0.00]
[[34m2026-03-24 00:55:12[0m] Running fixed per-frame evaluation at epoch 8800 (sequence name: EMO-1-shout+laugh)...
train:   0%|          | 0/1 [00:00<?, ?it/s, epoch=8800]
train:   0%|          | 0/1 [00:00<?, ?it/s, epoch=8801]
train:   0%|          | 0/1 [00:00<?, ?it/s, epoch=8802]
train:   0%|          | 0/1 [00:00<?, ?it/s, epoch=8803]
train:   0%|          | 0/1 [00:00<?, ?it/s, epoch=8804]
train:   0%|          | 0/1 [00:00<?, ?it/s, epoch=8805]
train:   0%|          | 0/1 [00:00<?, ?it/s, epoch=8806]
train:   0%|          | 0/1 [00:00<?, ?it/s, epoch=8807]
train:   0%|          | 0/1 [00:00<?, ?it/s, epoch=8808]
train:   0%|          | 0/1 [00:00<?, ?it/s, epoch=8809]
train:   0%|          | 0/1 [00:00<?, ?it/s, epoch=8810]
train:   0%|          | 0/1 [00:00<?, ?it/s, epoch=8811]
train:   0%|          | 0/1 [00:00<?, ?it/s, epoch=8812]
train:   0%|          | 0/1 [00:00<?, ?it/s, epoch=8813]
train:   0%|          | 0/1 [00:00<?, ?it/s, epoch=8814]
train:   0%|          | 0/1 [00:00<?, ?it/s, epoch=8815]
train:   0%|          | 0/1 [00:00<?, ?it/s, epoch=8816]
train:   0%|          | 0/1 [00:00<?, ?it/s, epoch=8817]
train:   0%|          | 0/1 [00:00<?, ?it/s, epoch=8818]
train:   0%|          | 0/1 [00:00<?, ?it/s, epoch=8819]
train:   0%|          | 0/1 [00:00<?, ?it/s, epoch=8820]
train:   0%|          | 0/1 [00:00<?, ?it/s, epoch=8821]
train:   0%|          | 0/1 [00:00<?, ?it/s, epoch=8822]
train:   0%|          | 0/1 [00:00<?, ?it/s, epoch=8823]
train:   0%|          | 0/1 [00:00<?, ?it/s, epoch=8824]
train:   0%|          | 0/1 [00:00<?, ?it/s, epoch=8825]
train:   0%|          | 0/1 [00:00<?, ?it/s, epoch=8826]
train:   0%|          | 0/1 [00:00<?, ?it/s, epoch=8827]
train:   0%|          | 0/1 [00:00<?, ?it/s, epoch=8828]
train:   0%|          | 0/1 [00:00<?, ?it/s, epoch=8829]
train:   0%|          | 0/1 [00:00<?, ?it/s, epoch=8830]
train:   0%|          | 0/1 [00:00<?, ?it/s, epoch=8831]
train:   0%|          | 0/1 [00:00<?, ?it/s, epoch=8832]
train:   0%|          | 0/1 [00:00<?, ?it/s, epoch=8833]
train:   0%|          | 0/1 [00:00<?, ?it/s, epoch=8834]
train:   0%|          | 0/1 [00:00<?, ?it/s, epoch=8835]
train:   0%|          | 0/1 [00:00<?, ?it/s, epoch=8836]
train:   0%|          | 0/1 [00:00<?, ?it/s, epoch=8837]
train:   0%|          | 0/1 [00:00<?, ?it/s, epoch=8838]
train:   0%|          | 0/1 [00:00<?, ?it/s, epoch=8839]
train:   0%|          | 0/1 [00:00<?, ?it/s, epoch=8840]
train:   0%|          | 0/1 [00:00<?, ?it/s, epoch=8841]
train:   0%|          | 0/1 [00:00<?, ?it/s, epoch=8842]
train:   0%|          | 0/1 [00:00<?, ?it/s, epoch=8843]
train:   0%|          | 0/1 [00:00<?, ?it/s, epoch=8844]
train:   0%|          | 0/1 [00:00<?, ?it/s, epoch=8845]
train:   0%|          | 0/1 [00:00<?, ?it/s, epoch=8846]
train:   0%|          | 0/1 [00:00<?, ?it/s, epoch=8847]
train:   0%|          | 0/1 [00:00<?, ?it/s, epoch=8848]
train:   0%|          | 0/1 [00:00<?, ?it/s, epoch=8849]
train:   0%|          | 0/1 [00:00<?, ?it/s, epoch=8850]
train:   0%|          | 0/1 [00:00<?, ?it/s, epoch=8851]
train:   0%|          | 0/1 [00:00<?, ?it/s, epoch=8852]
train:   0%|          | 0/1 [00:00<?, ?it/s, epoch=8853]
train:   0%|          | 0/1 [00:00<?, ?it/s, epoch=8854]
train:   0%|          | 0/1 [00:00<?, ?it/s, epoch=8855]
train:   0%|          | 0/1 [00:00<?, ?it/s, epoch=8856]
train:   0%|          | 0/1 [00:00<?, ?it/s, epoch=8857]
train:   0%|          | 0/1 [00:00<?, ?it/s, epoch=8858]
train:   0%|          | 0/1 [00:00<?, ?it/s, epoch=8859]
train:   0%|          | 0/1 [00:00<?, ?it/s, epoch=8860]
train:   0%|          | 0/1 [00:00<?, ?it/s, epoch=8861]
train:   0%|          | 0/1 [00:00<?, ?it/s, epoch=8862]
train:   0%|          | 0/1 [00:00<?, ?it/s, epoch=8863]
train:   0%|          | 0/1 [00:00<?, ?it/s, epoch=8864]
train:   0%|          | 0/1 [00:00<?, ?it/s, epoch=8865]
train:   0%|          | 0/1 [00:00<?, ?it/s, epoch=8866]
train:   0%|          | 0/1 [00:00<?, ?it/s, epoch=8867]
train:   0%|          | 0/1 [00:00<?, ?it/s, epoch=8868]
train:   0%|          | 0/1 [00:00<?, ?it/s, epoch=8869]
train:   0%|          | 0/1 [00:00<?, ?it/s, epoch=8870]
train:   0%|          | 0/1 [00:00<?, ?it/s, epoch=8871]
train:   0%|          | 0/1 [00:00<?, ?it/s, epoch=8872]
train:   0%|          | 0/1 [00:00<?, ?it/s, epoch=8873]
train:   0%|          | 0/1 [00:00<?, ?it/s, epoch=8874]
train:   0%|          | 0/1 [00:00<?, ?it/s, epoch=8875]
train:   0%|          | 0/1 [00:00<?, ?it/s, epoch=8876]
train:   0%|          | 0/1 [00:00<?, ?it/s, epoch=8877]
train:   0%|          | 0/1 [00:00<?, ?it/s, epoch=8878]
train:   0%|          | 0/1 [00:00<?, ?it/s, epoch=8879]
train:   0%|          | 0/1 [00:00<?, ?it/s, epoch=8880]
train:   0%|          | 0/1 [00:00<?, ?it/s, epoch=8881]
train:   0%|          | 0/1 [00:00<?, ?it/s, epoch=8882]
train:   0%|          | 0/1 [00:00<?, ?it/s, epoch=8883]
train:   0%|          | 0/1 [00:00<?, ?it/s, epoch=8884]
train:   0%|          | 0/1 [00:00<?, ?it/s, epoch=8885]
train:   0%|          | 0/1 [00:00<?, ?it/s, epoch=8886]
train:   0%|          | 0/1 [00:00<?, ?it/s, epoch=8887]
train:   0%|          | 0/1 [00:00<?, ?it/s, epoch=8888]
train:   0%|          | 0/1 [00:00<?, ?it/s, epoch=8889]
train:   0%|          | 0/1 [00:00<?, ?it/s, epoch=8890]
train:   0%|          | 0/1 [00:00<?, ?it/s, epoch=8891]
train:   0%|          | 0/1 [00:00<?, ?it/s, epoch=8892]
train:   0%|          | 0/1 [00:00<?, ?it/s, epoch=8893]
train:   0%|          | 0/1 [00:00<?, ?it/s, epoch=8894]
train:   0%|          | 0/1 [00:00<?, ?it/s, epoch=8895]
train:   0%|          | 0/1 [00:00<?, ?it/s, epoch=8896]
train:   0%|          | 0/1 [00:00<?, ?it/s, epoch=8897]
train:   0%|          | 0/1 [00:00<?, ?it/s, epoch=8898]
train:   0%|          | 0/1 [00:00<?, ?it/s, epoch=8899][[34m2026-03-24 00:56:41[0m] Step 8900 | Loss: 0.029158 | Timing: time/data_load: 0.000s, time/forward: 0.312s, time/loss_compute: 0.013s, time/discriminator: 0.000s, time/backward: 0.390s, time/optimizer: 0.034s, time/total_step: 0.756s
train:   0%|          | 0/1 [00:01<?, ?it/s, all=0.03, nll=0.02, nll_rec=0.01, nll_per=0.01, kl=0.01, gen=0.00, gen_w=0.00, disc=0.00, debug=0.00]
train:   0%|          | 0/1 [00:00<?, ?it/s, epoch=8900]
train:   0%|          | 0/1 [00:00<?, ?it/s, epoch=8901]
train:   0%|          | 0/1 [00:00<?, ?it/s, epoch=8902]
train:   0%|          | 0/1 [00:00<?, ?it/s, epoch=8903]
train:   0%|          | 0/1 [00:00<?, ?it/s, epoch=8904]
train:   0%|          | 0/1 [00:00<?, ?it/s, epoch=8905]
train:   0%|          | 0/1 [00:00<?, ?it/s, epoch=8906]
train:   0%|          | 0/1 [00:00<?, ?it/s, epoch=8907]
train:   0%|          | 0/1 [00:00<?, ?it/s, epoch=8908]
train:   0%|          | 0/1 [00:00<?, ?it/s, epoch=8909]
train:   0%|          | 0/1 [00:00<?, ?it/s, epoch=8910]
train:   0%|          | 0/1 [00:00<?, ?it/s, epoch=8911]
train:   0%|          | 0/1 [00:00<?, ?it/s, epoch=8912]
train:   0%|          | 0/1 [00:00<?, ?it/s, epoch=8913]
train:   0%|          | 0/1 [00:00<?, ?it/s, epoch=8914]
train:   0%|          | 0/1 [00:00<?, ?it/s, epoch=8915]
train:   0%|          | 0/1 [00:00<?, ?it/s, epoch=8916]
train:   0%|          | 0/1 [00:00<?, ?it/s, epoch=8917]
train:   0%|          | 0/1 [00:00<?, ?it/s, epoch=8918]
train:   0%|          | 0/1 [00:00<?, ?it/s, epoch=8919]
train:   0%|          | 0/1 [00:00<?, ?it/s, epoch=8920]
train:   0%|          | 0/1 [00:00<?, ?it/s, epoch=8921]
train:   0%|          | 0/1 [00:00<?, ?it/s, epoch=8922]
train:   0%|          | 0/1 [00:00<?, ?it/s, epoch=8923]
train:   0%|          | 0/1 [00:00<?, ?it/s, epoch=8924]
train:   0%|          | 0/1 [00:00<?, ?it/s, epoch=8925]
train:   0%|          | 0/1 [00:00<?, ?it/s, epoch=8926]
train:   0%|          | 0/1 [00:00<?, ?it/s, epoch=8927]
train:   0%|          | 0/1 [00:00<?, ?it/s, epoch=8928]
train:   0%|          | 0/1 [00:00<?, ?it/s, epoch=8929]
train:   0%|          | 0/1 [00:00<?, ?it/s, epoch=8930]
train:   0%|          | 0/1 [00:00<?, ?it/s, epoch=8931]
train:   0%|          | 0/1 [00:00<?, ?it/s, epoch=8932]
train:   0%|          | 0/1 [00:00<?, ?it/s, epoch=8933]
train:   0%|          | 0/1 [00:00<?, ?it/s, epoch=8934]
train:   0%|          | 0/1 [00:00<?, ?it/s, epoch=8935]
train:   0%|          | 0/1 [00:00<?, ?it/s, epoch=8936]
train:   0%|          | 0/1 [00:00<?, ?it/s, epoch=8937]
train:   0%|          | 0/1 [00:00<?, ?it/s, epoch=8938]
train:   0%|          | 0/1 [00:00<?, ?it/s, epoch=8939]
train:   0%|          | 0/1 [00:00<?, ?it/s, epoch=8940]
train:   0%|          | 0/1 [00:00<?, ?it/s, epoch=8941]
train:   0%|          | 0/1 [00:00<?, ?it/s, epoch=8942]
train:   0%|          | 0/1 [00:00<?, ?it/s, epoch=8943]
train:   0%|          | 0/1 [00:00<?, ?it/s, epoch=8944]
train:   0%|          | 0/1 [00:00<?, ?it/s, epoch=8945]
train:   0%|          | 0/1 [00:00<?, ?it/s, epoch=8946]
train:   0%|          | 0/1 [00:00<?, ?it/s, epoch=8947]
train:   0%|          | 0/1 [00:00<?, ?it/s, epoch=8948]
train:   0%|          | 0/1 [00:00<?, ?it/s, epoch=8949]
train:   0%|          | 0/1 [00:00<?, ?it/s, epoch=8950]
train:   0%|          | 0/1 [00:00<?, ?it/s, epoch=8951]
train:   0%|          | 0/1 [00:00<?, ?it/s, epoch=8952]
train:   0%|          | 0/1 [00:00<?, ?it/s, epoch=8953]
train:   0%|          | 0/1 [00:00<?, ?it/s, epoch=8954]
train:   0%|          | 0/1 [00:00<?, ?it/s, epoch=8955]
train:   0%|          | 0/1 [00:00<?, ?it/s, epoch=8956]
train:   0%|          | 0/1 [00:00<?, ?it/s, epoch=8957]
train:   0%|          | 0/1 [00:00<?, ?it/s, epoch=8958]
train:   0%|          | 0/1 [00:00<?, ?it/s, epoch=8959]
train:   0%|          | 0/1 [00:00<?, ?it/s, epoch=8960]
train:   0%|          | 0/1 [00:00<?, ?it/s, epoch=8961]
train:   0%|          | 0/1 [00:00<?, ?it/s, epoch=8962]
train:   0%|          | 0/1 [00:00<?, ?it/s, epoch=8963]
train:   0%|          | 0/1 [00:00<?, ?it/s, epoch=8964]
train:   0%|          | 0/1 [00:00<?, ?it/s, epoch=8965]
train:   0%|          | 0/1 [00:00<?, ?it/s, epoch=8966]
train:   0%|          | 0/1 [00:00<?, ?it/s, epoch=8967]
train:   0%|          | 0/1 [00:00<?, ?it/s, epoch=8968]
train:   0%|          | 0/1 [00:00<?, ?it/s, epoch=8969]
train:   0%|          | 0/1 [00:00<?, ?it/s, epoch=8970]
train:   0%|          | 0/1 [00:00<?, ?it/s, epoch=8971]
train:   0%|          | 0/1 [00:00<?, ?it/s, epoch=8972]
train:   0%|          | 0/1 [00:00<?, ?it/s, epoch=8973]
train:   0%|          | 0/1 [00:00<?, ?it/s, epoch=8974]
train:   0%|          | 0/1 [00:00<?, ?it/s, epoch=8975]
train:   0%|          | 0/1 [00:00<?, ?it/s, epoch=8976]
train:   0%|          | 0/1 [00:00<?, ?it/s, epoch=8977]
train:   0%|          | 0/1 [00:00<?, ?it/s, epoch=8978]
train:   0%|          | 0/1 [00:00<?, ?it/s, epoch=8979]
train:   0%|          | 0/1 [00:00<?, ?it/s, epoch=8980]
train:   0%|          | 0/1 [00:00<?, ?it/s, epoch=8981]
train:   0%|          | 0/1 [00:00<?, ?it/s, epoch=8982]
train:   0%|          | 0/1 [00:00<?, ?it/s, epoch=8983]
train:   0%|          | 0/1 [00:00<?, ?it/s, epoch=8984]
train:   0%|          | 0/1 [00:00<?, ?it/s, epoch=8985]
train:   0%|          | 0/1 [00:00<?, ?it/s, epoch=8986]
train:   0%|          | 0/1 [00:00<?, ?it/s, epoch=8987]
train:   0%|          | 0/1 [00:00<?, ?it/s, epoch=8988]
train:   0%|          | 0/1 [00:00<?, ?it/s, epoch=8989]
train:   0%|          | 0/1 [00:00<?, ?it/s, epoch=8990]
train:   0%|          | 0/1 [00:00<?, ?it/s, epoch=8991]
train:   0%|          | 0/1 [00:00<?, ?it/s, epoch=8992]
train:   0%|          | 0/1 [00:00<?, ?it/s, epoch=8993]
train:   0%|          | 0/1 [00:00<?, ?it/s, epoch=8994]
train:   0%|          | 0/1 [00:00<?, ?it/s, epoch=8995]
train:   0%|          | 0/1 [00:00<?, ?it/s, epoch=8996]
train:   0%|          | 0/1 [00:00<?, ?it/s, epoch=8997]
train:   0%|          | 0/1 [00:00<?, ?it/s, epoch=8998]
train:   0%|          | 0/1 [00:00<?, ?it/s, epoch=8999][[34m2026-03-24 00:58:11[0m] Step 9000 | Loss: 0.029248 | Timing: time/data_load: 0.000s, time/forward: 0.314s, time/loss_compute: 0.013s, time/discriminator: 0.000s, time/backward: 0.390s, time/optimizer: 0.034s, time/total_step: 0.758s
[BOTTLENECK] step 9000 | total_step 0.758s | time/data_load: 0.000s (0%) | time/forward: 0.314s (41%) | time/loss_compute: 0.013s (2%) | time/backward: 0.390s (51%) | time/optimizer: 0.034s (5%) | time/total_step: 0.758s (100%)
  -> at this rate 1000 steps ≈ 12.6 min
train:   0%|          | 0/1 [00:01<?, ?it/s, all=0.03, nll=0.02, nll_rec=0.01, nll_per=0.01, kl=0.01, gen=0.00, gen_w=0.00, disc=0.00, debug=0.00][[34m2026-03-24 00:58:12[0m] The model is going to be split to checkpoint shards. You can find where each parameters has been saved in the index located at model.safetensors.index.json.
[[34m2026-03-24 00:58:13[0m] Saved checkpoint at epoch 8999, step 1, global_step 9000 to outputs/self_attention_rank128/epoch8999-global_step9000
[[34m2026-03-24 00:58:13[0m] Removed old checkpoints and kept 3 latest ones.
[[34m2026-03-24 00:58:13[0m] Running full evaluation at step 9000 (train)...
[[34m2026-03-24 00:58:14[0m] Evaluation (train) - PSNR: 38.25 ± 1.25, SSIM: 1.0000 ± 0.0000, MSE: 0.000156 ± 0.000000
train:   0%|          | 0/1 [00:04<?, ?it/s, all=0.03, nll=0.02, nll_rec=0.01, nll_per=0.01, kl=0.01, gen=0.00, gen_w=0.00, disc=0.00, debug=0.00]
[[34m2026-03-24 00:58:14[0m] Running fixed per-frame evaluation at epoch 9000 (sequence name: EMO-1-shout+laugh)...
train:   0%|          | 0/1 [00:00<?, ?it/s, epoch=9000]
train:   0%|          | 0/1 [00:00<?, ?it/s, epoch=9001]
train:   0%|          | 0/1 [00:00<?, ?it/s, epoch=9002]
train:   0%|          | 0/1 [00:00<?, ?it/s, epoch=9003]
train:   0%|          | 0/1 [00:00<?, ?it/s, epoch=9004]
train:   0%|          | 0/1 [00:00<?, ?it/s, epoch=9005]
train:   0%|          | 0/1 [00:00<?, ?it/s, epoch=9006]
train:   0%|          | 0/1 [00:00<?, ?it/s, epoch=9007]
train:   0%|          | 0/1 [00:00<?, ?it/s, epoch=9008]
train:   0%|          | 0/1 [00:00<?, ?it/s, epoch=9009]
train:   0%|          | 0/1 [00:00<?, ?it/s, epoch=9010]
train:   0%|          | 0/1 [00:00<?, ?it/s, epoch=9011]
train:   0%|          | 0/1 [00:00<?, ?it/s, epoch=9012]
train:   0%|          | 0/1 [00:00<?, ?it/s, epoch=9013]
train:   0%|          | 0/1 [00:00<?, ?it/s, epoch=9014]
train:   0%|          | 0/1 [00:00<?, ?it/s, epoch=9015]
train:   0%|          | 0/1 [00:00<?, ?it/s, epoch=9016]
train:   0%|          | 0/1 [00:00<?, ?it/s, epoch=9017]
train:   0%|          | 0/1 [00:00<?, ?it/s, epoch=9018]
train:   0%|          | 0/1 [00:00<?, ?it/s, epoch=9019]
train:   0%|          | 0/1 [00:00<?, ?it/s, epoch=9020]
train:   0%|          | 0/1 [00:00<?, ?it/s, epoch=9021]
train:   0%|          | 0/1 [00:00<?, ?it/s, epoch=9022]
train:   0%|          | 0/1 [00:00<?, ?it/s, epoch=9023]
train:   0%|          | 0/1 [00:00<?, ?it/s, epoch=9024]
train:   0%|          | 0/1 [00:00<?, ?it/s, epoch=9025]
train:   0%|          | 0/1 [00:00<?, ?it/s, epoch=9026]
train:   0%|          | 0/1 [00:00<?, ?it/s, epoch=9027]
train:   0%|          | 0/1 [00:00<?, ?it/s, epoch=9028]
train:   0%|          | 0/1 [00:00<?, ?it/s, epoch=9029]
train:   0%|          | 0/1 [00:00<?, ?it/s, epoch=9030]
train:   0%|          | 0/1 [00:00<?, ?it/s, epoch=9031]
train:   0%|          | 0/1 [00:00<?, ?it/s, epoch=9032]
train:   0%|          | 0/1 [00:00<?, ?it/s, epoch=9033]
train:   0%|          | 0/1 [00:00<?, ?it/s, epoch=9034]
train:   0%|          | 0/1 [00:00<?, ?it/s, epoch=9035]
train:   0%|          | 0/1 [00:00<?, ?it/s, epoch=9036]
train:   0%|          | 0/1 [00:00<?, ?it/s, epoch=9037]
train:   0%|          | 0/1 [00:00<?, ?it/s, epoch=9038]
train:   0%|          | 0/1 [00:00<?, ?it/s, epoch=9039]
train:   0%|          | 0/1 [00:00<?, ?it/s, epoch=9040]
train:   0%|          | 0/1 [00:00<?, ?it/s, epoch=9041]
train:   0%|          | 0/1 [00:00<?, ?it/s, epoch=9042]
train:   0%|          | 0/1 [00:00<?, ?it/s, epoch=9043]
train:   0%|          | 0/1 [00:00<?, ?it/s, epoch=9044]
train:   0%|          | 0/1 [00:00<?, ?it/s, epoch=9045]
train:   0%|          | 0/1 [00:00<?, ?it/s, epoch=9046]
train:   0%|          | 0/1 [00:00<?, ?it/s, epoch=9047]
train:   0%|          | 0/1 [00:00<?, ?it/s, epoch=9048]
train:   0%|          | 0/1 [00:00<?, ?it/s, epoch=9049]
train:   0%|          | 0/1 [00:00<?, ?it/s, epoch=9050]
train:   0%|          | 0/1 [00:00<?, ?it/s, epoch=9051]
train:   0%|          | 0/1 [00:00<?, ?it/s, epoch=9052]
train:   0%|          | 0/1 [00:00<?, ?it/s, epoch=9053]
train:   0%|          | 0/1 [00:00<?, ?it/s, epoch=9054]
train:   0%|          | 0/1 [00:00<?, ?it/s, epoch=9055]
train:   0%|          | 0/1 [00:00<?, ?it/s, epoch=9056]
train:   0%|          | 0/1 [00:00<?, ?it/s, epoch=9057]
train:   0%|          | 0/1 [00:00<?, ?it/s, epoch=9058]
train:   0%|          | 0/1 [00:00<?, ?it/s, epoch=9059]
train:   0%|          | 0/1 [00:00<?, ?it/s, epoch=9060]
train:   0%|          | 0/1 [00:00<?, ?it/s, epoch=9061]
train:   0%|          | 0/1 [00:00<?, ?it/s, epoch=9062]
train:   0%|          | 0/1 [00:00<?, ?it/s, epoch=9063]
train:   0%|          | 0/1 [00:00<?, ?it/s, epoch=9064]
train:   0%|          | 0/1 [00:00<?, ?it/s, epoch=9065]
train:   0%|          | 0/1 [00:00<?, ?it/s, epoch=9066]
train:   0%|          | 0/1 [00:00<?, ?it/s, epoch=9067]
train:   0%|          | 0/1 [00:00<?, ?it/s, epoch=9068]
train:   0%|          | 0/1 [00:00<?, ?it/s, epoch=9069]
train:   0%|          | 0/1 [00:00<?, ?it/s, epoch=9070]
train:   0%|          | 0/1 [00:00<?, ?it/s, epoch=9071]
train:   0%|          | 0/1 [00:00<?, ?it/s, epoch=9072]
train:   0%|          | 0/1 [00:00<?, ?it/s, epoch=9073]
train:   0%|          | 0/1 [00:00<?, ?it/s, epoch=9074]
train:   0%|          | 0/1 [00:00<?, ?it/s, epoch=9075]
train:   0%|          | 0/1 [00:00<?, ?it/s, epoch=9076]
train:   0%|          | 0/1 [00:00<?, ?it/s, epoch=9077]
train:   0%|          | 0/1 [00:00<?, ?it/s, epoch=9078]
train:   0%|          | 0/1 [00:00<?, ?it/s, epoch=9079]
train:   0%|          | 0/1 [00:00<?, ?it/s, epoch=9080]
train:   0%|          | 0/1 [00:00<?, ?it/s, epoch=9081]
train:   0%|          | 0/1 [00:00<?, ?it/s, epoch=9082]
train:   0%|          | 0/1 [00:00<?, ?it/s, epoch=9083]
train:   0%|          | 0/1 [00:00<?, ?it/s, epoch=9084]
train:   0%|          | 0/1 [00:00<?, ?it/s, epoch=9085]
train:   0%|          | 0/1 [00:00<?, ?it/s, epoch=9086]
train:   0%|          | 0/1 [00:00<?, ?it/s, epoch=9087]
train:   0%|          | 0/1 [00:00<?, ?it/s, epoch=9088]
train:   0%|          | 0/1 [00:00<?, ?it/s, epoch=9089]
train:   0%|          | 0/1 [00:00<?, ?it/s, epoch=9090]
train:   0%|          | 0/1 [00:00<?, ?it/s, epoch=9091]
train:   0%|          | 0/1 [00:00<?, ?it/s, epoch=9092]
train:   0%|          | 0/1 [00:00<?, ?it/s, epoch=9093]
train:   0%|          | 0/1 [00:00<?, ?it/s, epoch=9094]
train:   0%|          | 0/1 [00:00<?, ?it/s, epoch=9095]
train:   0%|          | 0/1 [00:00<?, ?it/s, epoch=9096]
train:   0%|          | 0/1 [00:00<?, ?it/s, epoch=9097]
train:   0%|          | 0/1 [00:00<?, ?it/s, epoch=9098]
train:   0%|          | 0/1 [00:00<?, ?it/s, epoch=9099][[34m2026-03-24 00:59:43[0m] Step 9100 | Loss: 0.027603 | Timing: time/data_load: 0.000s, time/forward: 0.312s, time/loss_compute: 0.013s, time/discriminator: 0.000s, time/backward: 0.390s, time/optimizer: 0.034s, time/total_step: 0.756s
train:   0%|          | 0/1 [00:01<?, ?it/s, all=0.03, nll=0.02, nll_rec=0.01, nll_per=0.01, kl=0.01, gen=0.00, gen_w=0.00, disc=0.00, debug=0.00]
train:   0%|          | 0/1 [00:00<?, ?it/s, epoch=9100]
train:   0%|          | 0/1 [00:00<?, ?it/s, epoch=9101]
train:   0%|          | 0/1 [00:00<?, ?it/s, epoch=9102]
train:   0%|          | 0/1 [00:00<?, ?it/s, epoch=9103]
train:   0%|          | 0/1 [00:00<?, ?it/s, epoch=9104]
train:   0%|          | 0/1 [00:00<?, ?it/s, epoch=9105]
train:   0%|          | 0/1 [00:00<?, ?it/s, epoch=9106]
train:   0%|          | 0/1 [00:00<?, ?it/s, epoch=9107]
train:   0%|          | 0/1 [00:00<?, ?it/s, epoch=9108]
train:   0%|          | 0/1 [00:00<?, ?it/s, epoch=9109]
train:   0%|          | 0/1 [00:00<?, ?it/s, epoch=9110]
train:   0%|          | 0/1 [00:00<?, ?it/s, epoch=9111]
train:   0%|          | 0/1 [00:00<?, ?it/s, epoch=9112]
train:   0%|          | 0/1 [00:00<?, ?it/s, epoch=9113]
train:   0%|          | 0/1 [00:00<?, ?it/s, epoch=9114]
train:   0%|          | 0/1 [00:00<?, ?it/s, epoch=9115]
train:   0%|          | 0/1 [00:00<?, ?it/s, epoch=9116]
train:   0%|          | 0/1 [00:00<?, ?it/s, epoch=9117]
train:   0%|          | 0/1 [00:00<?, ?it/s, epoch=9118]
train:   0%|          | 0/1 [00:00<?, ?it/s, epoch=9119]
train:   0%|          | 0/1 [00:00<?, ?it/s, epoch=9120]
train:   0%|          | 0/1 [00:00<?, ?it/s, epoch=9121]
train:   0%|          | 0/1 [00:00<?, ?it/s, epoch=9122]
train:   0%|          | 0/1 [00:00<?, ?it/s, epoch=9123]
train:   0%|          | 0/1 [00:00<?, ?it/s, epoch=9124]
train:   0%|          | 0/1 [00:00<?, ?it/s, epoch=9125]
train:   0%|          | 0/1 [00:00<?, ?it/s, epoch=9126]
train:   0%|          | 0/1 [00:00<?, ?it/s, epoch=9127]
train:   0%|          | 0/1 [00:00<?, ?it/s, epoch=9128]
train:   0%|          | 0/1 [00:00<?, ?it/s, epoch=9129]
train:   0%|          | 0/1 [00:00<?, ?it/s, epoch=9130]
train:   0%|          | 0/1 [00:00<?, ?it/s, epoch=9131]
train:   0%|          | 0/1 [00:00<?, ?it/s, epoch=9132]
train:   0%|          | 0/1 [00:00<?, ?it/s, epoch=9133]
train:   0%|          | 0/1 [00:00<?, ?it/s, epoch=9134]
train:   0%|          | 0/1 [00:00<?, ?it/s, epoch=9135]
train:   0%|          | 0/1 [00:00<?, ?it/s, epoch=9136]
train:   0%|          | 0/1 [00:00<?, ?it/s, epoch=9137]
train:   0%|          | 0/1 [00:00<?, ?it/s, epoch=9138]
train:   0%|          | 0/1 [00:00<?, ?it/s, epoch=9139]
train:   0%|          | 0/1 [00:00<?, ?it/s, epoch=9140]
train:   0%|          | 0/1 [00:00<?, ?it/s, epoch=9141]
train:   0%|          | 0/1 [00:00<?, ?it/s, epoch=9142]
train:   0%|          | 0/1 [00:00<?, ?it/s, epoch=9143]
train:   0%|          | 0/1 [00:00<?, ?it/s, epoch=9144]
train:   0%|          | 0/1 [00:00<?, ?it/s, epoch=9145]
train:   0%|          | 0/1 [00:00<?, ?it/s, epoch=9146]
train:   0%|          | 0/1 [00:00<?, ?it/s, epoch=9147]
train:   0%|          | 0/1 [00:00<?, ?it/s, epoch=9148]
train:   0%|          | 0/1 [00:00<?, ?it/s, epoch=9149]
train:   0%|          | 0/1 [00:00<?, ?it/s, epoch=9150]
train:   0%|          | 0/1 [00:00<?, ?it/s, epoch=9151]
train:   0%|          | 0/1 [00:00<?, ?it/s, epoch=9152]
train:   0%|          | 0/1 [00:00<?, ?it/s, epoch=9153]
train:   0%|          | 0/1 [00:00<?, ?it/s, epoch=9154]
train:   0%|          | 0/1 [00:00<?, ?it/s, epoch=9155]
train:   0%|          | 0/1 [00:00<?, ?it/s, epoch=9156]
train:   0%|          | 0/1 [00:00<?, ?it/s, epoch=9157]
train:   0%|          | 0/1 [00:00<?, ?it/s, epoch=9158]
train:   0%|          | 0/1 [00:00<?, ?it/s, epoch=9159]
train:   0%|          | 0/1 [00:00<?, ?it/s, epoch=9160]
train:   0%|          | 0/1 [00:00<?, ?it/s, epoch=9161]
train:   0%|          | 0/1 [00:00<?, ?it/s, epoch=9162]
train:   0%|          | 0/1 [00:00<?, ?it/s, epoch=9163]
train:   0%|          | 0/1 [00:00<?, ?it/s, epoch=9164]
train:   0%|          | 0/1 [00:00<?, ?it/s, epoch=9165]
train:   0%|          | 0/1 [00:00<?, ?it/s, epoch=9166]
train:   0%|          | 0/1 [00:00<?, ?it/s, epoch=9167]
train:   0%|          | 0/1 [00:00<?, ?it/s, epoch=9168]
train:   0%|          | 0/1 [00:00<?, ?it/s, epoch=9169]
train:   0%|          | 0/1 [00:00<?, ?it/s, epoch=9170]
train:   0%|          | 0/1 [00:00<?, ?it/s, epoch=9171]
train:   0%|          | 0/1 [00:00<?, ?it/s, epoch=9172]
train:   0%|          | 0/1 [00:00<?, ?it/s, epoch=9173]
train:   0%|          | 0/1 [00:00<?, ?it/s, epoch=9174]
train:   0%|          | 0/1 [00:00<?, ?it/s, epoch=9175]
train:   0%|          | 0/1 [00:00<?, ?it/s, epoch=9176]
train:   0%|          | 0/1 [00:00<?, ?it/s, epoch=9177]
train:   0%|          | 0/1 [00:00<?, ?it/s, epoch=9178]
train:   0%|          | 0/1 [00:00<?, ?it/s, epoch=9179]
train:   0%|          | 0/1 [00:00<?, ?it/s, epoch=9180]
train:   0%|          | 0/1 [00:00<?, ?it/s, epoch=9181]
train:   0%|          | 0/1 [00:00<?, ?it/s, epoch=9182]
train:   0%|          | 0/1 [00:00<?, ?it/s, epoch=9183]
train:   0%|          | 0/1 [00:00<?, ?it/s, epoch=9184]
train:   0%|          | 0/1 [00:00<?, ?it/s, epoch=9185]
train:   0%|          | 0/1 [00:00<?, ?it/s, epoch=9186]
train:   0%|          | 0/1 [00:00<?, ?it/s, epoch=9187]
train:   0%|          | 0/1 [00:00<?, ?it/s, epoch=9188]
train:   0%|          | 0/1 [00:00<?, ?it/s, epoch=9189]
train:   0%|          | 0/1 [00:00<?, ?it/s, epoch=9190]
train:   0%|          | 0/1 [00:00<?, ?it/s, epoch=9191]
train:   0%|          | 0/1 [00:00<?, ?it/s, epoch=9192]
train:   0%|          | 0/1 [00:00<?, ?it/s, epoch=9193]
train:   0%|          | 0/1 [00:00<?, ?it/s, epoch=9194]
train:   0%|          | 0/1 [00:00<?, ?it/s, epoch=9195]
train:   0%|          | 0/1 [00:00<?, ?it/s, epoch=9196]
train:   0%|          | 0/1 [00:00<?, ?it/s, epoch=9197]
train:   0%|          | 0/1 [00:00<?, ?it/s, epoch=9198]
train:   0%|          | 0/1 [00:00<?, ?it/s, epoch=9199][[34m2026-03-24 01:01:12[0m] Step 9200 | Loss: 0.029243 | Timing: time/data_load: 0.000s, time/forward: 0.312s, time/loss_compute: 0.013s, time/discriminator: 0.000s, time/backward: 0.390s, time/optimizer: 0.034s, time/total_step: 0.757s
[BOTTLENECK] step 9200 | total_step 0.757s | time/data_load: 0.000s (0%) | time/forward: 0.312s (41%) | time/loss_compute: 0.013s (2%) | time/backward: 0.390s (52%) | time/optimizer: 0.034s (5%) | time/total_step: 0.757s (100%)
  -> at this rate 1000 steps ≈ 12.6 min
train:   0%|          | 0/1 [00:01<?, ?it/s, all=0.03, nll=0.02, nll_rec=0.01, nll_per=0.01, kl=0.01, gen=0.00, gen_w=0.00, disc=0.00, debug=0.00]
[[34m2026-03-24 01:01:12[0m] Running fixed per-frame evaluation at epoch 9200 (sequence name: EMO-1-shout+laugh)...
train:   0%|          | 0/1 [00:00<?, ?it/s, epoch=9200]
train:   0%|          | 0/1 [00:00<?, ?it/s, epoch=9201]
train:   0%|          | 0/1 [00:00<?, ?it/s, epoch=9202]
train:   0%|          | 0/1 [00:00<?, ?it/s, epoch=9203]
train:   0%|          | 0/1 [00:00<?, ?it/s, epoch=9204]
train:   0%|          | 0/1 [00:00<?, ?it/s, epoch=9205]
train:   0%|          | 0/1 [00:00<?, ?it/s, epoch=9206]
train:   0%|          | 0/1 [00:00<?, ?it/s, epoch=9207]
train:   0%|          | 0/1 [00:00<?, ?it/s, epoch=9208]
train:   0%|          | 0/1 [00:00<?, ?it/s, epoch=9209]
train:   0%|          | 0/1 [00:00<?, ?it/s, epoch=9210]
train:   0%|          | 0/1 [00:00<?, ?it/s, epoch=9211]
train:   0%|          | 0/1 [00:00<?, ?it/s, epoch=9212]
train:   0%|          | 0/1 [00:00<?, ?it/s, epoch=9213]
train:   0%|          | 0/1 [00:00<?, ?it/s, epoch=9214]
train:   0%|          | 0/1 [00:00<?, ?it/s, epoch=9215]
train:   0%|          | 0/1 [00:00<?, ?it/s, epoch=9216]
train:   0%|          | 0/1 [00:00<?, ?it/s, epoch=9217]
train:   0%|          | 0/1 [00:00<?, ?it/s, epoch=9218]
train:   0%|          | 0/1 [00:00<?, ?it/s, epoch=9219]
train:   0%|          | 0/1 [00:00<?, ?it/s, epoch=9220]
train:   0%|          | 0/1 [00:00<?, ?it/s, epoch=9221]
train:   0%|          | 0/1 [00:00<?, ?it/s, epoch=9222]
train:   0%|          | 0/1 [00:00<?, ?it/s, epoch=9223]
train:   0%|          | 0/1 [00:00<?, ?it/s, epoch=9224]
train:   0%|          | 0/1 [00:00<?, ?it/s, epoch=9225]
train:   0%|          | 0/1 [00:00<?, ?it/s, epoch=9226]
train:   0%|          | 0/1 [00:00<?, ?it/s, epoch=9227]
train:   0%|          | 0/1 [00:00<?, ?it/s, epoch=9228]
train:   0%|          | 0/1 [00:00<?, ?it/s, epoch=9229]
train:   0%|          | 0/1 [00:00<?, ?it/s, epoch=9230]
train:   0%|          | 0/1 [00:00<?, ?it/s, epoch=9231]
train:   0%|          | 0/1 [00:00<?, ?it/s, epoch=9232]
train:   0%|          | 0/1 [00:00<?, ?it/s, epoch=9233]
train:   0%|          | 0/1 [00:00<?, ?it/s, epoch=9234]
train:   0%|          | 0/1 [00:00<?, ?it/s, epoch=9235]
train:   0%|          | 0/1 [00:00<?, ?it/s, epoch=9236]
train:   0%|          | 0/1 [00:00<?, ?it/s, epoch=9237]
train:   0%|          | 0/1 [00:00<?, ?it/s, epoch=9238]
train:   0%|          | 0/1 [00:00<?, ?it/s, epoch=9239]
train:   0%|          | 0/1 [00:00<?, ?it/s, epoch=9240]
train:   0%|          | 0/1 [00:00<?, ?it/s, epoch=9241]
train:   0%|          | 0/1 [00:00<?, ?it/s, epoch=9242]
train:   0%|          | 0/1 [00:00<?, ?it/s, epoch=9243]
train:   0%|          | 0/1 [00:00<?, ?it/s, epoch=9244]
train:   0%|          | 0/1 [00:00<?, ?it/s, epoch=9245]
train:   0%|          | 0/1 [00:00<?, ?it/s, epoch=9246]
train:   0%|          | 0/1 [00:00<?, ?it/s, epoch=9247]
train:   0%|          | 0/1 [00:00<?, ?it/s, epoch=9248]
train:   0%|          | 0/1 [00:00<?, ?it/s, epoch=9249]
train:   0%|          | 0/1 [00:00<?, ?it/s, epoch=9250]
train:   0%|          | 0/1 [00:00<?, ?it/s, epoch=9251]
train:   0%|          | 0/1 [00:00<?, ?it/s, epoch=9252]
train:   0%|          | 0/1 [00:00<?, ?it/s, epoch=9253]
train:   0%|          | 0/1 [00:00<?, ?it/s, epoch=9254]
train:   0%|          | 0/1 [00:00<?, ?it/s, epoch=9255]
train:   0%|          | 0/1 [00:00<?, ?it/s, epoch=9256]
train:   0%|          | 0/1 [00:00<?, ?it/s, epoch=9257]
train:   0%|          | 0/1 [00:00<?, ?it/s, epoch=9258]
train:   0%|          | 0/1 [00:00<?, ?it/s, epoch=9259]
train:   0%|          | 0/1 [00:00<?, ?it/s, epoch=9260]
train:   0%|          | 0/1 [00:00<?, ?it/s, epoch=9261]
train:   0%|          | 0/1 [00:00<?, ?it/s, epoch=9262]
train:   0%|          | 0/1 [00:00<?, ?it/s, epoch=9263]
train:   0%|          | 0/1 [00:00<?, ?it/s, epoch=9264]
train:   0%|          | 0/1 [00:00<?, ?it/s, epoch=9265]
train:   0%|          | 0/1 [00:00<?, ?it/s, epoch=9266]
train:   0%|          | 0/1 [00:00<?, ?it/s, epoch=9267]
train:   0%|          | 0/1 [00:00<?, ?it/s, epoch=9268]
train:   0%|          | 0/1 [00:00<?, ?it/s, epoch=9269]
train:   0%|          | 0/1 [00:00<?, ?it/s, epoch=9270]
train:   0%|          | 0/1 [00:00<?, ?it/s, epoch=9271]
train:   0%|          | 0/1 [00:00<?, ?it/s, epoch=9272]
train:   0%|          | 0/1 [00:00<?, ?it/s, epoch=9273]
train:   0%|          | 0/1 [00:00<?, ?it/s, epoch=9274]
train:   0%|          | 0/1 [00:00<?, ?it/s, epoch=9275]
train:   0%|          | 0/1 [00:00<?, ?it/s, epoch=9276]
train:   0%|          | 0/1 [00:00<?, ?it/s, epoch=9277]
train:   0%|          | 0/1 [00:00<?, ?it/s, epoch=9278]
train:   0%|          | 0/1 [00:00<?, ?it/s, epoch=9279]
train:   0%|          | 0/1 [00:00<?, ?it/s, epoch=9280]
train:   0%|          | 0/1 [00:00<?, ?it/s, epoch=9281]
train:   0%|          | 0/1 [00:00<?, ?it/s, epoch=9282]
train:   0%|          | 0/1 [00:00<?, ?it/s, epoch=9283]
train:   0%|          | 0/1 [00:00<?, ?it/s, epoch=9284]
train:   0%|          | 0/1 [00:00<?, ?it/s, epoch=9285]
train:   0%|          | 0/1 [00:00<?, ?it/s, epoch=9286]
train:   0%|          | 0/1 [00:00<?, ?it/s, epoch=9287]
train:   0%|          | 0/1 [00:00<?, ?it/s, epoch=9288]
train:   0%|          | 0/1 [00:00<?, ?it/s, epoch=9289]
train:   0%|          | 0/1 [00:00<?, ?it/s, epoch=9290]
train:   0%|          | 0/1 [00:00<?, ?it/s, epoch=9291]
train:   0%|          | 0/1 [00:00<?, ?it/s, epoch=9292]
train:   0%|          | 0/1 [00:00<?, ?it/s, epoch=9293]
train:   0%|          | 0/1 [00:00<?, ?it/s, epoch=9294]
train:   0%|          | 0/1 [00:00<?, ?it/s, epoch=9295]
train:   0%|          | 0/1 [00:00<?, ?it/s, epoch=9296]
train:   0%|          | 0/1 [00:00<?, ?it/s, epoch=9297]
train:   0%|          | 0/1 [00:00<?, ?it/s, epoch=9298]
train:   0%|          | 0/1 [00:00<?, ?it/s, epoch=9299][[34m2026-03-24 01:02:42[0m] Step 9300 | Loss: 0.029426 | Timing: time/data_load: 0.000s, time/forward: 0.313s, time/loss_compute: 0.013s, time/discriminator: 0.000s, time/backward: 0.390s, time/optimizer: 0.034s, time/total_step: 0.757s
train:   0%|          | 0/1 [00:01<?, ?it/s, all=0.03, nll=0.02, nll_rec=0.01, nll_per=0.01, kl=0.01, gen=0.00, gen_w=0.00, disc=0.00, debug=0.00]
train:   0%|          | 0/1 [00:00<?, ?it/s, epoch=9300]
train:   0%|          | 0/1 [00:00<?, ?it/s, epoch=9301]
train:   0%|          | 0/1 [00:00<?, ?it/s, epoch=9302]
train:   0%|          | 0/1 [00:00<?, ?it/s, epoch=9303]
train:   0%|          | 0/1 [00:00<?, ?it/s, epoch=9304]
train:   0%|          | 0/1 [00:00<?, ?it/s, epoch=9305]
train:   0%|          | 0/1 [00:00<?, ?it/s, epoch=9306]
train:   0%|          | 0/1 [00:00<?, ?it/s, epoch=9307]
train:   0%|          | 0/1 [00:00<?, ?it/s, epoch=9308]
train:   0%|          | 0/1 [00:00<?, ?it/s, epoch=9309]
train:   0%|          | 0/1 [00:00<?, ?it/s, epoch=9310]
train:   0%|          | 0/1 [00:00<?, ?it/s, epoch=9311]
train:   0%|          | 0/1 [00:00<?, ?it/s, epoch=9312]
train:   0%|          | 0/1 [00:00<?, ?it/s, epoch=9313]
train:   0%|          | 0/1 [00:00<?, ?it/s, epoch=9314]
train:   0%|          | 0/1 [00:00<?, ?it/s, epoch=9315]
train:   0%|          | 0/1 [00:00<?, ?it/s, epoch=9316]
train:   0%|          | 0/1 [00:00<?, ?it/s, epoch=9317]
train:   0%|          | 0/1 [00:00<?, ?it/s, epoch=9318]
train:   0%|          | 0/1 [00:00<?, ?it/s, epoch=9319]
train:   0%|          | 0/1 [00:00<?, ?it/s, epoch=9320]
train:   0%|          | 0/1 [00:00<?, ?it/s, epoch=9321]
train:   0%|          | 0/1 [00:00<?, ?it/s, epoch=9322]
train:   0%|          | 0/1 [00:00<?, ?it/s, epoch=9323]
train:   0%|          | 0/1 [00:00<?, ?it/s, epoch=9324]
train:   0%|          | 0/1 [00:00<?, ?it/s, epoch=9325]
train:   0%|          | 0/1 [00:00<?, ?it/s, epoch=9326]
train:   0%|          | 0/1 [00:00<?, ?it/s, epoch=9327]
train:   0%|          | 0/1 [00:00<?, ?it/s, epoch=9328]
train:   0%|          | 0/1 [00:00<?, ?it/s, epoch=9329]
train:   0%|          | 0/1 [00:00<?, ?it/s, epoch=9330]
train:   0%|          | 0/1 [00:00<?, ?it/s, epoch=9331]
train:   0%|          | 0/1 [00:00<?, ?it/s, epoch=9332]
train:   0%|          | 0/1 [00:00<?, ?it/s, epoch=9333]
train:   0%|          | 0/1 [00:00<?, ?it/s, epoch=9334]
train:   0%|          | 0/1 [00:00<?, ?it/s, epoch=9335]
train:   0%|          | 0/1 [00:00<?, ?it/s, epoch=9336]
train:   0%|          | 0/1 [00:00<?, ?it/s, epoch=9337]
train:   0%|          | 0/1 [00:00<?, ?it/s, epoch=9338]
train:   0%|          | 0/1 [00:00<?, ?it/s, epoch=9339]
train:   0%|          | 0/1 [00:00<?, ?it/s, epoch=9340]
train:   0%|          | 0/1 [00:00<?, ?it/s, epoch=9341]
train:   0%|          | 0/1 [00:00<?, ?it/s, epoch=9342]
train:   0%|          | 0/1 [00:00<?, ?it/s, epoch=9343]
train:   0%|          | 0/1 [00:00<?, ?it/s, epoch=9344]
train:   0%|          | 0/1 [00:00<?, ?it/s, epoch=9345]
train:   0%|          | 0/1 [00:00<?, ?it/s, epoch=9346]
train:   0%|          | 0/1 [00:00<?, ?it/s, epoch=9347]
train:   0%|          | 0/1 [00:00<?, ?it/s, epoch=9348]
train:   0%|          | 0/1 [00:00<?, ?it/s, epoch=9349]
train:   0%|          | 0/1 [00:00<?, ?it/s, epoch=9350]
train:   0%|          | 0/1 [00:00<?, ?it/s, epoch=9351]
train:   0%|          | 0/1 [00:00<?, ?it/s, epoch=9352]
train:   0%|          | 0/1 [00:00<?, ?it/s, epoch=9353]
train:   0%|          | 0/1 [00:00<?, ?it/s, epoch=9354]
train:   0%|          | 0/1 [00:00<?, ?it/s, epoch=9355]
train:   0%|          | 0/1 [00:00<?, ?it/s, epoch=9356]
train:   0%|          | 0/1 [00:00<?, ?it/s, epoch=9357]
train:   0%|          | 0/1 [00:00<?, ?it/s, epoch=9358]
train:   0%|          | 0/1 [00:00<?, ?it/s, epoch=9359]
train:   0%|          | 0/1 [00:00<?, ?it/s, epoch=9360]
train:   0%|          | 0/1 [00:00<?, ?it/s, epoch=9361]
train:   0%|          | 0/1 [00:00<?, ?it/s, epoch=9362]
train:   0%|          | 0/1 [00:00<?, ?it/s, epoch=9363]
train:   0%|          | 0/1 [00:00<?, ?it/s, epoch=9364]
train:   0%|          | 0/1 [00:00<?, ?it/s, epoch=9365]
train:   0%|          | 0/1 [00:00<?, ?it/s, epoch=9366]
train:   0%|          | 0/1 [00:00<?, ?it/s, epoch=9367]
train:   0%|          | 0/1 [00:00<?, ?it/s, epoch=9368]
train:   0%|          | 0/1 [00:00<?, ?it/s, epoch=9369]
train:   0%|          | 0/1 [00:00<?, ?it/s, epoch=9370]
train:   0%|          | 0/1 [00:00<?, ?it/s, epoch=9371]
train:   0%|          | 0/1 [00:00<?, ?it/s, epoch=9372]
train:   0%|          | 0/1 [00:00<?, ?it/s, epoch=9373]
train:   0%|          | 0/1 [00:00<?, ?it/s, epoch=9374]
train:   0%|          | 0/1 [00:00<?, ?it/s, epoch=9375]
train:   0%|          | 0/1 [00:00<?, ?it/s, epoch=9376]
train:   0%|          | 0/1 [00:00<?, ?it/s, epoch=9377]
train:   0%|          | 0/1 [00:00<?, ?it/s, epoch=9378]
train:   0%|          | 0/1 [00:00<?, ?it/s, epoch=9379]
train:   0%|          | 0/1 [00:00<?, ?it/s, epoch=9380]
train:   0%|          | 0/1 [00:00<?, ?it/s, epoch=9381]
train:   0%|          | 0/1 [00:00<?, ?it/s, epoch=9382]
train:   0%|          | 0/1 [00:00<?, ?it/s, epoch=9383]
train:   0%|          | 0/1 [00:00<?, ?it/s, epoch=9384]
train:   0%|          | 0/1 [00:00<?, ?it/s, epoch=9385]
train:   0%|          | 0/1 [00:00<?, ?it/s, epoch=9386]
train:   0%|          | 0/1 [00:00<?, ?it/s, epoch=9387]
train:   0%|          | 0/1 [00:00<?, ?it/s, epoch=9388]
train:   0%|          | 0/1 [00:00<?, ?it/s, epoch=9389]
train:   0%|          | 0/1 [00:00<?, ?it/s, epoch=9390]
train:   0%|          | 0/1 [00:00<?, ?it/s, epoch=9391]
train:   0%|          | 0/1 [00:00<?, ?it/s, epoch=9392]
train:   0%|          | 0/1 [00:00<?, ?it/s, epoch=9393]
train:   0%|          | 0/1 [00:00<?, ?it/s, epoch=9394]
train:   0%|          | 0/1 [00:00<?, ?it/s, epoch=9395]
train:   0%|          | 0/1 [00:00<?, ?it/s, epoch=9396]
train:   0%|          | 0/1 [00:00<?, ?it/s, epoch=9397]
train:   0%|          | 0/1 [00:00<?, ?it/s, epoch=9398]
train:   0%|          | 0/1 [00:00<?, ?it/s, epoch=9399][[34m2026-03-24 01:04:11[0m] Step 9400 | Loss: 0.028191 | Timing: time/data_load: 0.000s, time/forward: 0.314s, time/loss_compute: 0.013s, time/discriminator: 0.000s, time/backward: 0.391s, time/optimizer: 0.034s, time/total_step: 0.759s
[BOTTLENECK] step 9400 | total_step 0.759s | time/data_load: 0.000s (0%) | time/forward: 0.314s (41%) | time/loss_compute: 0.013s (2%) | time/backward: 0.391s (51%) | time/optimizer: 0.034s (5%) | time/total_step: 0.759s (100%)
  -> at this rate 1000 steps ≈ 12.7 min
train:   0%|          | 0/1 [00:01<?, ?it/s, all=0.03, nll=0.02, nll_rec=0.01, nll_per=0.01, kl=0.01, gen=0.00, gen_w=0.00, disc=0.00, debug=0.00]
[[34m2026-03-24 01:04:11[0m] Running fixed per-frame evaluation at epoch 9400 (sequence name: EMO-1-shout+laugh)...
train:   0%|          | 0/1 [00:00<?, ?it/s, epoch=9400]
train:   0%|          | 0/1 [00:00<?, ?it/s, epoch=9401]
train:   0%|          | 0/1 [00:00<?, ?it/s, epoch=9402]
train:   0%|          | 0/1 [00:00<?, ?it/s, epoch=9403]
train:   0%|          | 0/1 [00:00<?, ?it/s, epoch=9404]
train:   0%|          | 0/1 [00:00<?, ?it/s, epoch=9405]
train:   0%|          | 0/1 [00:00<?, ?it/s, epoch=9406]
train:   0%|          | 0/1 [00:00<?, ?it/s, epoch=9407]
train:   0%|          | 0/1 [00:00<?, ?it/s, epoch=9408]
train:   0%|          | 0/1 [00:00<?, ?it/s, epoch=9409]
train:   0%|          | 0/1 [00:00<?, ?it/s, epoch=9410]
train:   0%|          | 0/1 [00:00<?, ?it/s, epoch=9411]
train:   0%|          | 0/1 [00:00<?, ?it/s, epoch=9412]
train:   0%|          | 0/1 [00:00<?, ?it/s, epoch=9413]
train:   0%|          | 0/1 [00:00<?, ?it/s, epoch=9414]
train:   0%|          | 0/1 [00:00<?, ?it/s, epoch=9415]
train:   0%|          | 0/1 [00:00<?, ?it/s, epoch=9416]
train:   0%|          | 0/1 [00:00<?, ?it/s, epoch=9417]
train:   0%|          | 0/1 [00:00<?, ?it/s, epoch=9418]
train:   0%|          | 0/1 [00:00<?, ?it/s, epoch=9419]
train:   0%|          | 0/1 [00:00<?, ?it/s, epoch=9420]
train:   0%|          | 0/1 [00:00<?, ?it/s, epoch=9421]
train:   0%|          | 0/1 [00:00<?, ?it/s, epoch=9422]
train:   0%|          | 0/1 [00:00<?, ?it/s, epoch=9423]
train:   0%|          | 0/1 [00:00<?, ?it/s, epoch=9424]
train:   0%|          | 0/1 [00:00<?, ?it/s, epoch=9425]
train:   0%|          | 0/1 [00:00<?, ?it/s, epoch=9426]
train:   0%|          | 0/1 [00:00<?, ?it/s, epoch=9427]
train:   0%|          | 0/1 [00:00<?, ?it/s, epoch=9428]
train:   0%|          | 0/1 [00:00<?, ?it/s, epoch=9429]
train:   0%|          | 0/1 [00:00<?, ?it/s, epoch=9430]
train:   0%|          | 0/1 [00:00<?, ?it/s, epoch=9431]
train:   0%|          | 0/1 [00:00<?, ?it/s, epoch=9432]
train:   0%|          | 0/1 [00:00<?, ?it/s, epoch=9433]
train:   0%|          | 0/1 [00:00<?, ?it/s, epoch=9434]
train:   0%|          | 0/1 [00:00<?, ?it/s, epoch=9435]
train:   0%|          | 0/1 [00:00<?, ?it/s, epoch=9436]
train:   0%|          | 0/1 [00:00<?, ?it/s, epoch=9437]
train:   0%|          | 0/1 [00:00<?, ?it/s, epoch=9438]
train:   0%|          | 0/1 [00:00<?, ?it/s, epoch=9439]
train:   0%|          | 0/1 [00:00<?, ?it/s, epoch=9440]
train:   0%|          | 0/1 [00:00<?, ?it/s, epoch=9441]
train:   0%|          | 0/1 [00:00<?, ?it/s, epoch=9442]
train:   0%|          | 0/1 [00:00<?, ?it/s, epoch=9443]
train:   0%|          | 0/1 [00:00<?, ?it/s, epoch=9444]
train:   0%|          | 0/1 [00:00<?, ?it/s, epoch=9445]
train:   0%|          | 0/1 [00:00<?, ?it/s, epoch=9446]
train:   0%|          | 0/1 [00:00<?, ?it/s, epoch=9447]
train:   0%|          | 0/1 [00:00<?, ?it/s, epoch=9448]
train:   0%|          | 0/1 [00:00<?, ?it/s, epoch=9449]
train:   0%|          | 0/1 [00:00<?, ?it/s, epoch=9450]
train:   0%|          | 0/1 [00:00<?, ?it/s, epoch=9451]
train:   0%|          | 0/1 [00:00<?, ?it/s, epoch=9452]
train:   0%|          | 0/1 [00:00<?, ?it/s, epoch=9453]
train:   0%|          | 0/1 [00:00<?, ?it/s, epoch=9454]
train:   0%|          | 0/1 [00:00<?, ?it/s, epoch=9455]
train:   0%|          | 0/1 [00:00<?, ?it/s, epoch=9456]
train:   0%|          | 0/1 [00:00<?, ?it/s, epoch=9457]
train:   0%|          | 0/1 [00:00<?, ?it/s, epoch=9458]
train:   0%|          | 0/1 [00:00<?, ?it/s, epoch=9459]
train:   0%|          | 0/1 [00:00<?, ?it/s, epoch=9460]
train:   0%|          | 0/1 [00:00<?, ?it/s, epoch=9461]
train:   0%|          | 0/1 [00:00<?, ?it/s, epoch=9462]
train:   0%|          | 0/1 [00:00<?, ?it/s, epoch=9463]
train:   0%|          | 0/1 [00:00<?, ?it/s, epoch=9464]
train:   0%|          | 0/1 [00:00<?, ?it/s, epoch=9465]
train:   0%|          | 0/1 [00:00<?, ?it/s, epoch=9466]
train:   0%|          | 0/1 [00:00<?, ?it/s, epoch=9467]
train:   0%|          | 0/1 [00:00<?, ?it/s, epoch=9468]
train:   0%|          | 0/1 [00:00<?, ?it/s, epoch=9469]
train:   0%|          | 0/1 [00:00<?, ?it/s, epoch=9470]
train:   0%|          | 0/1 [00:00<?, ?it/s, epoch=9471]
train:   0%|          | 0/1 [00:00<?, ?it/s, epoch=9472]
train:   0%|          | 0/1 [00:00<?, ?it/s, epoch=9473]
train:   0%|          | 0/1 [00:00<?, ?it/s, epoch=9474]
train:   0%|          | 0/1 [00:00<?, ?it/s, epoch=9475]
train:   0%|          | 0/1 [00:00<?, ?it/s, epoch=9476]
train:   0%|          | 0/1 [00:00<?, ?it/s, epoch=9477]
train:   0%|          | 0/1 [00:00<?, ?it/s, epoch=9478]
train:   0%|          | 0/1 [00:00<?, ?it/s, epoch=9479]
train:   0%|          | 0/1 [00:00<?, ?it/s, epoch=9480]
train:   0%|          | 0/1 [00:00<?, ?it/s, epoch=9481]
train:   0%|          | 0/1 [00:00<?, ?it/s, epoch=9482]
train:   0%|          | 0/1 [00:00<?, ?it/s, epoch=9483]
train:   0%|          | 0/1 [00:00<?, ?it/s, epoch=9484]
train:   0%|          | 0/1 [00:00<?, ?it/s, epoch=9485]
train:   0%|          | 0/1 [00:00<?, ?it/s, epoch=9486]
train:   0%|          | 0/1 [00:00<?, ?it/s, epoch=9487]
train:   0%|          | 0/1 [00:00<?, ?it/s, epoch=9488]
train:   0%|          | 0/1 [00:00<?, ?it/s, epoch=9489]
train:   0%|          | 0/1 [00:00<?, ?it/s, epoch=9490]
train:   0%|          | 0/1 [00:00<?, ?it/s, epoch=9491]
train:   0%|          | 0/1 [00:00<?, ?it/s, epoch=9492]
train:   0%|          | 0/1 [00:00<?, ?it/s, epoch=9493]
train:   0%|          | 0/1 [00:00<?, ?it/s, epoch=9494]
train:   0%|          | 0/1 [00:00<?, ?it/s, epoch=9495]
train:   0%|          | 0/1 [00:00<?, ?it/s, epoch=9496]
train:   0%|          | 0/1 [00:00<?, ?it/s, epoch=9497]
train:   0%|          | 0/1 [00:00<?, ?it/s, epoch=9498]
train:   0%|          | 0/1 [00:00<?, ?it/s, epoch=9499][[34m2026-03-24 01:05:41[0m] Step 9500 | Loss: 0.026771 | Timing: time/data_load: 0.000s, time/forward: 0.314s, time/loss_compute: 0.013s, time/discriminator: 0.000s, time/backward: 0.391s, time/optimizer: 0.034s, time/total_step: 0.759s
train:   0%|          | 0/1 [00:01<?, ?it/s, all=0.03, nll=0.02, nll_rec=0.01, nll_per=0.01, kl=0.01, gen=0.00, gen_w=0.00, disc=0.00, debug=0.00][[34m2026-03-24 01:05:42[0m] The model is going to be split to checkpoint shards. You can find where each parameters has been saved in the index located at model.safetensors.index.json.
[[34m2026-03-24 01:05:43[0m] Saved checkpoint at epoch 9499, step 1, global_step 9500 to outputs/self_attention_rank128/epoch9499-global_step9500
[[34m2026-03-24 01:05:43[0m] Removed old checkpoints and kept 3 latest ones.
train:   0%|          | 0/1 [00:03<?, ?it/s, all=0.03, nll=0.02, nll_rec=0.01, nll_per=0.01, kl=0.01, gen=0.00, gen_w=0.00, disc=0.00, debug=0.00]
train:   0%|          | 0/1 [00:00<?, ?it/s, epoch=9500]
train:   0%|          | 0/1 [00:00<?, ?it/s, epoch=9501]
train:   0%|          | 0/1 [00:00<?, ?it/s, epoch=9502]
train:   0%|          | 0/1 [00:00<?, ?it/s, epoch=9503]
train:   0%|          | 0/1 [00:00<?, ?it/s, epoch=9504]
train:   0%|          | 0/1 [00:00<?, ?it/s, epoch=9505]
train:   0%|          | 0/1 [00:00<?, ?it/s, epoch=9506]
train:   0%|          | 0/1 [00:00<?, ?it/s, epoch=9507]
train:   0%|          | 0/1 [00:00<?, ?it/s, epoch=9508]
train:   0%|          | 0/1 [00:00<?, ?it/s, epoch=9509]
train:   0%|          | 0/1 [00:00<?, ?it/s, epoch=9510]
train:   0%|          | 0/1 [00:00<?, ?it/s, epoch=9511]
train:   0%|          | 0/1 [00:00<?, ?it/s, epoch=9512]
train:   0%|          | 0/1 [00:00<?, ?it/s, epoch=9513]
train:   0%|          | 0/1 [00:00<?, ?it/s, epoch=9514]
train:   0%|          | 0/1 [00:00<?, ?it/s, epoch=9515]
train:   0%|          | 0/1 [00:00<?, ?it/s, epoch=9516]
train:   0%|          | 0/1 [00:00<?, ?it/s, epoch=9517]
train:   0%|          | 0/1 [00:00<?, ?it/s, epoch=9518]
train:   0%|          | 0/1 [00:00<?, ?it/s, epoch=9519]
train:   0%|          | 0/1 [00:00<?, ?it/s, epoch=9520]
train:   0%|          | 0/1 [00:00<?, ?it/s, epoch=9521]
train:   0%|          | 0/1 [00:00<?, ?it/s, epoch=9522]
train:   0%|          | 0/1 [00:00<?, ?it/s, epoch=9523]
train:   0%|          | 0/1 [00:00<?, ?it/s, epoch=9524]
train:   0%|          | 0/1 [00:00<?, ?it/s, epoch=9525]
train:   0%|          | 0/1 [00:00<?, ?it/s, epoch=9526]
train:   0%|          | 0/1 [00:00<?, ?it/s, epoch=9527]
train:   0%|          | 0/1 [00:00<?, ?it/s, epoch=9528]
train:   0%|          | 0/1 [00:00<?, ?it/s, epoch=9529]
train:   0%|          | 0/1 [00:00<?, ?it/s, epoch=9530]
train:   0%|          | 0/1 [00:00<?, ?it/s, epoch=9531]
train:   0%|          | 0/1 [00:00<?, ?it/s, epoch=9532]
train:   0%|          | 0/1 [00:00<?, ?it/s, epoch=9533]
train:   0%|          | 0/1 [00:00<?, ?it/s, epoch=9534]
train:   0%|          | 0/1 [00:00<?, ?it/s, epoch=9535]
train:   0%|          | 0/1 [00:00<?, ?it/s, epoch=9536]
train:   0%|          | 0/1 [00:00<?, ?it/s, epoch=9537]
train:   0%|          | 0/1 [00:00<?, ?it/s, epoch=9538]
train:   0%|          | 0/1 [00:00<?, ?it/s, epoch=9539]
train:   0%|          | 0/1 [00:00<?, ?it/s, epoch=9540]
train:   0%|          | 0/1 [00:00<?, ?it/s, epoch=9541]
train:   0%|          | 0/1 [00:00<?, ?it/s, epoch=9542]
train:   0%|          | 0/1 [00:00<?, ?it/s, epoch=9543]
train:   0%|          | 0/1 [00:00<?, ?it/s, epoch=9544]
train:   0%|          | 0/1 [00:00<?, ?it/s, epoch=9545]
train:   0%|          | 0/1 [00:00<?, ?it/s, epoch=9546]
train:   0%|          | 0/1 [00:00<?, ?it/s, epoch=9547]
train:   0%|          | 0/1 [00:00<?, ?it/s, epoch=9548]
train:   0%|          | 0/1 [00:00<?, ?it/s, epoch=9549]
train:   0%|          | 0/1 [00:00<?, ?it/s, epoch=9550]
train:   0%|          | 0/1 [00:00<?, ?it/s, epoch=9551]
train:   0%|          | 0/1 [00:00<?, ?it/s, epoch=9552]
train:   0%|          | 0/1 [00:00<?, ?it/s, epoch=9553]
train:   0%|          | 0/1 [00:00<?, ?it/s, epoch=9554]
train:   0%|          | 0/1 [00:00<?, ?it/s, epoch=9555]
train:   0%|          | 0/1 [00:00<?, ?it/s, epoch=9556]
train:   0%|          | 0/1 [00:00<?, ?it/s, epoch=9557]
train:   0%|          | 0/1 [00:00<?, ?it/s, epoch=9558]
train:   0%|          | 0/1 [00:00<?, ?it/s, epoch=9559]
train:   0%|          | 0/1 [00:00<?, ?it/s, epoch=9560]
train:   0%|          | 0/1 [00:00<?, ?it/s, epoch=9561]
train:   0%|          | 0/1 [00:00<?, ?it/s, epoch=9562]
train:   0%|          | 0/1 [00:00<?, ?it/s, epoch=9563]
train:   0%|          | 0/1 [00:00<?, ?it/s, epoch=9564]
train:   0%|          | 0/1 [00:00<?, ?it/s, epoch=9565]
train:   0%|          | 0/1 [00:00<?, ?it/s, epoch=9566]
train:   0%|          | 0/1 [00:00<?, ?it/s, epoch=9567]
train:   0%|          | 0/1 [00:00<?, ?it/s, epoch=9568]
train:   0%|          | 0/1 [00:00<?, ?it/s, epoch=9569]
train:   0%|          | 0/1 [00:00<?, ?it/s, epoch=9570]
train:   0%|          | 0/1 [00:00<?, ?it/s, epoch=9571]
train:   0%|          | 0/1 [00:00<?, ?it/s, epoch=9572]
train:   0%|          | 0/1 [00:00<?, ?it/s, epoch=9573]
train:   0%|          | 0/1 [00:00<?, ?it/s, epoch=9574]
train:   0%|          | 0/1 [00:00<?, ?it/s, epoch=9575]
train:   0%|          | 0/1 [00:00<?, ?it/s, epoch=9576]
train:   0%|          | 0/1 [00:00<?, ?it/s, epoch=9577]
train:   0%|          | 0/1 [00:00<?, ?it/s, epoch=9578]
train:   0%|          | 0/1 [00:00<?, ?it/s, epoch=9579]
train:   0%|          | 0/1 [00:00<?, ?it/s, epoch=9580]
train:   0%|          | 0/1 [00:00<?, ?it/s, epoch=9581]
train:   0%|          | 0/1 [00:00<?, ?it/s, epoch=9582]
train:   0%|          | 0/1 [00:00<?, ?it/s, epoch=9583]
train:   0%|          | 0/1 [00:00<?, ?it/s, epoch=9584]
train:   0%|          | 0/1 [00:00<?, ?it/s, epoch=9585]
train:   0%|          | 0/1 [00:00<?, ?it/s, epoch=9586]
train:   0%|          | 0/1 [00:00<?, ?it/s, epoch=9587]
train:   0%|          | 0/1 [00:00<?, ?it/s, epoch=9588]
train:   0%|          | 0/1 [00:00<?, ?it/s, epoch=9589]
train:   0%|          | 0/1 [00:00<?, ?it/s, epoch=9590]
train:   0%|          | 0/1 [00:00<?, ?it/s, epoch=9591]
train:   0%|          | 0/1 [00:00<?, ?it/s, epoch=9592]
train:   0%|          | 0/1 [00:00<?, ?it/s, epoch=9593]
train:   0%|          | 0/1 [00:00<?, ?it/s, epoch=9594]
train:   0%|          | 0/1 [00:00<?, ?it/s, epoch=9595]
train:   0%|          | 0/1 [00:00<?, ?it/s, epoch=9596]
train:   0%|          | 0/1 [00:00<?, ?it/s, epoch=9597]
train:   0%|          | 0/1 [00:00<?, ?it/s, epoch=9598]
train:   0%|          | 0/1 [00:00<?, ?it/s, epoch=9599][[34m2026-03-24 01:07:14[0m] Step 9600 | Loss: 0.027208 | Timing: time/data_load: 0.000s, time/forward: 0.313s, time/loss_compute: 0.013s, time/discriminator: 0.000s, time/backward: 0.390s, time/optimizer: 0.034s, time/total_step: 0.757s
[BOTTLENECK] step 9600 | total_step 0.757s | time/data_load: 0.000s (0%) | time/forward: 0.313s (41%) | time/loss_compute: 0.013s (2%) | time/backward: 0.390s (51%) | time/optimizer: 0.034s (5%) | time/total_step: 0.757s (100%)
  -> at this rate 1000 steps ≈ 12.6 min
train:   0%|          | 0/1 [00:01<?, ?it/s, all=0.03, nll=0.02, nll_rec=0.01, nll_per=0.01, kl=0.01, gen=0.00, gen_w=0.00, disc=0.00, debug=0.00]
[[34m2026-03-24 01:07:14[0m] Running fixed per-frame evaluation at epoch 9600 (sequence name: EMO-1-shout+laugh)...
train:   0%|          | 0/1 [00:00<?, ?it/s, epoch=9600]
train:   0%|          | 0/1 [00:00<?, ?it/s, epoch=9601]
train:   0%|          | 0/1 [00:00<?, ?it/s, epoch=9602]
train:   0%|          | 0/1 [00:00<?, ?it/s, epoch=9603]
train:   0%|          | 0/1 [00:00<?, ?it/s, epoch=9604]
train:   0%|          | 0/1 [00:00<?, ?it/s, epoch=9605]
train:   0%|          | 0/1 [00:00<?, ?it/s, epoch=9606]
train:   0%|          | 0/1 [00:00<?, ?it/s, epoch=9607]
train:   0%|          | 0/1 [00:00<?, ?it/s, epoch=9608]
train:   0%|          | 0/1 [00:00<?, ?it/s, epoch=9609]
train:   0%|          | 0/1 [00:00<?, ?it/s, epoch=9610]
train:   0%|          | 0/1 [00:00<?, ?it/s, epoch=9611]
train:   0%|          | 0/1 [00:00<?, ?it/s, epoch=9612]
train:   0%|          | 0/1 [00:00<?, ?it/s, epoch=9613]
train:   0%|          | 0/1 [00:00<?, ?it/s, epoch=9614]
train:   0%|          | 0/1 [00:00<?, ?it/s, epoch=9615]
train:   0%|          | 0/1 [00:00<?, ?it/s, epoch=9616]
train:   0%|          | 0/1 [00:00<?, ?it/s, epoch=9617]
train:   0%|          | 0/1 [00:00<?, ?it/s, epoch=9618]
train:   0%|          | 0/1 [00:00<?, ?it/s, epoch=9619]
train:   0%|          | 0/1 [00:00<?, ?it/s, epoch=9620]
train:   0%|          | 0/1 [00:00<?, ?it/s, epoch=9621]
train:   0%|          | 0/1 [00:00<?, ?it/s, epoch=9622]
train:   0%|          | 0/1 [00:00<?, ?it/s, epoch=9623]
train:   0%|          | 0/1 [00:00<?, ?it/s, epoch=9624]
train:   0%|          | 0/1 [00:00<?, ?it/s, epoch=9625]
train:   0%|          | 0/1 [00:00<?, ?it/s, epoch=9626]
train:   0%|          | 0/1 [00:00<?, ?it/s, epoch=9627]
train:   0%|          | 0/1 [00:00<?, ?it/s, epoch=9628]
train:   0%|          | 0/1 [00:00<?, ?it/s, epoch=9629]
train:   0%|          | 0/1 [00:00<?, ?it/s, epoch=9630]
train:   0%|          | 0/1 [00:00<?, ?it/s, epoch=9631]
train:   0%|          | 0/1 [00:00<?, ?it/s, epoch=9632]
train:   0%|          | 0/1 [00:00<?, ?it/s, epoch=9633]
train:   0%|          | 0/1 [00:00<?, ?it/s, epoch=9634]
train:   0%|          | 0/1 [00:00<?, ?it/s, epoch=9635]
train:   0%|          | 0/1 [00:00<?, ?it/s, epoch=9636]
train:   0%|          | 0/1 [00:00<?, ?it/s, epoch=9637]
train:   0%|          | 0/1 [00:00<?, ?it/s, epoch=9638]
train:   0%|          | 0/1 [00:00<?, ?it/s, epoch=9639]
train:   0%|          | 0/1 [00:00<?, ?it/s, epoch=9640]
train:   0%|          | 0/1 [00:00<?, ?it/s, epoch=9641]
train:   0%|          | 0/1 [00:00<?, ?it/s, epoch=9642]
train:   0%|          | 0/1 [00:00<?, ?it/s, epoch=9643]
train:   0%|          | 0/1 [00:00<?, ?it/s, epoch=9644]
train:   0%|          | 0/1 [00:00<?, ?it/s, epoch=9645]
train:   0%|          | 0/1 [00:00<?, ?it/s, epoch=9646]
train:   0%|          | 0/1 [00:00<?, ?it/s, epoch=9647]
train:   0%|          | 0/1 [00:00<?, ?it/s, epoch=9648]
train:   0%|          | 0/1 [00:00<?, ?it/s, epoch=9649]
train:   0%|          | 0/1 [00:00<?, ?it/s, epoch=9650]
train:   0%|          | 0/1 [00:00<?, ?it/s, epoch=9651]
train:   0%|          | 0/1 [00:00<?, ?it/s, epoch=9652]
train:   0%|          | 0/1 [00:00<?, ?it/s, epoch=9653]
train:   0%|          | 0/1 [00:00<?, ?it/s, epoch=9654]
train:   0%|          | 0/1 [00:00<?, ?it/s, epoch=9655]
train:   0%|          | 0/1 [00:00<?, ?it/s, epoch=9656]
train:   0%|          | 0/1 [00:00<?, ?it/s, epoch=9657]
train:   0%|          | 0/1 [00:00<?, ?it/s, epoch=9658]
train:   0%|          | 0/1 [00:00<?, ?it/s, epoch=9659]
train:   0%|          | 0/1 [00:00<?, ?it/s, epoch=9660]
train:   0%|          | 0/1 [00:00<?, ?it/s, epoch=9661]
train:   0%|          | 0/1 [00:00<?, ?it/s, epoch=9662]
train:   0%|          | 0/1 [00:00<?, ?it/s, epoch=9663]
train:   0%|          | 0/1 [00:00<?, ?it/s, epoch=9664]
train:   0%|          | 0/1 [00:00<?, ?it/s, epoch=9665]
train:   0%|          | 0/1 [00:00<?, ?it/s, epoch=9666]
train:   0%|          | 0/1 [00:00<?, ?it/s, epoch=9667]
train:   0%|          | 0/1 [00:00<?, ?it/s, epoch=9668]
train:   0%|          | 0/1 [00:00<?, ?it/s, epoch=9669]
train:   0%|          | 0/1 [00:00<?, ?it/s, epoch=9670]
train:   0%|          | 0/1 [00:00<?, ?it/s, epoch=9671]
train:   0%|          | 0/1 [00:00<?, ?it/s, epoch=9672]
train:   0%|          | 0/1 [00:00<?, ?it/s, epoch=9673]
train:   0%|          | 0/1 [00:00<?, ?it/s, epoch=9674]
train:   0%|          | 0/1 [00:00<?, ?it/s, epoch=9675]
train:   0%|          | 0/1 [00:00<?, ?it/s, epoch=9676]
train:   0%|          | 0/1 [00:00<?, ?it/s, epoch=9677]
train:   0%|          | 0/1 [00:00<?, ?it/s, epoch=9678]
train:   0%|          | 0/1 [00:00<?, ?it/s, epoch=9679]
train:   0%|          | 0/1 [00:00<?, ?it/s, epoch=9680]
train:   0%|          | 0/1 [00:00<?, ?it/s, epoch=9681]
train:   0%|          | 0/1 [00:00<?, ?it/s, epoch=9682]
train:   0%|          | 0/1 [00:00<?, ?it/s, epoch=9683]
train:   0%|          | 0/1 [00:00<?, ?it/s, epoch=9684]
train:   0%|          | 0/1 [00:00<?, ?it/s, epoch=9685]
train:   0%|          | 0/1 [00:00<?, ?it/s, epoch=9686]
train:   0%|          | 0/1 [00:00<?, ?it/s, epoch=9687]
train:   0%|          | 0/1 [00:00<?, ?it/s, epoch=9688]
train:   0%|          | 0/1 [00:00<?, ?it/s, epoch=9689]
train:   0%|          | 0/1 [00:00<?, ?it/s, epoch=9690]
train:   0%|          | 0/1 [00:00<?, ?it/s, epoch=9691]
train:   0%|          | 0/1 [00:00<?, ?it/s, epoch=9692]
train:   0%|          | 0/1 [00:00<?, ?it/s, epoch=9693]
train:   0%|          | 0/1 [00:00<?, ?it/s, epoch=9694]
train:   0%|          | 0/1 [00:00<?, ?it/s, epoch=9695]
train:   0%|          | 0/1 [00:00<?, ?it/s, epoch=9696]
train:   0%|          | 0/1 [00:00<?, ?it/s, epoch=9697]
train:   0%|          | 0/1 [00:00<?, ?it/s, epoch=9698]
train:   0%|          | 0/1 [00:00<?, ?it/s, epoch=9699][[34m2026-03-24 01:08:44[0m] Step 9700 | Loss: 0.024684 | Timing: time/data_load: 0.000s, time/forward: 0.313s, time/loss_compute: 0.013s, time/discriminator: 0.000s, time/backward: 0.390s, time/optimizer: 0.034s, time/total_step: 0.758s
train:   0%|          | 0/1 [00:01<?, ?it/s, all=0.02, nll=0.01, nll_rec=0.01, nll_per=0.01, kl=0.01, gen=0.00, gen_w=0.00, disc=0.00, debug=0.00]
train:   0%|          | 0/1 [00:00<?, ?it/s, epoch=9700]
train:   0%|          | 0/1 [00:00<?, ?it/s, epoch=9701]
train:   0%|          | 0/1 [00:00<?, ?it/s, epoch=9702]
train:   0%|          | 0/1 [00:00<?, ?it/s, epoch=9703]
train:   0%|          | 0/1 [00:00<?, ?it/s, epoch=9704]
train:   0%|          | 0/1 [00:00<?, ?it/s, epoch=9705]
train:   0%|          | 0/1 [00:00<?, ?it/s, epoch=9706]
train:   0%|          | 0/1 [00:00<?, ?it/s, epoch=9707]
train:   0%|          | 0/1 [00:00<?, ?it/s, epoch=9708]
train:   0%|          | 0/1 [00:00<?, ?it/s, epoch=9709]
train:   0%|          | 0/1 [00:00<?, ?it/s, epoch=9710]
train:   0%|          | 0/1 [00:00<?, ?it/s, epoch=9711]
train:   0%|          | 0/1 [00:00<?, ?it/s, epoch=9712]
train:   0%|          | 0/1 [00:00<?, ?it/s, epoch=9713]
train:   0%|          | 0/1 [00:00<?, ?it/s, epoch=9714]
train:   0%|          | 0/1 [00:00<?, ?it/s, epoch=9715]
train:   0%|          | 0/1 [00:00<?, ?it/s, epoch=9716]
train:   0%|          | 0/1 [00:00<?, ?it/s, epoch=9717]
train:   0%|          | 0/1 [00:00<?, ?it/s, epoch=9718]
train:   0%|          | 0/1 [00:00<?, ?it/s, epoch=9719]
train:   0%|          | 0/1 [00:00<?, ?it/s, epoch=9720]
train:   0%|          | 0/1 [00:00<?, ?it/s, epoch=9721]
train:   0%|          | 0/1 [00:00<?, ?it/s, epoch=9722]
train:   0%|          | 0/1 [00:00<?, ?it/s, epoch=9723]
train:   0%|          | 0/1 [00:00<?, ?it/s, epoch=9724]
train:   0%|          | 0/1 [00:00<?, ?it/s, epoch=9725]
train:   0%|          | 0/1 [00:00<?, ?it/s, epoch=9726]
train:   0%|          | 0/1 [00:00<?, ?it/s, epoch=9727]
train:   0%|          | 0/1 [00:00<?, ?it/s, epoch=9728]
train:   0%|          | 0/1 [00:00<?, ?it/s, epoch=9729]
train:   0%|          | 0/1 [00:00<?, ?it/s, epoch=9730]
train:   0%|          | 0/1 [00:00<?, ?it/s, epoch=9731]
train:   0%|          | 0/1 [00:00<?, ?it/s, epoch=9732]
train:   0%|          | 0/1 [00:00<?, ?it/s, epoch=9733]
train:   0%|          | 0/1 [00:00<?, ?it/s, epoch=9734]
train:   0%|          | 0/1 [00:00<?, ?it/s, epoch=9735]
train:   0%|          | 0/1 [00:00<?, ?it/s, epoch=9736]
train:   0%|          | 0/1 [00:00<?, ?it/s, epoch=9737]
train:   0%|          | 0/1 [00:00<?, ?it/s, epoch=9738]
train:   0%|          | 0/1 [00:00<?, ?it/s, epoch=9739]
train:   0%|          | 0/1 [00:00<?, ?it/s, epoch=9740]
train:   0%|          | 0/1 [00:00<?, ?it/s, epoch=9741]
train:   0%|          | 0/1 [00:00<?, ?it/s, epoch=9742]
train:   0%|          | 0/1 [00:00<?, ?it/s, epoch=9743]
train:   0%|          | 0/1 [00:00<?, ?it/s, epoch=9744]
train:   0%|          | 0/1 [00:00<?, ?it/s, epoch=9745]
train:   0%|          | 0/1 [00:00<?, ?it/s, epoch=9746]
train:   0%|          | 0/1 [00:00<?, ?it/s, epoch=9747]
train:   0%|          | 0/1 [00:00<?, ?it/s, epoch=9748]
train:   0%|          | 0/1 [00:00<?, ?it/s, epoch=9749]
train:   0%|          | 0/1 [00:00<?, ?it/s, epoch=9750]
train:   0%|          | 0/1 [00:00<?, ?it/s, epoch=9751]
train:   0%|          | 0/1 [00:00<?, ?it/s, epoch=9752]
train:   0%|          | 0/1 [00:00<?, ?it/s, epoch=9753]
train:   0%|          | 0/1 [00:00<?, ?it/s, epoch=9754]
train:   0%|          | 0/1 [00:00<?, ?it/s, epoch=9755]
train:   0%|          | 0/1 [00:00<?, ?it/s, epoch=9756]
train:   0%|          | 0/1 [00:00<?, ?it/s, epoch=9757]
train:   0%|          | 0/1 [00:00<?, ?it/s, epoch=9758]
train:   0%|          | 0/1 [00:00<?, ?it/s, epoch=9759]
train:   0%|          | 0/1 [00:00<?, ?it/s, epoch=9760]
train:   0%|          | 0/1 [00:00<?, ?it/s, epoch=9761]
train:   0%|          | 0/1 [00:00<?, ?it/s, epoch=9762]
train:   0%|          | 0/1 [00:00<?, ?it/s, epoch=9763]
train:   0%|          | 0/1 [00:00<?, ?it/s, epoch=9764]
train:   0%|          | 0/1 [00:00<?, ?it/s, epoch=9765]
train:   0%|          | 0/1 [00:00<?, ?it/s, epoch=9766]
train:   0%|          | 0/1 [00:00<?, ?it/s, epoch=9767]
train:   0%|          | 0/1 [00:00<?, ?it/s, epoch=9768]
train:   0%|          | 0/1 [00:00<?, ?it/s, epoch=9769]
train:   0%|          | 0/1 [00:00<?, ?it/s, epoch=9770]
train:   0%|          | 0/1 [00:00<?, ?it/s, epoch=9771]
train:   0%|          | 0/1 [00:00<?, ?it/s, epoch=9772]
train:   0%|          | 0/1 [00:00<?, ?it/s, epoch=9773]
train:   0%|          | 0/1 [00:00<?, ?it/s, epoch=9774]
train:   0%|          | 0/1 [00:00<?, ?it/s, epoch=9775]
train:   0%|          | 0/1 [00:00<?, ?it/s, epoch=9776]
train:   0%|          | 0/1 [00:00<?, ?it/s, epoch=9777]
train:   0%|          | 0/1 [00:00<?, ?it/s, epoch=9778]
train:   0%|          | 0/1 [00:00<?, ?it/s, epoch=9779]
train:   0%|          | 0/1 [00:00<?, ?it/s, epoch=9780]
train:   0%|          | 0/1 [00:00<?, ?it/s, epoch=9781]
train:   0%|          | 0/1 [00:00<?, ?it/s, epoch=9782]
train:   0%|          | 0/1 [00:00<?, ?it/s, epoch=9783]
train:   0%|          | 0/1 [00:00<?, ?it/s, epoch=9784]
train:   0%|          | 0/1 [00:00<?, ?it/s, epoch=9785]
train:   0%|          | 0/1 [00:00<?, ?it/s, epoch=9786]
train:   0%|          | 0/1 [00:00<?, ?it/s, epoch=9787]
train:   0%|          | 0/1 [00:00<?, ?it/s, epoch=9788]
train:   0%|          | 0/1 [00:00<?, ?it/s, epoch=9789]
train:   0%|          | 0/1 [00:00<?, ?it/s, epoch=9790]
train:   0%|          | 0/1 [00:00<?, ?it/s, epoch=9791]
train:   0%|          | 0/1 [00:00<?, ?it/s, epoch=9792]
train:   0%|          | 0/1 [00:00<?, ?it/s, epoch=9793]
train:   0%|          | 0/1 [00:00<?, ?it/s, epoch=9794]
train:   0%|          | 0/1 [00:00<?, ?it/s, epoch=9795]
train:   0%|          | 0/1 [00:00<?, ?it/s, epoch=9796]
train:   0%|          | 0/1 [00:00<?, ?it/s, epoch=9797]
train:   0%|          | 0/1 [00:00<?, ?it/s, epoch=9798]
train:   0%|          | 0/1 [00:00<?, ?it/s, epoch=9799][[34m2026-03-24 01:10:14[0m] Step 9800 | Loss: 0.030300 | Timing: time/data_load: 0.000s, time/forward: 0.314s, time/loss_compute: 0.013s, time/discriminator: 0.000s, time/backward: 0.390s, time/optimizer: 0.034s, time/total_step: 0.759s
[BOTTLENECK] step 9800 | total_step 0.759s | time/data_load: 0.000s (0%) | time/forward: 0.314s (41%) | time/loss_compute: 0.013s (2%) | time/backward: 0.390s (51%) | time/optimizer: 0.034s (5%) | time/total_step: 0.759s (100%)
  -> at this rate 1000 steps ≈ 12.6 min
train:   0%|          | 0/1 [00:01<?, ?it/s, all=0.03, nll=0.02, nll_rec=0.01, nll_per=0.01, kl=0.01, gen=0.00, gen_w=0.00, disc=0.00, debug=0.00]
[[34m2026-03-24 01:10:14[0m] Running fixed per-frame evaluation at epoch 9800 (sequence name: EMO-1-shout+laugh)...
train:   0%|          | 0/1 [00:00<?, ?it/s, epoch=9800]
train:   0%|          | 0/1 [00:00<?, ?it/s, epoch=9801]
train:   0%|          | 0/1 [00:00<?, ?it/s, epoch=9802]
train:   0%|          | 0/1 [00:00<?, ?it/s, epoch=9803]
train:   0%|          | 0/1 [00:00<?, ?it/s, epoch=9804]
train:   0%|          | 0/1 [00:00<?, ?it/s, epoch=9805]
train:   0%|          | 0/1 [00:00<?, ?it/s, epoch=9806]
train:   0%|          | 0/1 [00:00<?, ?it/s, epoch=9807]
train:   0%|          | 0/1 [00:00<?, ?it/s, epoch=9808]
train:   0%|          | 0/1 [00:00<?, ?it/s, epoch=9809]
train:   0%|          | 0/1 [00:00<?, ?it/s, epoch=9810]
train:   0%|          | 0/1 [00:00<?, ?it/s, epoch=9811]
train:   0%|          | 0/1 [00:00<?, ?it/s, epoch=9812]
train:   0%|          | 0/1 [00:00<?, ?it/s, epoch=9813]
train:   0%|          | 0/1 [00:00<?, ?it/s, epoch=9814]
train:   0%|          | 0/1 [00:00<?, ?it/s, epoch=9815]
train:   0%|          | 0/1 [00:00<?, ?it/s, epoch=9816]
train:   0%|          | 0/1 [00:00<?, ?it/s, epoch=9817]
train:   0%|          | 0/1 [00:00<?, ?it/s, epoch=9818]
train:   0%|          | 0/1 [00:00<?, ?it/s, epoch=9819]
train:   0%|          | 0/1 [00:00<?, ?it/s, epoch=9820]
train:   0%|          | 0/1 [00:00<?, ?it/s, epoch=9821]
train:   0%|          | 0/1 [00:00<?, ?it/s, epoch=9822]
train:   0%|          | 0/1 [00:00<?, ?it/s, epoch=9823]
train:   0%|          | 0/1 [00:00<?, ?it/s, epoch=9824]
train:   0%|          | 0/1 [00:00<?, ?it/s, epoch=9825]
train:   0%|          | 0/1 [00:00<?, ?it/s, epoch=9826]
train:   0%|          | 0/1 [00:00<?, ?it/s, epoch=9827]
train:   0%|          | 0/1 [00:00<?, ?it/s, epoch=9828]
train:   0%|          | 0/1 [00:00<?, ?it/s, epoch=9829]
train:   0%|          | 0/1 [00:00<?, ?it/s, epoch=9830]
train:   0%|          | 0/1 [00:00<?, ?it/s, epoch=9831]
train:   0%|          | 0/1 [00:00<?, ?it/s, epoch=9832]
train:   0%|          | 0/1 [00:00<?, ?it/s, epoch=9833]
train:   0%|          | 0/1 [00:00<?, ?it/s, epoch=9834]
train:   0%|          | 0/1 [00:00<?, ?it/s, epoch=9835]
train:   0%|          | 0/1 [00:00<?, ?it/s, epoch=9836]
train:   0%|          | 0/1 [00:00<?, ?it/s, epoch=9837]
train:   0%|          | 0/1 [00:00<?, ?it/s, epoch=9838]
train:   0%|          | 0/1 [00:00<?, ?it/s, epoch=9839]
train:   0%|          | 0/1 [00:00<?, ?it/s, epoch=9840]
train:   0%|          | 0/1 [00:00<?, ?it/s, epoch=9841]
train:   0%|          | 0/1 [00:00<?, ?it/s, epoch=9842]
train:   0%|          | 0/1 [00:00<?, ?it/s, epoch=9843]
train:   0%|          | 0/1 [00:00<?, ?it/s, epoch=9844]
train:   0%|          | 0/1 [00:00<?, ?it/s, epoch=9845]
train:   0%|          | 0/1 [00:00<?, ?it/s, epoch=9846]
train:   0%|          | 0/1 [00:00<?, ?it/s, epoch=9847]
train:   0%|          | 0/1 [00:00<?, ?it/s, epoch=9848]
train:   0%|          | 0/1 [00:00<?, ?it/s, epoch=9849]
train:   0%|          | 0/1 [00:00<?, ?it/s, epoch=9850]
train:   0%|          | 0/1 [00:00<?, ?it/s, epoch=9851]
train:   0%|          | 0/1 [00:00<?, ?it/s, epoch=9852]
train:   0%|          | 0/1 [00:00<?, ?it/s, epoch=9853]
train:   0%|          | 0/1 [00:00<?, ?it/s, epoch=9854]
train:   0%|          | 0/1 [00:00<?, ?it/s, epoch=9855]
train:   0%|          | 0/1 [00:00<?, ?it/s, epoch=9856]
train:   0%|          | 0/1 [00:00<?, ?it/s, epoch=9857]
train:   0%|          | 0/1 [00:00<?, ?it/s, epoch=9858]
train:   0%|          | 0/1 [00:00<?, ?it/s, epoch=9859]
train:   0%|          | 0/1 [00:00<?, ?it/s, epoch=9860]
train:   0%|          | 0/1 [00:00<?, ?it/s, epoch=9861]
train:   0%|          | 0/1 [00:00<?, ?it/s, epoch=9862]
train:   0%|          | 0/1 [00:00<?, ?it/s, epoch=9863]
train:   0%|          | 0/1 [00:00<?, ?it/s, epoch=9864]
train:   0%|          | 0/1 [00:00<?, ?it/s, epoch=9865]
train:   0%|          | 0/1 [00:00<?, ?it/s, epoch=9866]
train:   0%|          | 0/1 [00:00<?, ?it/s, epoch=9867]
train:   0%|          | 0/1 [00:00<?, ?it/s, epoch=9868]
train:   0%|          | 0/1 [00:00<?, ?it/s, epoch=9869]
train:   0%|          | 0/1 [00:00<?, ?it/s, epoch=9870]
train:   0%|          | 0/1 [00:00<?, ?it/s, epoch=9871]
train:   0%|          | 0/1 [00:00<?, ?it/s, epoch=9872]
train:   0%|          | 0/1 [00:00<?, ?it/s, epoch=9873]
train:   0%|          | 0/1 [00:00<?, ?it/s, epoch=9874]
train:   0%|          | 0/1 [00:00<?, ?it/s, epoch=9875]
train:   0%|          | 0/1 [00:00<?, ?it/s, epoch=9876]
train:   0%|          | 0/1 [00:00<?, ?it/s, epoch=9877]
train:   0%|          | 0/1 [00:00<?, ?it/s, epoch=9878]
train:   0%|          | 0/1 [00:00<?, ?it/s, epoch=9879]
train:   0%|          | 0/1 [00:00<?, ?it/s, epoch=9880]
train:   0%|          | 0/1 [00:00<?, ?it/s, epoch=9881]
train:   0%|          | 0/1 [00:00<?, ?it/s, epoch=9882]
train:   0%|          | 0/1 [00:00<?, ?it/s, epoch=9883]
train:   0%|          | 0/1 [00:00<?, ?it/s, epoch=9884]
train:   0%|          | 0/1 [00:00<?, ?it/s, epoch=9885]
train:   0%|          | 0/1 [00:00<?, ?it/s, epoch=9886]
train:   0%|          | 0/1 [00:00<?, ?it/s, epoch=9887]
train:   0%|          | 0/1 [00:00<?, ?it/s, epoch=9888]
train:   0%|          | 0/1 [00:00<?, ?it/s, epoch=9889]
train:   0%|          | 0/1 [00:00<?, ?it/s, epoch=9890]
train:   0%|          | 0/1 [00:00<?, ?it/s, epoch=9891]
train:   0%|          | 0/1 [00:00<?, ?it/s, epoch=9892]
train:   0%|          | 0/1 [00:00<?, ?it/s, epoch=9893]
train:   0%|          | 0/1 [00:00<?, ?it/s, epoch=9894]
train:   0%|          | 0/1 [00:00<?, ?it/s, epoch=9895]
train:   0%|          | 0/1 [00:00<?, ?it/s, epoch=9896]
train:   0%|          | 0/1 [00:00<?, ?it/s, epoch=9897]
train:   0%|          | 0/1 [00:00<?, ?it/s, epoch=9898]
train:   0%|          | 0/1 [00:00<?, ?it/s, epoch=9899][[34m2026-03-24 01:11:43[0m] Step 9900 | Loss: 0.028950 | Timing: time/data_load: 0.000s, time/forward: 0.315s, time/loss_compute: 0.013s, time/discriminator: 0.000s, time/backward: 0.391s, time/optimizer: 0.034s, time/total_step: 0.761s
train:   0%|          | 0/1 [00:01<?, ?it/s, all=0.03, nll=0.02, nll_rec=0.01, nll_per=0.01, kl=0.01, gen=0.00, gen_w=0.00, disc=0.00, debug=0.00]
train:   0%|          | 0/1 [00:00<?, ?it/s, epoch=9900]
train:   0%|          | 0/1 [00:00<?, ?it/s, epoch=9901]
train:   0%|          | 0/1 [00:00<?, ?it/s, epoch=9902]
train:   0%|          | 0/1 [00:00<?, ?it/s, epoch=9903]
train:   0%|          | 0/1 [00:00<?, ?it/s, epoch=9904]
train:   0%|          | 0/1 [00:00<?, ?it/s, epoch=9905]
train:   0%|          | 0/1 [00:00<?, ?it/s, epoch=9906]
train:   0%|          | 0/1 [00:00<?, ?it/s, epoch=9907]
train:   0%|          | 0/1 [00:00<?, ?it/s, epoch=9908]
train:   0%|          | 0/1 [00:00<?, ?it/s, epoch=9909]
train:   0%|          | 0/1 [00:00<?, ?it/s, epoch=9910]
train:   0%|          | 0/1 [00:00<?, ?it/s, epoch=9911]
train:   0%|          | 0/1 [00:00<?, ?it/s, epoch=9912]
train:   0%|          | 0/1 [00:00<?, ?it/s, epoch=9913]
train:   0%|          | 0/1 [00:00<?, ?it/s, epoch=9914]
train:   0%|          | 0/1 [00:00<?, ?it/s, epoch=9915]
train:   0%|          | 0/1 [00:00<?, ?it/s, epoch=9916]
train:   0%|          | 0/1 [00:00<?, ?it/s, epoch=9917]
train:   0%|          | 0/1 [00:00<?, ?it/s, epoch=9918]
train:   0%|          | 0/1 [00:00<?, ?it/s, epoch=9919]
train:   0%|          | 0/1 [00:00<?, ?it/s, epoch=9920]
train:   0%|          | 0/1 [00:00<?, ?it/s, epoch=9921]
train:   0%|          | 0/1 [00:00<?, ?it/s, epoch=9922]
train:   0%|          | 0/1 [00:00<?, ?it/s, epoch=9923]
train:   0%|          | 0/1 [00:00<?, ?it/s, epoch=9924]
train:   0%|          | 0/1 [00:00<?, ?it/s, epoch=9925]
train:   0%|          | 0/1 [00:00<?, ?it/s, epoch=9926]
train:   0%|          | 0/1 [00:00<?, ?it/s, epoch=9927]
train:   0%|          | 0/1 [00:00<?, ?it/s, epoch=9928]
train:   0%|          | 0/1 [00:00<?, ?it/s, epoch=9929]
train:   0%|          | 0/1 [00:00<?, ?it/s, epoch=9930]
train:   0%|          | 0/1 [00:00<?, ?it/s, epoch=9931]
train:   0%|          | 0/1 [00:00<?, ?it/s, epoch=9932]
train:   0%|          | 0/1 [00:00<?, ?it/s, epoch=9933]
train:   0%|          | 0/1 [00:00<?, ?it/s, epoch=9934]
train:   0%|          | 0/1 [00:00<?, ?it/s, epoch=9935]
train:   0%|          | 0/1 [00:00<?, ?it/s, epoch=9936]
train:   0%|          | 0/1 [00:00<?, ?it/s, epoch=9937]
train:   0%|          | 0/1 [00:00<?, ?it/s, epoch=9938]
train:   0%|          | 0/1 [00:00<?, ?it/s, epoch=9939]
train:   0%|          | 0/1 [00:00<?, ?it/s, epoch=9940]
train:   0%|          | 0/1 [00:00<?, ?it/s, epoch=9941]
train:   0%|          | 0/1 [00:00<?, ?it/s, epoch=9942]
train:   0%|          | 0/1 [00:00<?, ?it/s, epoch=9943]
train:   0%|          | 0/1 [00:00<?, ?it/s, epoch=9944]
train:   0%|          | 0/1 [00:00<?, ?it/s, epoch=9945]
train:   0%|          | 0/1 [00:00<?, ?it/s, epoch=9946]
train:   0%|          | 0/1 [00:00<?, ?it/s, epoch=9947]
train:   0%|          | 0/1 [00:00<?, ?it/s, epoch=9948]
train:   0%|          | 0/1 [00:00<?, ?it/s, epoch=9949]
train:   0%|          | 0/1 [00:00<?, ?it/s, epoch=9950]
train:   0%|          | 0/1 [00:00<?, ?it/s, epoch=9951]
train:   0%|          | 0/1 [00:00<?, ?it/s, epoch=9952]
train:   0%|          | 0/1 [00:00<?, ?it/s, epoch=9953]
train:   0%|          | 0/1 [00:00<?, ?it/s, epoch=9954]
train:   0%|          | 0/1 [00:00<?, ?it/s, epoch=9955]
train:   0%|          | 0/1 [00:00<?, ?it/s, epoch=9956]
train:   0%|          | 0/1 [00:00<?, ?it/s, epoch=9957]
train:   0%|          | 0/1 [00:00<?, ?it/s, epoch=9958]
train:   0%|          | 0/1 [00:00<?, ?it/s, epoch=9959]
train:   0%|          | 0/1 [00:00<?, ?it/s, epoch=9960]
train:   0%|          | 0/1 [00:00<?, ?it/s, epoch=9961]
train:   0%|          | 0/1 [00:00<?, ?it/s, epoch=9962]
train:   0%|          | 0/1 [00:00<?, ?it/s, epoch=9963]
train:   0%|          | 0/1 [00:00<?, ?it/s, epoch=9964]
train:   0%|          | 0/1 [00:00<?, ?it/s, epoch=9965]
train:   0%|          | 0/1 [00:00<?, ?it/s, epoch=9966]
train:   0%|          | 0/1 [00:00<?, ?it/s, epoch=9967]
train:   0%|          | 0/1 [00:00<?, ?it/s, epoch=9968]
train:   0%|          | 0/1 [00:00<?, ?it/s, epoch=9969]
train:   0%|          | 0/1 [00:00<?, ?it/s, epoch=9970]
train:   0%|          | 0/1 [00:00<?, ?it/s, epoch=9971]
train:   0%|          | 0/1 [00:00<?, ?it/s, epoch=9972]
train:   0%|          | 0/1 [00:00<?, ?it/s, epoch=9973]
train:   0%|          | 0/1 [00:00<?, ?it/s, epoch=9974]
train:   0%|          | 0/1 [00:00<?, ?it/s, epoch=9975]
train:   0%|          | 0/1 [00:00<?, ?it/s, epoch=9976]
train:   0%|          | 0/1 [00:00<?, ?it/s, epoch=9977]
train:   0%|          | 0/1 [00:00<?, ?it/s, epoch=9978]
train:   0%|          | 0/1 [00:00<?, ?it/s, epoch=9979]
train:   0%|          | 0/1 [00:00<?, ?it/s, epoch=9980]
train:   0%|          | 0/1 [00:00<?, ?it/s, epoch=9981]
train:   0%|          | 0/1 [00:00<?, ?it/s, epoch=9982]
train:   0%|          | 0/1 [00:00<?, ?it/s, epoch=9983]
train:   0%|          | 0/1 [00:00<?, ?it/s, epoch=9984]
train:   0%|          | 0/1 [00:00<?, ?it/s, epoch=9985]
train:   0%|          | 0/1 [00:00<?, ?it/s, epoch=9986]
train:   0%|          | 0/1 [00:00<?, ?it/s, epoch=9987]
train:   0%|          | 0/1 [00:00<?, ?it/s, epoch=9988]
train:   0%|          | 0/1 [00:00<?, ?it/s, epoch=9989]
train:   0%|          | 0/1 [00:00<?, ?it/s, epoch=9990]
train:   0%|          | 0/1 [00:00<?, ?it/s, epoch=9991]
train:   0%|          | 0/1 [00:00<?, ?it/s, epoch=9992]
train:   0%|          | 0/1 [00:00<?, ?it/s, epoch=9993]
train:   0%|          | 0/1 [00:00<?, ?it/s, epoch=9994]
train:   0%|          | 0/1 [00:00<?, ?it/s, epoch=9995]
train:   0%|          | 0/1 [00:00<?, ?it/s, epoch=9996]
train:   0%|          | 0/1 [00:00<?, ?it/s, epoch=9997]
train:   0%|          | 0/1 [00:00<?, ?it/s, epoch=9998]
train:   0%|          | 0/1 [00:00<?, ?it/s, epoch=9999][[34m2026-03-24 01:13:13[0m] Step 10000 | Loss: 0.026417 | Timing: time/data_load: 0.000s, time/forward: 0.314s, time/loss_compute: 0.013s, time/discriminator: 0.000s, time/backward: 0.389s, time/optimizer: 0.034s, time/total_step: 0.758s
[BOTTLENECK] step 10000 | total_step 0.758s | time/data_load: 0.000s (0%) | time/forward: 0.314s (41%) | time/loss_compute: 0.013s (2%) | time/backward: 0.389s (51%) | time/optimizer: 0.034s (5%) | time/total_step: 0.758s (100%)
  -> at this rate 1000 steps ≈ 12.6 min
train:   0%|          | 0/1 [00:01<?, ?it/s, all=0.03, nll=0.02, nll_rec=0.01, nll_per=0.01, kl=0.01, gen=0.00, gen_w=0.00, disc=0.00, debug=0.00][[34m2026-03-24 01:13:14[0m] The model is going to be split to checkpoint shards. You can find where each parameters has been saved in the index located at model.safetensors.index.json.
[[34m2026-03-24 01:13:15[0m] Saved checkpoint at epoch 9999, step 1, global_step 10000 to outputs/self_attention_rank128/epoch9999-global_step10000
[[34m2026-03-24 01:13:15[0m] Removed old checkpoints and kept 3 latest ones.
[[34m2026-03-24 01:13:15[0m] Running full evaluation at step 10000 (train)...
[[34m2026-03-24 01:13:16[0m] Evaluation (train) - PSNR: 39.00 ± 1.00, SSIM: 0.9980 ± 0.0020, MSE: 0.000130 ± 0.000000
train:   0%|          | 0/1 [00:04<?, ?it/s, all=0.03, nll=0.02, nll_rec=0.01, nll_per=0.01, kl=0.01, gen=0.00, gen_w=0.00, disc=0.00, debug=0.00]
[[34m2026-03-24 01:13:16[0m] Running fixed per-frame evaluation at epoch 10000 (sequence name: EMO-1-shout+laugh)...
[[34m2026-03-24 01:13:16[0m] Training complete. Running final evaluation...
[[34m2026-03-24 01:13:17[0m] ================================================================================
[[34m2026-03-24 01:13:17[0m] FINAL EVALUATION (TRAIN)
[[34m2026-03-24 01:13:17[0m] ================================================================================
[[34m2026-03-24 01:13:17[0m] PSNR: 39.88 ± 0.38 dB
[[34m2026-03-24 01:13:17[0m] SSIM: 1.0000 ± 0.0000
[[34m2026-03-24 01:13:17[0m] MSE:  0.000103 ± 0.000000
[[34m2026-03-24 01:13:17[0m] ================================================================================
[[34m2026-03-24 01:13:17[0m] Final evaluation complete.
[[34m2026-03-24 01:13:17[0m] Saving final checkpoint...
[[34m2026-03-24 01:13:17[0m] The model is going to be split to checkpoint shards. You can find where each parameters has been saved in the index located at model.safetensors.index.json.
[[34m2026-03-24 01:13:19[0m] Final checkpoint saved to outputs/self_attention_rank128/epoch9999-global_step10000
[[34m2026-03-24 01:13:19[0m] Training complete!
